Initialized native services in: /home/runner/.gradle/native
Initialized jansi services in: /home/runner/.gradle/native
Received JVM installation metadata from '/usr/lib/jvm/temurin-17-jdk-amd64': {JAVA_HOME=/usr/lib/jvm/temurin-17-jdk-amd64, JAVA_VERSION=17.0.20.1, JAVA_VENDOR=Eclipse Adoptium, RUNTIME_NAME=OpenJDK Runtime Environment, RUNTIME_VERSION=17.0.20.1+1, VM_NAME=OpenJDK 64-Bit Server VM, VM_VERSION=17.0.20.1+1, VM_VENDOR=Eclipse Adoptium, OS_ARCH=amd64}
The client will now receive all logging from the daemon (pid: 11220). The daemon log file: /home/runner/.gradle/daemon/8.7/daemon-11220.out.log
Starting 2nd build in daemon [uptime: 46.342 secs, performance: 100%, GC rate: 0.00/s, heap usage: 0% of 4 GiB]
Using 4 worker leases.
Closing daemon's stdin at end of input.
The daemon will no longer process any standard input.
Now considering [/home/runner/work/NearChuckle-android-wip-edition/NearChuckle-android-wip-edition/android] as hierarchies to watch
Watching the file system is configured to be enabled if available
File system watching is active
Starting Build
Settings evaluated using settings file '/home/runner/work/NearChuckle-android-wip-edition/NearChuckle-android-wip-edition/android/settings.gradle'.
Using local directory build cache for the root build (location = /home/runner/.gradle/caches/build-cache-1, removeUnusedEntriesAfter = 7 days).
Projects loaded. Root project using build file '/home/runner/work/NearChuckle-android-wip-edition/NearChuckle-android-wip-edition/android/build.gradle'.
Included projects: [root project 'NearChuckle-Android', project ':app']

> Configure project :
Evaluating root project 'NearChuckle-Android' using build file '/home/runner/work/NearChuckle-android-wip-edition/NearChuckle-android-wip-edition/android/build.gradle'.
Transforming gradle-8.6.0.jar (com.android.tools.build:gradle:8.6.0) with ExternalDependencyInstrumentingArtifactTransform
Transforming kotlin-gradle-plugin-model-1.9.22.jar (org.jetbrains.kotlin:kotlin-gradle-plugin-model:1.9.22) with ExternalDependencyInstrumentingArtifactTransform
Transforming kotlin-gradle-plugin-api-1.9.22.jar (org.jetbrains.kotlin:kotlin-gradle-plugin-api:1.9.22) with ExternalDependencyInstrumentingArtifactTransform
Transforming kotlin-gradle-plugin-1.9.22-gradle82.jar (org.jetbrains.kotlin:kotlin-gradle-plugin:1.9.22) with ExternalDependencyInstrumentingArtifactTransform
Transforming gradle-settings-api-8.6.0.jar (com.android.tools.build:gradle-settings-api:8.6.0) with ExternalDependencyInstrumentingArtifactTransform
Transforming lint-model-31.6.0.jar (com.android.tools.lint:lint-model:31.6.0) with ExternalDependencyInstrumentingArtifactTransform
Transforming builder-8.6.0.jar (com.android.tools.build:builder:8.6.0) with ExternalDependencyInstrumentingArtifactTransform
Transforming manifest-merger-31.6.0.jar (com.android.tools.build:manifest-merger:31.6.0) with ExternalDependencyInstrumentingArtifactTransform
Transforming sdk-common-31.6.0.jar (com.android.tools:sdk-common:31.6.0) with ExternalDependencyInstrumentingArtifactTransform
Transforming sdklib-31.6.0.jar (com.android.tools:sdklib:31.6.0) with ExternalDependencyInstrumentingArtifactTransform
Transforming repository-31.6.0.jar (com.android.tools:repository:31.6.0) with ExternalDependencyInstrumentingArtifactTransform
Transforming gradle-api-8.6.0.jar (com.android.tools.build:gradle-api:8.6.0) with ExternalDependencyInstrumentingArtifactTransform
Transforming builder-test-api-8.6.0.jar (com.android.tools.build:builder-test-api:8.6.0) with ExternalDependencyInstrumentingArtifactTransform
Transforming ddmlib-31.6.0.jar (com.android.tools.ddms:ddmlib:31.6.0) with ExternalDependencyInstrumentingArtifactTransform
Transforming aaptcompiler-8.6.0.jar (com.android.tools.build:aaptcompiler:8.6.0) with ExternalDependencyInstrumentingArtifactTransform
Transforming bundletool-1.16.0.jar (com.android.tools.build:bundletool:1.16.0) with ExternalDependencyInstrumentingArtifactTransform
Transforming aapt2-proto-8.6.0-11315950.jar (com.android.tools.build:aapt2-proto:8.6.0-11315950) with ExternalDependencyInstrumentingArtifactTransform
Transforming crash-31.6.0.jar (com.android.tools.analytics-library:crash:31.6.0) with ExternalDependencyInstrumentingArtifactTransform
Transforming tracker-31.6.0.jar (com.android.tools.analytics-library:tracker:31.6.0) with ExternalDependencyInstrumentingArtifactTransform
Transforming shared-31.6.0.jar (com.android.tools.analytics-library:shared:31.6.0) with ExternalDependencyInstrumentingArtifactTransform
Transforming lint-typedef-remover-31.6.0.jar (com.android.tools.lint:lint-typedef-remover:31.6.0) with ExternalDependencyInstrumentingArtifactTransform
Transforming databinding-compiler-common-8.6.0.jar (androidx.databinding:databinding-compiler-common:8.6.0) with ExternalDependencyInstrumentingArtifactTransform
Transforming databinding-common-8.6.0.jar (androidx.databinding:databinding-common:8.6.0) with ExternalDependencyInstrumentingArtifactTransform
Transforming baseLibrary-8.6.0.jar (com.android.databinding:baseLibrary:8.6.0) with ExternalDependencyInstrumentingArtifactTransform
Transforming layoutlib-api-31.6.0.jar (com.android.tools.layoutlib:layoutlib-api:31.6.0) with ExternalDependencyInstrumentingArtifactTransform
Transforming android-device-provider-ddmlib-proto-31.6.0.jar (com.android.tools.utp:android-device-provider-ddmlib-proto:31.6.0) with ExternalDependencyInstrumentingArtifactTransform
Transforming android-device-provider-gradle-proto-31.6.0.jar (com.android.tools.utp:android-device-provider-gradle-proto:31.6.0) with ExternalDependencyInstrumentingArtifactTransform
Transforming android-test-plugin-host-additional-test-output-proto-31.6.0.jar (com.android.tools.utp:android-test-plugin-host-additional-test-output-proto:31.6.0) with ExternalDependencyInstrumentingArtifactTransform
Transforming android-test-plugin-host-coverage-proto-31.6.0.jar (com.android.tools.utp:android-test-plugin-host-coverage-proto:31.6.0) with ExternalDependencyInstrumentingArtifactTransform
Transforming android-test-plugin-host-emulator-control-proto-31.6.0.jar (com.android.tools.utp:android-test-plugin-host-emulator-control-proto:31.6.0) with ExternalDependencyInstrumentingArtifactTransform
Transforming android-test-plugin-host-logcat-proto-31.6.0.jar (com.android.tools.utp:android-test-plugin-host-logcat-proto:31.6.0) with ExternalDependencyInstrumentingArtifactTransform
Transforming android-test-plugin-host-apk-installer-proto-31.6.0.jar (com.android.tools.utp:android-test-plugin-host-apk-installer-proto:31.6.0) with ExternalDependencyInstrumentingArtifactTransform
Transforming android-test-plugin-host-retention-proto-31.6.0.jar (com.android.tools.utp:android-test-plugin-host-retention-proto:31.6.0) with ExternalDependencyInstrumentingArtifactTransform
Transforming android-test-plugin-result-listener-gradle-proto-31.6.0.jar (com.android.tools.utp:android-test-plugin-result-listener-gradle-proto:31.6.0) with ExternalDependencyInstrumentingArtifactTransform
Transforming builder-model-8.6.0.jar (com.android.tools.build:builder-model:8.6.0) with ExternalDependencyInstrumentingArtifactTransform
Transforming dvlib-31.6.0.jar (com.android.tools:dvlib:31.6.0) with ExternalDependencyInstrumentingArtifactTransform
Transforming common-31.6.0.jar (com.android.tools:common:31.6.0) with ExternalDependencyInstrumentingArtifactTransform
Transforming jetifier-processor-1.0.0-beta10.jar (com.android.tools.build.jetifier:jetifier-processor:1.0.0-beta10) with ExternalDependencyInstrumentingArtifactTransform
Transforming jetifier-core-1.0.0-beta10.jar (com.android.tools.build.jetifier:jetifier-core:1.0.0-beta10) with ExternalDependencyInstrumentingArtifactTransform
Transforming kotlin-reflect-1.9.20.jar (org.jetbrains.kotlin:kotlin-reflect:1.9.20) with ExternalDependencyInstrumentingArtifactTransform
Transforming kotlin-stdlib-jdk7-1.9.20.jar (org.jetbrains.kotlin:kotlin-stdlib-jdk7:1.9.20) with ExternalDependencyInstrumentingArtifactTransform
Transforming kotlin-stdlib-1.9.20.jar (org.jetbrains.kotlin:kotlin-stdlib:1.9.20) with ExternalDependencyInstrumentingArtifactTransform
Transforming kotlin-stdlib-jdk8-1.9.20.jar (org.jetbrains.kotlin:kotlin-stdlib-jdk8:1.9.20) with ExternalDependencyInstrumentingArtifactTransform
Transforming transform-api-2.0.0-deprecated-use-gradle-api.jar (com.android.tools.build:transform-api:2.0.0-deprecated-use-gradle-api) with ExternalDependencyInstrumentingArtifactTransform
Transforming httpmime-4.5.6.jar (org.apache.httpcomponents:httpmime:4.5.6) with ExternalDependencyInstrumentingArtifactTransform
Transforming commons-io-2.13.0.jar (commons-io:commons-io:2.13.0) with ExternalDependencyInstrumentingArtifactTransform
Transforming asm-commons-9.6.jar (org.ow2.asm:asm-commons:9.6) with ExternalDependencyInstrumentingArtifactTransform
Transforming asm-util-9.6.jar (org.ow2.asm:asm-util:9.6) with ExternalDependencyInstrumentingArtifactTransform
Transforming asm-analysis-9.6.jar (org.ow2.asm:asm-analysis:9.6) with ExternalDependencyInstrumentingArtifactTransform
Transforming asm-tree-9.6.jar (org.ow2.asm:asm-tree:9.6) with ExternalDependencyInstrumentingArtifactTransform
Transforming asm-9.6.jar (org.ow2.asm:asm:9.6) with ExternalDependencyInstrumentingArtifactTransform
Transforming apkzlib-8.6.0.jar (com.android.tools.build:apkzlib:8.6.0) with ExternalDependencyInstrumentingArtifactTransform
Transforming bcpkix-jdk18on-1.77.jar (org.bouncycastle:bcpkix-jdk18on:1.77) with ExternalDependencyInstrumentingArtifactTransform
Transforming jaxb-runtime-2.3.2.jar (org.glassfish.jaxb:jaxb-runtime:2.3.2) with ExternalDependencyInstrumentingArtifactTransform
Transforming jopt-simple-4.9.jar (net.sf.jopt-simple:jopt-simple:4.9) with ExternalDependencyInstrumentingArtifactTransform
Transforming javapoet-1.10.0.jar (com.squareup:javapoet:1.10.0) with ExternalDependencyInstrumentingArtifactTransform
Transforming protobuf-java-util-3.22.3.jar (com.google.protobuf:protobuf-java-util:3.22.3) with ExternalDependencyInstrumentingArtifactTransform
Transforming grpc-protobuf-1.57.0.jar (io.grpc:grpc-protobuf:1.57.0) with ExternalDependencyInstrumentingArtifactTransform
Transforming tink-1.7.0.jar (com.google.crypto.tink:tink:1.7.0) with ExternalDependencyInstrumentingArtifactTransform
Transforming protos-31.6.0.jar (com.android.tools.analytics-library:protos:31.6.0) with ExternalDependencyInstrumentingArtifactTransform
Transforming proto-google-common-protos-2.17.0.jar (com.google.api.grpc:proto-google-common-protos:2.17.0) with ExternalDependencyInstrumentingArtifactTransform
Transforming protobuf-java-3.22.3.jar (com.google.protobuf:protobuf-java:3.22.3) with ExternalDependencyInstrumentingArtifactTransform
Transforming grpc-netty-1.57.0.jar (io.grpc:grpc-netty:1.57.0) with ExternalDependencyInstrumentingArtifactTransform
Transforming grpc-core-1.57.0.jar (io.grpc:grpc-core:1.57.0) with ExternalDependencyInstrumentingArtifactTransform
Transforming gson-2.10.1.jar (com.google.code.gson:gson:2.10.1) with ExternalDependencyInstrumentingArtifactTransform
Transforming grpc-stub-1.57.0.jar (io.grpc:grpc-stub:1.57.0) with ExternalDependencyInstrumentingArtifactTransform
Transforming core-proto-0.0.9-alpha02.jar (com.google.testing.platform:core-proto:0.0.9-alpha02) with ExternalDependencyInstrumentingArtifactTransform
Transforming kxml2-2.3.0.jar (net.sf.kxml:kxml2:2.3.0) with ExternalDependencyInstrumentingArtifactTransform
Transforming tensorflow-lite-metadata-0.1.0-rc2.jar (org.tensorflow:tensorflow-lite-metadata:0.1.0-rc2) with ExternalDependencyInstrumentingArtifactTransform
Transforming flatbuffers-java-1.12.0.jar (com.google.flatbuffers:flatbuffers-java:1.12.0) with ExternalDependencyInstrumentingArtifactTransform
Transforming kotlin-gradle-plugin-idea-proto-1.9.22.jar (org.jetbrains.kotlin:kotlin-gradle-plugin-idea-proto:1.9.22) with ExternalDependencyInstrumentingArtifactTransform
Transforming kotlin-gradle-plugin-idea-1.9.22.jar (org.jetbrains.kotlin:kotlin-gradle-plugin-idea:1.9.22) with ExternalDependencyInstrumentingArtifactTransform
Transforming kotlin-klib-commonizer-api-1.9.22.jar (org.jetbrains.kotlin:kotlin-klib-commonizer-api:1.9.22) with ExternalDependencyInstrumentingArtifactTransform
Transforming kotlin-native-utils-1.9.22.jar (org.jetbrains.kotlin:kotlin-native-utils:1.9.22) with ExternalDependencyInstrumentingArtifactTransform
Transforming kotlin-util-klib-1.9.22.jar (org.jetbrains.kotlin:kotlin-util-klib:1.9.22) with ExternalDependencyInstrumentingArtifactTransform
Transforming kotlin-build-tools-api-1.9.22.jar (org.jetbrains.kotlin:kotlin-build-tools-api:1.9.22) with ExternalDependencyInstrumentingArtifactTransform
Transforming kotlin-android-extensions-1.9.22.jar (org.jetbrains.kotlin:kotlin-android-extensions:1.9.22) with ExternalDependencyInstrumentingArtifactTransform
Transforming kotlin-compiler-runner-1.9.22.jar (org.jetbrains.kotlin:kotlin-compiler-runner:1.9.22) with ExternalDependencyInstrumentingArtifactTransform
Transforming kotlin-compiler-embeddable-1.9.22.jar (org.jetbrains.kotlin:kotlin-compiler-embeddable:1.9.22) with ExternalDependencyInstrumentingArtifactTransform
Transforming kotlin-scripting-compiler-embeddable-1.9.22.jar (org.jetbrains.kotlin:kotlin-scripting-compiler-embeddable:1.9.22) with ExternalDependencyInstrumentingArtifactTransform
Transforming kotlin-scripting-compiler-impl-embeddable-1.9.22.jar (org.jetbrains.kotlin:kotlin-scripting-compiler-impl-embeddable:1.9.22) with ExternalDependencyInstrumentingArtifactTransform
Transforming jimfs-1.1.jar (com.google.jimfs:jimfs:1.1) with ExternalDependencyInstrumentingArtifactTransform
Transforming grpc-context-1.57.0.jar (io.grpc:grpc-context:1.57.0) with ExternalDependencyInstrumentingArtifactTransform
Transforming grpc-protobuf-lite-1.57.0.jar (io.grpc:grpc-protobuf-lite:1.57.0) with ExternalDependencyInstrumentingArtifactTransform
Transforming grpc-api-1.57.0.jar (io.grpc:grpc-api:1.57.0) with ExternalDependencyInstrumentingArtifactTransform
Transforming guava-32.0.1-jre.jar (com.google.guava:guava:32.0.1-jre) with ExternalDependencyInstrumentingArtifactTransform
Transforming dagger-2.28.3.jar (com.google.dagger:dagger:2.28.3) with ExternalDependencyInstrumentingArtifactTransform
Transforming javax.inject-1.jar (javax.inject:javax.inject:1) with ExternalDependencyInstrumentingArtifactTransform
Transforming bcutil-jdk18on-1.77.jar (org.bouncycastle:bcutil-jdk18on:1.77) with ExternalDependencyInstrumentingArtifactTransform
Transforming bcprov-jdk18on-1.77.jar (org.bouncycastle:bcprov-jdk18on:1.77) with ExternalDependencyInstrumentingArtifactTransform
Transforming trove4j-1.0.20200330.jar (org.jetbrains.intellij.deps:trove4j:1.0.20200330) with ExternalDependencyInstrumentingArtifactTransform
Transforming commons-compress-1.21.jar (org.apache.commons:commons-compress:1.21) with ExternalDependencyInstrumentingArtifactTransform
Transforming httpclient-4.5.14.jar (org.apache.httpcomponents:httpclient:4.5.14) with ExternalDependencyInstrumentingArtifactTransform
Transforming httpcore-4.4.16.jar (org.apache.httpcomponents:httpcore:4.4.16) with ExternalDependencyInstrumentingArtifactTransform
Transforming javax.activation-1.2.0.jar (com.sun.activation:javax.activation:1.2.0) with ExternalDependencyInstrumentingArtifactTransform
Transforming annotations-23.0.0.jar (org.jetbrains:annotations:23.0.0) with ExternalDependencyInstrumentingArtifactTransform
Transforming signflinger-8.6.0.jar (com.android:signflinger:8.6.0) with ExternalDependencyInstrumentingArtifactTransform
Transforming zipflinger-8.6.0.jar (com.android:zipflinger:8.6.0) with ExternalDependencyInstrumentingArtifactTransform
Transforming annotations-31.6.0.jar (com.android.tools:annotations:31.6.0) with ExternalDependencyInstrumentingArtifactTransform
Transforming jna-platform-5.6.0.jar (net.java.dev.jna:jna-platform:5.6.0) with ExternalDependencyInstrumentingArtifactTransform
Transforming juniversalchardet-1.0.3.jar (com.googlecode.juniversalchardet:juniversalchardet:1.0.3) with ExternalDependencyInstrumentingArtifactTransform
Transforming javax.annotation-api-1.3.2.jar (javax.annotation:javax.annotation-api:1.3.2) with ExternalDependencyInstrumentingArtifactTransform
Transforming stax-ex-1.8.1.jar (org.jvnet.staxex:stax-ex:1.8.1) with ExternalDependencyInstrumentingArtifactTransform
Transforming jakarta.xml.bind-api-2.3.2.jar (jakarta.xml.bind:jakarta.xml.bind-api:2.3.2) with ExternalDependencyInstrumentingArtifactTransform
Transforming txw2-2.3.2.jar (org.glassfish.jaxb:txw2:2.3.2) with ExternalDependencyInstrumentingArtifactTransform
Transforming istack-commons-runtime-3.0.8.jar (com.sun.istack:istack-commons-runtime:3.0.8) with ExternalDependencyInstrumentingArtifactTransform
Transforming FastInfoset-1.2.16.jar (com.sun.xml.fastinfoset:FastInfoset:1.2.16) with ExternalDependencyInstrumentingArtifactTransform
Transforming jakarta.activation-api-1.2.1.jar (jakarta.activation:jakarta.activation-api:1.2.1) with ExternalDependencyInstrumentingArtifactTransform
Transforming auto-value-annotations-1.6.2.jar (com.google.auto.value:auto-value-annotations:1.6.2) with ExternalDependencyInstrumentingArtifactTransform
Transforming error_prone_annotations-2.18.0.jar (com.google.errorprone:error_prone_annotations:2.18.0) with ExternalDependencyInstrumentingArtifactTransform
Transforming jose4j-0.9.5.jar (org.bitbucket.b_c:jose4j:0.9.5) with ExternalDependencyInstrumentingArtifactTransform
Transforming slf4j-api-1.7.30.jar (org.slf4j:slf4j-api:1.7.30) with ExternalDependencyInstrumentingArtifactTransform
Transforming jdom2-2.0.6.jar (org.jdom:jdom2:2.0.6) with ExternalDependencyInstrumentingArtifactTransform
Transforming jsr305-3.0.2.jar (com.google.code.findbugs:jsr305:3.0.2) with ExternalDependencyInstrumentingArtifactTransform
Transforming j2objc-annotations-2.8.jar (com.google.j2objc:j2objc-annotations:2.8) with ExternalDependencyInstrumentingArtifactTransform
Transforming annotations-4.1.1.4.jar (com.google.android:annotations:4.1.1.4) with ExternalDependencyInstrumentingArtifactTransform
Transforming animal-sniffer-annotations-1.23.jar (org.codehaus.mojo:animal-sniffer-annotations:1.23) with ExternalDependencyInstrumentingArtifactTransform
Transforming perfmark-api-0.26.0.jar (io.perfmark:perfmark-api:0.26.0) with ExternalDependencyInstrumentingArtifactTransform
Transforming netty-codec-http2-4.1.93.Final.jar (io.netty:netty-codec-http2:4.1.93.Final) with ExternalDependencyInstrumentingArtifactTransform
Transforming netty-handler-proxy-4.1.93.Final.jar (io.netty:netty-handler-proxy:4.1.93.Final) with ExternalDependencyInstrumentingArtifactTransform
Transforming netty-codec-http-4.1.93.Final.jar (io.netty:netty-codec-http:4.1.93.Final) with ExternalDependencyInstrumentingArtifactTransform
Transforming netty-handler-4.1.93.Final.jar (io.netty:netty-handler:4.1.93.Final) with ExternalDependencyInstrumentingArtifactTransform
Transforming netty-transport-native-unix-common-4.1.93.Final.jar (io.netty:netty-transport-native-unix-common:4.1.93.Final) with ExternalDependencyInstrumentingArtifactTransform
Transforming checker-qual-3.33.0.jar (org.checkerframework:checker-qual:3.33.0) with ExternalDependencyInstrumentingArtifactTransform
Transforming commons-codec-1.11.jar (commons-codec:commons-codec:1.11) with ExternalDependencyInstrumentingArtifactTransform
Transforming apksig-8.6.0.jar (com.android.tools.build:apksig:8.6.0) with ExternalDependencyInstrumentingArtifactTransform
Transforming javawriter-2.5.0.jar (com.squareup:javawriter:2.5.0) with ExternalDependencyInstrumentingArtifactTransform
Transforming kotlin-gradle-plugin-annotations-1.9.22.jar (org.jetbrains.kotlin:kotlin-gradle-plugin-annotations:1.9.22) with ExternalDependencyInstrumentingArtifactTransform
Transforming kotlin-project-model-1.9.22.jar (org.jetbrains.kotlin:kotlin-project-model:1.9.22) with ExternalDependencyInstrumentingArtifactTransform
Transforming kotlin-tooling-core-1.9.22.jar (org.jetbrains.kotlin:kotlin-tooling-core:1.9.22) with ExternalDependencyInstrumentingArtifactTransform
Transforming kotlin-util-io-1.9.22.jar (org.jetbrains.kotlin:kotlin-util-io:1.9.22) with ExternalDependencyInstrumentingArtifactTransform
Transforming kotlin-daemon-embeddable-1.9.22.jar (org.jetbrains.kotlin:kotlin-daemon-embeddable:1.9.22) with ExternalDependencyInstrumentingArtifactTransform
Transforming kotlin-daemon-client-1.9.22.jar (org.jetbrains.kotlin:kotlin-daemon-client:1.9.22) with ExternalDependencyInstrumentingArtifactTransform
Transforming kotlinx-coroutines-core-jvm-1.5.0.jar (org.jetbrains.kotlinx:kotlinx-coroutines-core-jvm:1.5.0) with ExternalDependencyInstrumentingArtifactTransform
Transforming kotlin-scripting-jvm-1.9.22.jar (org.jetbrains.kotlin:kotlin-scripting-jvm:1.9.22) with ExternalDependencyInstrumentingArtifactTransform
Transforming kotlin-scripting-common-1.9.22.jar (org.jetbrains.kotlin:kotlin-scripting-common:1.9.22) with ExternalDependencyInstrumentingArtifactTransform
Transforming failureaccess-1.0.1.jar (com.google.guava:failureaccess:1.0.1) with ExternalDependencyInstrumentingArtifactTransform
Transforming listenablefuture-9999.0-empty-to-avoid-conflict-with-guava.jar (com.google.guava:listenablefuture:9999.0-empty-to-avoid-conflict-with-guava) with ExternalDependencyInstrumentingArtifactTransform
Transforming commons-logging-1.2.jar (commons-logging:commons-logging:1.2) with ExternalDependencyInstrumentingArtifactTransform
Transforming jna-5.6.0.jar (net.java.dev.jna:jna:5.6.0) with ExternalDependencyInstrumentingArtifactTransform
Transforming netty-codec-socks-4.1.93.Final.jar (io.netty:netty-codec-socks:4.1.93.Final) with ExternalDependencyInstrumentingArtifactTransform
Transforming netty-codec-4.1.93.Final.jar (io.netty:netty-codec:4.1.93.Final) with ExternalDependencyInstrumentingArtifactTransform
Transforming netty-transport-4.1.93.Final.jar (io.netty:netty-transport:4.1.93.Final) with ExternalDependencyInstrumentingArtifactTransform
Transforming netty-buffer-4.1.93.Final.jar (io.netty:netty-buffer:4.1.93.Final) with ExternalDependencyInstrumentingArtifactTransform
Transforming netty-resolver-4.1.93.Final.jar (io.netty:netty-resolver:4.1.93.Final) with ExternalDependencyInstrumentingArtifactTransform
Transforming netty-common-4.1.93.Final.jar (io.netty:netty-common:4.1.93.Final) with ExternalDependencyInstrumentingArtifactTransform

> Configure project :app
Evaluating project ':app' using build file '/home/runner/work/NearChuckle-android-wip-edition/NearChuckle-android-wip-edition/android/app/build.gradle'.
WARNING: The option setting 'android.defaults.buildfeatures.buildconfig=true' is deprecated.
The current default is 'false'.
It will be removed in version 9.0 of the Android Gradle plugin.
To keep using this feature, add the following to your module-level build.gradle files:
    android.buildFeatures.buildConfig = true
or from Android Studio, click: `Refactor` > `Migrate BuildConfig to Gradle Build Files`.
Using default execution profile
C/C++: android.ndkVersion from module build.gradle is [26.1.10909125]
C/C++: android.ndkPath from module build.gradle is not set
C/C++: ndk.dir in local.properties is not set
C/C++: Not considering ANDROID_NDK_HOME because support was removed after deprecation period.
C/C++: sdkFolder is /usr/local/lib/android/sdk
C/C++: android.ndkVersion from module build.gradle is [26.1.10909125]
C/C++: android.ndkPath from module build.gradle is not set
C/C++: ndk.dir in local.properties is not set
C/C++: Not considering ANDROID_NDK_HOME because support was removed after deprecation period.
C/C++: sdkFolder is /usr/local/lib/android/sdk
C/C++: android.ndkVersion from module build.gradle is [26.1.10909125]
C/C++: android.ndkPath from module build.gradle is not set
C/C++: ndk.dir in local.properties is not set
C/C++: Not considering ANDROID_NDK_HOME because support was removed after deprecation period.
C/C++: sdkFolder is /usr/local/lib/android/sdk
C/C++: android.ndkVersion from module build.gradle is [26.1.10909125]
C/C++: android.ndkPath from module build.gradle is not set
C/C++: ndk.dir in local.properties is not set
C/C++: Not considering ANDROID_NDK_HOME because support was removed after deprecation period.
C/C++: sdkFolder is /usr/local/lib/android/sdk
C/C++: android.ndkVersion from module build.gradle is [26.1.10909125]
C/C++: android.ndkPath from module build.gradle is not set
C/C++: ndk.dir in local.properties is not set
C/C++: Not considering ANDROID_NDK_HOME because support was removed after deprecation period.
C/C++: sdkFolder is /usr/local/lib/android/sdk
C/C++: android.ndkVersion from module build.gradle is [26.1.10909125]
C/C++: android.ndkPath from module build.gradle is not set
C/C++: ndk.dir in local.properties is not set
C/C++: Not considering ANDROID_NDK_HOME because support was removed after deprecation period.
C/C++: sdkFolder is /usr/local/lib/android/sdk
C/C++: android.ndkVersion from module build.gradle is [26.1.10909125]
C/C++: android.ndkPath from module build.gradle is not set
C/C++: ndk.dir in local.properties is not set
C/C++: Not considering ANDROID_NDK_HOME because support was removed after deprecation period.
C/C++: sdkFolder is /usr/local/lib/android/sdk
C/C++: android.ndkVersion from module build.gradle is [26.1.10909125]
C/C++: android.ndkPath from module build.gradle is not set
C/C++: ndk.dir in local.properties is not set
C/C++: Not considering ANDROID_NDK_HOME because support was removed after deprecation period.
C/C++: sdkFolder is /usr/local/lib/android/sdk
C/C++: android.ndkVersion from module build.gradle is [26.1.10909125]
C/C++: android.ndkPath from module build.gradle is not set
C/C++: ndk.dir in local.properties is not set
C/C++: Not considering ANDROID_NDK_HOME because support was removed after deprecation period.
C/C++: sdkFolder is /usr/local/lib/android/sdk
C/C++: android.ndkVersion from module build.gradle is [26.1.10909125]
C/C++: android.ndkPath from module build.gradle is not set
C/C++: ndk.dir in local.properties is not set
C/C++: Not considering ANDROID_NDK_HOME because support was removed after deprecation period.
C/C++: sdkFolder is /usr/local/lib/android/sdk
C/C++: android.ndkVersion from module build.gradle is [26.1.10909125]
C/C++: android.ndkPath from module build.gradle is not set
C/C++: ndk.dir in local.properties is not set
C/C++: Not considering ANDROID_NDK_HOME because support was removed after deprecation period.
C/C++: sdkFolder is /usr/local/lib/android/sdk
C/C++: android.ndkVersion from module build.gradle is [26.1.10909125]
C/C++: android.ndkPath from module build.gradle is not set
C/C++: ndk.dir in local.properties is not set
C/C++: Not considering ANDROID_NDK_HOME because support was removed after deprecation period.
C/C++: sdkFolder is /usr/local/lib/android/sdk
C/C++: android.ndkVersion from module build.gradle is [26.1.10909125]
C/C++: android.ndkPath from module build.gradle is not set
C/C++: ndk.dir in local.properties is not set
C/C++: Not considering ANDROID_NDK_HOME because support was removed after deprecation period.
C/C++: sdkFolder is /usr/local/lib/android/sdk
C/C++: android.ndkVersion from module build.gradle is [26.1.10909125]
C/C++: android.ndkPath from module build.gradle is not set
C/C++: ndk.dir in local.properties is not set
C/C++: Not considering ANDROID_NDK_HOME because support was removed after deprecation period.
C/C++: sdkFolder is /usr/local/lib/android/sdk
C/C++: android.ndkVersion from module build.gradle is [26.1.10909125]
C/C++: android.ndkPath from module build.gradle is not set
C/C++: ndk.dir in local.properties is not set
C/C++: Not considering ANDROID_NDK_HOME because support was removed after deprecation period.
C/C++: sdkFolder is /usr/local/lib/android/sdk
C/C++: android.ndkVersion from module build.gradle is [26.1.10909125]
C/C++: android.ndkPath from module build.gradle is not set
C/C++: ndk.dir in local.properties is not set
C/C++: Not considering ANDROID_NDK_HOME because support was removed after deprecation period.
C/C++: sdkFolder is /usr/local/lib/android/sdk
All projects evaluated.
Task path ':app:assembleRelease' matched project ':app'
Task name matched 'assembleRelease'
Selected primary task 'assembleRelease' from project :app
Tasks to be executed: [task ':app:downloadAnglePrebuilts', task ':app:preBuild', task ':app:preProfileBuild', task ':app:configureCMakeRelease[arm64-v8a]', task ':app:buildCMakeRelease[arm64-v8a]', task ':app:configureCMakeRelease[armeabi-v7a]', task ':app:buildCMakeRelease[armeabi-v7a]', task ':app:preReleaseBuild', task ':app:mergeReleaseJniLibFolders', task ':app:mergeReleaseNativeLibs', task ':app:stripReleaseDebugSymbols', task ':app:extractReleaseNativeDebugMetadata', task ':app:mergeReleaseNativeDebugMetadata', task ':app:checkReleaseDuplicateClasses', task ':app:dataBindingMergeDependencyArtifactsRelease', task ':app:generateReleaseResValues', task ':app:generateReleaseResources', task ':app:mergeReleaseResources', task ':app:packageReleaseResources', task ':app:parseReleaseLocalResources', task ':app:dataBindingGenBaseClassesRelease', task ':app:generateReleaseBuildConfig', task ':app:javaPreCompileRelease', task ':app:checkReleaseAarMetadata', task ':app:mapReleaseSourceSetPaths', task ':app:createReleaseCompatibleScreenManifests', task ':app:extractDeepLinksRelease', task ':app:processReleaseMainManifest', task ':app:processReleaseManifest', task ':app:processReleaseManifestForPackage', task ':app:processReleaseResources', task ':app:compileReleaseJavaWithJavac', task ':app:dexBuilderRelease', task ':app:desugarReleaseFileDependencies', task ':app:mergeReleaseStartupProfile', task ':app:mergeExtDexRelease', task ':app:mergeDexRelease', task ':app:mergeReleaseArtProfile', task ':app:mergeReleaseGlobalSynthetics', task ':app:compileReleaseArtProfile', task ':app:mergeReleaseShaders', task ':app:compileReleaseShaders', task ':app:generateReleaseAssets', task ':app:mergeReleaseAssets', task ':app:compressReleaseAssets', task ':app:extractReleaseVersionControlInfo', task ':app:processReleaseJavaRes', task ':app:mergeReleaseJavaResource', task ':app:optimizeReleaseResources', task ':app:collectReleaseDependencies', task ':app:sdkReleaseDependencyData', task ':app:writeReleaseAppMetadata', task ':app:writeReleaseSigningConfigVersions', task ':app:packageRelease', task ':app:createReleaseApkListingFileRedirect', task ':app:assembleRelease']
Tasks that were excluded: []
Resolve mutations for :app:downloadAnglePrebuilts (Thread[Execution worker,5,main]) started.
:app:downloadAnglePrebuilts (Thread[Execution worker,5,main]) started.

> Task :app:downloadAnglePrebuilts
Caching disabled for task ':app:downloadAnglePrebuilts' because:
  Gradle would require more information to cache this task
Task ':app:downloadAnglePrebuilts' is not up-to-date because:
  Task has not declared any outputs despite executing actions.
Starting process 'command 'echo''. Working directory: /home/runner/work/NearChuckle-android-wip-edition/NearChuckle-android-wip-edition/android/app Command: echo ANGLE will be fetched via CMake FetchContent from https://github.com/google/angle
Successfully started process 'command 'echo''
ANGLE will be fetched via CMake FetchContent from https://github.com/google/angle
Resolve mutations for :app:preBuild (Thread[Execution worker,5,main]) started.
:app:preBuild (Thread[Execution worker,5,main]) started.

> Task :app:preBuild
Skipping task ':app:preBuild' as it has no actions.
Resolve mutations for :app:preProfileBuild (Thread[Execution worker,5,main]) started.
:app:preProfileBuild (Thread[Execution worker,5,main]) started.

> Task :app:preProfileBuild
Skipping task ':app:preProfileBuild' as it has no actions.
Resolve mutations for :app:configureCMakeRelease[arm64-v8a] (Thread[Execution worker,5,main]) started.
:app:configureCMakeRelease[arm64-v8a] (Thread[Execution worker,5,main]) started.

> Task :app:configureCMakeRelease[arm64-v8a]
Caching disabled for task ':app:configureCMakeRelease[arm64-v8a]' because:
  Caching has been disabled for the task
Task ':app:configureCMakeRelease[arm64-v8a]' is not up-to-date because:
  Task.upToDateWhen is false.
C/C++: /home/runner/work/NearChuckle-android-wip-edition/NearChuckle-android-wip-edition/android/app/src/main/cpp/CMakeLists.txt profile|arm64-v8a : Start JSON generation. Platform version: 26 min SDK version: arm64-v8a
C/C++: /home/runner/work/NearChuckle-android-wip-edition/NearChuckle-android-wip-edition/android/app/src/main/cpp/CMakeLists.txt profile|arm64-v8a : rebuilding JSON /home/runner/work/NearChuckle-android-wip-edition/NearChuckle-android-wip-edition/android/app/.cxx/Release/34122i6w/arm64-v8a/android_gradle_build.json due to:
C/C++: /home/runner/work/NearChuckle-android-wip-edition/NearChuckle-android-wip-edition/android/app/src/main/cpp/CMakeLists.txt profile|arm64-v8a : - no fingerprint file, will remove stale configuration folder
C/C++: /home/runner/work/NearChuckle-android-wip-edition/NearChuckle-android-wip-edition/android/app/src/main/cpp/CMakeLists.txt profile|arm64-v8a : removing stale contents from '/home/runner/work/NearChuckle-android-wip-edition/NearChuckle-android-wip-edition/android/app/.cxx/Release/34122i6w/arm64-v8a'
C/C++: /home/runner/work/NearChuckle-android-wip-edition/NearChuckle-android-wip-edition/android/app/src/main/cpp/CMakeLists.txt profile|arm64-v8a : created folder '/home/runner/work/NearChuckle-android-wip-edition/NearChuckle-android-wip-edition/android/app/.cxx/Release/34122i6w/arm64-v8a'
C/C++: /home/runner/work/NearChuckle-android-wip-edition/NearChuckle-android-wip-edition/android/app/src/main/cpp/CMakeLists.txt profile|arm64-v8a : executing cmake /usr/local/lib/android/sdk/cmake/3.22.1/bin/cmake \
  -H/home/runner/work/NearChuckle-android-wip-edition/NearChuckle-android-wip-edition/android/app/src/main/cpp \
  -DCMAKE_SYSTEM_NAME=Android \
  -DCMAKE_EXPORT_COMPILE_COMMANDS=ON \
  -DCMAKE_SYSTEM_VERSION=26 \
  -DANDROID_PLATFORM=android-26 \
  -DANDROID_ABI=arm64-v8a \
  -DCMAKE_ANDROID_ARCH_ABI=arm64-v8a \
  -DANDROID_NDK=/usr/local/lib/android/sdk/ndk/26.1.10909125 \
  -DCMAKE_ANDROID_NDK=/usr/local/lib/android/sdk/ndk/26.1.10909125 \
  -DCMAKE_TOOLCHAIN_FILE=/usr/local/lib/android/sdk/ndk/26.1.10909125/build/cmake/android.toolchain.cmake \
  -DCMAKE_MAKE_PROGRAM=/usr/local/lib/android/sdk/cmake/3.22.1/bin/ninja \
  "-DCMAKE_CXX_FLAGS=-std=c++17 -frtti -fexceptions" \
  -DCMAKE_LIBRARY_OUTPUT_DIRECTORY=/home/runner/work/NearChuckle-android-wip-edition/NearChuckle-android-wip-edition/android/app/build/intermediates/cxx/Release/34122i6w/obj/arm64-v8a \
  -DCMAKE_RUNTIME_OUTPUT_DIRECTORY=/home/runner/work/NearChuckle-android-wip-edition/NearChuckle-android-wip-edition/android/app/build/intermediates/cxx/Release/34122i6w/obj/arm64-v8a \
  -B/home/runner/work/NearChuckle-android-wip-edition/NearChuckle-android-wip-edition/android/app/.cxx/Release/34122i6w/arm64-v8a \
  -GNinja \
  -DANDROID_STL=c++_shared \
  -DANDROID_SUPPORT_FLEXIBLE_PAGE_SIZES=ON \
  -DUSE_ANGLE=ON \
  -DANGLE_USE_VULKAN=ON \
  -DDISABLE_CG=ON \
  -DANDROID_PERFORMANCE_MODE=ON \
  -DCMAKE_BUILD_TYPE=Release

C/C++: /home/runner/work/NearChuckle-android-wip-edition/NearChuckle-android-wip-edition/android/app/src/main/cpp/CMakeLists.txt profile|arm64-v8a : /usr/local/lib/android/sdk/cmake/3.22.1/bin/cmake \
  -H/home/runner/work/NearChuckle-android-wip-edition/NearChuckle-android-wip-edition/android/app/src/main/cpp \
  -DCMAKE_SYSTEM_NAME=Android \
  -DCMAKE_EXPORT_COMPILE_COMMANDS=ON \
  -DCMAKE_SYSTEM_VERSION=26 \
  -DANDROID_PLATFORM=android-26 \
  -DANDROID_ABI=arm64-v8a \
  -DCMAKE_ANDROID_ARCH_ABI=arm64-v8a \
  -DANDROID_NDK=/usr/local/lib/android/sdk/ndk/26.1.10909125 \
  -DCMAKE_ANDROID_NDK=/usr/local/lib/android/sdk/ndk/26.1.10909125 \
  -DCMAKE_TOOLCHAIN_FILE=/usr/local/lib/android/sdk/ndk/26.1.10909125/build/cmake/android.toolchain.cmake \
  -DCMAKE_MAKE_PROGRAM=/usr/local/lib/android/sdk/cmake/3.22.1/bin/ninja \
  "-DCMAKE_CXX_FLAGS=-std=c++17 -frtti -fexceptions" \
  -DCMAKE_LIBRARY_OUTPUT_DIRECTORY=/home/runner/work/NearChuckle-android-wip-edition/NearChuckle-android-wip-edition/android/app/build/intermediates/cxx/Release/34122i6w/obj/arm64-v8a \
  -DCMAKE_RUNTIME_OUTPUT_DIRECTORY=/home/runner/work/NearChuckle-android-wip-edition/NearChuckle-android-wip-edition/android/app/build/intermediates/cxx/Release/34122i6w/obj/arm64-v8a \
  -B/home/runner/work/NearChuckle-android-wip-edition/NearChuckle-android-wip-edition/android/app/.cxx/Release/34122i6w/arm64-v8a \
  -GNinja \
  -DANDROID_STL=c++_shared \
  -DANDROID_SUPPORT_FLEXIBLE_PAGE_SIZES=ON \
  -DUSE_ANGLE=ON \
  -DANGLE_USE_VULKAN=ON \
  -DDISABLE_CG=ON \
  -DANDROID_PERFORMANCE_MODE=ON \
  -DCMAKE_BUILD_TYPE=Release

Starting process 'command '/usr/local/lib/android/sdk/cmake/3.22.1/bin/cmake''. Working directory: /home/runner/work/NearChuckle-android-wip-edition/NearChuckle-android-wip-edition/android/app Command: /usr/local/lib/android/sdk/cmake/3.22.1/bin/cmake -H/home/runner/work/NearChuckle-android-wip-edition/NearChuckle-android-wip-edition/android/app/src/main/cpp -DCMAKE_SYSTEM_NAME=Android -DCMAKE_EXPORT_COMPILE_COMMANDS=ON -DCMAKE_SYSTEM_VERSION=26 -DANDROID_PLATFORM=android-26 -DANDROID_ABI=arm64-v8a -DCMAKE_ANDROID_ARCH_ABI=arm64-v8a -DANDROID_NDK=/usr/local/lib/android/sdk/ndk/26.1.10909125 -DCMAKE_ANDROID_NDK=/usr/local/lib/android/sdk/ndk/26.1.10909125 -DCMAKE_TOOLCHAIN_FILE=/usr/local/lib/android/sdk/ndk/26.1.10909125/build/cmake/android.toolchain.cmake -DCMAKE_MAKE_PROGRAM=/usr/local/lib/android/sdk/cmake/3.22.1/bin/ninja -DCMAKE_CXX_FLAGS=-std=c++17 -frtti -fexceptions -DCMAKE_LIBRARY_OUTPUT_DIRECTORY=/home/runner/work/NearChuckle-android-wip-edition/NearChuckle-android-wip-edition/android/app/build/intermediates/cxx/Release/34122i6w/obj/arm64-v8a -DCMAKE_RUNTIME_OUTPUT_DIRECTORY=/home/runner/work/NearChuckle-android-wip-edition/NearChuckle-android-wip-edition/android/app/build/intermediates/cxx/Release/34122i6w/obj/arm64-v8a -B/home/runner/work/NearChuckle-android-wip-edition/NearChuckle-android-wip-edition/android/app/.cxx/Release/34122i6w/arm64-v8a -GNinja -DANDROID_STL=c++_shared -DANDROID_SUPPORT_FLEXIBLE_PAGE_SIZES=ON -DUSE_ANGLE=ON -DANGLE_USE_VULKAN=ON -DDISABLE_CG=ON -DANDROID_PERFORMANCE_MODE=ON -DCMAKE_BUILD_TYPE=Release
Successfully started process 'command '/usr/local/lib/android/sdk/cmake/3.22.1/bin/cmake''
C/C++: CMake Warning:
C/C++:   Manually-specified variables were not used by the project:
C/C++:     ANDROID_PERFORMANCE_MODE
C/C++:     ANDROID_SUPPORT_FLEXIBLE_PAGE_SIZES
C/C++:     DISABLE_CG
C/C++: /home/runner/work/NearChuckle-android-wip-edition/NearChuckle-android-wip-edition/android/app/src/main/cpp/CMakeLists.txt profile|arm64-v8a : Received process result: 0
C/C++: /home/runner/work/NearChuckle-android-wip-edition/NearChuckle-android-wip-edition/android/app/src/main/cpp/CMakeLists.txt profile|arm64-v8a : Exiting generation of /home/runner/work/NearChuckle-android-wip-edition/NearChuckle-android-wip-edition/android/app/.cxx/Release/34122i6w/arm64-v8a/compile_commands.json.bin normally
C/C++: /home/runner/work/NearChuckle-android-wip-edition/NearChuckle-android-wip-edition/android/app/src/main/cpp/CMakeLists.txt profile|arm64-v8a : done executing cmake
C/C++: /home/runner/work/NearChuckle-android-wip-edition/NearChuckle-android-wip-edition/android/app/src/main/cpp/CMakeLists.txt profile|arm64-v8a : hard linked /home/runner/work/NearChuckle-android-wip-edition/NearChuckle-android-wip-edition/android/app/.cxx/Release/34122i6w/arm64-v8a/compile_commands.json to /home/runner/work/NearChuckle-android-wip-edition/NearChuckle-android-wip-edition/android/app/.cxx/tools/profile/arm64-v8a/compile_commands.json
C/C++: /home/runner/work/NearChuckle-android-wip-edition/NearChuckle-android-wip-edition/android/app/src/main/cpp/CMakeLists.txt profile|arm64-v8a : JSON generation completed without problems
C/C++: /home/runner/work/NearChuckle-android-wip-edition/NearChuckle-android-wip-edition/android/app/src/main/cpp/CMakeLists.txt profile|arm64-v8a : Writing build model to /home/runner/work/NearChuckle-android-wip-edition/NearChuckle-android-wip-edition/android/app/build/intermediates/cxx/Release/34122i6w/logs/arm64-v8a/build_model.json
Resolve mutations for :app:buildCMakeRelease[arm64-v8a] (Thread[Execution worker,5,main]) started.
:app:buildCMakeRelease[arm64-v8a] (Thread[Execution worker,5,main]) started.

> Task :app:buildCMakeRelease[arm64-v8a]
Caching disabled for task ':app:buildCMakeRelease[arm64-v8a]' because:
  Caching has been disabled for the task
Task ':app:buildCMakeRelease[arm64-v8a]' is not up-to-date because:
  Task.upToDateWhen is false.
C/C++: starting build
C/C++: reading expected JSONs
C/C++: done reading expected JSONs
C/C++: executing build commands for targets that produce .so files or executables
C/C++: evaluate miniconfig
C/C++: evaluate library nearchuckle_android (arm64-v8a)
C/C++: building target library nearchuckle_android because no targets are specified.
C/C++: about to build targets nearchuckle_android
C/C++: Build nearchuckle_android
C/C++: /usr/local/lib/android/sdk/cmake/3.22.1/bin/ninja \
  -C \
  /home/runner/work/NearChuckle-android-wip-edition/NearChuckle-android-wip-edition/android/app/.cxx/Release/34122i6w/arm64-v8a \
  nearchuckle_android

Starting process 'command '/usr/local/lib/android/sdk/cmake/3.22.1/bin/ninja''. Working directory: /home/runner/work/NearChuckle-android-wip-edition/NearChuckle-android-wip-edition/android/app Command: /usr/local/lib/android/sdk/cmake/3.22.1/bin/ninja -C /home/runner/work/NearChuckle-android-wip-edition/NearChuckle-android-wip-edition/android/app/.cxx/Release/34122i6w/arm64-v8a nearchuckle_android
Successfully started process 'command '/usr/local/lib/android/sdk/cmake/3.22.1/bin/ninja''
C/C++: ninja: Entering directory `/home/runner/work/NearChuckle-android-wip-edition/NearChuckle-android-wip-edition/android/app/.cxx/Release/34122i6w/arm64-v8a'
C/C++: In file included from /home/runner/work/NearChuckle-android-wip-edition/NearChuckle-android-wip-edition/android/app/src/main/cpp/native_bridge.cpp:17:
C/C++: In file included from /home/runner/work/NearChuckle-android-wip-edition/NearChuckle-android-wip-edition/android/app/src/main/cpp/SDL3/SDL.h:3:
C/C++: /home/runner/work/NearChuckle-android-wip-edition/NearChuckle-android-wip-edition/android/app/src/main/cpp/SDL3/../SDL_stub.h:70:9: warning: empty struct has size 0 in C, size 1 in C++ [-Wextern-c-compat]
C/C++: typedef struct SDL_Window {} SDL_Window;
C/C++:         ^
C/C++: 1 warning generated.
C/C++: Received process result: 0
C/C++: check expected build outputs
C/C++: hard linked /usr/local/lib/android/sdk/ndk/26.1.10909125/toolchains/llvm/prebuilt/linux-x86_64/sysroot/usr/lib/aarch64-linux-android/libc++_shared.so to /home/runner/work/NearChuckle-android-wip-edition/NearChuckle-android-wip-edition/android/app/build/intermediates/cxx/Release/34122i6w/obj/arm64-v8a/libc++_shared.so
C/C++: build complete
Resolve mutations for :app:configureCMakeRelease[armeabi-v7a] (Thread[Execution worker,5,main]) started.
:app:configureCMakeRelease[armeabi-v7a] (Thread[Execution worker,5,main]) started.

> Task :app:configureCMakeRelease[armeabi-v7a]
Caching disabled for task ':app:configureCMakeRelease[armeabi-v7a]' because:
  Caching has been disabled for the task
Task ':app:configureCMakeRelease[armeabi-v7a]' is not up-to-date because:
  Task.upToDateWhen is false.
C/C++: /home/runner/work/NearChuckle-android-wip-edition/NearChuckle-android-wip-edition/android/app/src/main/cpp/CMakeLists.txt profile|armeabi-v7a : Start JSON generation. Platform version: 26 min SDK version: armeabi-v7a
C/C++: /home/runner/work/NearChuckle-android-wip-edition/NearChuckle-android-wip-edition/android/app/src/main/cpp/CMakeLists.txt profile|armeabi-v7a : rebuilding JSON /home/runner/work/NearChuckle-android-wip-edition/NearChuckle-android-wip-edition/android/app/.cxx/Release/34122i6w/armeabi-v7a/android_gradle_build.json due to:
C/C++: /home/runner/work/NearChuckle-android-wip-edition/NearChuckle-android-wip-edition/android/app/src/main/cpp/CMakeLists.txt profile|armeabi-v7a : - no fingerprint file, will remove stale configuration folder
C/C++: /home/runner/work/NearChuckle-android-wip-edition/NearChuckle-android-wip-edition/android/app/src/main/cpp/CMakeLists.txt profile|armeabi-v7a : removing stale contents from '/home/runner/work/NearChuckle-android-wip-edition/NearChuckle-android-wip-edition/android/app/.cxx/Release/34122i6w/armeabi-v7a'
C/C++: /home/runner/work/NearChuckle-android-wip-edition/NearChuckle-android-wip-edition/android/app/src/main/cpp/CMakeLists.txt profile|armeabi-v7a : created folder '/home/runner/work/NearChuckle-android-wip-edition/NearChuckle-android-wip-edition/android/app/.cxx/Release/34122i6w/armeabi-v7a'
C/C++: /home/runner/work/NearChuckle-android-wip-edition/NearChuckle-android-wip-edition/android/app/src/main/cpp/CMakeLists.txt profile|armeabi-v7a : executing cmake /usr/local/lib/android/sdk/cmake/3.22.1/bin/cmake \
  -H/home/runner/work/NearChuckle-android-wip-edition/NearChuckle-android-wip-edition/android/app/src/main/cpp \
  -DCMAKE_SYSTEM_NAME=Android \
  -DCMAKE_EXPORT_COMPILE_COMMANDS=ON \
  -DCMAKE_SYSTEM_VERSION=26 \
  -DANDROID_PLATFORM=android-26 \
  -DANDROID_ABI=armeabi-v7a \
  -DCMAKE_ANDROID_ARCH_ABI=armeabi-v7a \
  -DANDROID_NDK=/usr/local/lib/android/sdk/ndk/26.1.10909125 \
  -DCMAKE_ANDROID_NDK=/usr/local/lib/android/sdk/ndk/26.1.10909125 \
  -DCMAKE_TOOLCHAIN_FILE=/usr/local/lib/android/sdk/ndk/26.1.10909125/build/cmake/android.toolchain.cmake \
  -DCMAKE_MAKE_PROGRAM=/usr/local/lib/android/sdk/cmake/3.22.1/bin/ninja \
  "-DCMAKE_CXX_FLAGS=-std=c++17 -frtti -fexceptions" \
  -DCMAKE_LIBRARY_OUTPUT_DIRECTORY=/home/runner/work/NearChuckle-android-wip-edition/NearChuckle-android-wip-edition/android/app/build/intermediates/cxx/Release/34122i6w/obj/armeabi-v7a \
  -DCMAKE_RUNTIME_OUTPUT_DIRECTORY=/home/runner/work/NearChuckle-android-wip-edition/NearChuckle-android-wip-edition/android/app/build/intermediates/cxx/Release/34122i6w/obj/armeabi-v7a \
  -B/home/runner/work/NearChuckle-android-wip-edition/NearChuckle-android-wip-edition/android/app/.cxx/Release/34122i6w/armeabi-v7a \
  -GNinja \
  -DANDROID_STL=c++_shared \
  -DANDROID_SUPPORT_FLEXIBLE_PAGE_SIZES=ON \
  -DUSE_ANGLE=ON \
  -DANGLE_USE_VULKAN=ON \
  -DDISABLE_CG=ON \
  -DANDROID_PERFORMANCE_MODE=ON \
  -DCMAKE_BUILD_TYPE=Release

C/C++: /home/runner/work/NearChuckle-android-wip-edition/NearChuckle-android-wip-edition/android/app/src/main/cpp/CMakeLists.txt profile|armeabi-v7a : /usr/local/lib/android/sdk/cmake/3.22.1/bin/cmake \
  -H/home/runner/work/NearChuckle-android-wip-edition/NearChuckle-android-wip-edition/android/app/src/main/cpp \
  -DCMAKE_SYSTEM_NAME=Android \
  -DCMAKE_EXPORT_COMPILE_COMMANDS=ON \
  -DCMAKE_SYSTEM_VERSION=26 \
  -DANDROID_PLATFORM=android-26 \
  -DANDROID_ABI=armeabi-v7a \
  -DCMAKE_ANDROID_ARCH_ABI=armeabi-v7a \
  -DANDROID_NDK=/usr/local/lib/android/sdk/ndk/26.1.10909125 \
  -DCMAKE_ANDROID_NDK=/usr/local/lib/android/sdk/ndk/26.1.10909125 \
  -DCMAKE_TOOLCHAIN_FILE=/usr/local/lib/android/sdk/ndk/26.1.10909125/build/cmake/android.toolchain.cmake \
  -DCMAKE_MAKE_PROGRAM=/usr/local/lib/android/sdk/cmake/3.22.1/bin/ninja \
  "-DCMAKE_CXX_FLAGS=-std=c++17 -frtti -fexceptions" \
  -DCMAKE_LIBRARY_OUTPUT_DIRECTORY=/home/runner/work/NearChuckle-android-wip-edition/NearChuckle-android-wip-edition/android/app/build/intermediates/cxx/Release/34122i6w/obj/armeabi-v7a \
  -DCMAKE_RUNTIME_OUTPUT_DIRECTORY=/home/runner/work/NearChuckle-android-wip-edition/NearChuckle-android-wip-edition/android/app/build/intermediates/cxx/Release/34122i6w/obj/armeabi-v7a \
  -B/home/runner/work/NearChuckle-android-wip-edition/NearChuckle-android-wip-edition/android/app/.cxx/Release/34122i6w/armeabi-v7a \
  -GNinja \
  -DANDROID_STL=c++_shared \
  -DANDROID_SUPPORT_FLEXIBLE_PAGE_SIZES=ON \
  -DUSE_ANGLE=ON \
  -DANGLE_USE_VULKAN=ON \
  -DDISABLE_CG=ON \
  -DANDROID_PERFORMANCE_MODE=ON \
  -DCMAKE_BUILD_TYPE=Release

Starting process 'command '/usr/local/lib/android/sdk/cmake/3.22.1/bin/cmake''. Working directory: /home/runner/work/NearChuckle-android-wip-edition/NearChuckle-android-wip-edition/android/app Command: /usr/local/lib/android/sdk/cmake/3.22.1/bin/cmake -H/home/runner/work/NearChuckle-android-wip-edition/NearChuckle-android-wip-edition/android/app/src/main/cpp -DCMAKE_SYSTEM_NAME=Android -DCMAKE_EXPORT_COMPILE_COMMANDS=ON -DCMAKE_SYSTEM_VERSION=26 -DANDROID_PLATFORM=android-26 -DANDROID_ABI=armeabi-v7a -DCMAKE_ANDROID_ARCH_ABI=armeabi-v7a -DANDROID_NDK=/usr/local/lib/android/sdk/ndk/26.1.10909125 -DCMAKE_ANDROID_NDK=/usr/local/lib/android/sdk/ndk/26.1.10909125 -DCMAKE_TOOLCHAIN_FILE=/usr/local/lib/android/sdk/ndk/26.1.10909125/build/cmake/android.toolchain.cmake -DCMAKE_MAKE_PROGRAM=/usr/local/lib/android/sdk/cmake/3.22.1/bin/ninja -DCMAKE_CXX_FLAGS=-std=c++17 -frtti -fexceptions -DCMAKE_LIBRARY_OUTPUT_DIRECTORY=/home/runner/work/NearChuckle-android-wip-edition/NearChuckle-android-wip-edition/android/app/build/intermediates/cxx/Release/34122i6w/obj/armeabi-v7a -DCMAKE_RUNTIME_OUTPUT_DIRECTORY=/home/runner/work/NearChuckle-android-wip-edition/NearChuckle-android-wip-edition/android/app/build/intermediates/cxx/Release/34122i6w/obj/armeabi-v7a -B/home/runner/work/NearChuckle-android-wip-edition/NearChuckle-android-wip-edition/android/app/.cxx/Release/34122i6w/armeabi-v7a -GNinja -DANDROID_STL=c++_shared -DANDROID_SUPPORT_FLEXIBLE_PAGE_SIZES=ON -DUSE_ANGLE=ON -DANGLE_USE_VULKAN=ON -DDISABLE_CG=ON -DANDROID_PERFORMANCE_MODE=ON -DCMAKE_BUILD_TYPE=Release
Successfully started process 'command '/usr/local/lib/android/sdk/cmake/3.22.1/bin/cmake''
C/C++: CMake Warning:
C/C++:   Manually-specified variables were not used by the project:
C/C++:     ANDROID_PERFORMANCE_MODE
C/C++:     ANDROID_SUPPORT_FLEXIBLE_PAGE_SIZES
C/C++:     DISABLE_CG
C/C++: /home/runner/work/NearChuckle-android-wip-edition/NearChuckle-android-wip-edition/android/app/src/main/cpp/CMakeLists.txt profile|armeabi-v7a : Received process result: 0
C/C++: /home/runner/work/NearChuckle-android-wip-edition/NearChuckle-android-wip-edition/android/app/src/main/cpp/CMakeLists.txt profile|armeabi-v7a : Exiting generation of /home/runner/work/NearChuckle-android-wip-edition/NearChuckle-android-wip-edition/android/app/.cxx/Release/34122i6w/armeabi-v7a/compile_commands.json.bin normally
C/C++: /home/runner/work/NearChuckle-android-wip-edition/NearChuckle-android-wip-edition/android/app/src/main/cpp/CMakeLists.txt profile|armeabi-v7a : done executing cmake
C/C++: /home/runner/work/NearChuckle-android-wip-edition/NearChuckle-android-wip-edition/android/app/src/main/cpp/CMakeLists.txt profile|armeabi-v7a : hard linked /home/runner/work/NearChuckle-android-wip-edition/NearChuckle-android-wip-edition/android/app/.cxx/Release/34122i6w/armeabi-v7a/compile_commands.json to /home/runner/work/NearChuckle-android-wip-edition/NearChuckle-android-wip-edition/android/app/.cxx/tools/profile/armeabi-v7a/compile_commands.json
C/C++: /home/runner/work/NearChuckle-android-wip-edition/NearChuckle-android-wip-edition/android/app/src/main/cpp/CMakeLists.txt profile|armeabi-v7a : JSON generation completed without problems
C/C++: /home/runner/work/NearChuckle-android-wip-edition/NearChuckle-android-wip-edition/android/app/src/main/cpp/CMakeLists.txt profile|armeabi-v7a : Writing build model to /home/runner/work/NearChuckle-android-wip-edition/NearChuckle-android-wip-edition/android/app/build/intermediates/cxx/Release/34122i6w/logs/armeabi-v7a/build_model.json
Resolve mutations for :app:buildCMakeRelease[armeabi-v7a] (Thread[Execution worker,5,main]) started.
:app:buildCMakeRelease[armeabi-v7a] (Thread[Execution worker,5,main]) started.

> Task :app:buildCMakeRelease[armeabi-v7a]
Caching disabled for task ':app:buildCMakeRelease[armeabi-v7a]' because:
  Caching has been disabled for the task
Task ':app:buildCMakeRelease[armeabi-v7a]' is not up-to-date because:
  Task.upToDateWhen is false.
C/C++: starting build
C/C++: reading expected JSONs
C/C++: done reading expected JSONs
C/C++: executing build commands for targets that produce .so files or executables
C/C++: evaluate miniconfig
C/C++: evaluate library nearchuckle_android (armeabi-v7a)
C/C++: building target library nearchuckle_android because no targets are specified.
C/C++: about to build targets nearchuckle_android
C/C++: Build nearchuckle_android
C/C++: /usr/local/lib/android/sdk/cmake/3.22.1/bin/ninja \
  -C \
  /home/runner/work/NearChuckle-android-wip-edition/NearChuckle-android-wip-edition/android/app/.cxx/Release/34122i6w/armeabi-v7a \
  nearchuckle_android

Starting process 'command '/usr/local/lib/android/sdk/cmake/3.22.1/bin/ninja''. Working directory: /home/runner/work/NearChuckle-android-wip-edition/NearChuckle-android-wip-edition/android/app Command: /usr/local/lib/android/sdk/cmake/3.22.1/bin/ninja -C /home/runner/work/NearChuckle-android-wip-edition/NearChuckle-android-wip-edition/android/app/.cxx/Release/34122i6w/armeabi-v7a nearchuckle_android
Successfully started process 'command '/usr/local/lib/android/sdk/cmake/3.22.1/bin/ninja''
C/C++: ninja: Entering directory `/home/runner/work/NearChuckle-android-wip-edition/NearChuckle-android-wip-edition/android/app/.cxx/Release/34122i6w/armeabi-v7a'
C/C++: In file included from /home/runner/work/NearChuckle-android-wip-edition/NearChuckle-android-wip-edition/android/app/src/main/cpp/native_bridge.cpp:17:
C/C++: In file included from /home/runner/work/NearChuckle-android-wip-edition/NearChuckle-android-wip-edition/android/app/src/main/cpp/SDL3/SDL.h:3:
C/C++: /home/runner/work/NearChuckle-android-wip-edition/NearChuckle-android-wip-edition/android/app/src/main/cpp/SDL3/../SDL_stub.h:70:9: warning: empty struct has size 0 in C, size 1 in C++ [-Wextern-c-compat]
C/C++: typedef struct SDL_Window {} SDL_Window;
C/C++:         ^
C/C++: 1 warning generated.
C/C++: Received process result: 0
C/C++: check expected build outputs
C/C++: hard linked /usr/local/lib/android/sdk/ndk/26.1.10909125/toolchains/llvm/prebuilt/linux-x86_64/sysroot/usr/lib/arm-linux-androideabi/libc++_shared.so to /home/runner/work/NearChuckle-android-wip-edition/NearChuckle-android-wip-edition/android/app/build/intermediates/cxx/Release/34122i6w/obj/armeabi-v7a/libc++_shared.so
C/C++: build complete
Resolve mutations for :app:preReleaseBuild (Thread[Execution worker,5,main]) started.
:app:preReleaseBuild (Thread[Execution worker,5,main]) started.

> Task :app:preReleaseBuild
Skipping task ':app:preReleaseBuild' as it has no actions.
Resolve mutations for :app:mergeReleaseJniLibFolders (Thread[Execution worker,5,main]) started.
:app:mergeReleaseJniLibFolders (Thread[Execution worker,5,main]) started.

> Task :app:mergeReleaseJniLibFolders
Caching disabled for task ':app:mergeReleaseJniLibFolders' because:
  Simple merging task
Task ':app:mergeReleaseJniLibFolders' is not up-to-date because:
  No history is available.
The input changes require a full rebuild for incremental task ':app:mergeReleaseJniLibFolders'.
Resolve mutations for :app:mergeReleaseNativeLibs (Thread[Execution worker,5,main]) started.
:app:mergeReleaseNativeLibs (Thread[Execution worker,5,main]) started.
Resolve mutations for :app:checkReleaseDuplicateClasses (Thread[Execution worker Thread 2,5,main]) started.
:app:checkReleaseDuplicateClasses (Thread[Execution worker Thread 2,5,main]) started.
Resolve mutations for :app:dataBindingMergeDependencyArtifactsRelease (Thread[included builds,5,main]) started.
:app:dataBindingMergeDependencyArtifactsRelease (Thread[Execution worker Thread 3,5,main]) started.

> Task :app:mergeReleaseNativeLibs
Transforming material-1.11.0.aar (com.google.android.material:material:1.11.0) with ExtractAarTransform
Transforming material-1.11.0.aar (com.google.android.material:material:1.11.0) with AarTransform
Transforming preference-1.2.1.aar (androidx.preference:preference:1.2.1) with ExtractAarTransform
Transforming constraintlayout-2.1.4.aar (androidx.constraintlayout:constraintlayout:2.1.4) with ExtractAarTransform
Transforming viewbinding-8.6.0.aar (androidx.databinding:viewbinding:8.6.0) with ExtractAarTransform
Transforming preference-1.2.1.aar (androidx.preference:preference:1.2.1) with AarTransform
Transforming viewbinding-8.6.0.aar (androidx.databinding:viewbinding:8.6.0) with AarTransform
Transforming constraintlayout-2.1.4.aar (androidx.constraintlayout:constraintlayout:2.1.4) with AarTransform
Transforming appcompat-resources-1.6.1.aar (androidx.appcompat:appcompat-resources:1.6.1) with ExtractAarTransform
Transforming appcompat-resources-1.6.1.aar (androidx.appcompat:appcompat-resources:1.6.1) with AarTransform
Transforming appcompat-1.6.1.aar (androidx.appcompat:appcompat:1.6.1) with ExtractAarTransform
Transforming appcompat-1.6.1.aar (androidx.appcompat:appcompat:1.6.1) with AarTransform
Transforming dynamicanimation-1.0.0.aar (androidx.dynamicanimation:dynamicanimation:1.0.0) with ExtractAarTransform
Transforming dynamicanimation-1.0.0.aar (androidx.dynamicanimation:dynamicanimation:1.0.0) with AarTransform
Transforming legacy-support-core-utils-1.0.0.aar (androidx.legacy:legacy-support-core-utils:1.0.0) with ExtractAarTransform
Transforming legacy-support-core-utils-1.0.0.aar (androidx.legacy:legacy-support-core-utils:1.0.0) with AarTransform
Transforming documentfile-1.0.1.aar (androidx.documentfile:documentfile:1.0.1) with ExtractAarTransform
Transforming documentfile-1.0.1.aar (androidx.documentfile:documentfile:1.0.1) with AarTransform
Transforming documentfile-1.0.1.aar (androidx.documentfile:documentfile:1.0.1) with ExtractAarTransform
Transforming documentfile-1.0.1.aar (androidx.documentfile:documentfile:1.0.1) with AarTransform
Transforming emoji2-views-helper-1.2.0.aar (androidx.emoji2:emoji2-views-helper:1.2.0) with ExtractAarTransform
Transforming emoji2-views-helper-1.2.0.aar (androidx.emoji2:emoji2-views-helper:1.2.0) with AarTransform
Transforming emoji2-1.2.0.aar (androidx.emoji2:emoji2:1.2.0) with ExtractAarTransform
Transforming emoji2-1.2.0.aar (androidx.emoji2:emoji2:1.2.0) with AarTransform
Transforming viewpager2-1.0.0.aar (androidx.viewpager2:viewpager2:1.0.0) with ExtractAarTransform
Transforming viewpager2-1.0.0.aar (androidx.viewpager2:viewpager2:1.0.0) with AarTransform
Transforming fragment-ktx-1.3.6.aar (androidx.fragment:fragment-ktx:1.3.6) with ExtractAarTransform
Transforming fragment-ktx-1.3.6.aar (androidx.fragment:fragment-ktx:1.3.6) with AarTransform
Transforming fragment-1.3.6.aar (androidx.fragment:fragment:1.3.6) with ExtractAarTransform
Transforming fragment-1.3.6.aar (androidx.fragment:fragment:1.3.6) with AarTransform
Transforming fragment-1.3.6.aar (androidx.fragment:fragment:1.3.6) with ExtractAarTransform
Transforming fragment-1.3.6.aar (androidx.fragment:fragment:1.3.6) with AarTransform
Transforming activity-ktx-1.8.0.aar (androidx.activity:activity-ktx:1.8.0) with ExtractAarTransform
Transforming activity-ktx-1.8.0.aar (androidx.activity:activity-ktx:1.8.0) with AarTransform
Transforming activity-1.8.0.aar (androidx.activity:activity:1.8.0) with ExtractAarTransform
Transforming activity-1.8.0.aar (androidx.activity:activity:1.8.0) with AarTransform
Transforming drawerlayout-1.1.1.aar (androidx.drawerlayout:drawerlayout:1.1.1) with ExtractAarTransform
Transforming drawerlayout-1.1.1.aar (androidx.drawerlayout:drawerlayout:1.1.1) with AarTransform
Transforming coordinatorlayout-1.1.0.aar (androidx.coordinatorlayout:coordinatorlayout:1.1.0) with ExtractAarTransform
Transforming vectordrawable-animated-1.1.0.aar (androidx.vectordrawable:vectordrawable-animated:1.1.0) with ExtractAarTransform
Transforming coordinatorlayout-1.1.0.aar (androidx.coordinatorlayout:coordinatorlayout:1.1.0) with AarTransform
Transforming vectordrawable-animated-1.1.0.aar (androidx.vectordrawable:vectordrawable-animated:1.1.0) with AarTransform
Transforming vectordrawable-1.1.0.aar (androidx.vectordrawable:vectordrawable:1.1.0) with ExtractAarTransform
Transforming vectordrawable-1.1.0.aar (androidx.vectordrawable:vectordrawable:1.1.0) with AarTransform
Transforming vectordrawable-1.1.0.aar (androidx.vectordrawable:vectordrawable:1.1.0) with ExtractAarTransform
Transforming vectordrawable-1.1.0.aar (androidx.vectordrawable:vectordrawable:1.1.0) with AarTransform
Transforming slidingpanelayout-1.2.0.aar (androidx.slidingpanelayout:slidingpanelayout:1.2.0) with ExtractAarTransform
Transforming slidingpanelayout-1.2.0.aar (androidx.slidingpanelayout:slidingpanelayout:1.2.0) with AarTransform
Transforming loader-1.0.0.aar (androidx.loader:loader:1.0.0) with ExtractAarTransform
Transforming loader-1.0.0.aar (androidx.loader:loader:1.0.0) with ExtractAarTransform
Transforming loader-1.0.0.aar (androidx.loader:loader:1.0.0) with AarTransform
Transforming loader-1.0.0.aar (androidx.loader:loader:1.0.0) with AarTransform
Transforming savedstate-ktx-1.2.1.aar (androidx.savedstate:savedstate-ktx:1.2.1) with ExtractAarTransform
Transforming savedstate-ktx-1.2.1.aar (androidx.savedstate:savedstate-ktx:1.2.1) with AarTransform
Transforming savedstate-1.2.1.aar (androidx.savedstate:savedstate:1.2.1) with ExtractAarTransform
Transforming savedstate-1.2.1.aar (androidx.savedstate:savedstate:1.2.1) with AarTransform
Transforming lifecycle-runtime-ktx-2.6.1.aar (androidx.lifecycle:lifecycle-runtime-ktx:2.6.1) with ExtractAarTransform
Transforming lifecycle-runtime-ktx-2.6.1.aar (androidx.lifecycle:lifecycle-runtime-ktx:2.6.1) with AarTransform
Transforming lifecycle-viewmodel-ktx-2.6.1.aar (androidx.lifecycle:lifecycle-viewmodel-ktx:2.6.1) with ExtractAarTransform
Transforming lifecycle-viewmodel-ktx-2.6.1.aar (androidx.lifecycle:lifecycle-viewmodel-ktx:2.6.1) with AarTransform
Transforming lifecycle-process-2.6.1.aar (androidx.lifecycle:lifecycle-process:2.6.1) with ExtractAarTransform
Transforming lifecycle-process-2.6.1.aar (androidx.lifecycle:lifecycle-process:2.6.1) with AarTransform
Transforming lifecycle-livedata-core-ktx-2.6.1.aar (androidx.lifecycle:lifecycle-livedata-core-ktx:2.6.1) with ExtractAarTransform
Transforming lifecycle-livedata-core-ktx-2.6.1.aar (androidx.lifecycle:lifecycle-livedata-core-ktx:2.6.1) with AarTransform
Transforming lifecycle-livedata-core-2.6.1.aar (androidx.lifecycle:lifecycle-livedata-core:2.6.1) with ExtractAarTransform
Transforming lifecycle-livedata-2.6.1.aar (androidx.lifecycle:lifecycle-livedata:2.6.1) with ExtractAarTransform
Transforming lifecycle-livedata-core-2.6.1.aar (androidx.lifecycle:lifecycle-livedata-core:2.6.1) with AarTransform
Transforming lifecycle-livedata-2.6.1.aar (androidx.lifecycle:lifecycle-livedata:2.6.1) with AarTransform
Transforming lifecycle-common-2.6.1.jar (androidx.lifecycle:lifecycle-common:2.6.1) with ExtractJniTransform
Transforming lifecycle-viewmodel-2.6.1.aar (androidx.lifecycle:lifecycle-viewmodel:2.6.1) with ExtractAarTransform
Transforming lifecycle-viewmodel-2.6.1.aar (androidx.lifecycle:lifecycle-viewmodel:2.6.1) with AarTransform
Transforming lifecycle-viewmodel-2.6.1.aar (androidx.lifecycle:lifecycle-viewmodel:2.6.1) with ExtractAarTransform
Transforming lifecycle-viewmodel-2.6.1.aar (androidx.lifecycle:lifecycle-viewmodel:2.6.1) with AarTransform
Transforming lifecycle-viewmodel-savedstate-2.6.1.aar (androidx.lifecycle:lifecycle-viewmodel-savedstate:2.6.1) with ExtractAarTransform
Transforming lifecycle-runtime-2.6.1.aar (androidx.lifecycle:lifecycle-runtime:2.6.1) with ExtractAarTransform
Transforming lifecycle-viewmodel-savedstate-2.6.1.aar (androidx.lifecycle:lifecycle-viewmodel-savedstate:2.6.1) with AarTransform
Transforming lifecycle-runtime-2.6.1.aar (androidx.lifecycle:lifecycle-runtime:2.6.1) with AarTransform
Transforming viewpager-1.0.0.aar (androidx.viewpager:viewpager:1.0.0) with ExtractAarTransform
Transforming viewpager-1.0.0.aar (androidx.viewpager:viewpager:1.0.0) with AarTransform
Transforming core-ktx-1.9.0.aar (androidx.core:core-ktx:1.9.0) with ExtractAarTransform
Transforming core-ktx-1.9.0.aar (androidx.core:core-ktx:1.9.0) with AarTransform
Transforming recyclerview-1.1.0.aar (androidx.recyclerview:recyclerview:1.1.0) with ExtractAarTransform
Transforming recyclerview-1.1.0.aar (androidx.recyclerview:recyclerview:1.1.0) with AarTransform
Transforming recyclerview-1.1.0.aar (androidx.recyclerview:recyclerview:1.1.0) with ExtractAarTransform
Transforming recyclerview-1.1.0.aar (androidx.recyclerview:recyclerview:1.1.0) with AarTransform
Transforming customview-1.1.0.aar (androidx.customview:customview:1.1.0) with ExtractAarTransform
Transforming customview-1.1.0.aar (androidx.customview:customview:1.1.0) with AarTransform
Transforming customview-1.1.0.aar (androidx.customview:customview:1.1.0) with ExtractAarTransform
Transforming customview-1.1.0.aar (androidx.customview:customview:1.1.0) with AarTransform
Transforming customview-1.1.0.aar (androidx.customview:customview:1.1.0) with ExtractAarTransform
Transforming transition-1.4.1.aar (androidx.transition:transition:1.4.1) with ExtractAarTransform
Transforming customview-1.1.0.aar (androidx.customview:customview:1.1.0) with AarTransform
Transforming window-1.0.0.aar (androidx.window:window:1.0.0) with ExtractAarTransform
Transforming window-1.0.0.aar (androidx.window:window:1.0.0) with AarTransform
Transforming core-1.9.0.aar (androidx.core:core:1.9.0) with ExtractAarTransform
Transforming core-1.9.0.aar (androidx.core:core:1.9.0) with AarTransform
Transforming transition-1.4.1.aar (androidx.transition:transition:1.4.1) with AarTransform
Transforming core-1.9.0.aar (androidx.core:core:1.9.0) with ExtractAarTransform
Transforming core-1.9.0.aar (androidx.core:core:1.9.0) with AarTransform
Transforming core-1.9.0.aar (androidx.core:core:1.9.0) with ExtractAarTransform
Transforming core-1.9.0.aar (androidx.core:core:1.9.0) with AarTransform
Transforming core-1.9.0.aar (androidx.core:core:1.9.0) with ExtractAarTransform
Transforming core-1.9.0.aar (androidx.core:core:1.9.0) with AarTransform
Transforming cursoradapter-1.0.0.aar (androidx.cursoradapter:cursoradapter:1.0.0) with ExtractAarTransform
Transforming cursoradapter-1.0.0.aar (androidx.cursoradapter:cursoradapter:1.0.0) with AarTransform
Transforming resourceinspection-annotation-1.0.1.jar (androidx.resourceinspection:resourceinspection-annotation:1.0.1) with ExtractJniTransform
Transforming cardview-1.0.0.aar (androidx.cardview:cardview:1.0.0) with ExtractAarTransform
Transforming cardview-1.0.0.aar (androidx.cardview:cardview:1.0.0) with AarTransform
Transforming versionedparcelable-1.1.1.aar (androidx.versionedparcelable:versionedparcelable:1.1.1) with ExtractAarTransform
Transforming versionedparcelable-1.1.1.aar (androidx.versionedparcelable:versionedparcelable:1.1.1) with AarTransform
Transforming collection-ktx-1.1.0.jar (androidx.collection:collection-ktx:1.1.0) with ExtractJniTransform
Transforming collection-1.1.0.jar (androidx.collection:collection:1.1.0) with ExtractJniTransform
Transforming profileinstaller-1.3.0.aar (androidx.profileinstaller:profileinstaller:1.3.0) with ExtractAarTransform
Transforming profileinstaller-1.3.0.aar (androidx.profileinstaller:profileinstaller:1.3.0) with AarTransform
Transforming startup-runtime-1.1.1.aar (androidx.startup:startup-runtime:1.1.1) with ExtractAarTransform
Transforming startup-runtime-1.1.1.aar (androidx.startup:startup-runtime:1.1.1) with AarTransform
Transforming tracing-1.0.0.aar (androidx.tracing:tracing:1.0.0) with ExtractAarTransform
Transforming tracing-1.0.0.aar (androidx.tracing:tracing:1.0.0) with AarTransform
Transforming interpolator-1.0.0.aar (androidx.interpolator:interpolator:1.0.0) with ExtractAarTransform
Transforming interpolator-1.0.0.aar (androidx.interpolator:interpolator:1.0.0) with AarTransform
Transforming core-runtime-2.2.0.aar (androidx.arch.core:core-runtime:2.2.0) with ExtractAarTransform
Transforming core-runtime-2.2.0.aar (androidx.arch.core:core-runtime:2.2.0) with AarTransform
Transforming core-common-2.2.0.jar (androidx.arch.core:core-common:2.2.0) with ExtractJniTransform
Transforming concurrent-futures-1.1.0.jar (androidx.concurrent:concurrent-futures:1.1.0) with ExtractJniTransform
Transforming localbroadcastmanager-1.0.0.aar (androidx.localbroadcastmanager:localbroadcastmanager:1.0.0) with ExtractAarTransform
Transforming localbroadcastmanager-1.0.0.aar (androidx.localbroadcastmanager:localbroadcastmanager:1.0.0) with AarTransform
Transforming print-1.0.0.aar (androidx.print:print:1.0.0) with ExtractAarTransform
Transforming print-1.0.0.aar (androidx.print:print:1.0.0) with AarTransform
Transforming annotation-1.3.0.jar (androidx.annotation:annotation:1.3.0) with ExtractJniTransform
Transforming annotation-experimental-1.3.0.aar (androidx.annotation:annotation-experimental:1.3.0) with ExtractAarTransform
Transforming annotation-experimental-1.3.0.aar (androidx.annotation:annotation-experimental:1.3.0) with AarTransform
Transforming kotlinx-coroutines-core-jvm-1.6.4.jar (org.jetbrains.kotlinx:kotlinx-coroutines-core-jvm:1.6.4) with ExtractJniTransform
Transforming kotlinx-coroutines-android-1.6.4.jar (org.jetbrains.kotlinx:kotlinx-coroutines-android:1.6.4) with ExtractJniTransform
Transforming kotlin-stdlib-jdk8-1.8.22.jar (org.jetbrains.kotlin:kotlin-stdlib-jdk8:1.8.22) with ExtractJniTransform
Transforming kotlin-stdlib-jdk7-1.8.22.jar (org.jetbrains.kotlin:kotlin-stdlib-jdk7:1.8.22) with ExtractJniTransform
Transforming kotlin-stdlib-1.8.22.jar (org.jetbrains.kotlin:kotlin-stdlib:1.8.22) with ExtractJniTransform
Transforming error_prone_annotations-2.15.0.jar (com.google.errorprone:error_prone_annotations:2.15.0) with ExtractJniTransform
Transforming constraintlayout-core-1.0.4.jar (androidx.constraintlayout:constraintlayout-core:1.0.4) with ExtractJniTransform
Transforming kotlin-stdlib-common-1.8.22.jar (org.jetbrains.kotlin:kotlin-stdlib-common:1.8.22) with ExtractJniTransform
Transforming annotations-13.0.jar (org.jetbrains:annotations:13.0) with ExtractJniTransform
Transforming listenablefuture-1.0.jar (com.google.guava:listenablefuture:1.0) with ExtractJniTransform
Caching disabled for task ':app:mergeReleaseNativeLibs' because:
  Caching has been disabled for the task
Task ':app:mergeReleaseNativeLibs' is not up-to-date because:
  No history is available.

> Task :app:checkReleaseDuplicateClasses
Transforming viewbinding-8.6.0.aar (androidx.databinding:viewbinding:8.6.0) with AarToClassTransform
Transforming material-1.11.0.aar (com.google.android.material:material:1.11.0) with AarToClassTransform
Transforming constraintlayout-2.1.4.aar (androidx.constraintlayout:constraintlayout:2.1.4) with AarToClassTransform
Transforming preference-1.2.1.aar (androidx.preference:preference:1.2.1) with AarToClassTransform
Transforming appcompat-resources-1.6.1.aar (androidx.appcompat:appcompat-resources:1.6.1) with AarToClassTransform
Transforming appcompat-1.6.1.aar (androidx.appcompat:appcompat:1.6.1) with AarToClassTransform
Transforming dynamicanimation-1.0.0.aar (androidx.dynamicanimation:dynamicanimation:1.0.0) with AarToClassTransform
Transforming legacy-support-core-utils-1.0.0.aar (androidx.legacy:legacy-support-core-utils:1.0.0) with AarToClassTransform
Transforming documentfile-1.0.1.aar (androidx.documentfile:documentfile:1.0.1) with AarToClassTransform
Transforming documentfile-1.0.1.aar (androidx.documentfile:documentfile:1.0.1) with AarToClassTransform
Transforming emoji2-views-helper-1.2.0.aar (androidx.emoji2:emoji2-views-helper:1.2.0) with AarToClassTransform
Transforming emoji2-1.2.0.aar (androidx.emoji2:emoji2:1.2.0) with AarToClassTransform
Transforming viewpager2-1.0.0.aar (androidx.viewpager2:viewpager2:1.0.0) with AarToClassTransform
Transforming fragment-ktx-1.3.6.aar (androidx.fragment:fragment-ktx:1.3.6) with AarToClassTransform
Transforming fragment-1.3.6.aar (androidx.fragment:fragment:1.3.6) with AarToClassTransform
Transforming fragment-1.3.6.aar (androidx.fragment:fragment:1.3.6) with AarToClassTransform
Transforming activity-ktx-1.8.0.aar (androidx.activity:activity-ktx:1.8.0) with AarToClassTransform
Transforming activity-1.8.0.aar (androidx.activity:activity:1.8.0) with AarToClassTransform
Transforming drawerlayout-1.1.1.aar (androidx.drawerlayout:drawerlayout:1.1.1) with AarToClassTransform
Transforming coordinatorlayout-1.1.0.aar (androidx.coordinatorlayout:coordinatorlayout:1.1.0) with AarToClassTransform
Transforming vectordrawable-animated-1.1.0.aar (androidx.vectordrawable:vectordrawable-animated:1.1.0) with AarToClassTransform
Transforming vectordrawable-1.1.0.aar (androidx.vectordrawable:vectordrawable:1.1.0) with AarToClassTransform
Transforming vectordrawable-1.1.0.aar (androidx.vectordrawable:vectordrawable:1.1.0) with AarToClassTransform
Transforming slidingpanelayout-1.2.0.aar (androidx.slidingpanelayout:slidingpanelayout:1.2.0) with AarToClassTransform
Transforming loader-1.0.0.aar (androidx.loader:loader:1.0.0) with AarToClassTransform
Transforming loader-1.0.0.aar (androidx.loader:loader:1.0.0) with AarToClassTransform
Transforming savedstate-ktx-1.2.1.aar (androidx.savedstate:savedstate-ktx:1.2.1) with AarToClassTransform
Transforming savedstate-1.2.1.aar (androidx.savedstate:savedstate:1.2.1) with AarToClassTransform
Transforming viewbinding-8.6.0.aar (androidx.databinding:viewbinding:8.6.0) with EnumerateClassesTransform
Transforming lifecycle-runtime-ktx-2.6.1.aar (androidx.lifecycle:lifecycle-runtime-ktx:2.6.1) with AarToClassTransform
Transforming lifecycle-viewmodel-ktx-2.6.1.aar (androidx.lifecycle:lifecycle-viewmodel-ktx:2.6.1) with AarToClassTransform
Transforming lifecycle-process-2.6.1.aar (androidx.lifecycle:lifecycle-process:2.6.1) with AarToClassTransform
Transforming lifecycle-livedata-core-ktx-2.6.1.aar (androidx.lifecycle:lifecycle-livedata-core-ktx:2.6.1) with AarToClassTransform
Transforming lifecycle-livedata-core-2.6.1.aar (androidx.lifecycle:lifecycle-livedata-core:2.6.1) with AarToClassTransform
Transforming lifecycle-livedata-2.6.1.aar (androidx.lifecycle:lifecycle-livedata:2.6.1) with AarToClassTransform
Transforming lifecycle-common-2.6.1.jar (androidx.lifecycle:lifecycle-common:2.6.1) with IdentityTransform
Transforming lifecycle-common-2.6.1.jar (androidx.lifecycle:lifecycle-common:2.6.1) with EnumerateClassesTransform
Transforming lifecycle-viewmodel-2.6.1.aar (androidx.lifecycle:lifecycle-viewmodel:2.6.1) with AarToClassTransform
Transforming lifecycle-viewmodel-2.6.1.aar (androidx.lifecycle:lifecycle-viewmodel:2.6.1) with AarToClassTransform
Transforming lifecycle-runtime-2.6.1.aar (androidx.lifecycle:lifecycle-runtime:2.6.1) with AarToClassTransform
Transforming lifecycle-viewmodel-savedstate-2.6.1.aar (androidx.lifecycle:lifecycle-viewmodel-savedstate:2.6.1) with AarToClassTransform
Transforming core-ktx-1.9.0.aar (androidx.core:core-ktx:1.9.0) with AarToClassTransform
Transforming viewpager-1.0.0.aar (androidx.viewpager:viewpager:1.0.0) with AarToClassTransform
Transforming recyclerview-1.1.0.aar (androidx.recyclerview:recyclerview:1.1.0) with AarToClassTransform
Transforming recyclerview-1.1.0.aar (androidx.recyclerview:recyclerview:1.1.0) with AarToClassTransform
Transforming preference-1.2.1.aar (androidx.preference:preference:1.2.1) with EnumerateClassesTransform
Transforming customview-1.1.0.aar (androidx.customview:customview:1.1.0) with AarToClassTransform
Transforming customview-1.1.0.aar (androidx.customview:customview:1.1.0) with AarToClassTransform
Transforming customview-1.1.0.aar (androidx.customview:customview:1.1.0) with AarToClassTransform
Transforming customview-1.1.0.aar (androidx.customview:customview:1.1.0) with AarToClassTransform
Transforming customview-1.1.0.aar (androidx.customview:customview:1.1.0) with AarToClassTransform
Transforming transition-1.4.1.aar (androidx.transition:transition:1.4.1) with AarToClassTransform
Transforming window-1.0.0.aar (androidx.window:window:1.0.0) with AarToClassTransform
Transforming core-1.9.0.aar (androidx.core:core:1.9.0) with AarToClassTransform
Transforming core-1.9.0.aar (androidx.core:core:1.9.0) with AarToClassTransform
Transforming core-1.9.0.aar (androidx.core:core:1.9.0) with AarToClassTransform
Transforming core-1.9.0.aar (androidx.core:core:1.9.0) with AarToClassTransform
Transforming core-1.9.0.aar (androidx.core:core:1.9.0) with AarToClassTransform
Transforming core-1.9.0.aar (androidx.core:core:1.9.0) with AarToClassTransform
Transforming core-1.9.0.aar (androidx.core:core:1.9.0) with AarToClassTransform
Transforming core-1.9.0.aar (androidx.core:core:1.9.0) with AarToClassTransform
Transforming core-1.9.0.aar (androidx.core:core:1.9.0) with AarToClassTransform
Transforming core-1.9.0.aar (androidx.core:core:1.9.0) with AarToClassTransform
Transforming core-1.9.0.aar (androidx.core:core:1.9.0) with AarToClassTransform
Transforming cursoradapter-1.0.0.aar (androidx.cursoradapter:cursoradapter:1.0.0) with AarToClassTransform
Transforming resourceinspection-annotation-1.0.1.jar (androidx.resourceinspection:resourceinspection-annotation:1.0.1) with IdentityTransform
Transforming resourceinspection-annotation-1.0.1.jar (androidx.resourceinspection:resourceinspection-annotation:1.0.1) with EnumerateClassesTransform
Transforming cardview-1.0.0.aar (androidx.cardview:cardview:1.0.0) with AarToClassTransform
Transforming versionedparcelable-1.1.1.aar (androidx.versionedparcelable:versionedparcelable:1.1.1) with AarToClassTransform
Transforming collection-ktx-1.1.0.jar (androidx.collection:collection-ktx:1.1.0) with IdentityTransform
Transforming collection-ktx-1.1.0.jar (androidx.collection:collection-ktx:1.1.0) with EnumerateClassesTransform
Transforming collection-1.1.0.jar (androidx.collection:collection:1.1.0) with IdentityTransform
Transforming collection-1.1.0.jar (androidx.collection:collection:1.1.0) with EnumerateClassesTransform
Transforming profileinstaller-1.3.0.aar (androidx.profileinstaller:profileinstaller:1.3.0) with AarToClassTransform
Transforming startup-runtime-1.1.1.aar (androidx.startup:startup-runtime:1.1.1) with AarToClassTransform
Transforming tracing-1.0.0.aar (androidx.tracing:tracing:1.0.0) with AarToClassTransform
Transforming interpolator-1.0.0.aar (androidx.interpolator:interpolator:1.0.0) with AarToClassTransform
Transforming core-runtime-2.2.0.aar (androidx.arch.core:core-runtime:2.2.0) with AarToClassTransform
Transforming core-common-2.2.0.jar (androidx.arch.core:core-common:2.2.0) with IdentityTransform
Transforming core-common-2.2.0.jar (androidx.arch.core:core-common:2.2.0) with EnumerateClassesTransform
Transforming concurrent-futures-1.1.0.jar (androidx.concurrent:concurrent-futures:1.1.0) with IdentityTransform
Transforming localbroadcastmanager-1.0.0.aar (androidx.localbroadcastmanager:localbroadcastmanager:1.0.0) with AarToClassTransform
Transforming print-1.0.0.aar (androidx.print:print:1.0.0) with AarToClassTransform
Transforming annotation-1.3.0.jar (androidx.annotation:annotation:1.3.0) with IdentityTransform
Transforming annotation-1.3.0.jar (androidx.annotation:annotation:1.3.0) with EnumerateClassesTransform
Transforming annotation-experimental-1.3.0.aar (androidx.annotation:annotation-experimental:1.3.0) with AarToClassTransform
Transforming kotlinx-coroutines-core-jvm-1.6.4.jar (org.jetbrains.kotlinx:kotlinx-coroutines-core-jvm:1.6.4) with IdentityTransform
Transforming kotlinx-coroutines-core-jvm-1.6.4.jar (org.jetbrains.kotlinx:kotlinx-coroutines-core-jvm:1.6.4) with EnumerateClassesTransform
Transforming kotlinx-coroutines-android-1.6.4.jar (org.jetbrains.kotlinx:kotlinx-coroutines-android:1.6.4) with IdentityTransform
Transforming kotlinx-coroutines-android-1.6.4.jar (org.jetbrains.kotlinx:kotlinx-coroutines-android:1.6.4) with EnumerateClassesTransform
Transforming kotlin-stdlib-jdk8-1.8.22.jar (org.jetbrains.kotlin:kotlin-stdlib-jdk8:1.8.22) with IdentityTransform
Transforming kotlin-stdlib-jdk8-1.8.22.jar (org.jetbrains.kotlin:kotlin-stdlib-jdk8:1.8.22) with EnumerateClassesTransform
Transforming kotlin-stdlib-jdk7-1.8.22.jar (org.jetbrains.kotlin:kotlin-stdlib-jdk7:1.8.22) with IdentityTransform
Transforming kotlin-stdlib-jdk7-1.8.22.jar (org.jetbrains.kotlin:kotlin-stdlib-jdk7:1.8.22) with EnumerateClassesTransform
Transforming kotlin-stdlib-1.8.22.jar (org.jetbrains.kotlin:kotlin-stdlib:1.8.22) with IdentityTransform
Transforming kotlin-stdlib-1.8.22.jar (org.jetbrains.kotlin:kotlin-stdlib:1.8.22) with EnumerateClassesTransform
Transforming error_prone_annotations-2.15.0.jar (com.google.errorprone:error_prone_annotations:2.15.0) with IdentityTransform
Transforming constraintlayout-core-1.0.4.jar (androidx.constraintlayout:constraintlayout-core:1.0.4) with IdentityTransform
Transforming kotlin-stdlib-common-1.8.22.jar (org.jetbrains.kotlin:kotlin-stdlib-common:1.8.22) with IdentityTransform
Transforming kotlin-stdlib-common-1.8.22.jar (org.jetbrains.kotlin:kotlin-stdlib-common:1.8.22) with EnumerateClassesTransform
Transforming annotations-13.0.jar (org.jetbrains:annotations:13.0) with IdentityTransform
Transforming annotations-13.0.jar (org.jetbrains:annotations:13.0) with EnumerateClassesTransform
Transforming listenablefuture-1.0.jar (com.google.guava:listenablefuture:1.0) with IdentityTransform
Transforming appcompat-resources-1.6.1.aar (androidx.appcompat:appcompat-resources:1.6.1) with EnumerateClassesTransform
Transforming dynamicanimation-1.0.0.aar (androidx.dynamicanimation:dynamicanimation:1.0.0) with EnumerateClassesTransform
Transforming appcompat-1.6.1.aar (androidx.appcompat:appcompat:1.6.1) with EnumerateClassesTransform
Transforming legacy-support-core-utils-1.0.0.aar (androidx.legacy:legacy-support-core-utils:1.0.0) with EnumerateClassesTransform
Transforming documentfile-1.0.1.aar (androidx.documentfile:documentfile:1.0.1) with EnumerateClassesTransform
Transforming documentfile-1.0.1.aar (androidx.documentfile:documentfile:1.0.1) with EnumerateClassesTransform
Transforming material-1.11.0.aar (com.google.android.material:material:1.11.0) with EnumerateClassesTransform
Transforming constraintlayout-2.1.4.aar (androidx.constraintlayout:constraintlayout:2.1.4) with EnumerateClassesTransform
Transforming emoji2-1.2.0.aar (androidx.emoji2:emoji2:1.2.0) with EnumerateClassesTransform
Transforming emoji2-views-helper-1.2.0.aar (androidx.emoji2:emoji2-views-helper:1.2.0) with EnumerateClassesTransform
Transforming viewpager2-1.0.0.aar (androidx.viewpager2:viewpager2:1.0.0) with EnumerateClassesTransform
Transforming fragment-ktx-1.3.6.aar (androidx.fragment:fragment-ktx:1.3.6) with EnumerateClassesTransform
Transforming activity-ktx-1.8.0.aar (androidx.activity:activity-ktx:1.8.0) with EnumerateClassesTransform
Transforming activity-1.8.0.aar (androidx.activity:activity:1.8.0) with EnumerateClassesTransform
Transforming fragment-1.3.6.aar (androidx.fragment:fragment:1.3.6) with EnumerateClassesTransform
Transforming drawerlayout-1.1.1.aar (androidx.drawerlayout:drawerlayout:1.1.1) with EnumerateClassesTransform
Transforming fragment-1.3.6.aar (androidx.fragment:fragment:1.3.6) with EnumerateClassesTransform
Transforming vectordrawable-1.1.0.aar (androidx.vectordrawable:vectordrawable:1.1.0) with EnumerateClassesTransform
Transforming coordinatorlayout-1.1.0.aar (androidx.coordinatorlayout:coordinatorlayout:1.1.0) with EnumerateClassesTransform
Transforming vectordrawable-1.1.0.aar (androidx.vectordrawable:vectordrawable:1.1.0) with EnumerateClassesTransform
Transforming vectordrawable-animated-1.1.0.aar (androidx.vectordrawable:vectordrawable-animated:1.1.0) with EnumerateClassesTransform
Transforming loader-1.0.0.aar (androidx.loader:loader:1.0.0) with EnumerateClassesTransform
Transforming slidingpanelayout-1.2.0.aar (androidx.slidingpanelayout:slidingpanelayout:1.2.0) with EnumerateClassesTransform
Transforming loader-1.0.0.aar (androidx.loader:loader:1.0.0) with EnumerateClassesTransform
Transforming savedstate-ktx-1.2.1.aar (androidx.savedstate:savedstate-ktx:1.2.1) with EnumerateClassesTransform
Transforming lifecycle-viewmodel-ktx-2.6.1.aar (androidx.lifecycle:lifecycle-viewmodel-ktx:2.6.1) with EnumerateClassesTransform
Transforming lifecycle-runtime-ktx-2.6.1.aar (androidx.lifecycle:lifecycle-runtime-ktx:2.6.1) with EnumerateClassesTransform
Transforming savedstate-1.2.1.aar (androidx.savedstate:savedstate:1.2.1) with EnumerateClassesTransform
Transforming lifecycle-process-2.6.1.aar (androidx.lifecycle:lifecycle-process:2.6.1) with EnumerateClassesTransform
Transforming lifecycle-livedata-core-ktx-2.6.1.aar (androidx.lifecycle:lifecycle-livedata-core-ktx:2.6.1) with EnumerateClassesTransform
Transforming lifecycle-livedata-core-2.6.1.aar (androidx.lifecycle:lifecycle-livedata-core:2.6.1) with EnumerateClassesTransform
Transforming lifecycle-livedata-2.6.1.aar (androidx.lifecycle:lifecycle-livedata:2.6.1) with EnumerateClassesTransform
Transforming lifecycle-viewmodel-2.6.1.aar (androidx.lifecycle:lifecycle-viewmodel:2.6.1) with EnumerateClassesTransform
Transforming lifecycle-viewmodel-2.6.1.aar (androidx.lifecycle:lifecycle-viewmodel:2.6.1) with EnumerateClassesTransform
Transforming lifecycle-runtime-2.6.1.aar (androidx.lifecycle:lifecycle-runtime:2.6.1) with EnumerateClassesTransform
Transforming lifecycle-viewmodel-savedstate-2.6.1.aar (androidx.lifecycle:lifecycle-viewmodel-savedstate:2.6.1) with EnumerateClassesTransform
Transforming viewpager-1.0.0.aar (androidx.viewpager:viewpager:1.0.0) with EnumerateClassesTransform
Transforming core-ktx-1.9.0.aar (androidx.core:core-ktx:1.9.0) with EnumerateClassesTransform
Transforming recyclerview-1.1.0.aar (androidx.recyclerview:recyclerview:1.1.0) with EnumerateClassesTransform
Transforming recyclerview-1.1.0.aar (androidx.recyclerview:recyclerview:1.1.0) with EnumerateClassesTransform
Transforming customview-1.1.0.aar (androidx.customview:customview:1.1.0) with EnumerateClassesTransform
Transforming customview-1.1.0.aar (androidx.customview:customview:1.1.0) with EnumerateClassesTransform
Transforming transition-1.4.1.aar (androidx.transition:transition:1.4.1) with EnumerateClassesTransform
Transforming window-1.0.0.aar (androidx.window:window:1.0.0) with EnumerateClassesTransform
Transforming core-1.9.0.aar (androidx.core:core:1.9.0) with EnumerateClassesTransform
Transforming core-1.9.0.aar (androidx.core:core:1.9.0) with EnumerateClassesTransform
Transforming cursoradapter-1.0.0.aar (androidx.cursoradapter:cursoradapter:1.0.0) with EnumerateClassesTransform
Transforming cardview-1.0.0.aar (androidx.cardview:cardview:1.0.0) with EnumerateClassesTransform
Transforming versionedparcelable-1.1.1.aar (androidx.versionedparcelable:versionedparcelable:1.1.1) with EnumerateClassesTransform
Transforming profileinstaller-1.3.0.aar (androidx.profileinstaller:profileinstaller:1.3.0) with EnumerateClassesTransform
Transforming startup-runtime-1.1.1.aar (androidx.startup:startup-runtime:1.1.1) with EnumerateClassesTransform
Transforming tracing-1.0.0.aar (androidx.tracing:tracing:1.0.0) with EnumerateClassesTransform
Transforming interpolator-1.0.0.aar (androidx.interpolator:interpolator:1.0.0) with EnumerateClassesTransform
Transforming core-runtime-2.2.0.aar (androidx.arch.core:core-runtime:2.2.0) with EnumerateClassesTransform
Transforming concurrent-futures-1.1.0.jar (androidx.concurrent:concurrent-futures:1.1.0) with EnumerateClassesTransform
Transforming localbroadcastmanager-1.0.0.aar (androidx.localbroadcastmanager:localbroadcastmanager:1.0.0) with EnumerateClassesTransform
Transforming print-1.0.0.aar (androidx.print:print:1.0.0) with EnumerateClassesTransform
Transforming annotation-experimental-1.3.0.aar (androidx.annotation:annotation-experimental:1.3.0) with EnumerateClassesTransform
Transforming error_prone_annotations-2.15.0.jar (com.google.errorprone:error_prone_annotations:2.15.0) with EnumerateClassesTransform
Transforming constraintlayout-core-1.0.4.jar (androidx.constraintlayout:constraintlayout-core:1.0.4) with EnumerateClassesTransform
Transforming listenablefuture-1.0.jar (com.google.guava:listenablefuture:1.0) with EnumerateClassesTransform
Caching disabled for task ':app:checkReleaseDuplicateClasses' because:
  Caching has been disabled for the task
Task ':app:checkReleaseDuplicateClasses' is not up-to-date because:
  No history is available.
Resolve mutations for :app:stripReleaseDebugSymbols (Thread[Execution worker Thread 2,5,main]) started.
:app:stripReleaseDebugSymbols (Thread[Execution worker Thread 2,5,main]) started.

> Task :app:dataBindingMergeDependencyArtifactsRelease
Transforming viewbinding-8.6.0.aar (androidx.databinding:viewbinding:8.6.0) with ExtractAarTransform
Transforming viewbinding-8.6.0.aar (androidx.databinding:viewbinding:8.6.0) with AarTransform
Transforming material-1.11.0.aar (com.google.android.material:material:1.11.0) with ExtractAarTransform
Transforming material-1.11.0.aar (com.google.android.material:material:1.11.0) with AarTransform
Transforming preference-1.2.1.aar (androidx.preference:preference:1.2.1) with ExtractAarTransform
Transforming preference-1.2.1.aar (androidx.preference:preference:1.2.1) with AarTransform
Transforming appcompat-1.6.1.aar (androidx.appcompat:appcompat:1.6.1) with ExtractAarTransform
Transforming appcompat-1.6.1.aar (androidx.appcompat:appcompat:1.6.1) with AarTransform
Transforming constraintlayout-2.1.4.aar (androidx.constraintlayout:constraintlayout:2.1.4) with ExtractAarTransform
Transforming constraintlayout-2.1.4.aar (androidx.constraintlayout:constraintlayout:2.1.4) with AarTransform
Transforming dynamicanimation-1.0.0.aar (androidx.dynamicanimation:dynamicanimation:1.0.0) with ExtractAarTransform
Transforming dynamicanimation-1.0.0.aar (androidx.dynamicanimation:dynamicanimation:1.0.0) with AarTransform
Transforming legacy-support-core-utils-1.0.0.aar (androidx.legacy:legacy-support-core-utils:1.0.0) with ExtractAarTransform
Transforming legacy-support-core-utils-1.0.0.aar (androidx.legacy:legacy-support-core-utils:1.0.0) with AarTransform
Transforming documentfile-1.0.1.aar (androidx.documentfile:documentfile:1.0.1) with ExtractAarTransform
Transforming documentfile-1.0.1.aar (androidx.documentfile:documentfile:1.0.1) with AarTransform
Transforming documentfile-1.0.1.aar (androidx.documentfile:documentfile:1.0.1) with ExtractAarTransform
Transforming documentfile-1.0.1.aar (androidx.documentfile:documentfile:1.0.1) with AarTransform
Transforming viewpager2-1.0.0.aar (androidx.viewpager2:viewpager2:1.0.0) with ExtractAarTransform
Transforming viewpager2-1.0.0.aar (androidx.viewpager2:viewpager2:1.0.0) with AarTransform
Transforming fragment-ktx-1.3.6.aar (androidx.fragment:fragment-ktx:1.3.6) with ExtractAarTransform
Transforming fragment-ktx-1.3.6.aar (androidx.fragment:fragment-ktx:1.3.6) with AarTransform
Transforming fragment-1.3.6.aar (androidx.fragment:fragment:1.3.6) with ExtractAarTransform
Transforming fragment-1.3.6.aar (androidx.fragment:fragment:1.3.6) with AarTransform
Transforming fragment-1.3.6.aar (androidx.fragment:fragment:1.3.6) with ExtractAarTransform
Transforming fragment-1.3.6.aar (androidx.fragment:fragment:1.3.6) with AarTransform
Transforming activity-ktx-1.8.0.aar (androidx.activity:activity-ktx:1.8.0) with ExtractAarTransform
Transforming activity-ktx-1.8.0.aar (androidx.activity:activity-ktx:1.8.0) with AarTransform
Transforming activity-1.8.0.aar (androidx.activity:activity:1.8.0) with ExtractAarTransform
Transforming activity-1.8.0.aar (androidx.activity:activity:1.8.0) with AarTransform
Transforming appcompat-resources-1.6.1.aar (androidx.appcompat:appcompat-resources:1.6.1) with ExtractAarTransform
Transforming appcompat-resources-1.6.1.aar (androidx.appcompat:appcompat-resources:1.6.1) with AarTransform
Transforming drawerlayout-1.1.1.aar (androidx.drawerlayout:drawerlayout:1.1.1) with ExtractAarTransform
Transforming drawerlayout-1.1.1.aar (androidx.drawerlayout:drawerlayout:1.1.1) with AarTransform
Transforming coordinatorlayout-1.1.0.aar (androidx.coordinatorlayout:coordinatorlayout:1.1.0) with ExtractAarTransform
Transforming coordinatorlayout-1.1.0.aar (androidx.coordinatorlayout:coordinatorlayout:1.1.0) with AarTransform
Transforming recyclerview-1.1.0.aar (androidx.recyclerview:recyclerview:1.1.0) with ExtractAarTransform
Transforming recyclerview-1.1.0.aar (androidx.recyclerview:recyclerview:1.1.0) with AarTransform
Transforming recyclerview-1.1.0.aar (androidx.recyclerview:recyclerview:1.1.0) with ExtractAarTransform
Transforming recyclerview-1.1.0.aar (androidx.recyclerview:recyclerview:1.1.0) with AarTransform
Transforming transition-1.4.1.aar (androidx.transition:transition:1.4.1) with ExtractAarTransform
Transforming transition-1.4.1.aar (androidx.transition:transition:1.4.1) with AarTransform
Transforming vectordrawable-animated-1.1.0.aar (androidx.vectordrawable:vectordrawable-animated:1.1.0) with ExtractAarTransform
Transforming vectordrawable-animated-1.1.0.aar (androidx.vectordrawable:vectordrawable-animated:1.1.0) with AarTransform
Transforming vectordrawable-1.1.0.aar (androidx.vectordrawable:vectordrawable:1.1.0) with ExtractAarTransform
Transforming vectordrawable-1.1.0.aar (androidx.vectordrawable:vectordrawable:1.1.0) with AarTransform
Transforming vectordrawable-1.1.0.aar (androidx.vectordrawable:vectordrawable:1.1.0) with ExtractAarTransform
Transforming vectordrawable-1.1.0.aar (androidx.vectordrawable:vectordrawable:1.1.0) with AarTransform
Transforming slidingpanelayout-1.2.0.aar (androidx.slidingpanelayout:slidingpanelayout:1.2.0) with ExtractAarTransform
Transforming slidingpanelayout-1.2.0.aar (androidx.slidingpanelayout:slidingpanelayout:1.2.0) with AarTransform
Transforming viewpager-1.0.0.aar (androidx.viewpager:viewpager:1.0.0) with ExtractAarTransform
Transforming viewpager-1.0.0.aar (androidx.viewpager:viewpager:1.0.0) with AarTransform
Transforming customview-1.1.0.aar (androidx.customview:customview:1.1.0) with ExtractAarTransform
Transforming customview-1.1.0.aar (androidx.customview:customview:1.1.0) with AarTransform
Transforming customview-1.1.0.aar (androidx.customview:customview:1.1.0) with ExtractAarTransform
Transforming customview-1.1.0.aar (androidx.customview:customview:1.1.0) with AarTransform
Transforming loader-1.0.0.aar (androidx.loader:loader:1.0.0) with ExtractAarTransform
Transforming loader-1.0.0.aar (androidx.loader:loader:1.0.0) with AarTransform
Transforming loader-1.0.0.aar (androidx.loader:loader:1.0.0) with ExtractAarTransform
Transforming loader-1.0.0.aar (androidx.loader:loader:1.0.0) with AarTransform
Transforming lifecycle-livedata-2.6.1.aar (androidx.lifecycle:lifecycle-livedata:2.6.1) with ExtractAarTransform
Transforming lifecycle-livedata-2.6.1.aar (androidx.lifecycle:lifecycle-livedata:2.6.1) with AarTransform
Transforming lifecycle-livedata-core-ktx-2.6.1.aar (androidx.lifecycle:lifecycle-livedata-core-ktx:2.6.1) with ExtractAarTransform
Transforming lifecycle-livedata-core-ktx-2.6.1.aar (androidx.lifecycle:lifecycle-livedata-core-ktx:2.6.1) with AarTransform
Transforming lifecycle-viewmodel-ktx-2.6.1.aar (androidx.lifecycle:lifecycle-viewmodel-ktx:2.6.1) with ExtractAarTransform
Transforming lifecycle-viewmodel-ktx-2.6.1.aar (androidx.lifecycle:lifecycle-viewmodel-ktx:2.6.1) with AarTransform
Transforming lifecycle-runtime-ktx-2.6.1.aar (androidx.lifecycle:lifecycle-runtime-ktx:2.6.1) with ExtractAarTransform
Transforming lifecycle-runtime-ktx-2.6.1.aar (androidx.lifecycle:lifecycle-runtime-ktx:2.6.1) with AarTransform
Transforming lifecycle-livedata-core-2.6.1.aar (androidx.lifecycle:lifecycle-livedata-core:2.6.1) with ExtractAarTransform
Transforming lifecycle-livedata-core-2.6.1.aar (androidx.lifecycle:lifecycle-livedata-core:2.6.1) with AarTransform
Transforming lifecycle-viewmodel-2.6.1.aar (androidx.lifecycle:lifecycle-viewmodel:2.6.1) with ExtractAarTransform
Transforming lifecycle-viewmodel-2.6.1.aar (androidx.lifecycle:lifecycle-viewmodel:2.6.1) with AarTransform
Transforming lifecycle-viewmodel-2.6.1.aar (androidx.lifecycle:lifecycle-viewmodel:2.6.1) with ExtractAarTransform
Transforming lifecycle-viewmodel-2.6.1.aar (androidx.lifecycle:lifecycle-viewmodel:2.6.1) with AarTransform
Transforming lifecycle-runtime-2.6.1.aar (androidx.lifecycle:lifecycle-runtime:2.6.1) with ExtractAarTransform
Transforming lifecycle-runtime-2.6.1.aar (androidx.lifecycle:lifecycle-runtime:2.6.1) with AarTransform
Transforming lifecycle-viewmodel-savedstate-2.6.1.aar (androidx.lifecycle:lifecycle-viewmodel-savedstate:2.6.1) with ExtractAarTransform
Transforming lifecycle-viewmodel-savedstate-2.6.1.aar (androidx.lifecycle:lifecycle-viewmodel-savedstate:2.6.1) with AarTransform
Transforming core-ktx-1.9.0.aar (androidx.core:core-ktx:1.9.0) with ExtractAarTransform
Transforming core-ktx-1.9.0.aar (androidx.core:core-ktx:1.9.0) with AarTransform
Transforming core-1.9.0.aar (androidx.core:core:1.9.0) with ExtractAarTransform
Transforming core-1.9.0.aar (androidx.core:core:1.9.0) with AarTransform
Transforming core-1.9.0.aar (androidx.core:core:1.9.0) with ExtractAarTransform
Transforming core-1.9.0.aar (androidx.core:core:1.9.0) with AarTransform
Transforming cursoradapter-1.0.0.aar (androidx.cursoradapter:cursoradapter:1.0.0) with ExtractAarTransform
Transforming cursoradapter-1.0.0.aar (androidx.cursoradapter:cursoradapter:1.0.0) with AarTransform
Transforming savedstate-ktx-1.2.1.aar (androidx.savedstate:savedstate-ktx:1.2.1) with ExtractAarTransform
Transforming savedstate-ktx-1.2.1.aar (androidx.savedstate:savedstate-ktx:1.2.1) with AarTransform
Transforming savedstate-1.2.1.aar (androidx.savedstate:savedstate:1.2.1) with ExtractAarTransform
Transforming savedstate-1.2.1.aar (androidx.savedstate:savedstate:1.2.1) with AarTransform
Transforming cardview-1.0.0.aar (androidx.cardview:cardview:1.0.0) with ExtractAarTransform
Transforming cardview-1.0.0.aar (androidx.cardview:cardview:1.0.0) with AarTransform
Transforming versionedparcelable-1.1.1.aar (androidx.versionedparcelable:versionedparcelable:1.1.1) with ExtractAarTransform
Transforming versionedparcelable-1.1.1.aar (androidx.versionedparcelable:versionedparcelable:1.1.1) with AarTransform
Transforming core-runtime-2.2.0.aar (androidx.arch.core:core-runtime:2.2.0) with ExtractAarTransform
Transforming core-runtime-2.2.0.aar (androidx.arch.core:core-runtime:2.2.0) with AarTransform
Transforming interpolator-1.0.0.aar (androidx.interpolator:interpolator:1.0.0) with ExtractAarTransform
Transforming interpolator-1.0.0.aar (androidx.interpolator:interpolator:1.0.0) with AarTransform
Transforming localbroadcastmanager-1.0.0.aar (androidx.localbroadcastmanager:localbroadcastmanager:1.0.0) with ExtractAarTransform
Transforming localbroadcastmanager-1.0.0.aar (androidx.localbroadcastmanager:localbroadcastmanager:1.0.0) with AarTransform
Transforming print-1.0.0.aar (androidx.print:print:1.0.0) with ExtractAarTransform
Transforming print-1.0.0.aar (androidx.print:print:1.0.0) with AarTransform
Transforming annotation-experimental-1.3.0.aar (androidx.annotation:annotation-experimental:1.3.0) with ExtractAarTransform
Transforming annotation-experimental-1.3.0.aar (androidx.annotation:annotation-experimental:1.3.0) with AarTransform
Transforming viewbinding-8.6.0.aar (androidx.databinding:viewbinding:8.6.0) with ExtractAarTransform
Transforming viewbinding-8.6.0.aar (androidx.databinding:viewbinding:8.6.0) with AarTransform
Transforming material-1.11.0.aar (com.google.android.material:material:1.11.0) with ExtractAarTransform
Transforming material-1.11.0.aar (com.google.android.material:material:1.11.0) with AarTransform
Transforming constraintlayout-2.1.4.aar (androidx.constraintlayout:constraintlayout:2.1.4) with ExtractAarTransform
Transforming constraintlayout-2.1.4.aar (androidx.constraintlayout:constraintlayout:2.1.4) with AarTransform
Transforming preference-1.2.1.aar (androidx.preference:preference:1.2.1) with ExtractAarTransform
Transforming preference-1.2.1.aar (androidx.preference:preference:1.2.1) with AarTransform
Transforming appcompat-resources-1.6.1.aar (androidx.appcompat:appcompat-resources:1.6.1) with ExtractAarTransform
Transforming appcompat-resources-1.6.1.aar (androidx.appcompat:appcompat-resources:1.6.1) with AarTransform
Transforming appcompat-1.6.1.aar (androidx.appcompat:appcompat:1.6.1) with ExtractAarTransform
Transforming appcompat-1.6.1.aar (androidx.appcompat:appcompat:1.6.1) with AarTransform
Transforming dynamicanimation-1.0.0.aar (androidx.dynamicanimation:dynamicanimation:1.0.0) with ExtractAarTransform
Transforming dynamicanimation-1.0.0.aar (androidx.dynamicanimation:dynamicanimation:1.0.0) with AarTransform
Transforming documentfile-1.0.1.aar (androidx.documentfile:documentfile:1.0.1) with ExtractAarTransform
Transforming documentfile-1.0.1.aar (androidx.documentfile:documentfile:1.0.1) with AarTransform
Transforming emoji2-views-helper-1.2.0.aar (androidx.emoji2:emoji2-views-helper:1.2.0) with ExtractAarTransform
Transforming emoji2-views-helper-1.2.0.aar (androidx.emoji2:emoji2-views-helper:1.2.0) with AarTransform
Transforming emoji2-1.2.0.aar (androidx.emoji2:emoji2:1.2.0) with ExtractAarTransform
Transforming emoji2-1.2.0.aar (androidx.emoji2:emoji2:1.2.0) with AarTransform
Transforming viewpager2-1.0.0.aar (androidx.viewpager2:viewpager2:1.0.0) with ExtractAarTransform
Transforming viewpager2-1.0.0.aar (androidx.viewpager2:viewpager2:1.0.0) with AarTransform
Transforming fragment-ktx-1.3.6.aar (androidx.fragment:fragment-ktx:1.3.6) with ExtractAarTransform
Transforming fragment-ktx-1.3.6.aar (androidx.fragment:fragment-ktx:1.3.6) with AarTransform
Transforming fragment-1.3.6.aar (androidx.fragment:fragment:1.3.6) with ExtractAarTransform
Transforming fragment-1.3.6.aar (androidx.fragment:fragment:1.3.6) with AarTransform
Transforming activity-ktx-1.8.0.aar (androidx.activity:activity-ktx:1.8.0) with ExtractAarTransform
Transforming activity-ktx-1.8.0.aar (androidx.activity:activity-ktx:1.8.0) with AarTransform
Transforming activity-1.8.0.aar (androidx.activity:activity:1.8.0) with ExtractAarTransform
Transforming activity-1.8.0.aar (androidx.activity:activity:1.8.0) with AarTransform
Transforming drawerlayout-1.1.1.aar (androidx.drawerlayout:drawerlayout:1.1.1) with ExtractAarTransform
Transforming drawerlayout-1.1.1.aar (androidx.drawerlayout:drawerlayout:1.1.1) with AarTransform
Transforming coordinatorlayout-1.1.0.aar (androidx.coordinatorlayout:coordinatorlayout:1.1.0) with ExtractAarTransform
Transforming coordinatorlayout-1.1.0.aar (androidx.coordinatorlayout:coordinatorlayout:1.1.0) with AarTransform
Transforming vectordrawable-animated-1.1.0.aar (androidx.vectordrawable:vectordrawable-animated:1.1.0) with ExtractAarTransform
Transforming vectordrawable-animated-1.1.0.aar (androidx.vectordrawable:vectordrawable-animated:1.1.0) with AarTransform
Transforming vectordrawable-1.1.0.aar (androidx.vectordrawable:vectordrawable:1.1.0) with ExtractAarTransform
Transforming vectordrawable-1.1.0.aar (androidx.vectordrawable:vectordrawable:1.1.0) with AarTransform
Transforming slidingpanelayout-1.2.0.aar (androidx.slidingpanelayout:slidingpanelayout:1.2.0) with ExtractAarTransform
Transforming slidingpanelayout-1.2.0.aar (androidx.slidingpanelayout:slidingpanelayout:1.2.0) with AarTransform
Transforming loader-1.0.0.aar (androidx.loader:loader:1.0.0) with ExtractAarTransform
Transforming loader-1.0.0.aar (androidx.loader:loader:1.0.0) with AarTransform
Transforming savedstate-ktx-1.2.1.aar (androidx.savedstate:savedstate-ktx:1.2.1) with ExtractAarTransform
Transforming savedstate-ktx-1.2.1.aar (androidx.savedstate:savedstate-ktx:1.2.1) with AarTransform
Transforming savedstate-1.2.1.aar (androidx.savedstate:savedstate:1.2.1) with ExtractAarTransform
Transforming savedstate-1.2.1.aar (androidx.savedstate:savedstate:1.2.1) with AarTransform
Transforming lifecycle-runtime-ktx-2.6.1.aar (androidx.lifecycle:lifecycle-runtime-ktx:2.6.1) with ExtractAarTransform
Transforming lifecycle-runtime-ktx-2.6.1.aar (androidx.lifecycle:lifecycle-runtime-ktx:2.6.1) with AarTransform
Transforming lifecycle-viewmodel-ktx-2.6.1.aar (androidx.lifecycle:lifecycle-viewmodel-ktx:2.6.1) with ExtractAarTransform
Transforming lifecycle-viewmodel-ktx-2.6.1.aar (androidx.lifecycle:lifecycle-viewmodel-ktx:2.6.1) with AarTransform
Transforming lifecycle-process-2.6.1.aar (androidx.lifecycle:lifecycle-process:2.6.1) with ExtractAarTransform
Transforming lifecycle-process-2.6.1.aar (androidx.lifecycle:lifecycle-process:2.6.1) with AarTransform
Transforming lifecycle-livedata-core-ktx-2.6.1.aar (androidx.lifecycle:lifecycle-livedata-core-ktx:2.6.1) with ExtractAarTransform
Transforming lifecycle-livedata-core-ktx-2.6.1.aar (androidx.lifecycle:lifecycle-livedata-core-ktx:2.6.1) with AarTransform
Transforming lifecycle-livedata-core-2.6.1.aar (androidx.lifecycle:lifecycle-livedata-core:2.6.1) with ExtractAarTransform
Transforming lifecycle-livedata-core-2.6.1.aar (androidx.lifecycle:lifecycle-livedata-core:2.6.1) with AarTransform
Transforming lifecycle-viewmodel-2.6.1.aar (androidx.lifecycle:lifecycle-viewmodel:2.6.1) with ExtractAarTransform
Transforming lifecycle-viewmodel-2.6.1.aar (androidx.lifecycle:lifecycle-viewmodel:2.6.1) with AarTransform
Transforming lifecycle-runtime-2.6.1.aar (androidx.lifecycle:lifecycle-runtime:2.6.1) with ExtractAarTransform
Transforming lifecycle-runtime-2.6.1.aar (androidx.lifecycle:lifecycle-runtime:2.6.1) with AarTransform
Transforming lifecycle-viewmodel-savedstate-2.6.1.aar (androidx.lifecycle:lifecycle-viewmodel-savedstate:2.6.1) with ExtractAarTransform
Transforming lifecycle-viewmodel-savedstate-2.6.1.aar (androidx.lifecycle:lifecycle-viewmodel-savedstate:2.6.1) with AarTransform
Transforming core-ktx-1.9.0.aar (androidx.core:core-ktx:1.9.0) with ExtractAarTransform
Transforming core-ktx-1.9.0.aar (androidx.core:core-ktx:1.9.0) with AarTransform
Transforming viewpager-1.0.0.aar (androidx.viewpager:viewpager:1.0.0) with ExtractAarTransform
Transforming viewpager-1.0.0.aar (androidx.viewpager:viewpager:1.0.0) with AarTransform
Transforming recyclerview-1.1.0.aar (androidx.recyclerview:recyclerview:1.1.0) with ExtractAarTransform
Transforming recyclerview-1.1.0.aar (androidx.recyclerview:recyclerview:1.1.0) with AarTransform
Transforming customview-1.1.0.aar (androidx.customview:customview:1.1.0) with ExtractAarTransform
Transforming customview-1.1.0.aar (androidx.customview:customview:1.1.0) with AarTransform
Transforming transition-1.4.1.aar (androidx.transition:transition:1.4.1) with ExtractAarTransform
Transforming transition-1.4.1.aar (androidx.transition:transition:1.4.1) with AarTransform
Transforming window-1.0.0.aar (androidx.window:window:1.0.0) with ExtractAarTransform
Transforming window-1.0.0.aar (androidx.window:window:1.0.0) with AarTransform
Transforming core-1.9.0.aar (androidx.core:core:1.9.0) with ExtractAarTransform
Transforming core-1.9.0.aar (androidx.core:core:1.9.0) with AarTransform
Transforming cursoradapter-1.0.0.aar (androidx.cursoradapter:cursoradapter:1.0.0) with ExtractAarTransform
Transforming cursoradapter-1.0.0.aar (androidx.cursoradapter:cursoradapter:1.0.0) with AarTransform
Transforming cardview-1.0.0.aar (androidx.cardview:cardview:1.0.0) with ExtractAarTransform
Transforming cardview-1.0.0.aar (androidx.cardview:cardview:1.0.0) with AarTransform
Transforming versionedparcelable-1.1.1.aar (androidx.versionedparcelable:versionedparcelable:1.1.1) with ExtractAarTransform
Transforming versionedparcelable-1.1.1.aar (androidx.versionedparcelable:versionedparcelable:1.1.1) with AarTransform
Transforming profileinstaller-1.3.0.aar (androidx.profileinstaller:profileinstaller:1.3.0) with ExtractAarTransform
Transforming profileinstaller-1.3.0.aar (androidx.profileinstaller:profileinstaller:1.3.0) with AarTransform
Transforming startup-runtime-1.1.1.aar (androidx.startup:startup-runtime:1.1.1) with ExtractAarTransform
Transforming startup-runtime-1.1.1.aar (androidx.startup:startup-runtime:1.1.1) with AarTransform
Transforming tracing-1.0.0.aar (androidx.tracing:tracing:1.0.0) with ExtractAarTransform
Transforming tracing-1.0.0.aar (androidx.tracing:tracing:1.0.0) with AarTransform
Transforming core-runtime-2.2.0.aar (androidx.arch.core:core-runtime:2.2.0) with ExtractAarTransform
Transforming core-runtime-2.2.0.aar (androidx.arch.core:core-runtime:2.2.0) with AarTransform
Transforming annotation-experimental-1.3.0.aar (androidx.annotation:annotation-experimental:1.3.0) with ExtractAarTransform
Transforming annotation-experimental-1.3.0.aar (androidx.annotation:annotation-experimental:1.3.0) with AarTransform
Caching disabled for task ':app:dataBindingMergeDependencyArtifactsRelease' because:
  Caching has been disabled for the task
Task ':app:dataBindingMergeDependencyArtifactsRelease' is not up-to-date because:
  No history is available.
Resolve mutations for :app:generateReleaseResValues (Thread[Execution worker Thread 3,5,main]) started.
:app:generateReleaseResValues (Thread[included builds,5,main]) started.

> Task :app:generateReleaseResValues FROM-CACHE
Build cache key for task ':app:generateReleaseResValues' is de72d267fb45bc38287c7366b3ec4946
Task ':app:generateReleaseResValues' is not up-to-date because:
  No history is available.
Loaded cache entry for task ':app:generateReleaseResValues' with cache key de72d267fb45bc38287c7366b3ec4946
Resolve mutations for :app:generateReleaseResources (Thread[Execution worker Thread 3,5,main]) started.
:app:generateReleaseResources (Thread[Execution worker Thread 3,5,main]) started.

> Task :app:generateReleaseResources
Build cache key for task ':app:generateReleaseResources' is c667dc1ad76575749e5d12a87fbf1b83
Task ':app:generateReleaseResources' is not up-to-date because:
  No history is available.
Stored cache entry for task ':app:generateReleaseResources' with cache key c667dc1ad76575749e5d12a87fbf1b83
Resolve mutations for :app:mergeReleaseResources (Thread[Execution worker Thread 3,5,main]) started.
:app:mergeReleaseResources (Thread[Execution worker Thread 3,5,main]) started.

> Task :app:stripReleaseDebugSymbols
Caching disabled for task ':app:stripReleaseDebugSymbols' because:
  Caching has been disabled for the task
Task ':app:stripReleaseDebugSymbols' is not up-to-date because:
  No history is available.
The input changes require a full rebuild for incremental task ':app:stripReleaseDebugSymbols'.
C/C++: android.ndkVersion from module build.gradle is [26.1.10909125]
C/C++: android.ndkPath from module build.gradle is not set
C/C++: ndk.dir in local.properties is not set
C/C++: Not considering ANDROID_NDK_HOME because support was removed after deprecation period.
C/C++: sdkFolder is /usr/local/lib/android/sdk
C/C++: android.ndkVersion from module build.gradle is [26.1.10909125]
C/C++: android.ndkPath from module build.gradle is not set
C/C++: ndk.dir in local.properties is not set
C/C++: Not considering ANDROID_NDK_HOME because support was removed after deprecation period.
C/C++: sdkFolder is /usr/local/lib/android/sdk
C/C++: android.ndkVersion from module build.gradle is [26.1.10909125]
C/C++: android.ndkPath from module build.gradle is not set
C/C++: ndk.dir in local.properties is not set
C/C++: Not considering ANDROID_NDK_HOME because support was removed after deprecation period.
C/C++: sdkFolder is /usr/local/lib/android/sdk
Starting process 'command '/usr/local/lib/android/sdk/ndk/26.1.10909125/toolchains/llvm/prebuilt/linux-x86_64/bin/llvm-strip''. Working directory: /home/runner/work/NearChuckle-android-wip-edition/NearChuckle-android-wip-edition/android/app Command: /usr/local/lib/android/sdk/ndk/26.1.10909125/toolchains/llvm/prebuilt/linux-x86_64/bin/llvm-strip --strip-unneeded -o /home/runner/work/NearChuckle-android-wip-edition/NearChuckle-android-wip-edition/android/app/build/intermediates/stripped_native_libs/release/stripReleaseDebugSymbols/out/lib/arm64-v8a/libc++_shared.so /home/runner/work/NearChuckle-android-wip-edition/NearChuckle-android-wip-edition/android/app/build/intermediates/merged_native_libs/release/mergeReleaseNativeLibs/out/lib/arm64-v8a/libc++_shared.so
Starting process 'command '/usr/local/lib/android/sdk/ndk/26.1.10909125/toolchains/llvm/prebuilt/linux-x86_64/bin/llvm-strip''. Working directory: /home/runner/work/NearChuckle-android-wip-edition/NearChuckle-android-wip-edition/android/app Command: /usr/local/lib/android/sdk/ndk/26.1.10909125/toolchains/llvm/prebuilt/linux-x86_64/bin/llvm-strip --strip-unneeded -o /home/runner/work/NearChuckle-android-wip-edition/NearChuckle-android-wip-edition/android/app/build/intermediates/stripped_native_libs/release/stripReleaseDebugSymbols/out/lib/arm64-v8a/libnearchuckle_android.so /home/runner/work/NearChuckle-android-wip-edition/NearChuckle-android-wip-edition/android/app/build/intermediates/merged_native_libs/release/mergeReleaseNativeLibs/out/lib/arm64-v8a/libnearchuckle_android.so
Starting process 'command '/usr/local/lib/android/sdk/ndk/26.1.10909125/toolchains/llvm/prebuilt/linux-x86_64/bin/llvm-strip''. Working directory: /home/runner/work/NearChuckle-android-wip-edition/NearChuckle-android-wip-edition/android/app Command: /usr/local/lib/android/sdk/ndk/26.1.10909125/toolchains/llvm/prebuilt/linux-x86_64/bin/llvm-strip --strip-unneeded -o /home/runner/work/NearChuckle-android-wip-edition/NearChuckle-android-wip-edition/android/app/build/intermediates/stripped_native_libs/release/stripReleaseDebugSymbols/out/lib/armeabi-v7a/libnearchuckle_android.so /home/runner/work/NearChuckle-android-wip-edition/NearChuckle-android-wip-edition/android/app/build/intermediates/merged_native_libs/release/mergeReleaseNativeLibs/out/lib/armeabi-v7a/libnearchuckle_android.so
Successfully started process 'command '/usr/local/lib/android/sdk/ndk/26.1.10909125/toolchains/llvm/prebuilt/linux-x86_64/bin/llvm-strip''
Successfully started process 'command '/usr/local/lib/android/sdk/ndk/26.1.10909125/toolchains/llvm/prebuilt/linux-x86_64/bin/llvm-strip''
Successfully started process 'command '/usr/local/lib/android/sdk/ndk/26.1.10909125/toolchains/llvm/prebuilt/linux-x86_64/bin/llvm-strip''
C/C++: android.ndkVersion from module build.gradle is [26.1.10909125]
C/C++: android.ndkPath from module build.gradle is not set
C/C++: ndk.dir in local.properties is not set
C/C++: Not considering ANDROID_NDK_HOME because support was removed after deprecation period.
C/C++: sdkFolder is /usr/local/lib/android/sdk
Starting process 'command '/usr/local/lib/android/sdk/ndk/26.1.10909125/toolchains/llvm/prebuilt/linux-x86_64/bin/llvm-strip''. Working directory: /home/runner/work/NearChuckle-android-wip-edition/NearChuckle-android-wip-edition/android/app Command: /usr/local/lib/android/sdk/ndk/26.1.10909125/toolchains/llvm/prebuilt/linux-x86_64/bin/llvm-strip --strip-unneeded -o /home/runner/work/NearChuckle-android-wip-edition/NearChuckle-android-wip-edition/android/app/build/intermediates/stripped_native_libs/release/stripReleaseDebugSymbols/out/lib/armeabi-v7a/libc++_shared.so /home/runner/work/NearChuckle-android-wip-edition/NearChuckle-android-wip-edition/android/app/build/intermediates/merged_native_libs/release/mergeReleaseNativeLibs/out/lib/armeabi-v7a/libc++_shared.so
Successfully started process 'command '/usr/local/lib/android/sdk/ndk/26.1.10909125/toolchains/llvm/prebuilt/linux-x86_64/bin/llvm-strip''
Resolve mutations for :app:extractReleaseNativeDebugMetadata (Thread[Execution worker Thread 2,5,main]) started.
:app:extractReleaseNativeDebugMetadata (Thread[Execution worker Thread 2,5,main]) started.
Resolve mutations for :app:packageReleaseResources (Thread[Execution worker,5,main]) started.
:app:packageReleaseResources (Thread[Execution worker,5,main]) started.

> Task :app:packageReleaseResources
Build cache key for task ':app:packageReleaseResources' is a30b2c85346c151838c244744e4fba2a
Task ':app:packageReleaseResources' is not up-to-date because:
  No history is available.
The input changes require a full rebuild for incremental task ':app:packageReleaseResources'.
[MergeResources] Inputs are non-incremental full task action.
Stored cache entry for task ':app:packageReleaseResources' with cache key a30b2c85346c151838c244744e4fba2a
Resolve mutations for :app:parseReleaseLocalResources (Thread[Execution worker,5,main]) started.
:app:parseReleaseLocalResources (Thread[Execution worker,5,main]) started.

> Task :app:parseReleaseLocalResources FROM-CACHE
Transforming android.jar with PlatformAttrTransform
Transforming android.jar with PlatformAttrTransform
Build cache key for task ':app:parseReleaseLocalResources' is 3f7ca4155c5192416482c1fefb113cc4
Task ':app:parseReleaseLocalResources' is not up-to-date because:
  No history is available.
Loaded cache entry for task ':app:parseReleaseLocalResources' with cache key 3f7ca4155c5192416482c1fefb113cc4
Resolve mutations for :app:generateReleaseBuildConfig (Thread[included builds,5,main]) started.
:app:generateReleaseBuildConfig (Thread[included builds,5,main]) started.

> Task :app:generateReleaseBuildConfig
Build cache key for task ':app:generateReleaseBuildConfig' is 72bfabe64dfa8cfc64a86a41b98e2cb9
Task ':app:generateReleaseBuildConfig' is not up-to-date because:
  No history is available.
Stored cache entry for task ':app:generateReleaseBuildConfig' with cache key 72bfabe64dfa8cfc64a86a41b98e2cb9
Resolve mutations for :app:javaPreCompileRelease (Thread[included builds,5,main]) started.
:app:javaPreCompileRelease (Thread[included builds,5,main]) started.

> Task :app:javaPreCompileRelease FROM-CACHE
Build cache key for task ':app:javaPreCompileRelease' is be1baefafeacbeac517d626acfebca10
Task ':app:javaPreCompileRelease' is not up-to-date because:
  No history is available.
Loaded cache entry for task ':app:javaPreCompileRelease' with cache key be1baefafeacbeac517d626acfebca10
Resolve mutations for :app:checkReleaseAarMetadata (Thread[included builds,5,main]) started.
:app:checkReleaseAarMetadata (Thread[included builds,5,main]) started.
Resolve mutations for :app:mapReleaseSourceSetPaths (Thread[Execution worker,5,main]) started.
:app:mapReleaseSourceSetPaths (Thread[Execution worker,5,main]) started.

> Task :app:checkReleaseAarMetadata
Transforming viewbinding-8.6.0.aar (androidx.databinding:viewbinding:8.6.0) with ExtractAarTransform
Transforming viewbinding-8.6.0.aar (androidx.databinding:viewbinding:8.6.0) with AarTransform
Transforming material-1.11.0.aar (com.google.android.material:material:1.11.0) with ExtractAarTransform
Transforming material-1.11.0.aar (com.google.android.material:material:1.11.0) with AarTransform
Transforming constraintlayout-2.1.4.aar (androidx.constraintlayout:constraintlayout:2.1.4) with ExtractAarTransform
Transforming constraintlayout-2.1.4.aar (androidx.constraintlayout:constraintlayout:2.1.4) with AarTransform
Transforming preference-1.2.1.aar (androidx.preference:preference:1.2.1) with ExtractAarTransform
Transforming preference-1.2.1.aar (androidx.preference:preference:1.2.1) with AarTransform
Transforming appcompat-resources-1.6.1.aar (androidx.appcompat:appcompat-resources:1.6.1) with ExtractAarTransform
Transforming appcompat-resources-1.6.1.aar (androidx.appcompat:appcompat-resources:1.6.1) with AarTransform
Transforming appcompat-1.6.1.aar (androidx.appcompat:appcompat:1.6.1) with ExtractAarTransform
Transforming appcompat-1.6.1.aar (androidx.appcompat:appcompat:1.6.1) with AarTransform
Transforming dynamicanimation-1.0.0.aar (androidx.dynamicanimation:dynamicanimation:1.0.0) with ExtractAarTransform
Transforming dynamicanimation-1.0.0.aar (androidx.dynamicanimation:dynamicanimation:1.0.0) with AarTransform
Transforming legacy-support-core-utils-1.0.0.aar (androidx.legacy:legacy-support-core-utils:1.0.0) with ExtractAarTransform
Transforming legacy-support-core-utils-1.0.0.aar (androidx.legacy:legacy-support-core-utils:1.0.0) with AarTransform
Transforming documentfile-1.0.1.aar (androidx.documentfile:documentfile:1.0.1) with ExtractAarTransform
Transforming documentfile-1.0.1.aar (androidx.documentfile:documentfile:1.0.1) with AarTransform
Transforming documentfile-1.0.1.aar (androidx.documentfile:documentfile:1.0.1) with ExtractAarTransform
Transforming documentfile-1.0.1.aar (androidx.documentfile:documentfile:1.0.1) with AarTransform
Transforming emoji2-views-helper-1.2.0.aar (androidx.emoji2:emoji2-views-helper:1.2.0) with ExtractAarTransform
Transforming emoji2-views-helper-1.2.0.aar (androidx.emoji2:emoji2-views-helper:1.2.0) with AarTransform
Transforming emoji2-1.2.0.aar (androidx.emoji2:emoji2:1.2.0) with ExtractAarTransform
Transforming emoji2-1.2.0.aar (androidx.emoji2:emoji2:1.2.0) with AarTransform
Transforming viewpager2-1.0.0.aar (androidx.viewpager2:viewpager2:1.0.0) with ExtractAarTransform
Transforming viewpager2-1.0.0.aar (androidx.viewpager2:viewpager2:1.0.0) with AarTransform
Transforming fragment-ktx-1.3.6.aar (androidx.fragment:fragment-ktx:1.3.6) with ExtractAarTransform
Transforming fragment-ktx-1.3.6.aar (androidx.fragment:fragment-ktx:1.3.6) with AarTransform
Transforming fragment-1.3.6.aar (androidx.fragment:fragment:1.3.6) with ExtractAarTransform
Transforming fragment-1.3.6.aar (androidx.fragment:fragment:1.3.6) with AarTransform
Transforming fragment-1.3.6.aar (androidx.fragment:fragment:1.3.6) with ExtractAarTransform
Transforming fragment-1.3.6.aar (androidx.fragment:fragment:1.3.6) with AarTransform
Transforming activity-ktx-1.8.0.aar (androidx.activity:activity-ktx:1.8.0) with ExtractAarTransform
Transforming activity-ktx-1.8.0.aar (androidx.activity:activity-ktx:1.8.0) with AarTransform
Transforming activity-1.8.0.aar (androidx.activity:activity:1.8.0) with ExtractAarTransform
Transforming activity-1.8.0.aar (androidx.activity:activity:1.8.0) with AarTransform
Transforming drawerlayout-1.1.1.aar (androidx.drawerlayout:drawerlayout:1.1.1) with ExtractAarTransform
Transforming drawerlayout-1.1.1.aar (androidx.drawerlayout:drawerlayout:1.1.1) with AarTransform
Transforming coordinatorlayout-1.1.0.aar (androidx.coordinatorlayout:coordinatorlayout:1.1.0) with ExtractAarTransform
Transforming coordinatorlayout-1.1.0.aar (androidx.coordinatorlayout:coordinatorlayout:1.1.0) with AarTransform
Transforming vectordrawable-animated-1.1.0.aar (androidx.vectordrawable:vectordrawable-animated:1.1.0) with ExtractAarTransform
Transforming vectordrawable-animated-1.1.0.aar (androidx.vectordrawable:vectordrawable-animated:1.1.0) with AarTransform
Transforming vectordrawable-1.1.0.aar (androidx.vectordrawable:vectordrawable:1.1.0) with ExtractAarTransform
Transforming vectordrawable-1.1.0.aar (androidx.vectordrawable:vectordrawable:1.1.0) with AarTransform
Transforming vectordrawable-1.1.0.aar (androidx.vectordrawable:vectordrawable:1.1.0) with ExtractAarTransform
Transforming vectordrawable-1.1.0.aar (androidx.vectordrawable:vectordrawable:1.1.0) with AarTransform
Transforming slidingpanelayout-1.2.0.aar (androidx.slidingpanelayout:slidingpanelayout:1.2.0) with ExtractAarTransform
Transforming slidingpanelayout-1.2.0.aar (androidx.slidingpanelayout:slidingpanelayout:1.2.0) with AarTransform
Transforming loader-1.0.0.aar (androidx.loader:loader:1.0.0) with ExtractAarTransform
Transforming loader-1.0.0.aar (androidx.loader:loader:1.0.0) with AarTransform
Transforming loader-1.0.0.aar (androidx.loader:loader:1.0.0) with ExtractAarTransform
Transforming loader-1.0.0.aar (androidx.loader:loader:1.0.0) with AarTransform
Transforming savedstate-ktx-1.2.1.aar (androidx.savedstate:savedstate-ktx:1.2.1) with ExtractAarTransform
Transforming savedstate-ktx-1.2.1.aar (androidx.savedstate:savedstate-ktx:1.2.1) with AarTransform
Transforming savedstate-1.2.1.aar (androidx.savedstate:savedstate:1.2.1) with ExtractAarTransform
Transforming savedstate-1.2.1.aar (androidx.savedstate:savedstate:1.2.1) with AarTransform
Transforming lifecycle-runtime-ktx-2.6.1.aar (androidx.lifecycle:lifecycle-runtime-ktx:2.6.1) with ExtractAarTransform
Transforming lifecycle-runtime-ktx-2.6.1.aar (androidx.lifecycle:lifecycle-runtime-ktx:2.6.1) with AarTransform
Transforming lifecycle-viewmodel-ktx-2.6.1.aar (androidx.lifecycle:lifecycle-viewmodel-ktx:2.6.1) with ExtractAarTransform
Transforming lifecycle-viewmodel-ktx-2.6.1.aar (androidx.lifecycle:lifecycle-viewmodel-ktx:2.6.1) with AarTransform
Transforming lifecycle-process-2.6.1.aar (androidx.lifecycle:lifecycle-process:2.6.1) with ExtractAarTransform
Transforming lifecycle-process-2.6.1.aar (androidx.lifecycle:lifecycle-process:2.6.1) with AarTransform
Transforming lifecycle-livedata-core-ktx-2.6.1.aar (androidx.lifecycle:lifecycle-livedata-core-ktx:2.6.1) with ExtractAarTransform
Transforming lifecycle-livedata-core-ktx-2.6.1.aar (androidx.lifecycle:lifecycle-livedata-core-ktx:2.6.1) with AarTransform
Transforming lifecycle-livedata-core-2.6.1.aar (androidx.lifecycle:lifecycle-livedata-core:2.6.1) with ExtractAarTransform
Transforming lifecycle-livedata-core-2.6.1.aar (androidx.lifecycle:lifecycle-livedata-core:2.6.1) with AarTransform
Transforming lifecycle-livedata-2.6.1.aar (androidx.lifecycle:lifecycle-livedata:2.6.1) with ExtractAarTransform
Transforming lifecycle-livedata-2.6.1.aar (androidx.lifecycle:lifecycle-livedata:2.6.1) with AarTransform
Transforming lifecycle-viewmodel-2.6.1.aar (androidx.lifecycle:lifecycle-viewmodel:2.6.1) with ExtractAarTransform
Transforming lifecycle-viewmodel-2.6.1.aar (androidx.lifecycle:lifecycle-viewmodel:2.6.1) with AarTransform
Transforming lifecycle-viewmodel-2.6.1.aar (androidx.lifecycle:lifecycle-viewmodel:2.6.1) with ExtractAarTransform
Transforming lifecycle-viewmodel-2.6.1.aar (androidx.lifecycle:lifecycle-viewmodel:2.6.1) with AarTransform
Transforming lifecycle-runtime-2.6.1.aar (androidx.lifecycle:lifecycle-runtime:2.6.1) with ExtractAarTransform
Transforming lifecycle-runtime-2.6.1.aar (androidx.lifecycle:lifecycle-runtime:2.6.1) with AarTransform
Transforming lifecycle-viewmodel-savedstate-2.6.1.aar (androidx.lifecycle:lifecycle-viewmodel-savedstate:2.6.1) with ExtractAarTransform
Transforming lifecycle-viewmodel-savedstate-2.6.1.aar (androidx.lifecycle:lifecycle-viewmodel-savedstate:2.6.1) with AarTransform
Transforming core-ktx-1.9.0.aar (androidx.core:core-ktx:1.9.0) with ExtractAarTransform
Transforming core-ktx-1.9.0.aar (androidx.core:core-ktx:1.9.0) with AarTransform
Transforming viewpager-1.0.0.aar (androidx.viewpager:viewpager:1.0.0) with ExtractAarTransform
Transforming viewpager-1.0.0.aar (androidx.viewpager:viewpager:1.0.0) with AarTransform
Transforming recyclerview-1.1.0.aar (androidx.recyclerview:recyclerview:1.1.0) with ExtractAarTransform
Transforming recyclerview-1.1.0.aar (androidx.recyclerview:recyclerview:1.1.0) with AarTransform
Transforming recyclerview-1.1.0.aar (androidx.recyclerview:recyclerview:1.1.0) with ExtractAarTransform
Transforming recyclerview-1.1.0.aar (androidx.recyclerview:recyclerview:1.1.0) with AarTransform
Transforming customview-1.1.0.aar (androidx.customview:customview:1.1.0) with ExtractAarTransform
Transforming customview-1.1.0.aar (androidx.customview:customview:1.1.0) with AarTransform
Transforming customview-1.1.0.aar (androidx.customview:customview:1.1.0) with ExtractAarTransform
Transforming customview-1.1.0.aar (androidx.customview:customview:1.1.0) with AarTransform
Transforming transition-1.4.1.aar (androidx.transition:transition:1.4.1) with ExtractAarTransform
Transforming transition-1.4.1.aar (androidx.transition:transition:1.4.1) with AarTransform
Transforming window-1.0.0.aar (androidx.window:window:1.0.0) with ExtractAarTransform
Transforming window-1.0.0.aar (androidx.window:window:1.0.0) with AarTransform
Transforming core-1.9.0.aar (androidx.core:core:1.9.0) with ExtractAarTransform
Transforming core-1.9.0.aar (androidx.core:core:1.9.0) with AarTransform
Transforming core-1.9.0.aar (androidx.core:core:1.9.0) with ExtractAarTransform
Transforming core-1.9.0.aar (androidx.core:core:1.9.0) with AarTransform
Transforming cursoradapter-1.0.0.aar (androidx.cursoradapter:cursoradapter:1.0.0) with ExtractAarTransform
Transforming cursoradapter-1.0.0.aar (androidx.cursoradapter:cursoradapter:1.0.0) with AarTransform
Transforming cardview-1.0.0.aar (androidx.cardview:cardview:1.0.0) with ExtractAarTransform
Transforming cardview-1.0.0.aar (androidx.cardview:cardview:1.0.0) with AarTransform
Transforming versionedparcelable-1.1.1.aar (androidx.versionedparcelable:versionedparcelable:1.1.1) with ExtractAarTransform
Transforming versionedparcelable-1.1.1.aar (androidx.versionedparcelable:versionedparcelable:1.1.1) with AarTransform
Transforming profileinstaller-1.3.0.aar (androidx.profileinstaller:profileinstaller:1.3.0) with ExtractAarTransform
Transforming profileinstaller-1.3.0.aar (androidx.profileinstaller:profileinstaller:1.3.0) with AarTransform
Transforming startup-runtime-1.1.1.aar (androidx.startup:startup-runtime:1.1.1) with ExtractAarTransform
Transforming startup-runtime-1.1.1.aar (androidx.startup:startup-runtime:1.1.1) with AarTransform
Transforming tracing-1.0.0.aar (androidx.tracing:tracing:1.0.0) with ExtractAarTransform
Transforming tracing-1.0.0.aar (androidx.tracing:tracing:1.0.0) with AarTransform
Transforming interpolator-1.0.0.aar (androidx.interpolator:interpolator:1.0.0) with ExtractAarTransform
Transforming interpolator-1.0.0.aar (androidx.interpolator:interpolator:1.0.0) with AarTransform
Transforming core-runtime-2.2.0.aar (androidx.arch.core:core-runtime:2.2.0) with ExtractAarTransform
Transforming core-runtime-2.2.0.aar (androidx.arch.core:core-runtime:2.2.0) with AarTransform
Transforming localbroadcastmanager-1.0.0.aar (androidx.localbroadcastmanager:localbroadcastmanager:1.0.0) with ExtractAarTransform
Transforming localbroadcastmanager-1.0.0.aar (androidx.localbroadcastmanager:localbroadcastmanager:1.0.0) with AarTransform
Transforming print-1.0.0.aar (androidx.print:print:1.0.0) with ExtractAarTransform
Transforming print-1.0.0.aar (androidx.print:print:1.0.0) with AarTransform
Transforming annotation-experimental-1.3.0.aar (androidx.annotation:annotation-experimental:1.3.0) with ExtractAarTransform
Transforming annotation-experimental-1.3.0.aar (androidx.annotation:annotation-experimental:1.3.0) with AarTransform
Caching disabled for task ':app:checkReleaseAarMetadata' because:
  Caching has been disabled for the task
Task ':app:checkReleaseAarMetadata' is not up-to-date because:
  No history is available.

> Task :app:mapReleaseSourceSetPaths
Caching disabled for task ':app:mapReleaseSourceSetPaths' because:
  Caching has been disabled for the task
Task ':app:mapReleaseSourceSetPaths' is not up-to-date because:
  No history is available.

> Task :app:extractReleaseNativeDebugMetadata
Build cache key for task ':app:extractReleaseNativeDebugMetadata' is f3ea89704dc868d5dcf13953472de42a
Task ':app:extractReleaseNativeDebugMetadata' is not up-to-date because:
  No history is available.
C/C++: android.ndkVersion from module build.gradle is [26.1.10909125]
C/C++: android.ndkPath from module build.gradle is not set
C/C++: ndk.dir in local.properties is not set
C/C++: Not considering ANDROID_NDK_HOME because support was removed after deprecation period.
C/C++: sdkFolder is /usr/local/lib/android/sdk
Starting process 'command '/usr/local/lib/android/sdk/ndk/26.1.10909125/toolchains/llvm/prebuilt/linux-x86_64/bin/llvm-objcopy''. Working directory: /home/runner/work/NearChuckle-android-wip-edition/NearChuckle-android-wip-edition/android/app Command: /usr/local/lib/android/sdk/ndk/26.1.10909125/toolchains/llvm/prebuilt/linux-x86_64/bin/llvm-objcopy --only-keep-debug /home/runner/work/NearChuckle-android-wip-edition/NearChuckle-android-wip-edition/android/app/build/intermediates/merged_native_libs/release/mergeReleaseNativeLibs/out/lib/arm64-v8a/libnearchuckle_android.so /home/runner/work/NearChuckle-android-wip-edition/NearChuckle-android-wip-edition/android/app/build/intermediates/native_debug_metadata/release/extractReleaseNativeDebugMetadata/out/arm64-v8a/libnearchuckle_android.so.dbg
Successfully started process 'command '/usr/local/lib/android/sdk/ndk/26.1.10909125/toolchains/llvm/prebuilt/linux-x86_64/bin/llvm-objcopy''
Starting process 'command '/usr/local/lib/android/sdk/ndk/26.1.10909125/toolchains/llvm/prebuilt/linux-x86_64/bin/llvm-objcopy''. Working directory: /home/runner/work/NearChuckle-android-wip-edition/NearChuckle-android-wip-edition/android/app Command: /usr/local/lib/android/sdk/ndk/26.1.10909125/toolchains/llvm/prebuilt/linux-x86_64/bin/llvm-objcopy --only-keep-debug /home/runner/work/NearChuckle-android-wip-edition/NearChuckle-android-wip-edition/android/app/build/intermediates/merged_native_libs/release/mergeReleaseNativeLibs/out/lib/armeabi-v7a/libc++_shared.so /home/runner/work/NearChuckle-android-wip-edition/NearChuckle-android-wip-edition/android/app/build/intermediates/native_debug_metadata/release/extractReleaseNativeDebugMetadata/out/armeabi-v7a/libc++_shared.so.dbg
Successfully started process 'command '/usr/local/lib/android/sdk/ndk/26.1.10909125/toolchains/llvm/prebuilt/linux-x86_64/bin/llvm-objcopy''
Starting process 'command '/usr/local/lib/android/sdk/ndk/26.1.10909125/toolchains/llvm/prebuilt/linux-x86_64/bin/llvm-objcopy''. Working directory: /home/runner/work/NearChuckle-android-wip-edition/NearChuckle-android-wip-edition/android/app Command: /usr/local/lib/android/sdk/ndk/26.1.10909125/toolchains/llvm/prebuilt/linux-x86_64/bin/llvm-objcopy --only-keep-debug /home/runner/work/NearChuckle-android-wip-edition/NearChuckle-android-wip-edition/android/app/build/intermediates/merged_native_libs/release/mergeReleaseNativeLibs/out/lib/armeabi-v7a/libnearchuckle_android.so /home/runner/work/NearChuckle-android-wip-edition/NearChuckle-android-wip-edition/android/app/build/intermediates/native_debug_metadata/release/extractReleaseNativeDebugMetadata/out/armeabi-v7a/libnearchuckle_android.so.dbg
Successfully started process 'command '/usr/local/lib/android/sdk/ndk/26.1.10909125/toolchains/llvm/prebuilt/linux-x86_64/bin/llvm-objcopy''
Starting process 'command '/usr/local/lib/android/sdk/ndk/26.1.10909125/toolchains/llvm/prebuilt/linux-x86_64/bin/llvm-objcopy''. Working directory: /home/runner/work/NearChuckle-android-wip-edition/NearChuckle-android-wip-edition/android/app Command: /usr/local/lib/android/sdk/ndk/26.1.10909125/toolchains/llvm/prebuilt/linux-x86_64/bin/llvm-objcopy --only-keep-debug /home/runner/work/NearChuckle-android-wip-edition/NearChuckle-android-wip-edition/android/app/build/intermediates/merged_native_libs/release/mergeReleaseNativeLibs/out/lib/arm64-v8a/libc++_shared.so /home/runner/work/NearChuckle-android-wip-edition/NearChuckle-android-wip-edition/android/app/build/intermediates/native_debug_metadata/release/extractReleaseNativeDebugMetadata/out/arm64-v8a/libc++_shared.so.dbg
Successfully started process 'command '/usr/local/lib/android/sdk/ndk/26.1.10909125/toolchains/llvm/prebuilt/linux-x86_64/bin/llvm-objcopy''
Stored cache entry for task ':app:extractReleaseNativeDebugMetadata' with cache key f3ea89704dc868d5dcf13953472de42a
Resolve mutations for :app:mergeReleaseNativeDebugMetadata (Thread[Execution worker,5,main]) started.
:app:mergeReleaseNativeDebugMetadata (Thread[Execution worker,5,main]) started.
Resolve mutations for :app:createReleaseCompatibleScreenManifests (Thread[included builds,5,main]) started.
:app:createReleaseCompatibleScreenManifests (Thread[included builds,5,main]) started.

> Task :app:createReleaseCompatibleScreenManifests
Caching disabled for task ':app:createReleaseCompatibleScreenManifests' because:
  Caching has been disabled for the task
Task ':app:createReleaseCompatibleScreenManifests' is not up-to-date because:
  No history is available.
Resolve mutations for :app:extractDeepLinksRelease (Thread[included builds,5,main]) started.
:app:extractDeepLinksRelease (Thread[included builds,5,main]) started.

> Task :app:extractDeepLinksRelease FROM-CACHE
Build cache key for task ':app:extractDeepLinksRelease' is 046831ba850cec7eaef2b51d2a7e4905
Task ':app:extractDeepLinksRelease' is not up-to-date because:
  No history is available.
Loaded cache entry for task ':app:extractDeepLinksRelease' with cache key 046831ba850cec7eaef2b51d2a7e4905
Resolve mutations for :app:processReleaseMainManifest (Thread[included builds,5,main]) started.
:app:processReleaseMainManifest (Thread[included builds,5,main]) started.

> Task :app:mergeReleaseNativeDebugMetadata
Caching disabled for task ':app:mergeReleaseNativeDebugMetadata' because:
  Caching has been disabled for the task
Task ':app:mergeReleaseNativeDebugMetadata' is not up-to-date because:
  No history is available.

> Task :app:processReleaseMainManifest
Transforming viewbinding-8.6.0.aar (androidx.databinding:viewbinding:8.6.0) with ExtractAarTransform
Transforming viewbinding-8.6.0.aar (androidx.databinding:viewbinding:8.6.0) with AarTransform
Transforming material-1.11.0.aar (com.google.android.material:material:1.11.0) with ExtractAarTransform
Transforming material-1.11.0.aar (com.google.android.material:material:1.11.0) with AarTransform
Transforming constraintlayout-2.1.4.aar (androidx.constraintlayout:constraintlayout:2.1.4) with ExtractAarTransform
Transforming constraintlayout-2.1.4.aar (androidx.constraintlayout:constraintlayout:2.1.4) with AarTransform
Transforming preference-1.2.1.aar (androidx.preference:preference:1.2.1) with ExtractAarTransform
Transforming preference-1.2.1.aar (androidx.preference:preference:1.2.1) with AarTransform
Transforming appcompat-resources-1.6.1.aar (androidx.appcompat:appcompat-resources:1.6.1) with ExtractAarTransform
Transforming appcompat-resources-1.6.1.aar (androidx.appcompat:appcompat-resources:1.6.1) with AarTransform
Transforming appcompat-1.6.1.aar (androidx.appcompat:appcompat:1.6.1) with ExtractAarTransform
Transforming appcompat-1.6.1.aar (androidx.appcompat:appcompat:1.6.1) with AarTransform
Transforming dynamicanimation-1.0.0.aar (androidx.dynamicanimation:dynamicanimation:1.0.0) with ExtractAarTransform
Transforming dynamicanimation-1.0.0.aar (androidx.dynamicanimation:dynamicanimation:1.0.0) with AarTransform
Transforming legacy-support-core-utils-1.0.0.aar (androidx.legacy:legacy-support-core-utils:1.0.0) with ExtractAarTransform
Transforming legacy-support-core-utils-1.0.0.aar (androidx.legacy:legacy-support-core-utils:1.0.0) with AarTransform
Transforming documentfile-1.0.1.aar (androidx.documentfile:documentfile:1.0.1) with ExtractAarTransform
Transforming documentfile-1.0.1.aar (androidx.documentfile:documentfile:1.0.1) with AarTransform
Transforming documentfile-1.0.1.aar (androidx.documentfile:documentfile:1.0.1) with ExtractAarTransform
Transforming documentfile-1.0.1.aar (androidx.documentfile:documentfile:1.0.1) with AarTransform
Transforming emoji2-views-helper-1.2.0.aar (androidx.emoji2:emoji2-views-helper:1.2.0) with ExtractAarTransform
Transforming emoji2-views-helper-1.2.0.aar (androidx.emoji2:emoji2-views-helper:1.2.0) with AarTransform
Transforming emoji2-1.2.0.aar (androidx.emoji2:emoji2:1.2.0) with ExtractAarTransform
Transforming emoji2-1.2.0.aar (androidx.emoji2:emoji2:1.2.0) with AarTransform
Transforming viewpager2-1.0.0.aar (androidx.viewpager2:viewpager2:1.0.0) with ExtractAarTransform
Transforming viewpager2-1.0.0.aar (androidx.viewpager2:viewpager2:1.0.0) with AarTransform
Transforming fragment-ktx-1.3.6.aar (androidx.fragment:fragment-ktx:1.3.6) with ExtractAarTransform
Transforming fragment-ktx-1.3.6.aar (androidx.fragment:fragment-ktx:1.3.6) with AarTransform
Transforming fragment-1.3.6.aar (androidx.fragment:fragment:1.3.6) with ExtractAarTransform
Transforming fragment-1.3.6.aar (androidx.fragment:fragment:1.3.6) with AarTransform
Transforming fragment-1.3.6.aar (androidx.fragment:fragment:1.3.6) with ExtractAarTransform
Transforming fragment-1.3.6.aar (androidx.fragment:fragment:1.3.6) with AarTransform
Transforming activity-ktx-1.8.0.aar (androidx.activity:activity-ktx:1.8.0) with ExtractAarTransform
Transforming activity-ktx-1.8.0.aar (androidx.activity:activity-ktx:1.8.0) with AarTransform
Transforming activity-1.8.0.aar (androidx.activity:activity:1.8.0) with ExtractAarTransform
Transforming activity-1.8.0.aar (androidx.activity:activity:1.8.0) with AarTransform
Transforming drawerlayout-1.1.1.aar (androidx.drawerlayout:drawerlayout:1.1.1) with ExtractAarTransform
Transforming drawerlayout-1.1.1.aar (androidx.drawerlayout:drawerlayout:1.1.1) with AarTransform
Transforming coordinatorlayout-1.1.0.aar (androidx.coordinatorlayout:coordinatorlayout:1.1.0) with ExtractAarTransform
Transforming coordinatorlayout-1.1.0.aar (androidx.coordinatorlayout:coordinatorlayout:1.1.0) with AarTransform
Transforming vectordrawable-animated-1.1.0.aar (androidx.vectordrawable:vectordrawable-animated:1.1.0) with ExtractAarTransform
Transforming vectordrawable-animated-1.1.0.aar (androidx.vectordrawable:vectordrawable-animated:1.1.0) with AarTransform
Transforming vectordrawable-1.1.0.aar (androidx.vectordrawable:vectordrawable:1.1.0) with ExtractAarTransform
Transforming vectordrawable-1.1.0.aar (androidx.vectordrawable:vectordrawable:1.1.0) with AarTransform
Transforming vectordrawable-1.1.0.aar (androidx.vectordrawable:vectordrawable:1.1.0) with ExtractAarTransform
Transforming vectordrawable-1.1.0.aar (androidx.vectordrawable:vectordrawable:1.1.0) with AarTransform
Transforming slidingpanelayout-1.2.0.aar (androidx.slidingpanelayout:slidingpanelayout:1.2.0) with ExtractAarTransform
Transforming slidingpanelayout-1.2.0.aar (androidx.slidingpanelayout:slidingpanelayout:1.2.0) with AarTransform
Transforming loader-1.0.0.aar (androidx.loader:loader:1.0.0) with ExtractAarTransform
Transforming loader-1.0.0.aar (androidx.loader:loader:1.0.0) with AarTransform
Transforming loader-1.0.0.aar (androidx.loader:loader:1.0.0) with ExtractAarTransform
Transforming loader-1.0.0.aar (androidx.loader:loader:1.0.0) with AarTransform
Transforming savedstate-ktx-1.2.1.aar (androidx.savedstate:savedstate-ktx:1.2.1) with ExtractAarTransform
Transforming savedstate-ktx-1.2.1.aar (androidx.savedstate:savedstate-ktx:1.2.1) with AarTransform
Transforming savedstate-1.2.1.aar (androidx.savedstate:savedstate:1.2.1) with ExtractAarTransform
Transforming savedstate-1.2.1.aar (androidx.savedstate:savedstate:1.2.1) with AarTransform
Transforming lifecycle-runtime-ktx-2.6.1.aar (androidx.lifecycle:lifecycle-runtime-ktx:2.6.1) with ExtractAarTransform
Transforming lifecycle-runtime-ktx-2.6.1.aar (androidx.lifecycle:lifecycle-runtime-ktx:2.6.1) with AarTransform
Transforming lifecycle-viewmodel-ktx-2.6.1.aar (androidx.lifecycle:lifecycle-viewmodel-ktx:2.6.1) with ExtractAarTransform
Transforming lifecycle-viewmodel-ktx-2.6.1.aar (androidx.lifecycle:lifecycle-viewmodel-ktx:2.6.1) with AarTransform
Transforming lifecycle-process-2.6.1.aar (androidx.lifecycle:lifecycle-process:2.6.1) with ExtractAarTransform
Transforming lifecycle-process-2.6.1.aar (androidx.lifecycle:lifecycle-process:2.6.1) with AarTransform
Transforming lifecycle-livedata-core-ktx-2.6.1.aar (androidx.lifecycle:lifecycle-livedata-core-ktx:2.6.1) with ExtractAarTransform
Transforming lifecycle-livedata-core-ktx-2.6.1.aar (androidx.lifecycle:lifecycle-livedata-core-ktx:2.6.1) with AarTransform
Transforming lifecycle-livedata-core-2.6.1.aar (androidx.lifecycle:lifecycle-livedata-core:2.6.1) with ExtractAarTransform
Transforming lifecycle-livedata-core-2.6.1.aar (androidx.lifecycle:lifecycle-livedata-core:2.6.1) with AarTransform
Transforming lifecycle-livedata-2.6.1.aar (androidx.lifecycle:lifecycle-livedata:2.6.1) with ExtractAarTransform
Transforming lifecycle-livedata-2.6.1.aar (androidx.lifecycle:lifecycle-livedata:2.6.1) with AarTransform
Transforming lifecycle-viewmodel-2.6.1.aar (androidx.lifecycle:lifecycle-viewmodel:2.6.1) with ExtractAarTransform
Transforming lifecycle-viewmodel-2.6.1.aar (androidx.lifecycle:lifecycle-viewmodel:2.6.1) with AarTransform
Transforming lifecycle-viewmodel-2.6.1.aar (androidx.lifecycle:lifecycle-viewmodel:2.6.1) with ExtractAarTransform
Transforming lifecycle-viewmodel-2.6.1.aar (androidx.lifecycle:lifecycle-viewmodel:2.6.1) with AarTransform
Transforming lifecycle-runtime-2.6.1.aar (androidx.lifecycle:lifecycle-runtime:2.6.1) with ExtractAarTransform
Transforming lifecycle-runtime-2.6.1.aar (androidx.lifecycle:lifecycle-runtime:2.6.1) with AarTransform
Transforming lifecycle-viewmodel-savedstate-2.6.1.aar (androidx.lifecycle:lifecycle-viewmodel-savedstate:2.6.1) with ExtractAarTransform
Transforming lifecycle-viewmodel-savedstate-2.6.1.aar (androidx.lifecycle:lifecycle-viewmodel-savedstate:2.6.1) with AarTransform
Transforming core-ktx-1.9.0.aar (androidx.core:core-ktx:1.9.0) with ExtractAarTransform
Transforming core-ktx-1.9.0.aar (androidx.core:core-ktx:1.9.0) with AarTransform
Transforming viewpager-1.0.0.aar (androidx.viewpager:viewpager:1.0.0) with ExtractAarTransform
Transforming viewpager-1.0.0.aar (androidx.viewpager:viewpager:1.0.0) with AarTransform
Transforming recyclerview-1.1.0.aar (androidx.recyclerview:recyclerview:1.1.0) with ExtractAarTransform
Transforming recyclerview-1.1.0.aar (androidx.recyclerview:recyclerview:1.1.0) with AarTransform
Transforming recyclerview-1.1.0.aar (androidx.recyclerview:recyclerview:1.1.0) with ExtractAarTransform
Transforming recyclerview-1.1.0.aar (androidx.recyclerview:recyclerview:1.1.0) with AarTransform
Transforming customview-1.1.0.aar (androidx.customview:customview:1.1.0) with ExtractAarTransform
Transforming customview-1.1.0.aar (androidx.customview:customview:1.1.0) with AarTransform
Transforming customview-1.1.0.aar (androidx.customview:customview:1.1.0) with ExtractAarTransform
Transforming customview-1.1.0.aar (androidx.customview:customview:1.1.0) with AarTransform
Transforming transition-1.4.1.aar (androidx.transition:transition:1.4.1) with ExtractAarTransform
Transforming transition-1.4.1.aar (androidx.transition:transition:1.4.1) with AarTransform
Transforming window-1.0.0.aar (androidx.window:window:1.0.0) with ExtractAarTransform
Transforming window-1.0.0.aar (androidx.window:window:1.0.0) with AarTransform
Transforming core-1.9.0.aar (androidx.core:core:1.9.0) with ExtractAarTransform
Transforming core-1.9.0.aar (androidx.core:core:1.9.0) with AarTransform
Transforming core-1.9.0.aar (androidx.core:core:1.9.0) with ExtractAarTransform
Transforming core-1.9.0.aar (androidx.core:core:1.9.0) with AarTransform
Transforming cursoradapter-1.0.0.aar (androidx.cursoradapter:cursoradapter:1.0.0) with ExtractAarTransform
Transforming cursoradapter-1.0.0.aar (androidx.cursoradapter:cursoradapter:1.0.0) with AarTransform
Transforming cardview-1.0.0.aar (androidx.cardview:cardview:1.0.0) with ExtractAarTransform
Transforming cardview-1.0.0.aar (androidx.cardview:cardview:1.0.0) with AarTransform
Transforming versionedparcelable-1.1.1.aar (androidx.versionedparcelable:versionedparcelable:1.1.1) with ExtractAarTransform
Transforming versionedparcelable-1.1.1.aar (androidx.versionedparcelable:versionedparcelable:1.1.1) with AarTransform
Transforming profileinstaller-1.3.0.aar (androidx.profileinstaller:profileinstaller:1.3.0) with ExtractAarTransform
Transforming profileinstaller-1.3.0.aar (androidx.profileinstaller:profileinstaller:1.3.0) with AarTransform
Transforming startup-runtime-1.1.1.aar (androidx.startup:startup-runtime:1.1.1) with ExtractAarTransform
Transforming startup-runtime-1.1.1.aar (androidx.startup:startup-runtime:1.1.1) with AarTransform
Transforming tracing-1.0.0.aar (androidx.tracing:tracing:1.0.0) with ExtractAarTransform
Transforming tracing-1.0.0.aar (androidx.tracing:tracing:1.0.0) with AarTransform
Transforming interpolator-1.0.0.aar (androidx.interpolator:interpolator:1.0.0) with ExtractAarTransform
Transforming interpolator-1.0.0.aar (androidx.interpolator:interpolator:1.0.0) with AarTransform
Transforming core-runtime-2.2.0.aar (androidx.arch.core:core-runtime:2.2.0) with ExtractAarTransform
Transforming core-runtime-2.2.0.aar (androidx.arch.core:core-runtime:2.2.0) with AarTransform
Transforming localbroadcastmanager-1.0.0.aar (androidx.localbroadcastmanager:localbroadcastmanager:1.0.0) with ExtractAarTransform
Transforming localbroadcastmanager-1.0.0.aar (androidx.localbroadcastmanager:localbroadcastmanager:1.0.0) with AarTransform
Transforming print-1.0.0.aar (androidx.print:print:1.0.0) with ExtractAarTransform
Transforming print-1.0.0.aar (androidx.print:print:1.0.0) with AarTransform
Transforming annotation-experimental-1.3.0.aar (androidx.annotation:annotation-experimental:1.3.0) with ExtractAarTransform
Transforming annotation-experimental-1.3.0.aar (androidx.annotation:annotation-experimental:1.3.0) with AarTransform
Transforming viewbinding-8.6.0.aar (androidx.databinding:viewbinding:8.6.0) with ExtractAarTransform
Transforming viewbinding-8.6.0.aar (androidx.databinding:viewbinding:8.6.0) with AarTransform
Transforming material-1.11.0.aar (com.google.android.material:material:1.11.0) with ExtractAarTransform
Transforming material-1.11.0.aar (com.google.android.material:material:1.11.0) with AarTransform
Transforming constraintlayout-2.1.4.aar (androidx.constraintlayout:constraintlayout:2.1.4) with ExtractAarTransform
Transforming constraintlayout-2.1.4.aar (androidx.constraintlayout:constraintlayout:2.1.4) with AarTransform
Transforming preference-1.2.1.aar (androidx.preference:preference:1.2.1) with ExtractAarTransform
Transforming preference-1.2.1.aar (androidx.preference:preference:1.2.1) with AarTransform
Transforming appcompat-resources-1.6.1.aar (androidx.appcompat:appcompat-resources:1.6.1) with ExtractAarTransform
Transforming appcompat-resources-1.6.1.aar (androidx.appcompat:appcompat-resources:1.6.1) with AarTransform
Transforming appcompat-1.6.1.aar (androidx.appcompat:appcompat:1.6.1) with ExtractAarTransform
Transforming appcompat-1.6.1.aar (androidx.appcompat:appcompat:1.6.1) with AarTransform
Transforming dynamicanimation-1.0.0.aar (androidx.dynamicanimation:dynamicanimation:1.0.0) with ExtractAarTransform
Transforming dynamicanimation-1.0.0.aar (androidx.dynamicanimation:dynamicanimation:1.0.0) with AarTransform
Transforming legacy-support-core-utils-1.0.0.aar (androidx.legacy:legacy-support-core-utils:1.0.0) with ExtractAarTransform
Transforming legacy-support-core-utils-1.0.0.aar (androidx.legacy:legacy-support-core-utils:1.0.0) with AarTransform
Transforming documentfile-1.0.1.aar (androidx.documentfile:documentfile:1.0.1) with ExtractAarTransform
Transforming documentfile-1.0.1.aar (androidx.documentfile:documentfile:1.0.1) with AarTransform
Transforming documentfile-1.0.1.aar (androidx.documentfile:documentfile:1.0.1) with ExtractAarTransform
Transforming documentfile-1.0.1.aar (androidx.documentfile:documentfile:1.0.1) with AarTransform
Transforming emoji2-views-helper-1.2.0.aar (androidx.emoji2:emoji2-views-helper:1.2.0) with ExtractAarTransform
Transforming emoji2-views-helper-1.2.0.aar (androidx.emoji2:emoji2-views-helper:1.2.0) with AarTransform
Transforming emoji2-1.2.0.aar (androidx.emoji2:emoji2:1.2.0) with ExtractAarTransform
Transforming emoji2-1.2.0.aar (androidx.emoji2:emoji2:1.2.0) with AarTransform
Transforming viewpager2-1.0.0.aar (androidx.viewpager2:viewpager2:1.0.0) with ExtractAarTransform
Transforming viewpager2-1.0.0.aar (androidx.viewpager2:viewpager2:1.0.0) with AarTransform
Transforming fragment-ktx-1.3.6.aar (androidx.fragment:fragment-ktx:1.3.6) with ExtractAarTransform
Transforming fragment-ktx-1.3.6.aar (androidx.fragment:fragment-ktx:1.3.6) with AarTransform
Transforming fragment-1.3.6.aar (androidx.fragment:fragment:1.3.6) with ExtractAarTransform
Transforming fragment-1.3.6.aar (androidx.fragment:fragment:1.3.6) with AarTransform
Transforming fragment-1.3.6.aar (androidx.fragment:fragment:1.3.6) with ExtractAarTransform
Transforming fragment-1.3.6.aar (androidx.fragment:fragment:1.3.6) with AarTransform
Transforming activity-ktx-1.8.0.aar (androidx.activity:activity-ktx:1.8.0) with ExtractAarTransform
Transforming activity-ktx-1.8.0.aar (androidx.activity:activity-ktx:1.8.0) with AarTransform
Transforming activity-1.8.0.aar (androidx.activity:activity:1.8.0) with ExtractAarTransform
Transforming activity-1.8.0.aar (androidx.activity:activity:1.8.0) with AarTransform
Transforming drawerlayout-1.1.1.aar (androidx.drawerlayout:drawerlayout:1.1.1) with ExtractAarTransform
Transforming drawerlayout-1.1.1.aar (androidx.drawerlayout:drawerlayout:1.1.1) with AarTransform
Transforming coordinatorlayout-1.1.0.aar (androidx.coordinatorlayout:coordinatorlayout:1.1.0) with ExtractAarTransform
Transforming coordinatorlayout-1.1.0.aar (androidx.coordinatorlayout:coordinatorlayout:1.1.0) with AarTransform
Transforming vectordrawable-animated-1.1.0.aar (androidx.vectordrawable:vectordrawable-animated:1.1.0) with ExtractAarTransform
Transforming vectordrawable-animated-1.1.0.aar (androidx.vectordrawable:vectordrawable-animated:1.1.0) with AarTransform
Transforming vectordrawable-1.1.0.aar (androidx.vectordrawable:vectordrawable:1.1.0) with ExtractAarTransform
Transforming vectordrawable-1.1.0.aar (androidx.vectordrawable:vectordrawable:1.1.0) with AarTransform
Transforming vectordrawable-1.1.0.aar (androidx.vectordrawable:vectordrawable:1.1.0) with ExtractAarTransform
Transforming vectordrawable-1.1.0.aar (androidx.vectordrawable:vectordrawable:1.1.0) with AarTransform
Transforming slidingpanelayout-1.2.0.aar (androidx.slidingpanelayout:slidingpanelayout:1.2.0) with ExtractAarTransform
Transforming slidingpanelayout-1.2.0.aar (androidx.slidingpanelayout:slidingpanelayout:1.2.0) with AarTransform
Transforming loader-1.0.0.aar (androidx.loader:loader:1.0.0) with ExtractAarTransform
Transforming loader-1.0.0.aar (androidx.loader:loader:1.0.0) with AarTransform
Transforming loader-1.0.0.aar (androidx.loader:loader:1.0.0) with ExtractAarTransform
Transforming loader-1.0.0.aar (androidx.loader:loader:1.0.0) with AarTransform
Transforming savedstate-ktx-1.2.1.aar (androidx.savedstate:savedstate-ktx:1.2.1) with ExtractAarTransform
Transforming savedstate-ktx-1.2.1.aar (androidx.savedstate:savedstate-ktx:1.2.1) with AarTransform
Transforming savedstate-1.2.1.aar (androidx.savedstate:savedstate:1.2.1) with ExtractAarTransform
Transforming savedstate-1.2.1.aar (androidx.savedstate:savedstate:1.2.1) with AarTransform
Transforming lifecycle-runtime-ktx-2.6.1.aar (androidx.lifecycle:lifecycle-runtime-ktx:2.6.1) with ExtractAarTransform
Transforming lifecycle-runtime-ktx-2.6.1.aar (androidx.lifecycle:lifecycle-runtime-ktx:2.6.1) with AarTransform
Transforming lifecycle-viewmodel-ktx-2.6.1.aar (androidx.lifecycle:lifecycle-viewmodel-ktx:2.6.1) with ExtractAarTransform
Transforming lifecycle-viewmodel-ktx-2.6.1.aar (androidx.lifecycle:lifecycle-viewmodel-ktx:2.6.1) with AarTransform
Transforming lifecycle-process-2.6.1.aar (androidx.lifecycle:lifecycle-process:2.6.1) with ExtractAarTransform
Transforming lifecycle-process-2.6.1.aar (androidx.lifecycle:lifecycle-process:2.6.1) with AarTransform
Transforming lifecycle-livedata-core-ktx-2.6.1.aar (androidx.lifecycle:lifecycle-livedata-core-ktx:2.6.1) with ExtractAarTransform
Transforming lifecycle-livedata-core-ktx-2.6.1.aar (androidx.lifecycle:lifecycle-livedata-core-ktx:2.6.1) with AarTransform
Transforming lifecycle-livedata-core-2.6.1.aar (androidx.lifecycle:lifecycle-livedata-core:2.6.1) with ExtractAarTransform
Transforming lifecycle-livedata-core-2.6.1.aar (androidx.lifecycle:lifecycle-livedata-core:2.6.1) with AarTransform
Transforming lifecycle-livedata-2.6.1.aar (androidx.lifecycle:lifecycle-livedata:2.6.1) with ExtractAarTransform
Transforming lifecycle-livedata-2.6.1.aar (androidx.lifecycle:lifecycle-livedata:2.6.1) with AarTransform
Transforming lifecycle-viewmodel-2.6.1.aar (androidx.lifecycle:lifecycle-viewmodel:2.6.1) with ExtractAarTransform
Transforming lifecycle-viewmodel-2.6.1.aar (androidx.lifecycle:lifecycle-viewmodel:2.6.1) with AarTransform
Transforming lifecycle-viewmodel-2.6.1.aar (androidx.lifecycle:lifecycle-viewmodel:2.6.1) with ExtractAarTransform
Transforming lifecycle-viewmodel-2.6.1.aar (androidx.lifecycle:lifecycle-viewmodel:2.6.1) with AarTransform
Transforming lifecycle-runtime-2.6.1.aar (androidx.lifecycle:lifecycle-runtime:2.6.1) with ExtractAarTransform
Transforming lifecycle-runtime-2.6.1.aar (androidx.lifecycle:lifecycle-runtime:2.6.1) with AarTransform
Transforming lifecycle-viewmodel-savedstate-2.6.1.aar (androidx.lifecycle:lifecycle-viewmodel-savedstate:2.6.1) with ExtractAarTransform
Transforming lifecycle-viewmodel-savedstate-2.6.1.aar (androidx.lifecycle:lifecycle-viewmodel-savedstate:2.6.1) with AarTransform
Transforming core-ktx-1.9.0.aar (androidx.core:core-ktx:1.9.0) with ExtractAarTransform
Transforming core-ktx-1.9.0.aar (androidx.core:core-ktx:1.9.0) with AarTransform
Transforming viewpager-1.0.0.aar (androidx.viewpager:viewpager:1.0.0) with ExtractAarTransform
Transforming viewpager-1.0.0.aar (androidx.viewpager:viewpager:1.0.0) with AarTransform
Transforming recyclerview-1.1.0.aar (androidx.recyclerview:recyclerview:1.1.0) with ExtractAarTransform
Transforming recyclerview-1.1.0.aar (androidx.recyclerview:recyclerview:1.1.0) with AarTransform
Transforming recyclerview-1.1.0.aar (androidx.recyclerview:recyclerview:1.1.0) with ExtractAarTransform
Transforming recyclerview-1.1.0.aar (androidx.recyclerview:recyclerview:1.1.0) with AarTransform
Transforming customview-1.1.0.aar (androidx.customview:customview:1.1.0) with ExtractAarTransform
Transforming customview-1.1.0.aar (androidx.customview:customview:1.1.0) with AarTransform
Transforming customview-1.1.0.aar (androidx.customview:customview:1.1.0) with ExtractAarTransform
Transforming customview-1.1.0.aar (androidx.customview:customview:1.1.0) with AarTransform
Transforming transition-1.4.1.aar (androidx.transition:transition:1.4.1) with ExtractAarTransform
Transforming transition-1.4.1.aar (androidx.transition:transition:1.4.1) with AarTransform
Transforming window-1.0.0.aar (androidx.window:window:1.0.0) with ExtractAarTransform
Transforming window-1.0.0.aar (androidx.window:window:1.0.0) with AarTransform
Transforming core-1.9.0.aar (androidx.core:core:1.9.0) with ExtractAarTransform
Transforming core-1.9.0.aar (androidx.core:core:1.9.0) with AarTransform
Transforming core-1.9.0.aar (androidx.core:core:1.9.0) with ExtractAarTransform
Transforming core-1.9.0.aar (androidx.core:core:1.9.0) with AarTransform
Transforming cursoradapter-1.0.0.aar (androidx.cursoradapter:cursoradapter:1.0.0) with ExtractAarTransform
Transforming cursoradapter-1.0.0.aar (androidx.cursoradapter:cursoradapter:1.0.0) with AarTransform
Transforming cardview-1.0.0.aar (androidx.cardview:cardview:1.0.0) with ExtractAarTransform
Transforming cardview-1.0.0.aar (androidx.cardview:cardview:1.0.0) with AarTransform
Transforming versionedparcelable-1.1.1.aar (androidx.versionedparcelable:versionedparcelable:1.1.1) with ExtractAarTransform
Transforming versionedparcelable-1.1.1.aar (androidx.versionedparcelable:versionedparcelable:1.1.1) with AarTransform
Transforming profileinstaller-1.3.0.aar (androidx.profileinstaller:profileinstaller:1.3.0) with ExtractAarTransform
Transforming profileinstaller-1.3.0.aar (androidx.profileinstaller:profileinstaller:1.3.0) with AarTransform
Transforming startup-runtime-1.1.1.aar (androidx.startup:startup-runtime:1.1.1) with ExtractAarTransform
Transforming startup-runtime-1.1.1.aar (androidx.startup:startup-runtime:1.1.1) with AarTransform
Transforming tracing-1.0.0.aar (androidx.tracing:tracing:1.0.0) with ExtractAarTransform
Transforming tracing-1.0.0.aar (androidx.tracing:tracing:1.0.0) with AarTransform
Transforming interpolator-1.0.0.aar (androidx.interpolator:interpolator:1.0.0) with ExtractAarTransform
Transforming interpolator-1.0.0.aar (androidx.interpolator:interpolator:1.0.0) with AarTransform
Transforming core-runtime-2.2.0.aar (androidx.arch.core:core-runtime:2.2.0) with ExtractAarTransform
Transforming core-runtime-2.2.0.aar (androidx.arch.core:core-runtime:2.2.0) with AarTransform
Transforming localbroadcastmanager-1.0.0.aar (androidx.localbroadcastmanager:localbroadcastmanager:1.0.0) with ExtractAarTransform
Transforming localbroadcastmanager-1.0.0.aar (androidx.localbroadcastmanager:localbroadcastmanager:1.0.0) with AarTransform
Transforming print-1.0.0.aar (androidx.print:print:1.0.0) with ExtractAarTransform
Transforming print-1.0.0.aar (androidx.print:print:1.0.0) with AarTransform
Transforming annotation-experimental-1.3.0.aar (androidx.annotation:annotation-experimental:1.3.0) with ExtractAarTransform
Transforming annotation-experimental-1.3.0.aar (androidx.annotation:annotation-experimental:1.3.0) with AarTransform
Build cache key for task ':app:processReleaseMainManifest' is fb5b422b4f78f6979774db3dd188dfbb
Task ':app:processReleaseMainManifest' is not up-to-date because:
  No history is available.
Loading library manifest /home/runner/.gradle/caches/transforms-4/5b0b1d407e94ac434f947d7f9f23b22f/transformed/viewbinding-8.6.0/AndroidManifest.xml
Loading library manifest /home/runner/.gradle/caches/transforms-4/fc8034e8a4b3a3f67243f0e3955594cf/transformed/material-1.11.0/AndroidManifest.xml
Loading library manifest /home/runner/.gradle/caches/transforms-4/574cc3ef6ee85c615c639ae7252aece2/transformed/constraintlayout-2.1.4/AndroidManifest.xml
Loading library manifest /home/runner/.gradle/caches/transforms-4/abba2e931d7793c99a4b6b3b6d019638/transformed/preference-1.2.1/AndroidManifest.xml
Loading library manifest /home/runner/.gradle/caches/transforms-4/d4a01b4296d6f9f4bb271e1724d6f0e9/transformed/appcompat-resources-1.6.1/AndroidManifest.xml
Loading library manifest /home/runner/.gradle/caches/transforms-4/126cfddaa9116b79ae4185cd33f21add/transformed/appcompat-1.6.1/AndroidManifest.xml
Loading library manifest /home/runner/.gradle/caches/transforms-4/5f1dd89ad35488e4abd38f9bd9fd5158/transformed/dynamicanimation-1.0.0/AndroidManifest.xml
Loading library manifest /home/runner/.gradle/caches/transforms-4/a8b386c1b0dd93d0ac410cf4ee1aa70a/transformed/legacy-support-core-utils-1.0.0/AndroidManifest.xml
Loading library manifest /home/runner/.gradle/caches/transforms-4/eff25188b8c189ce284b083b7c83172f/transformed/documentfile-1.0.1/AndroidManifest.xml
Loading library manifest /home/runner/.gradle/caches/transforms-4/881d61918d820e326ff5bc99c34d64a9/transformed/emoji2-views-helper-1.2.0/AndroidManifest.xml
Loading library manifest /home/runner/.gradle/caches/transforms-4/6162ee6c1047aff73971de90e57735bd/transformed/emoji2-1.2.0/AndroidManifest.xml
Loading library manifest /home/runner/.gradle/caches/transforms-4/51c5abe7ea4024bc832a1b20ace108ec/transformed/viewpager2-1.0.0/AndroidManifest.xml
Loading library manifest /home/runner/.gradle/caches/transforms-4/a596e7738cc6825226dfc29473d7afdd/transformed/fragment-ktx-1.3.6/AndroidManifest.xml
Loading library manifest /home/runner/.gradle/caches/transforms-4/70423193c0515c908d6e8b92153805dc/transformed/fragment-1.3.6/AndroidManifest.xml
Loading library manifest /home/runner/.gradle/caches/transforms-4/f6a3092fa9c7956dd925cf1dd323773a/transformed/activity-ktx-1.8.0/AndroidManifest.xml
Loading library manifest /home/runner/.gradle/caches/transforms-4/ea19e8fd7ca30a5c34f32d0a66b58d2a/transformed/activity-1.8.0/AndroidManifest.xml
Loading library manifest /home/runner/.gradle/caches/transforms-4/46bbcf6305ff1ae94ba1cd57cd42dc42/transformed/drawerlayout-1.1.1/AndroidManifest.xml
Loading library manifest /home/runner/.gradle/caches/transforms-4/756cb4cf1ab7727eb675b365134f30c5/transformed/coordinatorlayout-1.1.0/AndroidManifest.xml
Loading library manifest /home/runner/.gradle/caches/transforms-4/3752e909bf648eebd25380fd30184124/transformed/vectordrawable-animated-1.1.0/AndroidManifest.xml
Loading library manifest /home/runner/.gradle/caches/transforms-4/79bee0e17dfc4e7b48f70546c07f5afd/transformed/vectordrawable-1.1.0/AndroidManifest.xml
Loading library manifest /home/runner/.gradle/caches/transforms-4/b48b2649e825c10c874d9e15b6a8992f/transformed/slidingpanelayout-1.2.0/AndroidManifest.xml
Loading library manifest /home/runner/.gradle/caches/transforms-4/5079eac20a31ed2e18a52d7506850322/transformed/loader-1.0.0/AndroidManifest.xml
Loading library manifest /home/runner/.gradle/caches/transforms-4/4b49a23be6e977a787000fd27d9f9fb0/transformed/savedstate-ktx-1.2.1/AndroidManifest.xml
Loading library manifest /home/runner/.gradle/caches/transforms-4/1cf707cc33a495dc11f5c8d2e64654fb/transformed/savedstate-1.2.1/AndroidManifest.xml
Loading library manifest /home/runner/.gradle/caches/transforms-4/c8f4079f5c67c1ba88281847d3bffd69/transformed/lifecycle-runtime-ktx-2.6.1/AndroidManifest.xml
Loading library manifest /home/runner/.gradle/caches/transforms-4/56b234506859889509ce5e91ae0cdb13/transformed/lifecycle-viewmodel-ktx-2.6.1/AndroidManifest.xml
Loading library manifest /home/runner/.gradle/caches/transforms-4/2b1665a840575883d559d7e50f810098/transformed/lifecycle-process-2.6.1/AndroidManifest.xml
Loading library manifest /home/runner/.gradle/caches/transforms-4/d6fdb4aa39dc57590e12b55a6658ecb7/transformed/lifecycle-livedata-core-ktx-2.6.1/AndroidManifest.xml
Loading library manifest /home/runner/.gradle/caches/transforms-4/37dc40bf82ea1be52f454a6de40fe7b5/transformed/lifecycle-livedata-core-2.6.1/AndroidManifest.xml
Loading library manifest /home/runner/.gradle/caches/transforms-4/1812e6cb685b8fcf9631e2b43e580d26/transformed/lifecycle-livedata-2.6.1/AndroidManifest.xml
Loading library manifest /home/runner/.gradle/caches/transforms-4/2485c67778741119e341ec2727ca3b86/transformed/lifecycle-viewmodel-2.6.1/AndroidManifest.xml
Loading library manifest /home/runner/.gradle/caches/transforms-4/e05ab6ff22584f1cde86bb8dc7f0668c/transformed/lifecycle-runtime-2.6.1/AndroidManifest.xml
Loading library manifest /home/runner/.gradle/caches/transforms-4/5202279075599ad626e0bde2af3a2d58/transformed/lifecycle-viewmodel-savedstate-2.6.1/AndroidManifest.xml
Loading library manifest /home/runner/.gradle/caches/transforms-4/53cc89d39359fbbb2b0afd0750b03918/transformed/core-ktx-1.9.0/AndroidManifest.xml
Loading library manifest /home/runner/.gradle/caches/transforms-4/1e5e1153bbd623e4c138a24882074a8d/transformed/viewpager-1.0.0/AndroidManifest.xml
Loading library manifest /home/runner/.gradle/caches/transforms-4/4c7797dda3dfe045e3f6c16a36f3a473/transformed/recyclerview-1.1.0/AndroidManifest.xml
Loading library manifest /home/runner/.gradle/caches/transforms-4/34521f5e014d8cf91e75fe60c9e33c23/transformed/customview-1.1.0/AndroidManifest.xml
Loading library manifest /home/runner/.gradle/caches/transforms-4/e140b2940a488f5216c361e5abc06b55/transformed/transition-1.4.1/AndroidManifest.xml
Loading library manifest /home/runner/.gradle/caches/transforms-4/77819546e935e67f40d4320f107e9e8c/transformed/window-1.0.0/AndroidManifest.xml
Loading library manifest /home/runner/.gradle/caches/transforms-4/8e041939abce0e710a826e57596ca780/transformed/core-1.9.0/AndroidManifest.xml
Loading library manifest /home/runner/.gradle/caches/transforms-4/710b0ad1e9cc1807a4b49af0bcb93af9/transformed/cursoradapter-1.0.0/AndroidManifest.xml
Loading library manifest /home/runner/.gradle/caches/transforms-4/9259544171e2d87590d3f24d4465491e/transformed/cardview-1.0.0/AndroidManifest.xml
Loading library manifest /home/runner/.gradle/caches/transforms-4/7223b39ed2f40dd83ad1d76938749e44/transformed/versionedparcelable-1.1.1/AndroidManifest.xml
Loading library manifest /home/runner/.gradle/caches/transforms-4/ffa2d5a5ecf3e2df1e3f9796917a8873/transformed/profileinstaller-1.3.0/AndroidManifest.xml
Loading library manifest /home/runner/.gradle/caches/transforms-4/bd10c00b9a57242f8ebf70bfdff34f10/transformed/startup-runtime-1.1.1/AndroidManifest.xml
Loading library manifest /home/runner/.gradle/caches/transforms-4/41e660498b84dcaaa29e1e0c378f0eea/transformed/tracing-1.0.0/AndroidManifest.xml
Loading library manifest /home/runner/.gradle/caches/transforms-4/ee6c7bbe42d73da06eaece812502d84a/transformed/interpolator-1.0.0/AndroidManifest.xml
Loading library manifest /home/runner/.gradle/caches/transforms-4/eb70754f4bee5451e77378f4ca507fa5/transformed/core-runtime-2.2.0/AndroidManifest.xml
Loading library manifest /home/runner/.gradle/caches/transforms-4/eb08e2e4d617c9c90d9b1318236e664c/transformed/localbroadcastmanager-1.0.0/AndroidManifest.xml
Loading library manifest /home/runner/.gradle/caches/transforms-4/db268430b12b2873bbb7dcd9c4512dfe/transformed/print-1.0.0/AndroidManifest.xml
Loading library manifest /home/runner/.gradle/caches/transforms-4/6c148c982a0f9826d52e9fe6864c005d/transformed/annotation-experimental-1.3.0/AndroidManifest.xml
Merging main manifest /home/runner/work/NearChuckle-android-wip-edition/NearChuckle-android-wip-edition/android/app/src/main/AndroidManifest.xml

Merging library manifest /home/runner/.gradle/caches/transforms-4/5b0b1d407e94ac434f947d7f9f23b22f/transformed/viewbinding-8.6.0/AndroidManifest.xml
Merging manifest with lower [androidx.databinding:viewbinding:8.6.0] AndroidManifest.xml:2:1-7:12
uses-sdk defined in both files...
Merging uses-sdk with lower [androidx.databinding:viewbinding:8.6.0] AndroidManifest.xml:5:5-44
Merging library manifest /home/runner/.gradle/caches/transforms-4/fc8034e8a4b3a3f67243f0e3955594cf/transformed/material-1.11.0/AndroidManifest.xml
Merging manifest with lower [com.google.android.material:material:1.11.0] AndroidManifest.xml:17:1-24:12
uses-sdk defined in both files...
Merging uses-sdk with lower [com.google.android.material:material:1.11.0] AndroidManifest.xml:20:5-44
application defined in both files...
Merging application with lower [com.google.android.material:material:1.11.0] AndroidManifest.xml:22:5-20
Merging library manifest /home/runner/.gradle/caches/transforms-4/574cc3ef6ee85c615c639ae7252aece2/transformed/constraintlayout-2.1.4/AndroidManifest.xml
Merging manifest with lower [androidx.constraintlayout:constraintlayout:2.1.4] AndroidManifest.xml:2:1-11:12
uses-sdk defined in both files...
Merging uses-sdk with lower [androidx.constraintlayout:constraintlayout:2.1.4] AndroidManifest.xml:5:5-7:41
application defined in both files...
Merging application with lower [androidx.constraintlayout:constraintlayout:2.1.4] AndroidManifest.xml:9:5-20
Merging library manifest /home/runner/.gradle/caches/transforms-4/abba2e931d7793c99a4b6b3b6d019638/transformed/preference-1.2.1/AndroidManifest.xml
Merging manifest with lower [androidx.preference:preference:1.2.1] AndroidManifest.xml:17:1-24:12
uses-sdk defined in both files...
Merging uses-sdk with lower [androidx.preference:preference:1.2.1] AndroidManifest.xml:20:5-22:41
Merging library manifest /home/runner/.gradle/caches/transforms-4/d4a01b4296d6f9f4bb271e1724d6f0e9/transformed/appcompat-resources-1.6.1/AndroidManifest.xml
Merging manifest with lower [androidx.appcompat:appcompat-resources:1.6.1] AndroidManifest.xml:17:1-22:12
uses-sdk defined in both files...
Merging uses-sdk with lower [androidx.appcompat:appcompat-resources:1.6.1] AndroidManifest.xml:20:5-44
Merging library manifest /home/runner/.gradle/caches/transforms-4/126cfddaa9116b79ae4185cd33f21add/transformed/appcompat-1.6.1/AndroidManifest.xml
Merging manifest with lower [androidx.appcompat:appcompat:1.6.1] AndroidManifest.xml:17:1-22:12
uses-sdk defined in both files...
Merging uses-sdk with lower [androidx.appcompat:appcompat:1.6.1] AndroidManifest.xml:20:5-44
Merging library manifest /home/runner/.gradle/caches/transforms-4/5f1dd89ad35488e4abd38f9bd9fd5158/transformed/dynamicanimation-1.0.0/AndroidManifest.xml
Merging manifest with lower [androidx.dynamicanimation:dynamicanimation:1.0.0] AndroidManifest.xml:17:1-22:12
uses-sdk defined in both files...
Merging uses-sdk with lower [androidx.dynamicanimation:dynamicanimation:1.0.0] AndroidManifest.xml:20:5-44
Merging library manifest /home/runner/.gradle/caches/transforms-4/a8b386c1b0dd93d0ac410cf4ee1aa70a/transformed/legacy-support-core-utils-1.0.0/AndroidManifest.xml
Merging manifest with lower [androidx.legacy:legacy-support-core-utils:1.0.0] AndroidManifest.xml:17:1-22:12
uses-sdk defined in both files...
Merging uses-sdk with lower [androidx.legacy:legacy-support-core-utils:1.0.0] AndroidManifest.xml:20:5-44
Merging library manifest /home/runner/.gradle/caches/transforms-4/eff25188b8c189ce284b083b7c83172f/transformed/documentfile-1.0.1/AndroidManifest.xml
Merging manifest with lower [androidx.documentfile:documentfile:1.0.1] AndroidManifest.xml:17:1-22:12
uses-sdk defined in both files...
Merging uses-sdk with lower [androidx.documentfile:documentfile:1.0.1] AndroidManifest.xml:20:5-44
Merging library manifest /home/runner/.gradle/caches/transforms-4/881d61918d820e326ff5bc99c34d64a9/transformed/emoji2-views-helper-1.2.0/AndroidManifest.xml
Merging manifest with lower [androidx.emoji2:emoji2-views-helper:1.2.0] AndroidManifest.xml:2:1-7:12
uses-sdk defined in both files...
Merging uses-sdk with lower [androidx.emoji2:emoji2-views-helper:1.2.0] AndroidManifest.xml:5:5-44
Merging library manifest /home/runner/.gradle/caches/transforms-4/6162ee6c1047aff73971de90e57735bd/transformed/emoji2-1.2.0/AndroidManifest.xml
Merging manifest with lower [androidx.emoji2:emoji2:1.2.0] AndroidManifest.xml:17:1-35:12
uses-sdk defined in both files...
Merging uses-sdk with lower [androidx.emoji2:emoji2:1.2.0] AndroidManifest.xml:21:5-44
application defined in both files...
Merging application with lower [androidx.emoji2:emoji2:1.2.0] AndroidManifest.xml:23:5-33:19
Adopted [provider: null]
Merging library manifest /home/runner/.gradle/caches/transforms-4/51c5abe7ea4024bc832a1b20ace108ec/transformed/viewpager2-1.0.0/AndroidManifest.xml
Merging manifest with lower [androidx.viewpager2:viewpager2:1.0.0] AndroidManifest.xml:17:1-24:12
uses-sdk defined in both files...
Merging uses-sdk with lower [androidx.viewpager2:viewpager2:1.0.0] AndroidManifest.xml:20:5-22:41
Merging library manifest /home/runner/.gradle/caches/transforms-4/a596e7738cc6825226dfc29473d7afdd/transformed/fragment-ktx-1.3.6/AndroidManifest.xml
Merging manifest with lower [androidx.fragment:fragment-ktx:1.3.6] AndroidManifest.xml:17:1-24:12
uses-sdk defined in both files...
Merging uses-sdk with lower [androidx.fragment:fragment-ktx:1.3.6] AndroidManifest.xml:20:5-22:41
Merging library manifest /home/runner/.gradle/caches/transforms-4/70423193c0515c908d6e8b92153805dc/transformed/fragment-1.3.6/AndroidManifest.xml
Merging manifest with lower [androidx.fragment:fragment:1.3.6] AndroidManifest.xml:17:1-24:12
uses-sdk defined in both files...
Merging uses-sdk with lower [androidx.fragment:fragment:1.3.6] AndroidManifest.xml:20:5-22:41
Merging library manifest /home/runner/.gradle/caches/transforms-4/f6a3092fa9c7956dd925cf1dd323773a/transformed/activity-ktx-1.8.0/AndroidManifest.xml
Merging manifest with lower [androidx.activity:activity-ktx:1.8.0] AndroidManifest.xml:2:1-7:12
uses-sdk defined in both files...
Merging uses-sdk with lower [androidx.activity:activity-ktx:1.8.0] AndroidManifest.xml:5:5-44
Merging library manifest /home/runner/.gradle/caches/transforms-4/ea19e8fd7ca30a5c34f32d0a66b58d2a/transformed/activity-1.8.0/AndroidManifest.xml
Merging manifest with lower [androidx.activity:activity:1.8.0] AndroidManifest.xml:17:1-22:12
uses-sdk defined in both files...
Merging uses-sdk with lower [androidx.activity:activity:1.8.0] AndroidManifest.xml:20:5-44
Merging library manifest /home/runner/.gradle/caches/transforms-4/46bbcf6305ff1ae94ba1cd57cd42dc42/transformed/drawerlayout-1.1.1/AndroidManifest.xml
Merging manifest with lower [androidx.drawerlayout:drawerlayout:1.1.1] AndroidManifest.xml:17:1-24:12
uses-sdk defined in both files...
Merging uses-sdk with lower [androidx.drawerlayout:drawerlayout:1.1.1] AndroidManifest.xml:20:5-22:41
Merging library manifest /home/runner/.gradle/caches/transforms-4/756cb4cf1ab7727eb675b365134f30c5/transformed/coordinatorlayout-1.1.0/AndroidManifest.xml
Merging manifest with lower [androidx.coordinatorlayout:coordinatorlayout:1.1.0] AndroidManifest.xml:17:1-24:12
uses-sdk defined in both files...
Merging uses-sdk with lower [androidx.coordinatorlayout:coordinatorlayout:1.1.0] AndroidManifest.xml:20:5-22:41
Merging library manifest /home/runner/.gradle/caches/transforms-4/3752e909bf648eebd25380fd30184124/transformed/vectordrawable-animated-1.1.0/AndroidManifest.xml
Merging manifest with lower [androidx.vectordrawable:vectordrawable-animated:1.1.0] AndroidManifest.xml:17:1-24:12
uses-sdk defined in both files...
Merging uses-sdk with lower [androidx.vectordrawable:vectordrawable-animated:1.1.0] AndroidManifest.xml:20:5-22:41
Merging library manifest /home/runner/.gradle/caches/transforms-4/79bee0e17dfc4e7b48f70546c07f5afd/transformed/vectordrawable-1.1.0/AndroidManifest.xml
Merging manifest with lower [androidx.vectordrawable:vectordrawable:1.1.0] AndroidManifest.xml:17:1-24:12
uses-sdk defined in both files...
Merging uses-sdk with lower [androidx.vectordrawable:vectordrawable:1.1.0] AndroidManifest.xml:20:5-22:41
Merging library manifest /home/runner/.gradle/caches/transforms-4/b48b2649e825c10c874d9e15b6a8992f/transformed/slidingpanelayout-1.2.0/AndroidManifest.xml
Merging manifest with lower [androidx.slidingpanelayout:slidingpanelayout:1.2.0] AndroidManifest.xml:17:1-24:12
uses-sdk defined in both files...
Merging uses-sdk with lower [androidx.slidingpanelayout:slidingpanelayout:1.2.0] AndroidManifest.xml:20:5-22:41
Merging library manifest /home/runner/.gradle/caches/transforms-4/5079eac20a31ed2e18a52d7506850322/transformed/loader-1.0.0/AndroidManifest.xml
Merging manifest with lower [androidx.loader:loader:1.0.0] AndroidManifest.xml:17:1-22:12
uses-sdk defined in both files...
Merging uses-sdk with lower [androidx.loader:loader:1.0.0] AndroidManifest.xml:20:5-44
Merging library manifest /home/runner/.gradle/caches/transforms-4/4b49a23be6e977a787000fd27d9f9fb0/transformed/savedstate-ktx-1.2.1/AndroidManifest.xml
Merging manifest with lower [androidx.savedstate:savedstate-ktx:1.2.1] AndroidManifest.xml:17:1-22:12
uses-sdk defined in both files...
Merging uses-sdk with lower [androidx.savedstate:savedstate-ktx:1.2.1] AndroidManifest.xml:20:5-44
Merging library manifest /home/runner/.gradle/caches/transforms-4/1cf707cc33a495dc11f5c8d2e64654fb/transformed/savedstate-1.2.1/AndroidManifest.xml
Merging manifest with lower [androidx.savedstate:savedstate:1.2.1] AndroidManifest.xml:17:1-22:12
uses-sdk defined in both files...
Merging uses-sdk with lower [androidx.savedstate:savedstate:1.2.1] AndroidManifest.xml:20:5-44
Merging library manifest /home/runner/.gradle/caches/transforms-4/c8f4079f5c67c1ba88281847d3bffd69/transformed/lifecycle-runtime-ktx-2.6.1/AndroidManifest.xml
Merging manifest with lower [androidx.lifecycle:lifecycle-runtime-ktx:2.6.1] AndroidManifest.xml:17:1-22:12
uses-sdk defined in both files...
Merging uses-sdk with lower [androidx.lifecycle:lifecycle-runtime-ktx:2.6.1] AndroidManifest.xml:20:5-44
Merging library manifest /home/runner/.gradle/caches/transforms-4/56b234506859889509ce5e91ae0cdb13/transformed/lifecycle-viewmodel-ktx-2.6.1/AndroidManifest.xml
Merging manifest with lower [androidx.lifecycle:lifecycle-viewmodel-ktx:2.6.1] AndroidManifest.xml:17:1-22:12
uses-sdk defined in both files...
Merging uses-sdk with lower [androidx.lifecycle:lifecycle-viewmodel-ktx:2.6.1] AndroidManifest.xml:20:5-44
Merging library manifest /home/runner/.gradle/caches/transforms-4/2b1665a840575883d559d7e50f810098/transformed/lifecycle-process-2.6.1/AndroidManifest.xml
Merging manifest with lower [androidx.lifecycle:lifecycle-process:2.6.1] AndroidManifest.xml:17:1-35:12
uses-sdk defined in both files...
Merging uses-sdk with lower [androidx.lifecycle:lifecycle-process:2.6.1] AndroidManifest.xml:21:5-44
application defined in both files...
Merging application with lower [androidx.lifecycle:lifecycle-process:2.6.1] AndroidManifest.xml:23:5-33:19
provider#androidx.startup.InitializationProvider defined in both files...
Merging provider#androidx.startup.InitializationProvider with lower [androidx.lifecycle:lifecycle-process:2.6.1] AndroidManifest.xml:24:9-32:20
Adopted [meta-data: null]
Merging library manifest /home/runner/.gradle/caches/transforms-4/d6fdb4aa39dc57590e12b55a6658ecb7/transformed/lifecycle-livedata-core-ktx-2.6.1/AndroidManifest.xml
Merging manifest with lower [androidx.lifecycle:lifecycle-livedata-core-ktx:2.6.1] AndroidManifest.xml:17:1-22:12
uses-sdk defined in both files...
Merging uses-sdk with lower [androidx.lifecycle:lifecycle-livedata-core-ktx:2.6.1] AndroidManifest.xml:20:5-44
Merging library manifest /home/runner/.gradle/caches/transforms-4/37dc40bf82ea1be52f454a6de40fe7b5/transformed/lifecycle-livedata-core-2.6.1/AndroidManifest.xml
Merging manifest with lower [androidx.lifecycle:lifecycle-livedata-core:2.6.1] AndroidManifest.xml:17:1-22:12
uses-sdk defined in both files...
Merging uses-sdk with lower [androidx.lifecycle:lifecycle-livedata-core:2.6.1] AndroidManifest.xml:20:5-44
Merging library manifest /home/runner/.gradle/caches/transforms-4/1812e6cb685b8fcf9631e2b43e580d26/transformed/lifecycle-livedata-2.6.1/AndroidManifest.xml
Merging manifest with lower [androidx.lifecycle:lifecycle-livedata:2.6.1] AndroidManifest.xml:17:1-22:12
uses-sdk defined in both files...
Merging uses-sdk with lower [androidx.lifecycle:lifecycle-livedata:2.6.1] AndroidManifest.xml:20:5-44
Merging library manifest /home/runner/.gradle/caches/transforms-4/2485c67778741119e341ec2727ca3b86/transformed/lifecycle-viewmodel-2.6.1/AndroidManifest.xml
Merging manifest with lower [androidx.lifecycle:lifecycle-viewmodel:2.6.1] AndroidManifest.xml:17:1-22:12
uses-sdk defined in both files...
Merging uses-sdk with lower [androidx.lifecycle:lifecycle-viewmodel:2.6.1] AndroidManifest.xml:20:5-44
Merging library manifest /home/runner/.gradle/caches/transforms-4/e05ab6ff22584f1cde86bb8dc7f0668c/transformed/lifecycle-runtime-2.6.1/AndroidManifest.xml
Merging manifest with lower [androidx.lifecycle:lifecycle-runtime:2.6.1] AndroidManifest.xml:2:1-7:12
uses-sdk defined in both files...
Merging uses-sdk with lower [androidx.lifecycle:lifecycle-runtime:2.6.1] AndroidManifest.xml:5:5-44
Merging library manifest /home/runner/.gradle/caches/transforms-4/5202279075599ad626e0bde2af3a2d58/transformed/lifecycle-viewmodel-savedstate-2.6.1/AndroidManifest.xml
Merging manifest with lower [androidx.lifecycle:lifecycle-viewmodel-savedstate:2.6.1] AndroidManifest.xml:17:1-22:12
uses-sdk defined in both files...
Merging uses-sdk with lower [androidx.lifecycle:lifecycle-viewmodel-savedstate:2.6.1] AndroidManifest.xml:20:5-44
Merging library manifest /home/runner/.gradle/caches/transforms-4/53cc89d39359fbbb2b0afd0750b03918/transformed/core-ktx-1.9.0/AndroidManifest.xml
Merging manifest with lower [androidx.core:core-ktx:1.9.0] AndroidManifest.xml:2:1-7:12
uses-sdk defined in both files...
Merging uses-sdk with lower [androidx.core:core-ktx:1.9.0] AndroidManifest.xml:5:5-44
Merging library manifest /home/runner/.gradle/caches/transforms-4/1e5e1153bbd623e4c138a24882074a8d/transformed/viewpager-1.0.0/AndroidManifest.xml
Merging manifest with lower [androidx.viewpager:viewpager:1.0.0] AndroidManifest.xml:17:1-22:12
uses-sdk defined in both files...
Merging uses-sdk with lower [androidx.viewpager:viewpager:1.0.0] AndroidManifest.xml:20:5-44
Merging library manifest /home/runner/.gradle/caches/transforms-4/4c7797dda3dfe045e3f6c16a36f3a473/transformed/recyclerview-1.1.0/AndroidManifest.xml
Merging manifest with lower [androidx.recyclerview:recyclerview:1.1.0] AndroidManifest.xml:17:1-24:12
uses-sdk defined in both files...
Merging uses-sdk with lower [androidx.recyclerview:recyclerview:1.1.0] AndroidManifest.xml:20:5-22:41
Merging library manifest /home/runner/.gradle/caches/transforms-4/34521f5e014d8cf91e75fe60c9e33c23/transformed/customview-1.1.0/AndroidManifest.xml
Merging manifest with lower [androidx.customview:customview:1.1.0] AndroidManifest.xml:17:1-24:12
uses-sdk defined in both files...
Merging uses-sdk with lower [androidx.customview:customview:1.1.0] AndroidManifest.xml:20:5-22:41
Merging library manifest /home/runner/.gradle/caches/transforms-4/e140b2940a488f5216c361e5abc06b55/transformed/transition-1.4.1/AndroidManifest.xml
Merging manifest with lower [androidx.transition:transition:1.4.1] AndroidManifest.xml:17:1-24:12
uses-sdk defined in both files...
Merging uses-sdk with lower [androidx.transition:transition:1.4.1] AndroidManifest.xml:20:5-22:41
Merging library manifest /home/runner/.gradle/caches/transforms-4/77819546e935e67f40d4320f107e9e8c/transformed/window-1.0.0/AndroidManifest.xml
Merging manifest with lower [androidx.window:window:1.0.0] AndroidManifest.xml:17:1-33:12
uses-sdk defined in both files...
Merging uses-sdk with lower [androidx.window:window:1.0.0] AndroidManifest.xml:20:5-22:41
application defined in both files...
Merging application with lower [androidx.window:window:1.0.0] AndroidManifest.xml:24:5-31:19
Adopted [uses-library: null]
Adopted [uses-library: null]
Merging library manifest /home/runner/.gradle/caches/transforms-4/8e041939abce0e710a826e57596ca780/transformed/core-1.9.0/AndroidManifest.xml
Merging manifest with lower [androidx.core:core:1.9.0] AndroidManifest.xml:17:1-30:12
uses-sdk defined in both files...
Merging uses-sdk with lower [androidx.core:core:1.9.0] AndroidManifest.xml:20:5-44
Adopted [permission: null]
Adopted [uses-permission: null]
application defined in both files...
Merging application with lower [androidx.core:core:1.9.0] AndroidManifest.xml:28:5-89
Merging library manifest /home/runner/.gradle/caches/transforms-4/710b0ad1e9cc1807a4b49af0bcb93af9/transformed/cursoradapter-1.0.0/AndroidManifest.xml
Merging manifest with lower [androidx.cursoradapter:cursoradapter:1.0.0] AndroidManifest.xml:17:1-22:12
uses-sdk defined in both files...
Merging uses-sdk with lower [androidx.cursoradapter:cursoradapter:1.0.0] AndroidManifest.xml:20:5-44
Merging library manifest /home/runner/.gradle/caches/transforms-4/9259544171e2d87590d3f24d4465491e/transformed/cardview-1.0.0/AndroidManifest.xml
Merging manifest with lower [androidx.cardview:cardview:1.0.0] AndroidManifest.xml:17:1-22:12
uses-sdk defined in both files...
Merging uses-sdk with lower [androidx.cardview:cardview:1.0.0] AndroidManifest.xml:20:5-44
Merging library manifest /home/runner/.gradle/caches/transforms-4/7223b39ed2f40dd83ad1d76938749e44/transformed/versionedparcelable-1.1.1/AndroidManifest.xml
Merging manifest with lower [androidx.versionedparcelable:versionedparcelable:1.1.1] AndroidManifest.xml:17:1-27:12
uses-sdk defined in both files...
Merging uses-sdk with lower [androidx.versionedparcelable:versionedparcelable:1.1.1] AndroidManifest.xml:20:5-22:41
application defined in both files...
Merging application with lower [androidx.versionedparcelable:versionedparcelable:1.1.1] AndroidManifest.xml:24:5-25:19
Merging library manifest /home/runner/.gradle/caches/transforms-4/ffa2d5a5ecf3e2df1e3f9796917a8873/transformed/profileinstaller-1.3.0/AndroidManifest.xml
Merging manifest with lower [androidx.profileinstaller:profileinstaller:1.3.0] AndroidManifest.xml:17:1-55:12
uses-sdk defined in both files...
Merging uses-sdk with lower [androidx.profileinstaller:profileinstaller:1.3.0] AndroidManifest.xml:21:5-44
application defined in both files...
Merging application with lower [androidx.profileinstaller:profileinstaller:1.3.0] AndroidManifest.xml:23:5-53:19
provider#androidx.startup.InitializationProvider defined in both files...
Merging provider#androidx.startup.InitializationProvider with lower [androidx.profileinstaller:profileinstaller:1.3.0] AndroidManifest.xml:24:9-32:20
Adopted [meta-data: null]
Adopted [receiver: null]
Merging library manifest /home/runner/.gradle/caches/transforms-4/bd10c00b9a57242f8ebf70bfdff34f10/transformed/startup-runtime-1.1.1/AndroidManifest.xml
Merging manifest with lower [androidx.startup:startup-runtime:1.1.1] AndroidManifest.xml:17:1-33:12
uses-sdk defined in both files...
Merging uses-sdk with lower [androidx.startup:startup-runtime:1.1.1] AndroidManifest.xml:21:5-23:41
application defined in both files...
Merging application with lower [androidx.startup:startup-runtime:1.1.1] AndroidManifest.xml:25:5-31:19
provider#androidx.startup.InitializationProvider defined in both files...
Merging provider#androidx.startup.InitializationProvider with lower [androidx.startup:startup-runtime:1.1.1] AndroidManifest.xml:26:9-30:34
Merging library manifest /home/runner/.gradle/caches/transforms-4/41e660498b84dcaaa29e1e0c378f0eea/transformed/tracing-1.0.0/AndroidManifest.xml
Merging manifest with lower [androidx.tracing:tracing:1.0.0] AndroidManifest.xml:17:1-24:12
uses-sdk defined in both files...
Merging uses-sdk with lower [androidx.tracing:tracing:1.0.0] AndroidManifest.xml:20:5-22:41
Merging library manifest /home/runner/.gradle/caches/transforms-4/ee6c7bbe42d73da06eaece812502d84a/transformed/interpolator-1.0.0/AndroidManifest.xml
Merging manifest with lower [androidx.interpolator:interpolator:1.0.0] AndroidManifest.xml:17:1-22:12
uses-sdk defined in both files...
Merging uses-sdk with lower [androidx.interpolator:interpolator:1.0.0] AndroidManifest.xml:20:5-44
Merging library manifest /home/runner/.gradle/caches/transforms-4/eb70754f4bee5451e77378f4ca507fa5/transformed/core-runtime-2.2.0/AndroidManifest.xml
Merging manifest with lower [androidx.arch.core:core-runtime:2.2.0] AndroidManifest.xml:17:1-22:12
uses-sdk defined in both files...
Merging uses-sdk with lower [androidx.arch.core:core-runtime:2.2.0] AndroidManifest.xml:20:5-44
Merging library manifest /home/runner/.gradle/caches/transforms-4/eb08e2e4d617c9c90d9b1318236e664c/transformed/localbroadcastmanager-1.0.0/AndroidManifest.xml
Merging manifest with lower [androidx.localbroadcastmanager:localbroadcastmanager:1.0.0] AndroidManifest.xml:17:1-22:12
uses-sdk defined in both files...
Merging uses-sdk with lower [androidx.localbroadcastmanager:localbroadcastmanager:1.0.0] AndroidManifest.xml:20:5-44
Merging library manifest /home/runner/.gradle/caches/transforms-4/db268430b12b2873bbb7dcd9c4512dfe/transformed/print-1.0.0/AndroidManifest.xml
Merging manifest with lower [androidx.print:print:1.0.0] AndroidManifest.xml:17:1-22:12
uses-sdk defined in both files...
Merging uses-sdk with lower [androidx.print:print:1.0.0] AndroidManifest.xml:20:5-44
Merging library manifest /home/runner/.gradle/caches/transforms-4/6c148c982a0f9826d52e9fe6864c005d/transformed/annotation-experimental-1.3.0/AndroidManifest.xml
Merging manifest with lower [androidx.annotation:annotation-experimental:1.3.0] AndroidManifest.xml:17:1-22:12
uses-sdk defined in both files...
Merging uses-sdk with lower [androidx.annotation:annotation-experimental:1.3.0] AndroidManifest.xml:20:5-44
Merging result: WARNING
/home/runner/work/NearChuckle-android-wip-edition/NearChuckle-android-wip-edition/android/app/src/main/AndroidManifest.xml:30:9-41 Warning:
	android:extractNativeLibs should not be specified in this source AndroidManifest.xml file. See https://d.android.com/guide/topics/manifest/application-element#extractNativeLibs for more information.
The AGP Upgrade Assistant can remove the attribute from the AndroidManifest.xml file and update the build file accordingly. See https://d.android.com/studio/build/agp-upgrade-assistant for more information.
-- Merging decision tree log ---
manifest
ADDED from /home/runner/work/NearChuckle-android-wip-edition/NearChuckle-android-wip-edition/android/app/src/main/AndroidManifest.xml:2:1-76:12
INJECTED from /home/runner/work/NearChuckle-android-wip-edition/NearChuckle-android-wip-edition/android/app/src/main/AndroidManifest.xml:2:1-76:12
INJECTED from /home/runner/work/NearChuckle-android-wip-edition/NearChuckle-android-wip-edition/android/app/src/main/AndroidManifest.xml:2:1-76:12
INJECTED from /home/runner/work/NearChuckle-android-wip-edition/NearChuckle-android-wip-edition/android/app/src/main/AndroidManifest.xml:2:1-76:12
MERGED from [androidx.databinding:viewbinding:8.6.0] /home/runner/.gradle/caches/transforms-4/5b0b1d407e94ac434f947d7f9f23b22f/transformed/viewbinding-8.6.0/AndroidManifest.xml:2:1-7:12
MERGED from [com.google.android.material:material:1.11.0] /home/runner/.gradle/caches/transforms-4/fc8034e8a4b3a3f67243f0e3955594cf/transformed/material-1.11.0/AndroidManifest.xml:17:1-24:12
MERGED from [androidx.constraintlayout:constraintlayout:2.1.4] /home/runner/.gradle/caches/transforms-4/574cc3ef6ee85c615c639ae7252aece2/transformed/constraintlayout-2.1.4/AndroidManifest.xml:2:1-11:12
MERGED from [androidx.preference:preference:1.2.1] /home/runner/.gradle/caches/transforms-4/abba2e931d7793c99a4b6b3b6d019638/transformed/preference-1.2.1/AndroidManifest.xml:17:1-24:12
MERGED from [androidx.appcompat:appcompat-resources:1.6.1] /home/runner/.gradle/caches/transforms-4/d4a01b4296d6f9f4bb271e1724d6f0e9/transformed/appcompat-resources-1.6.1/AndroidManifest.xml:17:1-22:12
MERGED from [androidx.appcompat:appcompat:1.6.1] /home/runner/.gradle/caches/transforms-4/126cfddaa9116b79ae4185cd33f21add/transformed/appcompat-1.6.1/AndroidManifest.xml:17:1-22:12
MERGED from [androidx.dynamicanimation:dynamicanimation:1.0.0] /home/runner/.gradle/caches/transforms-4/5f1dd89ad35488e4abd38f9bd9fd5158/transformed/dynamicanimation-1.0.0/AndroidManifest.xml:17:1-22:12
MERGED from [androidx.legacy:legacy-support-core-utils:1.0.0] /home/runner/.gradle/caches/transforms-4/a8b386c1b0dd93d0ac410cf4ee1aa70a/transformed/legacy-support-core-utils-1.0.0/AndroidManifest.xml:17:1-22:12
MERGED from [androidx.documentfile:documentfile:1.0.1] /home/runner/.gradle/caches/transforms-4/eff25188b8c189ce284b083b7c83172f/transformed/documentfile-1.0.1/AndroidManifest.xml:17:1-22:12
MERGED from [androidx.emoji2:emoji2-views-helper:1.2.0] /home/runner/.gradle/caches/transforms-4/881d61918d820e326ff5bc99c34d64a9/transformed/emoji2-views-helper-1.2.0/AndroidManifest.xml:2:1-7:12
MERGED from [androidx.emoji2:emoji2:1.2.0] /home/runner/.gradle/caches/transforms-4/6162ee6c1047aff73971de90e57735bd/transformed/emoji2-1.2.0/AndroidManifest.xml:17:1-35:12
MERGED from [androidx.viewpager2:viewpager2:1.0.0] /home/runner/.gradle/caches/transforms-4/51c5abe7ea4024bc832a1b20ace108ec/transformed/viewpager2-1.0.0/AndroidManifest.xml:17:1-24:12
MERGED from [androidx.fragment:fragment-ktx:1.3.6] /home/runner/.gradle/caches/transforms-4/a596e7738cc6825226dfc29473d7afdd/transformed/fragment-ktx-1.3.6/AndroidManifest.xml:17:1-24:12
MERGED from [androidx.fragment:fragment:1.3.6] /home/runner/.gradle/caches/transforms-4/70423193c0515c908d6e8b92153805dc/transformed/fragment-1.3.6/AndroidManifest.xml:17:1-24:12
MERGED from [androidx.activity:activity-ktx:1.8.0] /home/runner/.gradle/caches/transforms-4/f6a3092fa9c7956dd925cf1dd323773a/transformed/activity-ktx-1.8.0/AndroidManifest.xml:2:1-7:12
MERGED from [androidx.activity:activity:1.8.0] /home/runner/.gradle/caches/transforms-4/ea19e8fd7ca30a5c34f32d0a66b58d2a/transformed/activity-1.8.0/AndroidManifest.xml:17:1-22:12
MERGED from [androidx.drawerlayout:drawerlayout:1.1.1] /home/runner/.gradle/caches/transforms-4/46bbcf6305ff1ae94ba1cd57cd42dc42/transformed/drawerlayout-1.1.1/AndroidManifest.xml:17:1-24:12
MERGED from [androidx.coordinatorlayout:coordinatorlayout:1.1.0] /home/runner/.gradle/caches/transforms-4/756cb4cf1ab7727eb675b365134f30c5/transformed/coordinatorlayout-1.1.0/AndroidManifest.xml:17:1-24:12
MERGED from [androidx.vectordrawable:vectordrawable-animated:1.1.0] /home/runner/.gradle/caches/transforms-4/3752e909bf648eebd25380fd30184124/transformed/vectordrawable-animated-1.1.0/AndroidManifest.xml:17:1-24:12
MERGED from [androidx.vectordrawable:vectordrawable:1.1.0] /home/runner/.gradle/caches/transforms-4/79bee0e17dfc4e7b48f70546c07f5afd/transformed/vectordrawable-1.1.0/AndroidManifest.xml:17:1-24:12
MERGED from [androidx.slidingpanelayout:slidingpanelayout:1.2.0] /home/runner/.gradle/caches/transforms-4/b48b2649e825c10c874d9e15b6a8992f/transformed/slidingpanelayout-1.2.0/AndroidManifest.xml:17:1-24:12
MERGED from [androidx.loader:loader:1.0.0] /home/runner/.gradle/caches/transforms-4/5079eac20a31ed2e18a52d7506850322/transformed/loader-1.0.0/AndroidManifest.xml:17:1-22:12
MERGED from [androidx.savedstate:savedstate-ktx:1.2.1] /home/runner/.gradle/caches/transforms-4/4b49a23be6e977a787000fd27d9f9fb0/transformed/savedstate-ktx-1.2.1/AndroidManifest.xml:17:1-22:12
MERGED from [androidx.savedstate:savedstate:1.2.1] /home/runner/.gradle/caches/transforms-4/1cf707cc33a495dc11f5c8d2e64654fb/transformed/savedstate-1.2.1/AndroidManifest.xml:17:1-22:12
MERGED from [androidx.lifecycle:lifecycle-runtime-ktx:2.6.1] /home/runner/.gradle/caches/transforms-4/c8f4079f5c67c1ba88281847d3bffd69/transformed/lifecycle-runtime-ktx-2.6.1/AndroidManifest.xml:17:1-22:12
MERGED from [androidx.lifecycle:lifecycle-viewmodel-ktx:2.6.1] /home/runner/.gradle/caches/transforms-4/56b234506859889509ce5e91ae0cdb13/transformed/lifecycle-viewmodel-ktx-2.6.1/AndroidManifest.xml:17:1-22:12
MERGED from [androidx.lifecycle:lifecycle-process:2.6.1] /home/runner/.gradle/caches/transforms-4/2b1665a840575883d559d7e50f810098/transformed/lifecycle-process-2.6.1/AndroidManifest.xml:17:1-35:12
MERGED from [androidx.lifecycle:lifecycle-livedata-core-ktx:2.6.1] /home/runner/.gradle/caches/transforms-4/d6fdb4aa39dc57590e12b55a6658ecb7/transformed/lifecycle-livedata-core-ktx-2.6.1/AndroidManifest.xml:17:1-22:12
MERGED from [androidx.lifecycle:lifecycle-livedata-core:2.6.1] /home/runner/.gradle/caches/transforms-4/37dc40bf82ea1be52f454a6de40fe7b5/transformed/lifecycle-livedata-core-2.6.1/AndroidManifest.xml:17:1-22:12
MERGED from [androidx.lifecycle:lifecycle-livedata:2.6.1] /home/runner/.gradle/caches/transforms-4/1812e6cb685b8fcf9631e2b43e580d26/transformed/lifecycle-livedata-2.6.1/AndroidManifest.xml:17:1-22:12
MERGED from [androidx.lifecycle:lifecycle-viewmodel:2.6.1] /home/runner/.gradle/caches/transforms-4/2485c67778741119e341ec2727ca3b86/transformed/lifecycle-viewmodel-2.6.1/AndroidManifest.xml:17:1-22:12
MERGED from [androidx.lifecycle:lifecycle-runtime:2.6.1] /home/runner/.gradle/caches/transforms-4/e05ab6ff22584f1cde86bb8dc7f0668c/transformed/lifecycle-runtime-2.6.1/AndroidManifest.xml:2:1-7:12
MERGED from [androidx.lifecycle:lifecycle-viewmodel-savedstate:2.6.1] /home/runner/.gradle/caches/transforms-4/5202279075599ad626e0bde2af3a2d58/transformed/lifecycle-viewmodel-savedstate-2.6.1/AndroidManifest.xml:17:1-22:12
MERGED from [androidx.core:core-ktx:1.9.0] /home/runner/.gradle/caches/transforms-4/53cc89d39359fbbb2b0afd0750b03918/transformed/core-ktx-1.9.0/AndroidManifest.xml:2:1-7:12
MERGED from [androidx.viewpager:viewpager:1.0.0] /home/runner/.gradle/caches/transforms-4/1e5e1153bbd623e4c138a24882074a8d/transformed/viewpager-1.0.0/AndroidManifest.xml:17:1-22:12
MERGED from [androidx.recyclerview:recyclerview:1.1.0] /home/runner/.gradle/caches/transforms-4/4c7797dda3dfe045e3f6c16a36f3a473/transformed/recyclerview-1.1.0/AndroidManifest.xml:17:1-24:12
MERGED from [androidx.customview:customview:1.1.0] /home/runner/.gradle/caches/transforms-4/34521f5e014d8cf91e75fe60c9e33c23/transformed/customview-1.1.0/AndroidManifest.xml:17:1-24:12
MERGED from [androidx.transition:transition:1.4.1] /home/runner/.gradle/caches/transforms-4/e140b2940a488f5216c361e5abc06b55/transformed/transition-1.4.1/AndroidManifest.xml:17:1-24:12
MERGED from [androidx.window:window:1.0.0] /home/runner/.gradle/caches/transforms-4/77819546e935e67f40d4320f107e9e8c/transformed/window-1.0.0/AndroidManifest.xml:17:1-33:12
MERGED from [androidx.core:core:1.9.0] /home/runner/.gradle/caches/transforms-4/8e041939abce0e710a826e57596ca780/transformed/core-1.9.0/AndroidManifest.xml:17:1-30:12
MERGED from [androidx.cursoradapter:cursoradapter:1.0.0] /home/runner/.gradle/caches/transforms-4/710b0ad1e9cc1807a4b49af0bcb93af9/transformed/cursoradapter-1.0.0/AndroidManifest.xml:17:1-22:12
MERGED from [androidx.cardview:cardview:1.0.0] /home/runner/.gradle/caches/transforms-4/9259544171e2d87590d3f24d4465491e/transformed/cardview-1.0.0/AndroidManifest.xml:17:1-22:12
MERGED from [androidx.versionedparcelable:versionedparcelable:1.1.1] /home/runner/.gradle/caches/transforms-4/7223b39ed2f40dd83ad1d76938749e44/transformed/versionedparcelable-1.1.1/AndroidManifest.xml:17:1-27:12
MERGED from [androidx.profileinstaller:profileinstaller:1.3.0] /home/runner/.gradle/caches/transforms-4/ffa2d5a5ecf3e2df1e3f9796917a8873/transformed/profileinstaller-1.3.0/AndroidManifest.xml:17:1-55:12
MERGED from [androidx.startup:startup-runtime:1.1.1] /home/runner/.gradle/caches/transforms-4/bd10c00b9a57242f8ebf70bfdff34f10/transformed/startup-runtime-1.1.1/AndroidManifest.xml:17:1-33:12
MERGED from [androidx.tracing:tracing:1.0.0] /home/runner/.gradle/caches/transforms-4/41e660498b84dcaaa29e1e0c378f0eea/transformed/tracing-1.0.0/AndroidManifest.xml:17:1-24:12
MERGED from [androidx.interpolator:interpolator:1.0.0] /home/runner/.gradle/caches/transforms-4/ee6c7bbe42d73da06eaece812502d84a/transformed/interpolator-1.0.0/AndroidManifest.xml:17:1-22:12
MERGED from [androidx.arch.core:core-runtime:2.2.0] /home/runner/.gradle/caches/transforms-4/eb70754f4bee5451e77378f4ca507fa5/transformed/core-runtime-2.2.0/AndroidManifest.xml:17:1-22:12
MERGED from [androidx.localbroadcastmanager:localbroadcastmanager:1.0.0] /home/runner/.gradle/caches/transforms-4/eb08e2e4d617c9c90d9b1318236e664c/transformed/localbroadcastmanager-1.0.0/AndroidManifest.xml:17:1-22:12
MERGED from [androidx.print:print:1.0.0] /home/runner/.gradle/caches/transforms-4/db268430b12b2873bbb7dcd9c4512dfe/transformed/print-1.0.0/AndroidManifest.xml:17:1-22:12
MERGED from [androidx.annotation:annotation-experimental:1.3.0] /home/runner/.gradle/caches/transforms-4/6c148c982a0f9826d52e9fe6864c005d/transformed/annotation-experimental-1.3.0/AndroidManifest.xml:17:1-22:12
	package
		INJECTED from /home/runner/work/NearChuckle-android-wip-edition/NearChuckle-android-wip-edition/android/app/src/main/AndroidManifest.xml
	android:versionName
		INJECTED from /home/runner/work/NearChuckle-android-wip-edition/NearChuckle-android-wip-edition/android/app/src/main/AndroidManifest.xml
	xmlns:tools
		ADDED from /home/runner/work/NearChuckle-android-wip-edition/NearChuckle-android-wip-edition/android/app/src/main/AndroidManifest.xml:3:5-51
	android:versionCode
		INJECTED from /home/runner/work/NearChuckle-android-wip-edition/NearChuckle-android-wip-edition/android/app/src/main/AndroidManifest.xml
	xmlns:android
		ADDED from /home/runner/work/NearChuckle-android-wip-edition/NearChuckle-android-wip-edition/android/app/src/main/AndroidManifest.xml:2:11-69
uses-permission#android.permission.INTERNET
ADDED from /home/runner/work/NearChuckle-android-wip-edition/NearChuckle-android-wip-edition/android/app/src/main/AndroidManifest.xml:6:5-67
	android:name
		ADDED from /home/runner/work/NearChuckle-android-wip-edition/NearChuckle-android-wip-edition/android/app/src/main/AndroidManifest.xml:6:22-64
uses-permission#android.permission.VIBRATE
ADDED from /home/runner/work/NearChuckle-android-wip-edition/NearChuckle-android-wip-edition/android/app/src/main/AndroidManifest.xml:7:5-66
	android:name
		ADDED from /home/runner/work/NearChuckle-android-wip-edition/NearChuckle-android-wip-edition/android/app/src/main/AndroidManifest.xml:7:22-63
uses-permission#android.permission.WAKE_LOCK
ADDED from /home/runner/work/NearChuckle-android-wip-edition/NearChuckle-android-wip-edition/android/app/src/main/AndroidManifest.xml:8:5-68
	android:name
		ADDED from /home/runner/work/NearChuckle-android-wip-edition/NearChuckle-android-wip-edition/android/app/src/main/AndroidManifest.xml:8:22-65
uses-permission#android.permission.READ_EXTERNAL_STORAGE
ADDED from /home/runner/work/NearChuckle-android-wip-edition/NearChuckle-android-wip-edition/android/app/src/main/AndroidManifest.xml:10:5-107
	android:maxSdkVersion
		ADDED from /home/runner/work/NearChuckle-android-wip-edition/NearChuckle-android-wip-edition/android/app/src/main/AndroidManifest.xml:10:78-104
	android:name
		ADDED from /home/runner/work/NearChuckle-android-wip-edition/NearChuckle-android-wip-edition/android/app/src/main/AndroidManifest.xml:10:22-77
uses-permission#android.permission.WRITE_EXTERNAL_STORAGE
ADDED from /home/runner/work/NearChuckle-android-wip-edition/NearChuckle-android-wip-edition/android/app/src/main/AndroidManifest.xml:11:5-137
	android:maxSdkVersion
		ADDED from /home/runner/work/NearChuckle-android-wip-edition/NearChuckle-android-wip-edition/android/app/src/main/AndroidManifest.xml:11:79-105
	tools:ignore
		ADDED from /home/runner/work/NearChuckle-android-wip-edition/NearChuckle-android-wip-edition/android/app/src/main/AndroidManifest.xml:11:106-134
	android:name
		ADDED from /home/runner/work/NearChuckle-android-wip-edition/NearChuckle-android-wip-edition/android/app/src/main/AndroidManifest.xml:11:22-78
uses-permission#android.permission.READ_MEDIA_IMAGES
ADDED from /home/runner/work/NearChuckle-android-wip-edition/NearChuckle-android-wip-edition/android/app/src/main/AndroidManifest.xml:12:5-76
	android:name
		ADDED from /home/runner/work/NearChuckle-android-wip-edition/NearChuckle-android-wip-edition/android/app/src/main/AndroidManifest.xml:12:22-73
uses-permission#android.permission.FOREGROUND_SERVICE
ADDED from /home/runner/work/NearChuckle-android-wip-edition/NearChuckle-android-wip-edition/android/app/src/main/AndroidManifest.xml:14:5-77
	android:name
		ADDED from /home/runner/work/NearChuckle-android-wip-edition/NearChuckle-android-wip-edition/android/app/src/main/AndroidManifest.xml:14:22-74
uses-feature#0x00030000
ADDED from /home/runner/work/NearChuckle-android-wip-edition/NearChuckle-android-wip-edition/android/app/src/main/AndroidManifest.xml:16:5-78
	android:glEsVersion
		ADDED from /home/runner/work/NearChuckle-android-wip-edition/NearChuckle-android-wip-edition/android/app/src/main/AndroidManifest.xml:16:19-51
	android:required
		ADDED from /home/runner/work/NearChuckle-android-wip-edition/NearChuckle-android-wip-edition/android/app/src/main/AndroidManifest.xml:16:52-75
uses-feature#android.hardware.touchscreen.multitouch
ADDED from /home/runner/work/NearChuckle-android-wip-edition/NearChuckle-android-wip-edition/android/app/src/main/AndroidManifest.xml:17:5-101
	android:required
		ADDED from /home/runner/work/NearChuckle-android-wip-edition/NearChuckle-android-wip-edition/android/app/src/main/AndroidManifest.xml:17:74-98
	android:name
		ADDED from /home/runner/work/NearChuckle-android-wip-edition/NearChuckle-android-wip-edition/android/app/src/main/AndroidManifest.xml:17:19-73
uses-feature#android.hardware.touchscreen.multitouch.distinct
ADDED from /home/runner/work/NearChuckle-android-wip-edition/NearChuckle-android-wip-edition/android/app/src/main/AndroidManifest.xml:18:5-110
	android:required
		ADDED from /home/runner/work/NearChuckle-android-wip-edition/NearChuckle-android-wip-edition/android/app/src/main/AndroidManifest.xml:18:83-107
	android:name
		ADDED from /home/runner/work/NearChuckle-android-wip-edition/NearChuckle-android-wip-edition/android/app/src/main/AndroidManifest.xml:18:19-82
uses-feature#android.hardware.gamepad
ADDED from /home/runner/work/NearChuckle-android-wip-edition/NearChuckle-android-wip-edition/android/app/src/main/AndroidManifest.xml:19:5-86
	android:required
		ADDED from /home/runner/work/NearChuckle-android-wip-edition/NearChuckle-android-wip-edition/android/app/src/main/AndroidManifest.xml:19:59-83
	android:name
		ADDED from /home/runner/work/NearChuckle-android-wip-edition/NearChuckle-android-wip-edition/android/app/src/main/AndroidManifest.xml:19:19-58
application
ADDED from /home/runner/work/NearChuckle-android-wip-edition/NearChuckle-android-wip-edition/android/app/src/main/AndroidManifest.xml:21:5-68:19
MERGED from [com.google.android.material:material:1.11.0] /home/runner/.gradle/caches/transforms-4/fc8034e8a4b3a3f67243f0e3955594cf/transformed/material-1.11.0/AndroidManifest.xml:22:5-20
MERGED from [com.google.android.material:material:1.11.0] /home/runner/.gradle/caches/transforms-4/fc8034e8a4b3a3f67243f0e3955594cf/transformed/material-1.11.0/AndroidManifest.xml:22:5-20
MERGED from [androidx.constraintlayout:constraintlayout:2.1.4] /home/runner/.gradle/caches/transforms-4/574cc3ef6ee85c615c639ae7252aece2/transformed/constraintlayout-2.1.4/AndroidManifest.xml:9:5-20
MERGED from [androidx.constraintlayout:constraintlayout:2.1.4] /home/runner/.gradle/caches/transforms-4/574cc3ef6ee85c615c639ae7252aece2/transformed/constraintlayout-2.1.4/AndroidManifest.xml:9:5-20
MERGED from [androidx.emoji2:emoji2:1.2.0] /home/runner/.gradle/caches/transforms-4/6162ee6c1047aff73971de90e57735bd/transformed/emoji2-1.2.0/AndroidManifest.xml:23:5-33:19
MERGED from [androidx.emoji2:emoji2:1.2.0] /home/runner/.gradle/caches/transforms-4/6162ee6c1047aff73971de90e57735bd/transformed/emoji2-1.2.0/AndroidManifest.xml:23:5-33:19
MERGED from [androidx.lifecycle:lifecycle-process:2.6.1] /home/runner/.gradle/caches/transforms-4/2b1665a840575883d559d7e50f810098/transformed/lifecycle-process-2.6.1/AndroidManifest.xml:23:5-33:19
MERGED from [androidx.lifecycle:lifecycle-process:2.6.1] /home/runner/.gradle/caches/transforms-4/2b1665a840575883d559d7e50f810098/transformed/lifecycle-process-2.6.1/AndroidManifest.xml:23:5-33:19
MERGED from [androidx.window:window:1.0.0] /home/runner/.gradle/caches/transforms-4/77819546e935e67f40d4320f107e9e8c/transformed/window-1.0.0/AndroidManifest.xml:24:5-31:19
MERGED from [androidx.window:window:1.0.0] /home/runner/.gradle/caches/transforms-4/77819546e935e67f40d4320f107e9e8c/transformed/window-1.0.0/AndroidManifest.xml:24:5-31:19
MERGED from [androidx.core:core:1.9.0] /home/runner/.gradle/caches/transforms-4/8e041939abce0e710a826e57596ca780/transformed/core-1.9.0/AndroidManifest.xml:28:5-89
MERGED from [androidx.core:core:1.9.0] /home/runner/.gradle/caches/transforms-4/8e041939abce0e710a826e57596ca780/transformed/core-1.9.0/AndroidManifest.xml:28:5-89
MERGED from [androidx.versionedparcelable:versionedparcelable:1.1.1] /home/runner/.gradle/caches/transforms-4/7223b39ed2f40dd83ad1d76938749e44/transformed/versionedparcelable-1.1.1/AndroidManifest.xml:24:5-25:19
MERGED from [androidx.versionedparcelable:versionedparcelable:1.1.1] /home/runner/.gradle/caches/transforms-4/7223b39ed2f40dd83ad1d76938749e44/transformed/versionedparcelable-1.1.1/AndroidManifest.xml:24:5-25:19
MERGED from [androidx.profileinstaller:profileinstaller:1.3.0] /home/runner/.gradle/caches/transforms-4/ffa2d5a5ecf3e2df1e3f9796917a8873/transformed/profileinstaller-1.3.0/AndroidManifest.xml:23:5-53:19
MERGED from [androidx.profileinstaller:profileinstaller:1.3.0] /home/runner/.gradle/caches/transforms-4/ffa2d5a5ecf3e2df1e3f9796917a8873/transformed/profileinstaller-1.3.0/AndroidManifest.xml:23:5-53:19
MERGED from [androidx.startup:startup-runtime:1.1.1] /home/runner/.gradle/caches/transforms-4/bd10c00b9a57242f8ebf70bfdff34f10/transformed/startup-runtime-1.1.1/AndroidManifest.xml:25:5-31:19
MERGED from [androidx.startup:startup-runtime:1.1.1] /home/runner/.gradle/caches/transforms-4/bd10c00b9a57242f8ebf70bfdff34f10/transformed/startup-runtime-1.1.1/AndroidManifest.xml:25:5-31:19
	android:requestLegacyExternalStorage
		ADDED from /home/runner/work/NearChuckle-android-wip-edition/NearChuckle-android-wip-edition/android/app/src/main/AndroidManifest.xml:28:9-52
	android:preserveLegacyExternalStorage
		ADDED from /home/runner/work/NearChuckle-android-wip-edition/NearChuckle-android-wip-edition/android/app/src/main/AndroidManifest.xml:29:9-53
	android:extractNativeLibs
		ADDED from /home/runner/work/NearChuckle-android-wip-edition/NearChuckle-android-wip-edition/android/app/src/main/AndroidManifest.xml:30:9-41
	android:appComponentFactory
		ADDED from [androidx.core:core:1.9.0] /home/runner/.gradle/caches/transforms-4/8e041939abce0e710a826e57596ca780/transformed/core-1.9.0/AndroidManifest.xml:28:18-86
	android:label
		ADDED from /home/runner/work/NearChuckle-android-wip-edition/NearChuckle-android-wip-edition/android/app/src/main/AndroidManifest.xml:25:9-41
	android:hardwareAccelerated
		ADDED from /home/runner/work/NearChuckle-android-wip-edition/NearChuckle-android-wip-edition/android/app/src/main/AndroidManifest.xml:27:9-43
	android:roundIcon
		ADDED from /home/runner/work/NearChuckle-android-wip-edition/NearChuckle-android-wip-edition/android/app/src/main/AndroidManifest.xml:24:9-54
	tools:targetApi
		ADDED from /home/runner/work/NearChuckle-android-wip-edition/NearChuckle-android-wip-edition/android/app/src/main/AndroidManifest.xml:31:9-29
	android:icon
		ADDED from /home/runner/work/NearChuckle-android-wip-edition/NearChuckle-android-wip-edition/android/app/src/main/AndroidManifest.xml:23:9-43
	android:allowBackup
		ADDED from /home/runner/work/NearChuckle-android-wip-edition/NearChuckle-android-wip-edition/android/app/src/main/AndroidManifest.xml:22:9-35
	android:theme
		ADDED from /home/runner/work/NearChuckle-android-wip-edition/NearChuckle-android-wip-edition/android/app/src/main/AndroidManifest.xml:26:9-49
activity#com.nearchuckle.farcry.LauncherActivity
ADDED from /home/runner/work/NearChuckle-android-wip-edition/NearChuckle-android-wip-edition/android/app/src/main/AndroidManifest.xml:34:9-44:20
	android:screenOrientation
		ADDED from /home/runner/work/NearChuckle-android-wip-edition/NearChuckle-android-wip-edition/android/app/src/main/AndroidManifest.xml:37:13-49
	android:launchMode
		ADDED from /home/runner/work/NearChuckle-android-wip-edition/NearChuckle-android-wip-edition/android/app/src/main/AndroidManifest.xml:39:13-43
	android:exported
		ADDED from /home/runner/work/NearChuckle-android-wip-edition/NearChuckle-android-wip-edition/android/app/src/main/AndroidManifest.xml:36:13-36
	android:configChanges
		ADDED from /home/runner/work/NearChuckle-android-wip-edition/NearChuckle-android-wip-edition/android/app/src/main/AndroidManifest.xml:38:13-74
	android:name
		ADDED from /home/runner/work/NearChuckle-android-wip-edition/NearChuckle-android-wip-edition/android/app/src/main/AndroidManifest.xml:35:13-45
intent-filter#action:name:android.intent.action.MAIN+category:name:android.intent.category.LAUNCHER
ADDED from /home/runner/work/NearChuckle-android-wip-edition/NearChuckle-android-wip-edition/android/app/src/main/AndroidManifest.xml:40:13-43:29
action#android.intent.action.MAIN
ADDED from /home/runner/work/NearChuckle-android-wip-edition/NearChuckle-android-wip-edition/android/app/src/main/AndroidManifest.xml:41:17-69
	android:name
		ADDED from /home/runner/work/NearChuckle-android-wip-edition/NearChuckle-android-wip-edition/android/app/src/main/AndroidManifest.xml:41:25-66
category#android.intent.category.LAUNCHER
ADDED from /home/runner/work/NearChuckle-android-wip-edition/NearChuckle-android-wip-edition/android/app/src/main/AndroidManifest.xml:42:17-77
	android:name
		ADDED from /home/runner/work/NearChuckle-android-wip-edition/NearChuckle-android-wip-edition/android/app/src/main/AndroidManifest.xml:42:27-74
activity#com.nearchuckle.farcry.GameActivity
ADDED from /home/runner/work/NearChuckle-android-wip-edition/NearChuckle-android-wip-edition/android/app/src/main/AndroidManifest.xml:47:9-58:20
	android:screenOrientation
		ADDED from /home/runner/work/NearChuckle-android-wip-edition/NearChuckle-android-wip-edition/android/app/src/main/AndroidManifest.xml:50:13-56
	android:launchMode
		ADDED from /home/runner/work/NearChuckle-android-wip-edition/NearChuckle-android-wip-edition/android/app/src/main/AndroidManifest.xml:54:13-44
	android:hardwareAccelerated
		ADDED from /home/runner/work/NearChuckle-android-wip-edition/NearChuckle-android-wip-edition/android/app/src/main/AndroidManifest.xml:52:13-47
	android:exported
		ADDED from /home/runner/work/NearChuckle-android-wip-edition/NearChuckle-android-wip-edition/android/app/src/main/AndroidManifest.xml:49:13-37
	android:keepScreenOn
		ADDED from /home/runner/work/NearChuckle-android-wip-edition/NearChuckle-android-wip-edition/android/app/src/main/AndroidManifest.xml:53:13-40
	android:immersive
		ADDED from /home/runner/work/NearChuckle-android-wip-edition/NearChuckle-android-wip-edition/android/app/src/main/AndroidManifest.xml:55:13-37
	android:configChanges
		ADDED from /home/runner/work/NearChuckle-android-wip-edition/NearChuckle-android-wip-edition/android/app/src/main/AndroidManifest.xml:51:13-130
	android:name
		ADDED from /home/runner/work/NearChuckle-android-wip-edition/NearChuckle-android-wip-edition/android/app/src/main/AndroidManifest.xml:48:13-41
meta-data#com.google.android.angle.GameAngle
ADDED from /home/runner/work/NearChuckle-android-wip-edition/NearChuckle-android-wip-edition/android/app/src/main/AndroidManifest.xml:57:13-99
	android:value
		ADDED from /home/runner/work/NearChuckle-android-wip-edition/NearChuckle-android-wip-edition/android/app/src/main/AndroidManifest.xml:57:74-96
	android:name
		ADDED from /home/runner/work/NearChuckle-android-wip-edition/NearChuckle-android-wip-edition/android/app/src/main/AndroidManifest.xml:57:24-73
activity#com.nearchuckle.farcry.FilePickerActivity
ADDED from /home/runner/work/NearChuckle-android-wip-edition/NearChuckle-android-wip-edition/android/app/src/main/AndroidManifest.xml:61:9-64:63
	android:exported
		ADDED from /home/runner/work/NearChuckle-android-wip-edition/NearChuckle-android-wip-edition/android/app/src/main/AndroidManifest.xml:63:13-37
	android:theme
		ADDED from /home/runner/work/NearChuckle-android-wip-edition/NearChuckle-android-wip-edition/android/app/src/main/AndroidManifest.xml:64:13-60
	android:name
		ADDED from /home/runner/work/NearChuckle-android-wip-edition/NearChuckle-android-wip-edition/android/app/src/main/AndroidManifest.xml:62:13-47
meta-data#android.game_mode_config
ADDED from /home/runner/work/NearChuckle-android-wip-edition/NearChuckle-android-wip-edition/android/app/src/main/AndroidManifest.xml:66:9-140
	android:resource
		ADDED from /home/runner/work/NearChuckle-android-wip-edition/NearChuckle-android-wip-edition/android/app/src/main/AndroidManifest.xml:66:60-100
	tools:ignore
		ADDED from /home/runner/work/NearChuckle-android-wip-edition/NearChuckle-android-wip-edition/android/app/src/main/AndroidManifest.xml:66:101-138
	android:name
		ADDED from /home/runner/work/NearChuckle-android-wip-edition/NearChuckle-android-wip-edition/android/app/src/main/AndroidManifest.xml:66:20-59
queries
ADDED from /home/runner/work/NearChuckle-android-wip-edition/NearChuckle-android-wip-edition/android/app/src/main/AndroidManifest.xml:70:5-74:15
intent#action:name:android.intent.action.OPEN_DOCUMENT_TREE
ADDED from /home/runner/work/NearChuckle-android-wip-edition/NearChuckle-android-wip-edition/android/app/src/main/AndroidManifest.xml:71:9-73:18
action#android.intent.action.OPEN_DOCUMENT_TREE
ADDED from /home/runner/work/NearChuckle-android-wip-edition/NearChuckle-android-wip-edition/android/app/src/main/AndroidManifest.xml:72:13-79
	android:name
		ADDED from /home/runner/work/NearChuckle-android-wip-edition/NearChuckle-android-wip-edition/android/app/src/main/AndroidManifest.xml:72:21-76
uses-sdk
INJECTED from /home/runner/work/NearChuckle-android-wip-edition/NearChuckle-android-wip-edition/android/app/src/main/AndroidManifest.xml reason: use-sdk injection requested
INJECTED from /home/runner/work/NearChuckle-android-wip-edition/NearChuckle-android-wip-edition/android/app/src/main/AndroidManifest.xml
INJECTED from /home/runner/work/NearChuckle-android-wip-edition/NearChuckle-android-wip-edition/android/app/src/main/AndroidManifest.xml
MERGED from [androidx.databinding:viewbinding:8.6.0] /home/runner/.gradle/caches/transforms-4/5b0b1d407e94ac434f947d7f9f23b22f/transformed/viewbinding-8.6.0/AndroidManifest.xml:5:5-44
MERGED from [androidx.databinding:viewbinding:8.6.0] /home/runner/.gradle/caches/transforms-4/5b0b1d407e94ac434f947d7f9f23b22f/transformed/viewbinding-8.6.0/AndroidManifest.xml:5:5-44
MERGED from [com.google.android.material:material:1.11.0] /home/runner/.gradle/caches/transforms-4/fc8034e8a4b3a3f67243f0e3955594cf/transformed/material-1.11.0/AndroidManifest.xml:20:5-44
MERGED from [com.google.android.material:material:1.11.0] /home/runner/.gradle/caches/transforms-4/fc8034e8a4b3a3f67243f0e3955594cf/transformed/material-1.11.0/AndroidManifest.xml:20:5-44
MERGED from [androidx.constraintlayout:constraintlayout:2.1.4] /home/runner/.gradle/caches/transforms-4/574cc3ef6ee85c615c639ae7252aece2/transformed/constraintlayout-2.1.4/AndroidManifest.xml:5:5-7:41
MERGED from [androidx.constraintlayout:constraintlayout:2.1.4] /home/runner/.gradle/caches/transforms-4/574cc3ef6ee85c615c639ae7252aece2/transformed/constraintlayout-2.1.4/AndroidManifest.xml:5:5-7:41
MERGED from [androidx.preference:preference:1.2.1] /home/runner/.gradle/caches/transforms-4/abba2e931d7793c99a4b6b3b6d019638/transformed/preference-1.2.1/AndroidManifest.xml:20:5-22:41
MERGED from [androidx.preference:preference:1.2.1] /home/runner/.gradle/caches/transforms-4/abba2e931d7793c99a4b6b3b6d019638/transformed/preference-1.2.1/AndroidManifest.xml:20:5-22:41
MERGED from [androidx.appcompat:appcompat-resources:1.6.1] /home/runner/.gradle/caches/transforms-4/d4a01b4296d6f9f4bb271e1724d6f0e9/transformed/appcompat-resources-1.6.1/AndroidManifest.xml:20:5-44
MERGED from [androidx.appcompat:appcompat-resources:1.6.1] /home/runner/.gradle/caches/transforms-4/d4a01b4296d6f9f4bb271e1724d6f0e9/transformed/appcompat-resources-1.6.1/AndroidManifest.xml:20:5-44
MERGED from [androidx.appcompat:appcompat:1.6.1] /home/runner/.gradle/caches/transforms-4/126cfddaa9116b79ae4185cd33f21add/transformed/appcompat-1.6.1/AndroidManifest.xml:20:5-44
MERGED from [androidx.appcompat:appcompat:1.6.1] /home/runner/.gradle/caches/transforms-4/126cfddaa9116b79ae4185cd33f21add/transformed/appcompat-1.6.1/AndroidManifest.xml:20:5-44
MERGED from [androidx.dynamicanimation:dynamicanimation:1.0.0] /home/runner/.gradle/caches/transforms-4/5f1dd89ad35488e4abd38f9bd9fd5158/transformed/dynamicanimation-1.0.0/AndroidManifest.xml:20:5-44
MERGED from [androidx.dynamicanimation:dynamicanimation:1.0.0] /home/runner/.gradle/caches/transforms-4/5f1dd89ad35488e4abd38f9bd9fd5158/transformed/dynamicanimation-1.0.0/AndroidManifest.xml:20:5-44
MERGED from [androidx.legacy:legacy-support-core-utils:1.0.0] /home/runner/.gradle/caches/transforms-4/a8b386c1b0dd93d0ac410cf4ee1aa70a/transformed/legacy-support-core-utils-1.0.0/AndroidManifest.xml:20:5-44
MERGED from [androidx.legacy:legacy-support-core-utils:1.0.0] /home/runner/.gradle/caches/transforms-4/a8b386c1b0dd93d0ac410cf4ee1aa70a/transformed/legacy-support-core-utils-1.0.0/AndroidManifest.xml:20:5-44
MERGED from [androidx.documentfile:documentfile:1.0.1] /home/runner/.gradle/caches/transforms-4/eff25188b8c189ce284b083b7c83172f/transformed/documentfile-1.0.1/AndroidManifest.xml:20:5-44
MERGED from [androidx.documentfile:documentfile:1.0.1] /home/runner/.gradle/caches/transforms-4/eff25188b8c189ce284b083b7c83172f/transformed/documentfile-1.0.1/AndroidManifest.xml:20:5-44
MERGED from [androidx.emoji2:emoji2-views-helper:1.2.0] /home/runner/.gradle/caches/transforms-4/881d61918d820e326ff5bc99c34d64a9/transformed/emoji2-views-helper-1.2.0/AndroidManifest.xml:5:5-44
MERGED from [androidx.emoji2:emoji2-views-helper:1.2.0] /home/runner/.gradle/caches/transforms-4/881d61918d820e326ff5bc99c34d64a9/transformed/emoji2-views-helper-1.2.0/AndroidManifest.xml:5:5-44
MERGED from [androidx.emoji2:emoji2:1.2.0] /home/runner/.gradle/caches/transforms-4/6162ee6c1047aff73971de90e57735bd/transformed/emoji2-1.2.0/AndroidManifest.xml:21:5-44
MERGED from [androidx.emoji2:emoji2:1.2.0] /home/runner/.gradle/caches/transforms-4/6162ee6c1047aff73971de90e57735bd/transformed/emoji2-1.2.0/AndroidManifest.xml:21:5-44
MERGED from [androidx.viewpager2:viewpager2:1.0.0] /home/runner/.gradle/caches/transforms-4/51c5abe7ea4024bc832a1b20ace108ec/transformed/viewpager2-1.0.0/AndroidManifest.xml:20:5-22:41
MERGED from [androidx.viewpager2:viewpager2:1.0.0] /home/runner/.gradle/caches/transforms-4/51c5abe7ea4024bc832a1b20ace108ec/transformed/viewpager2-1.0.0/AndroidManifest.xml:20:5-22:41
MERGED from [androidx.fragment:fragment-ktx:1.3.6] /home/runner/.gradle/caches/transforms-4/a596e7738cc6825226dfc29473d7afdd/transformed/fragment-ktx-1.3.6/AndroidManifest.xml:20:5-22:41
MERGED from [androidx.fragment:fragment-ktx:1.3.6] /home/runner/.gradle/caches/transforms-4/a596e7738cc6825226dfc29473d7afdd/transformed/fragment-ktx-1.3.6/AndroidManifest.xml:20:5-22:41
MERGED from [androidx.fragment:fragment:1.3.6] /home/runner/.gradle/caches/transforms-4/70423193c0515c908d6e8b92153805dc/transformed/fragment-1.3.6/AndroidManifest.xml:20:5-22:41
MERGED from [androidx.fragment:fragment:1.3.6] /home/runner/.gradle/caches/transforms-4/70423193c0515c908d6e8b92153805dc/transformed/fragment-1.3.6/AndroidManifest.xml:20:5-22:41
MERGED from [androidx.activity:activity-ktx:1.8.0] /home/runner/.gradle/caches/transforms-4/f6a3092fa9c7956dd925cf1dd323773a/transformed/activity-ktx-1.8.0/AndroidManifest.xml:5:5-44
MERGED from [androidx.activity:activity-ktx:1.8.0] /home/runner/.gradle/caches/transforms-4/f6a3092fa9c7956dd925cf1dd323773a/transformed/activity-ktx-1.8.0/AndroidManifest.xml:5:5-44
MERGED from [androidx.activity:activity:1.8.0] /home/runner/.gradle/caches/transforms-4/ea19e8fd7ca30a5c34f32d0a66b58d2a/transformed/activity-1.8.0/AndroidManifest.xml:20:5-44
MERGED from [androidx.activity:activity:1.8.0] /home/runner/.gradle/caches/transforms-4/ea19e8fd7ca30a5c34f32d0a66b58d2a/transformed/activity-1.8.0/AndroidManifest.xml:20:5-44
MERGED from [androidx.drawerlayout:drawerlayout:1.1.1] /home/runner/.gradle/caches/transforms-4/46bbcf6305ff1ae94ba1cd57cd42dc42/transformed/drawerlayout-1.1.1/AndroidManifest.xml:20:5-22:41
MERGED from [androidx.drawerlayout:drawerlayout:1.1.1] /home/runner/.gradle/caches/transforms-4/46bbcf6305ff1ae94ba1cd57cd42dc42/transformed/drawerlayout-1.1.1/AndroidManifest.xml:20:5-22:41
MERGED from [androidx.coordinatorlayout:coordinatorlayout:1.1.0] /home/runner/.gradle/caches/transforms-4/756cb4cf1ab7727eb675b365134f30c5/transformed/coordinatorlayout-1.1.0/AndroidManifest.xml:20:5-22:41
MERGED from [androidx.coordinatorlayout:coordinatorlayout:1.1.0] /home/runner/.gradle/caches/transforms-4/756cb4cf1ab7727eb675b365134f30c5/transformed/coordinatorlayout-1.1.0/AndroidManifest.xml:20:5-22:41
MERGED from [androidx.vectordrawable:vectordrawable-animated:1.1.0] /home/runner/.gradle/caches/transforms-4/3752e909bf648eebd25380fd30184124/transformed/vectordrawable-animated-1.1.0/AndroidManifest.xml:20:5-22:41
MERGED from [androidx.vectordrawable:vectordrawable-animated:1.1.0] /home/runner/.gradle/caches/transforms-4/3752e909bf648eebd25380fd30184124/transformed/vectordrawable-animated-1.1.0/AndroidManifest.xml:20:5-22:41
MERGED from [androidx.vectordrawable:vectordrawable:1.1.0] /home/runner/.gradle/caches/transforms-4/79bee0e17dfc4e7b48f70546c07f5afd/transformed/vectordrawable-1.1.0/AndroidManifest.xml:20:5-22:41
MERGED from [androidx.vectordrawable:vectordrawable:1.1.0] /home/runner/.gradle/caches/transforms-4/79bee0e17dfc4e7b48f70546c07f5afd/transformed/vectordrawable-1.1.0/AndroidManifest.xml:20:5-22:41
MERGED from [androidx.slidingpanelayout:slidingpanelayout:1.2.0] /home/runner/.gradle/caches/transforms-4/b48b2649e825c10c874d9e15b6a8992f/transformed/slidingpanelayout-1.2.0/AndroidManifest.xml:20:5-22:41
MERGED from [androidx.slidingpanelayout:slidingpanelayout:1.2.0] /home/runner/.gradle/caches/transforms-4/b48b2649e825c10c874d9e15b6a8992f/transformed/slidingpanelayout-1.2.0/AndroidManifest.xml:20:5-22:41
MERGED from [androidx.loader:loader:1.0.0] /home/runner/.gradle/caches/transforms-4/5079eac20a31ed2e18a52d7506850322/transformed/loader-1.0.0/AndroidManifest.xml:20:5-44
MERGED from [androidx.loader:loader:1.0.0] /home/runner/.gradle/caches/transforms-4/5079eac20a31ed2e18a52d7506850322/transformed/loader-1.0.0/AndroidManifest.xml:20:5-44
MERGED from [androidx.savedstate:savedstate-ktx:1.2.1] /home/runner/.gradle/caches/transforms-4/4b49a23be6e977a787000fd27d9f9fb0/transformed/savedstate-ktx-1.2.1/AndroidManifest.xml:20:5-44
MERGED from [androidx.savedstate:savedstate-ktx:1.2.1] /home/runner/.gradle/caches/transforms-4/4b49a23be6e977a787000fd27d9f9fb0/transformed/savedstate-ktx-1.2.1/AndroidManifest.xml:20:5-44
MERGED from [androidx.savedstate:savedstate:1.2.1] /home/runner/.gradle/caches/transforms-4/1cf707cc33a495dc11f5c8d2e64654fb/transformed/savedstate-1.2.1/AndroidManifest.xml:20:5-44
MERGED from [androidx.savedstate:savedstate:1.2.1] /home/runner/.gradle/caches/transforms-4/1cf707cc33a495dc11f5c8d2e64654fb/transformed/savedstate-1.2.1/AndroidManifest.xml:20:5-44
MERGED from [androidx.lifecycle:lifecycle-runtime-ktx:2.6.1] /home/runner/.gradle/caches/transforms-4/c8f4079f5c67c1ba88281847d3bffd69/transformed/lifecycle-runtime-ktx-2.6.1/AndroidManifest.xml:20:5-44
MERGED from [androidx.lifecycle:lifecycle-runtime-ktx:2.6.1] /home/runner/.gradle/caches/transforms-4/c8f4079f5c67c1ba88281847d3bffd69/transformed/lifecycle-runtime-ktx-2.6.1/AndroidManifest.xml:20:5-44
MERGED from [androidx.lifecycle:lifecycle-viewmodel-ktx:2.6.1] /home/runner/.gradle/caches/transforms-4/56b234506859889509ce5e91ae0cdb13/transformed/lifecycle-viewmodel-ktx-2.6.1/AndroidManifest.xml:20:5-44
MERGED from [androidx.lifecycle:lifecycle-viewmodel-ktx:2.6.1] /home/runner/.gradle/caches/transforms-4/56b234506859889509ce5e91ae0cdb13/transformed/lifecycle-viewmodel-ktx-2.6.1/AndroidManifest.xml:20:5-44
MERGED from [androidx.lifecycle:lifecycle-process:2.6.1] /home/runner/.gradle/caches/transforms-4/2b1665a840575883d559d7e50f810098/transformed/lifecycle-process-2.6.1/AndroidManifest.xml:21:5-44
MERGED from [androidx.lifecycle:lifecycle-process:2.6.1] /home/runner/.gradle/caches/transforms-4/2b1665a840575883d559d7e50f810098/transformed/lifecycle-process-2.6.1/AndroidManifest.xml:21:5-44
MERGED from [androidx.lifecycle:lifecycle-livedata-core-ktx:2.6.1] /home/runner/.gradle/caches/transforms-4/d6fdb4aa39dc57590e12b55a6658ecb7/transformed/lifecycle-livedata-core-ktx-2.6.1/AndroidManifest.xml:20:5-44
MERGED from [androidx.lifecycle:lifecycle-livedata-core-ktx:2.6.1] /home/runner/.gradle/caches/transforms-4/d6fdb4aa39dc57590e12b55a6658ecb7/transformed/lifecycle-livedata-core-ktx-2.6.1/AndroidManifest.xml:20:5-44
MERGED from [androidx.lifecycle:lifecycle-livedata-core:2.6.1] /home/runner/.gradle/caches/transforms-4/37dc40bf82ea1be52f454a6de40fe7b5/transformed/lifecycle-livedata-core-2.6.1/AndroidManifest.xml:20:5-44
MERGED from [androidx.lifecycle:lifecycle-livedata-core:2.6.1] /home/runner/.gradle/caches/transforms-4/37dc40bf82ea1be52f454a6de40fe7b5/transformed/lifecycle-livedata-core-2.6.1/AndroidManifest.xml:20:5-44
MERGED from [androidx.lifecycle:lifecycle-livedata:2.6.1] /home/runner/.gradle/caches/transforms-4/1812e6cb685b8fcf9631e2b43e580d26/transformed/lifecycle-livedata-2.6.1/AndroidManifest.xml:20:5-44
MERGED from [androidx.lifecycle:lifecycle-livedata:2.6.1] /home/runner/.gradle/caches/transforms-4/1812e6cb685b8fcf9631e2b43e580d26/transformed/lifecycle-livedata-2.6.1/AndroidManifest.xml:20:5-44
MERGED from [androidx.lifecycle:lifecycle-viewmodel:2.6.1] /home/runner/.gradle/caches/transforms-4/2485c67778741119e341ec2727ca3b86/transformed/lifecycle-viewmodel-2.6.1/AndroidManifest.xml:20:5-44
MERGED from [androidx.lifecycle:lifecycle-viewmodel:2.6.1] /home/runner/.gradle/caches/transforms-4/2485c67778741119e341ec2727ca3b86/transformed/lifecycle-viewmodel-2.6.1/AndroidManifest.xml:20:5-44
MERGED from [androidx.lifecycle:lifecycle-runtime:2.6.1] /home/runner/.gradle/caches/transforms-4/e05ab6ff22584f1cde86bb8dc7f0668c/transformed/lifecycle-runtime-2.6.1/AndroidManifest.xml:5:5-44
MERGED from [androidx.lifecycle:lifecycle-runtime:2.6.1] /home/runner/.gradle/caches/transforms-4/e05ab6ff22584f1cde86bb8dc7f0668c/transformed/lifecycle-runtime-2.6.1/AndroidManifest.xml:5:5-44
MERGED from [androidx.lifecycle:lifecycle-viewmodel-savedstate:2.6.1] /home/runner/.gradle/caches/transforms-4/5202279075599ad626e0bde2af3a2d58/transformed/lifecycle-viewmodel-savedstate-2.6.1/AndroidManifest.xml:20:5-44
MERGED from [androidx.lifecycle:lifecycle-viewmodel-savedstate:2.6.1] /home/runner/.gradle/caches/transforms-4/5202279075599ad626e0bde2af3a2d58/transformed/lifecycle-viewmodel-savedstate-2.6.1/AndroidManifest.xml:20:5-44
MERGED from [androidx.core:core-ktx:1.9.0] /home/runner/.gradle/caches/transforms-4/53cc89d39359fbbb2b0afd0750b03918/transformed/core-ktx-1.9.0/AndroidManifest.xml:5:5-44
MERGED from [androidx.core:core-ktx:1.9.0] /home/runner/.gradle/caches/transforms-4/53cc89d39359fbbb2b0afd0750b03918/transformed/core-ktx-1.9.0/AndroidManifest.xml:5:5-44
MERGED from [androidx.viewpager:viewpager:1.0.0] /home/runner/.gradle/caches/transforms-4/1e5e1153bbd623e4c138a24882074a8d/transformed/viewpager-1.0.0/AndroidManifest.xml:20:5-44
MERGED from [androidx.viewpager:viewpager:1.0.0] /home/runner/.gradle/caches/transforms-4/1e5e1153bbd623e4c138a24882074a8d/transformed/viewpager-1.0.0/AndroidManifest.xml:20:5-44
MERGED from [androidx.recyclerview:recyclerview:1.1.0] /home/runner/.gradle/caches/transforms-4/4c7797dda3dfe045e3f6c16a36f3a473/transformed/recyclerview-1.1.0/AndroidManifest.xml:20:5-22:41
MERGED from [androidx.recyclerview:recyclerview:1.1.0] /home/runner/.gradle/caches/transforms-4/4c7797dda3dfe045e3f6c16a36f3a473/transformed/recyclerview-1.1.0/AndroidManifest.xml:20:5-22:41
MERGED from [androidx.customview:customview:1.1.0] /home/runner/.gradle/caches/transforms-4/34521f5e014d8cf91e75fe60c9e33c23/transformed/customview-1.1.0/AndroidManifest.xml:20:5-22:41
MERGED from [androidx.customview:customview:1.1.0] /home/runner/.gradle/caches/transforms-4/34521f5e014d8cf91e75fe60c9e33c23/transformed/customview-1.1.0/AndroidManifest.xml:20:5-22:41
MERGED from [androidx.transition:transition:1.4.1] /home/runner/.gradle/caches/transforms-4/e140b2940a488f5216c361e5abc06b55/transformed/transition-1.4.1/AndroidManifest.xml:20:5-22:41
MERGED from [androidx.transition:transition:1.4.1] /home/runner/.gradle/caches/transforms-4/e140b2940a488f5216c361e5abc06b55/transformed/transition-1.4.1/AndroidManifest.xml:20:5-22:41
MERGED from [androidx.window:window:1.0.0] /home/runner/.gradle/caches/transforms-4/77819546e935e67f40d4320f107e9e8c/transformed/window-1.0.0/AndroidManifest.xml:20:5-22:41
MERGED from [androidx.window:window:1.0.0] /home/runner/.gradle/caches/transforms-4/77819546e935e67f40d4320f107e9e8c/transformed/window-1.0.0/AndroidManifest.xml:20:5-22:41
MERGED from [androidx.core:core:1.9.0] /home/runner/.gradle/caches/transforms-4/8e041939abce0e710a826e57596ca780/transformed/core-1.9.0/AndroidManifest.xml:20:5-44
MERGED from [androidx.core:core:1.9.0] /home/runner/.gradle/caches/transforms-4/8e041939abce0e710a826e57596ca780/transformed/core-1.9.0/AndroidManifest.xml:20:5-44
MERGED from [androidx.cursoradapter:cursoradapter:1.0.0] /home/runner/.gradle/caches/transforms-4/710b0ad1e9cc1807a4b49af0bcb93af9/transformed/cursoradapter-1.0.0/AndroidManifest.xml:20:5-44
MERGED from [androidx.cursoradapter:cursoradapter:1.0.0] /home/runner/.gradle/caches/transforms-4/710b0ad1e9cc1807a4b49af0bcb93af9/transformed/cursoradapter-1.0.0/AndroidManifest.xml:20:5-44
MERGED from [androidx.cardview:cardview:1.0.0] /home/runner/.gradle/caches/transforms-4/9259544171e2d87590d3f24d4465491e/transformed/cardview-1.0.0/AndroidManifest.xml:20:5-44
MERGED from [androidx.cardview:cardview:1.0.0] /home/runner/.gradle/caches/transforms-4/9259544171e2d87590d3f24d4465491e/transformed/cardview-1.0.0/AndroidManifest.xml:20:5-44
MERGED from [androidx.versionedparcelable:versionedparcelable:1.1.1] /home/runner/.gradle/caches/transforms-4/7223b39ed2f40dd83ad1d76938749e44/transformed/versionedparcelable-1.1.1/AndroidManifest.xml:20:5-22:41
MERGED from [androidx.versionedparcelable:versionedparcelable:1.1.1] /home/runner/.gradle/caches/transforms-4/7223b39ed2f40dd83ad1d76938749e44/transformed/versionedparcelable-1.1.1/AndroidManifest.xml:20:5-22:41
MERGED from [androidx.profileinstaller:profileinstaller:1.3.0] /home/runner/.gradle/caches/transforms-4/ffa2d5a5ecf3e2df1e3f9796917a8873/transformed/profileinstaller-1.3.0/AndroidManifest.xml:21:5-44
MERGED from [androidx.profileinstaller:profileinstaller:1.3.0] /home/runner/.gradle/caches/transforms-4/ffa2d5a5ecf3e2df1e3f9796917a8873/transformed/profileinstaller-1.3.0/AndroidManifest.xml:21:5-44
MERGED from [androidx.startup:startup-runtime:1.1.1] /home/runner/.gradle/caches/transforms-4/bd10c00b9a57242f8ebf70bfdff34f10/transformed/startup-runtime-1.1.1/AndroidManifest.xml:21:5-23:41
MERGED from [androidx.startup:startup-runtime:1.1.1] /home/runner/.gradle/caches/transforms-4/bd10c00b9a57242f8ebf70bfdff34f10/transformed/startup-runtime-1.1.1/AndroidManifest.xml:21:5-23:41
MERGED from [androidx.tracing:tracing:1.0.0] /home/runner/.gradle/caches/transforms-4/41e660498b84dcaaa29e1e0c378f0eea/transformed/tracing-1.0.0/AndroidManifest.xml:20:5-22:41
MERGED from [androidx.tracing:tracing:1.0.0] /home/runner/.gradle/caches/transforms-4/41e660498b84dcaaa29e1e0c378f0eea/transformed/tracing-1.0.0/AndroidManifest.xml:20:5-22:41
MERGED from [androidx.interpolator:interpolator:1.0.0] /home/runner/.gradle/caches/transforms-4/ee6c7bbe42d73da06eaece812502d84a/transformed/interpolator-1.0.0/AndroidManifest.xml:20:5-44
MERGED from [androidx.interpolator:interpolator:1.0.0] /home/runner/.gradle/caches/transforms-4/ee6c7bbe42d73da06eaece812502d84a/transformed/interpolator-1.0.0/AndroidManifest.xml:20:5-44
MERGED from [androidx.arch.core:core-runtime:2.2.0] /home/runner/.gradle/caches/transforms-4/eb70754f4bee5451e77378f4ca507fa5/transformed/core-runtime-2.2.0/AndroidManifest.xml:20:5-44
MERGED from [androidx.arch.core:core-runtime:2.2.0] /home/runner/.gradle/caches/transforms-4/eb70754f4bee5451e77378f4ca507fa5/transformed/core-runtime-2.2.0/AndroidManifest.xml:20:5-44
MERGED from [androidx.localbroadcastmanager:localbroadcastmanager:1.0.0] /home/runner/.gradle/caches/transforms-4/eb08e2e4d617c9c90d9b1318236e664c/transformed/localbroadcastmanager-1.0.0/AndroidManifest.xml:20:5-44
MERGED from [androidx.localbroadcastmanager:localbroadcastmanager:1.0.0] /home/runner/.gradle/caches/transforms-4/eb08e2e4d617c9c90d9b1318236e664c/transformed/localbroadcastmanager-1.0.0/AndroidManifest.xml:20:5-44
MERGED from [androidx.print:print:1.0.0] /home/runner/.gradle/caches/transforms-4/db268430b12b2873bbb7dcd9c4512dfe/transformed/print-1.0.0/AndroidManifest.xml:20:5-44
MERGED from [androidx.print:print:1.0.0] /home/runner/.gradle/caches/transforms-4/db268430b12b2873bbb7dcd9c4512dfe/transformed/print-1.0.0/AndroidManifest.xml:20:5-44
MERGED from [androidx.annotation:annotation-experimental:1.3.0] /home/runner/.gradle/caches/transforms-4/6c148c982a0f9826d52e9fe6864c005d/transformed/annotation-experimental-1.3.0/AndroidManifest.xml:20:5-44
MERGED from [androidx.annotation:annotation-experimental:1.3.0] /home/runner/.gradle/caches/transforms-4/6c148c982a0f9826d52e9fe6864c005d/transformed/annotation-experimental-1.3.0/AndroidManifest.xml:20:5-44
	android:targetSdkVersion
		INJECTED from /home/runner/work/NearChuckle-android-wip-edition/NearChuckle-android-wip-edition/android/app/src/main/AndroidManifest.xml
	android:minSdkVersion
		INJECTED from /home/runner/work/NearChuckle-android-wip-edition/NearChuckle-android-wip-edition/android/app/src/main/AndroidManifest.xml
provider#androidx.startup.InitializationProvider
ADDED from [androidx.emoji2:emoji2:1.2.0] /home/runner/.gradle/caches/transforms-4/6162ee6c1047aff73971de90e57735bd/transformed/emoji2-1.2.0/AndroidManifest.xml:24:9-32:20
MERGED from [androidx.lifecycle:lifecycle-process:2.6.1] /home/runner/.gradle/caches/transforms-4/2b1665a840575883d559d7e50f810098/transformed/lifecycle-process-2.6.1/AndroidManifest.xml:24:9-32:20
MERGED from [androidx.lifecycle:lifecycle-process:2.6.1] /home/runner/.gradle/caches/transforms-4/2b1665a840575883d559d7e50f810098/transformed/lifecycle-process-2.6.1/AndroidManifest.xml:24:9-32:20
MERGED from [androidx.profileinstaller:profileinstaller:1.3.0] /home/runner/.gradle/caches/transforms-4/ffa2d5a5ecf3e2df1e3f9796917a8873/transformed/profileinstaller-1.3.0/AndroidManifest.xml:24:9-32:20
MERGED from [androidx.profileinstaller:profileinstaller:1.3.0] /home/runner/.gradle/caches/transforms-4/ffa2d5a5ecf3e2df1e3f9796917a8873/transformed/profileinstaller-1.3.0/AndroidManifest.xml:24:9-32:20
MERGED from [androidx.startup:startup-runtime:1.1.1] /home/runner/.gradle/caches/transforms-4/bd10c00b9a57242f8ebf70bfdff34f10/transformed/startup-runtime-1.1.1/AndroidManifest.xml:26:9-30:34
MERGED from [androidx.startup:startup-runtime:1.1.1] /home/runner/.gradle/caches/transforms-4/bd10c00b9a57242f8ebf70bfdff34f10/transformed/startup-runtime-1.1.1/AndroidManifest.xml:26:9-30:34
	tools:node
		ADDED from [androidx.emoji2:emoji2:1.2.0] /home/runner/.gradle/caches/transforms-4/6162ee6c1047aff73971de90e57735bd/transformed/emoji2-1.2.0/AndroidManifest.xml:28:13-31
	android:authorities
		ADDED from [androidx.emoji2:emoji2:1.2.0] /home/runner/.gradle/caches/transforms-4/6162ee6c1047aff73971de90e57735bd/transformed/emoji2-1.2.0/AndroidManifest.xml:26:13-68
	android:exported
		ADDED from [androidx.emoji2:emoji2:1.2.0] /home/runner/.gradle/caches/transforms-4/6162ee6c1047aff73971de90e57735bd/transformed/emoji2-1.2.0/AndroidManifest.xml:27:13-37
	android:name
		ADDED from [androidx.emoji2:emoji2:1.2.0] /home/runner/.gradle/caches/transforms-4/6162ee6c1047aff73971de90e57735bd/transformed/emoji2-1.2.0/AndroidManifest.xml:25:13-67
meta-data#androidx.emoji2.text.EmojiCompatInitializer
ADDED from [androidx.emoji2:emoji2:1.2.0] /home/runner/.gradle/caches/transforms-4/6162ee6c1047aff73971de90e57735bd/transformed/emoji2-1.2.0/AndroidManifest.xml:29:13-31:52
	android:value
		ADDED from [androidx.emoji2:emoji2:1.2.0] /home/runner/.gradle/caches/transforms-4/6162ee6c1047aff73971de90e57735bd/transformed/emoji2-1.2.0/AndroidManifest.xml:31:17-49
	android:name
		ADDED from [androidx.emoji2:emoji2:1.2.0] /home/runner/.gradle/caches/transforms-4/6162ee6c1047aff73971de90e57735bd/transformed/emoji2-1.2.0/AndroidManifest.xml:30:17-75
meta-data#androidx.lifecycle.ProcessLifecycleInitializer
ADDED from [androidx.lifecycle:lifecycle-process:2.6.1] /home/runner/.gradle/caches/transforms-4/2b1665a840575883d559d7e50f810098/transformed/lifecycle-process-2.6.1/AndroidManifest.xml:29:13-31:52
	android:value
		ADDED from [androidx.lifecycle:lifecycle-process:2.6.1] /home/runner/.gradle/caches/transforms-4/2b1665a840575883d559d7e50f810098/transformed/lifecycle-process-2.6.1/AndroidManifest.xml:31:17-49
	android:name
		ADDED from [androidx.lifecycle:lifecycle-process:2.6.1] /home/runner/.gradle/caches/transforms-4/2b1665a840575883d559d7e50f810098/transformed/lifecycle-process-2.6.1/AndroidManifest.xml:30:17-78
uses-library#androidx.window.extensions
ADDED from [androidx.window:window:1.0.0] /home/runner/.gradle/caches/transforms-4/77819546e935e67f40d4320f107e9e8c/transformed/window-1.0.0/AndroidManifest.xml:25:9-27:40
	android:required
		ADDED from [androidx.window:window:1.0.0] /home/runner/.gradle/caches/transforms-4/77819546e935e67f40d4320f107e9e8c/transformed/window-1.0.0/AndroidManifest.xml:27:13-37
	android:name
		ADDED from [androidx.window:window:1.0.0] /home/runner/.gradle/caches/transforms-4/77819546e935e67f40d4320f107e9e8c/transformed/window-1.0.0/AndroidManifest.xml:26:13-54
uses-library#androidx.window.sidecar
ADDED from [androidx.window:window:1.0.0] /home/runner/.gradle/caches/transforms-4/77819546e935e67f40d4320f107e9e8c/transformed/window-1.0.0/AndroidManifest.xml:28:9-30:40
	android:required
		ADDED from [androidx.window:window:1.0.0] /home/runner/.gradle/caches/transforms-4/77819546e935e67f40d4320f107e9e8c/transformed/window-1.0.0/AndroidManifest.xml:30:13-37
	android:name
		ADDED from [androidx.window:window:1.0.0] /home/runner/.gradle/caches/transforms-4/77819546e935e67f40d4320f107e9e8c/transformed/window-1.0.0/AndroidManifest.xml:29:13-51
permission#${applicationId}.DYNAMIC_RECEIVER_NOT_EXPORTED_PERMISSION
ADDED from [androidx.core:core:1.9.0] /home/runner/.gradle/caches/transforms-4/8e041939abce0e710a826e57596ca780/transformed/core-1.9.0/AndroidManifest.xml:22:5-24:47
	android:protectionLevel
		ADDED from [androidx.core:core:1.9.0] /home/runner/.gradle/caches/transforms-4/8e041939abce0e710a826e57596ca780/transformed/core-1.9.0/AndroidManifest.xml:24:9-44
	android:name
		ADDED from [androidx.core:core:1.9.0] /home/runner/.gradle/caches/transforms-4/8e041939abce0e710a826e57596ca780/transformed/core-1.9.0/AndroidManifest.xml:23:9-81
permission#com.nearchuckle.farcry.DYNAMIC_RECEIVER_NOT_EXPORTED_PERMISSION
ADDED from [androidx.core:core:1.9.0] /home/runner/.gradle/caches/transforms-4/8e041939abce0e710a826e57596ca780/transformed/core-1.9.0/AndroidManifest.xml:22:5-24:47
	android:protectionLevel
		ADDED from [androidx.core:core:1.9.0] /home/runner/.gradle/caches/transforms-4/8e041939abce0e710a826e57596ca780/transformed/core-1.9.0/AndroidManifest.xml:24:9-44
	android:name
		ADDED from [androidx.core:core:1.9.0] /home/runner/.gradle/caches/transforms-4/8e041939abce0e710a826e57596ca780/transformed/core-1.9.0/AndroidManifest.xml:23:9-81
uses-permission#${applicationId}.DYNAMIC_RECEIVER_NOT_EXPORTED_PERMISSION
ADDED from [androidx.core:core:1.9.0] /home/runner/.gradle/caches/transforms-4/8e041939abce0e710a826e57596ca780/transformed/core-1.9.0/AndroidManifest.xml:26:5-97
	android:name
		ADDED from [androidx.core:core:1.9.0] /home/runner/.gradle/caches/transforms-4/8e041939abce0e710a826e57596ca780/transformed/core-1.9.0/AndroidManifest.xml:26:22-94
uses-permission#com.nearchuckle.farcry.DYNAMIC_RECEIVER_NOT_EXPORTED_PERMISSION
ADDED from [androidx.core:core:1.9.0] /home/runner/.gradle/caches/transforms-4/8e041939abce0e710a826e57596ca780/transformed/core-1.9.0/AndroidManifest.xml:26:5-97
	android:name
		ADDED from [androidx.core:core:1.9.0] /home/runner/.gradle/caches/transforms-4/8e041939abce0e710a826e57596ca780/transformed/core-1.9.0/AndroidManifest.xml:26:22-94
meta-data#androidx.profileinstaller.ProfileInstallerInitializer
ADDED from [androidx.profileinstaller:profileinstaller:1.3.0] /home/runner/.gradle/caches/transforms-4/ffa2d5a5ecf3e2df1e3f9796917a8873/transformed/profileinstaller-1.3.0/AndroidManifest.xml:29:13-31:52
	android:value
		ADDED from [androidx.profileinstaller:profileinstaller:1.3.0] /home/runner/.gradle/caches/transforms-4/ffa2d5a5ecf3e2df1e3f9796917a8873/transformed/profileinstaller-1.3.0/AndroidManifest.xml:31:17-49
	android:name
		ADDED from [androidx.profileinstaller:profileinstaller:1.3.0] /home/runner/.gradle/caches/transforms-4/ffa2d5a5ecf3e2df1e3f9796917a8873/transformed/profileinstaller-1.3.0/AndroidManifest.xml:30:17-85
receiver#androidx.profileinstaller.ProfileInstallReceiver
ADDED from [androidx.profileinstaller:profileinstaller:1.3.0] /home/runner/.gradle/caches/transforms-4/ffa2d5a5ecf3e2df1e3f9796917a8873/transformed/profileinstaller-1.3.0/AndroidManifest.xml:34:9-52:20
	android:enabled
		ADDED from [androidx.profileinstaller:profileinstaller:1.3.0] /home/runner/.gradle/caches/transforms-4/ffa2d5a5ecf3e2df1e3f9796917a8873/transformed/profileinstaller-1.3.0/AndroidManifest.xml:37:13-35
	android:exported
		ADDED from [androidx.profileinstaller:profileinstaller:1.3.0] /home/runner/.gradle/caches/transforms-4/ffa2d5a5ecf3e2df1e3f9796917a8873/transformed/profileinstaller-1.3.0/AndroidManifest.xml:38:13-36
	android:permission
		ADDED from [androidx.profileinstaller:profileinstaller:1.3.0] /home/runner/.gradle/caches/transforms-4/ffa2d5a5ecf3e2df1e3f9796917a8873/transformed/profileinstaller-1.3.0/AndroidManifest.xml:39:13-57
	android:directBootAware
		ADDED from [androidx.profileinstaller:profileinstaller:1.3.0] /home/runner/.gradle/caches/transforms-4/ffa2d5a5ecf3e2df1e3f9796917a8873/transformed/profileinstaller-1.3.0/AndroidManifest.xml:36:13-44
	android:name
		ADDED from [androidx.profileinstaller:profileinstaller:1.3.0] /home/runner/.gradle/caches/transforms-4/ffa2d5a5ecf3e2df1e3f9796917a8873/transformed/profileinstaller-1.3.0/AndroidManifest.xml:35:13-76
intent-filter#action:name:androidx.profileinstaller.action.INSTALL_PROFILE
ADDED from [androidx.profileinstaller:profileinstaller:1.3.0] /home/runner/.gradle/caches/transforms-4/ffa2d5a5ecf3e2df1e3f9796917a8873/transformed/profileinstaller-1.3.0/AndroidManifest.xml:40:13-42:29
action#androidx.profileinstaller.action.INSTALL_PROFILE
ADDED from [androidx.profileinstaller:profileinstaller:1.3.0] /home/runner/.gradle/caches/transforms-4/ffa2d5a5ecf3e2df1e3f9796917a8873/transformed/profileinstaller-1.3.0/AndroidManifest.xml:41:17-91
	android:name
		ADDED from [androidx.profileinstaller:profileinstaller:1.3.0] /home/runner/.gradle/caches/transforms-4/ffa2d5a5ecf3e2df1e3f9796917a8873/transformed/profileinstaller-1.3.0/AndroidManifest.xml:41:25-88
intent-filter#action:name:androidx.profileinstaller.action.SKIP_FILE
ADDED from [androidx.profileinstaller:profileinstaller:1.3.0] /home/runner/.gradle/caches/transforms-4/ffa2d5a5ecf3e2df1e3f9796917a8873/transformed/profileinstaller-1.3.0/AndroidManifest.xml:43:13-45:29
action#androidx.profileinstaller.action.SKIP_FILE
ADDED from [androidx.profileinstaller:profileinstaller:1.3.0] /home/runner/.gradle/caches/transforms-4/ffa2d5a5ecf3e2df1e3f9796917a8873/transformed/profileinstaller-1.3.0/AndroidManifest.xml:44:17-85
	android:name
		ADDED from [androidx.profileinstaller:profileinstaller:1.3.0] /home/runner/.gradle/caches/transforms-4/ffa2d5a5ecf3e2df1e3f9796917a8873/transformed/profileinstaller-1.3.0/AndroidManifest.xml:44:25-82
intent-filter#action:name:androidx.profileinstaller.action.SAVE_PROFILE
ADDED from [androidx.profileinstaller:profileinstaller:1.3.0] /home/runner/.gradle/caches/transforms-4/ffa2d5a5ecf3e2df1e3f9796917a8873/transformed/profileinstaller-1.3.0/AndroidManifest.xml:46:13-48:29
action#androidx.profileinstaller.action.SAVE_PROFILE
ADDED from [androidx.profileinstaller:profileinstaller:1.3.0] /home/runner/.gradle/caches/transforms-4/ffa2d5a5ecf3e2df1e3f9796917a8873/transformed/profileinstaller-1.3.0/AndroidManifest.xml:47:17-88
	android:name
		ADDED from [androidx.profileinstaller:profileinstaller:1.3.0] /home/runner/.gradle/caches/transforms-4/ffa2d5a5ecf3e2df1e3f9796917a8873/transformed/profileinstaller-1.3.0/AndroidManifest.xml:47:25-85
intent-filter#action:name:androidx.profileinstaller.action.BENCHMARK_OPERATION
ADDED from [androidx.profileinstaller:profileinstaller:1.3.0] /home/runner/.gradle/caches/transforms-4/ffa2d5a5ecf3e2df1e3f9796917a8873/transformed/profileinstaller-1.3.0/AndroidManifest.xml:49:13-51:29
action#androidx.profileinstaller.action.BENCHMARK_OPERATION
ADDED from [androidx.profileinstaller:profileinstaller:1.3.0] /home/runner/.gradle/caches/transforms-4/ffa2d5a5ecf3e2df1e3f9796917a8873/transformed/profileinstaller-1.3.0/AndroidManifest.xml:50:17-95
	android:name
		ADDED from [androidx.profileinstaller:profileinstaller:1.3.0] /home/runner/.gradle/caches/transforms-4/ffa2d5a5ecf3e2df1e3f9796917a8873/transformed/profileinstaller-1.3.0/AndroidManifest.xml:50:25-92

1<?xml version="1.0" encoding="utf-8"?>
2<manifest xmlns:android="http://schemas.android.com/apk/res/android"
3    package="com.nearchuckle.farcry"
4    android:versionCode="1"
5    android:versionName="1.0.0-nearchuckle-android" >
6
7    <uses-sdk
8        android:minSdkVersion="26"
9        android:targetSdkVersion="34" />
10
11    <!-- Required permissions -->
12    <uses-permission android:name="android.permission.INTERNET" />
12-->/home/runner/work/NearChuckle-android-wip-edition/NearChuckle-android-wip-edition/android/app/src/main/AndroidManifest.xml:6:5-67
12-->/home/runner/work/NearChuckle-android-wip-edition/NearChuckle-android-wip-edition/android/app/src/main/AndroidManifest.xml:6:22-64
13    <uses-permission android:name="android.permission.VIBRATE" />
13-->/home/runner/work/NearChuckle-android-wip-edition/NearChuckle-android-wip-edition/android/app/src/main/AndroidManifest.xml:7:5-66
13-->/home/runner/work/NearChuckle-android-wip-edition/NearChuckle-android-wip-edition/android/app/src/main/AndroidManifest.xml:7:22-63
14    <uses-permission android:name="android.permission.WAKE_LOCK" />
14-->/home/runner/work/NearChuckle-android-wip-edition/NearChuckle-android-wip-edition/android/app/src/main/AndroidManifest.xml:8:5-68
14-->/home/runner/work/NearChuckle-android-wip-edition/NearChuckle-android-wip-edition/android/app/src/main/AndroidManifest.xml:8:22-65
15    <!-- Legacy storage for game files (Android 10-) + SAF for 11+ -->
16    <uses-permission
16-->/home/runner/work/NearChuckle-android-wip-edition/NearChuckle-android-wip-edition/android/app/src/main/AndroidManifest.xml:10:5-107
17        android:name="android.permission.READ_EXTERNAL_STORAGE"
17-->/home/runner/work/NearChuckle-android-wip-edition/NearChuckle-android-wip-edition/android/app/src/main/AndroidManifest.xml:10:22-77
18        android:maxSdkVersion="32" />
18-->/home/runner/work/NearChuckle-android-wip-edition/NearChuckle-android-wip-edition/android/app/src/main/AndroidManifest.xml:10:78-104
19    <uses-permission
19-->/home/runner/work/NearChuckle-android-wip-edition/NearChuckle-android-wip-edition/android/app/src/main/AndroidManifest.xml:11:5-137
20        android:name="android.permission.WRITE_EXTERNAL_STORAGE"
20-->/home/runner/work/NearChuckle-android-wip-edition/NearChuckle-android-wip-edition/android/app/src/main/AndroidManifest.xml:11:22-78
21        android:maxSdkVersion="29" />
21-->/home/runner/work/NearChuckle-android-wip-edition/NearChuckle-android-wip-edition/android/app/src/main/AndroidManifest.xml:11:79-105
22    <uses-permission android:name="android.permission.READ_MEDIA_IMAGES" />
22-->/home/runner/work/NearChuckle-android-wip-edition/NearChuckle-android-wip-edition/android/app/src/main/AndroidManifest.xml:12:5-76
22-->/home/runner/work/NearChuckle-android-wip-edition/NearChuckle-android-wip-edition/android/app/src/main/AndroidManifest.xml:12:22-73
23    <!-- Game wants to keep screen on -->
24    <uses-permission android:name="android.permission.FOREGROUND_SERVICE" />
24-->/home/runner/work/NearChuckle-android-wip-edition/NearChuckle-android-wip-edition/android/app/src/main/AndroidManifest.xml:14:5-77
24-->/home/runner/work/NearChuckle-android-wip-edition/NearChuckle-android-wip-edition/android/app/src/main/AndroidManifest.xml:14:22-74
25
26    <uses-feature
26-->/home/runner/work/NearChuckle-android-wip-edition/NearChuckle-android-wip-edition/android/app/src/main/AndroidManifest.xml:16:5-78
27        android:glEsVersion="0x00030000"
27-->/home/runner/work/NearChuckle-android-wip-edition/NearChuckle-android-wip-edition/android/app/src/main/AndroidManifest.xml:16:19-51
28        android:required="true" />
28-->/home/runner/work/NearChuckle-android-wip-edition/NearChuckle-android-wip-edition/android/app/src/main/AndroidManifest.xml:16:52-75
29    <uses-feature
29-->/home/runner/work/NearChuckle-android-wip-edition/NearChuckle-android-wip-edition/android/app/src/main/AndroidManifest.xml:17:5-101
30        android:name="android.hardware.touchscreen.multitouch"
30-->/home/runner/work/NearChuckle-android-wip-edition/NearChuckle-android-wip-edition/android/app/src/main/AndroidManifest.xml:17:19-73
31        android:required="false" />
31-->/home/runner/work/NearChuckle-android-wip-edition/NearChuckle-android-wip-edition/android/app/src/main/AndroidManifest.xml:17:74-98
32    <uses-feature
32-->/home/runner/work/NearChuckle-android-wip-edition/NearChuckle-android-wip-edition/android/app/src/main/AndroidManifest.xml:18:5-110
33        android:name="android.hardware.touchscreen.multitouch.distinct"
33-->/home/runner/work/NearChuckle-android-wip-edition/NearChuckle-android-wip-edition/android/app/src/main/AndroidManifest.xml:18:19-82
34        android:required="false" />
34-->/home/runner/work/NearChuckle-android-wip-edition/NearChuckle-android-wip-edition/android/app/src/main/AndroidManifest.xml:18:83-107
35    <uses-feature
35-->/home/runner/work/NearChuckle-android-wip-edition/NearChuckle-android-wip-edition/android/app/src/main/AndroidManifest.xml:19:5-86
36        android:name="android.hardware.gamepad"
36-->/home/runner/work/NearChuckle-android-wip-edition/NearChuckle-android-wip-edition/android/app/src/main/AndroidManifest.xml:19:19-58
37        android:required="false" />
37-->/home/runner/work/NearChuckle-android-wip-edition/NearChuckle-android-wip-edition/android/app/src/main/AndroidManifest.xml:19:59-83
38
39    <queries>
39-->/home/runner/work/NearChuckle-android-wip-edition/NearChuckle-android-wip-edition/android/app/src/main/AndroidManifest.xml:70:5-74:15
40        <intent>
40-->/home/runner/work/NearChuckle-android-wip-edition/NearChuckle-android-wip-edition/android/app/src/main/AndroidManifest.xml:71:9-73:18
41            <action android:name="android.intent.action.OPEN_DOCUMENT_TREE" />
41-->/home/runner/work/NearChuckle-android-wip-edition/NearChuckle-android-wip-edition/android/app/src/main/AndroidManifest.xml:72:13-79
41-->/home/runner/work/NearChuckle-android-wip-edition/NearChuckle-android-wip-edition/android/app/src/main/AndroidManifest.xml:72:21-76
42        </intent>
43    </queries>
44
45    <permission
45-->[androidx.core:core:1.9.0] /home/runner/.gradle/caches/transforms-4/8e041939abce0e710a826e57596ca780/transformed/core-1.9.0/AndroidManifest.xml:22:5-24:47
46        android:name="com.nearchuckle.farcry.DYNAMIC_RECEIVER_NOT_EXPORTED_PERMISSION"
46-->[androidx.core:core:1.9.0] /home/runner/.gradle/caches/transforms-4/8e041939abce0e710a826e57596ca780/transformed/core-1.9.0/AndroidManifest.xml:23:9-81
47        android:protectionLevel="signature" />
47-->[androidx.core:core:1.9.0] /home/runner/.gradle/caches/transforms-4/8e041939abce0e710a826e57596ca780/transformed/core-1.9.0/AndroidManifest.xml:24:9-44
48
49    <uses-permission android:name="com.nearchuckle.farcry.DYNAMIC_RECEIVER_NOT_EXPORTED_PERMISSION" />
49-->[androidx.core:core:1.9.0] /home/runner/.gradle/caches/transforms-4/8e041939abce0e710a826e57596ca780/transformed/core-1.9.0/AndroidManifest.xml:26:5-97
49-->[androidx.core:core:1.9.0] /home/runner/.gradle/caches/transforms-4/8e041939abce0e710a826e57596ca780/transformed/core-1.9.0/AndroidManifest.xml:26:22-94
50
51    <application
51-->/home/runner/work/NearChuckle-android-wip-edition/NearChuckle-android-wip-edition/android/app/src/main/AndroidManifest.xml:21:5-68:19
52        android:allowBackup="true"
52-->/home/runner/work/NearChuckle-android-wip-edition/NearChuckle-android-wip-edition/android/app/src/main/AndroidManifest.xml:22:9-35
53        android:appComponentFactory="androidx.core.app.CoreComponentFactory"
53-->[androidx.core:core:1.9.0] /home/runner/.gradle/caches/transforms-4/8e041939abce0e710a826e57596ca780/transformed/core-1.9.0/AndroidManifest.xml:28:18-86
54        android:extractNativeLibs="true"
54-->/home/runner/work/NearChuckle-android-wip-edition/NearChuckle-android-wip-edition/android/app/src/main/AndroidManifest.xml:30:9-41
55        android:hardwareAccelerated="true"
55-->/home/runner/work/NearChuckle-android-wip-edition/NearChuckle-android-wip-edition/android/app/src/main/AndroidManifest.xml:27:9-43
56        android:icon="@mipmap/ic_launcher"
56-->/home/runner/work/NearChuckle-android-wip-edition/NearChuckle-android-wip-edition/android/app/src/main/AndroidManifest.xml:23:9-43
57        android:label="@string/app_name"
57-->/home/runner/work/NearChuckle-android-wip-edition/NearChuckle-android-wip-edition/android/app/src/main/AndroidManifest.xml:25:9-41
58        android:preserveLegacyExternalStorage="true"
58-->/home/runner/work/NearChuckle-android-wip-edition/NearChuckle-android-wip-edition/android/app/src/main/AndroidManifest.xml:29:9-53
59        android:requestLegacyExternalStorage="true"
59-->/home/runner/work/NearChuckle-android-wip-edition/NearChuckle-android-wip-edition/android/app/src/main/AndroidManifest.xml:28:9-52
60        android:roundIcon="@mipmap/ic_launcher_round"
60-->/home/runner/work/NearChuckle-android-wip-edition/NearChuckle-android-wip-edition/android/app/src/main/AndroidManifest.xml:24:9-54
61        android:theme="@style/Theme.NearChuckle" >
61-->/home/runner/work/NearChuckle-android-wip-edition/NearChuckle-android-wip-edition/android/app/src/main/AndroidManifest.xml:26:9-49
62
63        <!-- Launcher - entry point -->
64        <activity
64-->/home/runner/work/NearChuckle-android-wip-edition/NearChuckle-android-wip-edition/android/app/src/main/AndroidManifest.xml:34:9-44:20
65            android:name="com.nearchuckle.farcry.LauncherActivity"
65-->/home/runner/work/NearChuckle-android-wip-edition/NearChuckle-android-wip-edition/android/app/src/main/AndroidManifest.xml:35:13-45
66            android:configChanges="orientation|screenSize|keyboardHidden"
66-->/home/runner/work/NearChuckle-android-wip-edition/NearChuckle-android-wip-edition/android/app/src/main/AndroidManifest.xml:38:13-74
67            android:exported="true"
67-->/home/runner/work/NearChuckle-android-wip-edition/NearChuckle-android-wip-edition/android/app/src/main/AndroidManifest.xml:36:13-36
68            android:launchMode="singleTop"
68-->/home/runner/work/NearChuckle-android-wip-edition/NearChuckle-android-wip-edition/android/app/src/main/AndroidManifest.xml:39:13-43
69            android:screenOrientation="portrait" >
69-->/home/runner/work/NearChuckle-android-wip-edition/NearChuckle-android-wip-edition/android/app/src/main/AndroidManifest.xml:37:13-49
70            <intent-filter>
70-->/home/runner/work/NearChuckle-android-wip-edition/NearChuckle-android-wip-edition/android/app/src/main/AndroidManifest.xml:40:13-43:29
71                <action android:name="android.intent.action.MAIN" />
71-->/home/runner/work/NearChuckle-android-wip-edition/NearChuckle-android-wip-edition/android/app/src/main/AndroidManifest.xml:41:17-69
71-->/home/runner/work/NearChuckle-android-wip-edition/NearChuckle-android-wip-edition/android/app/src/main/AndroidManifest.xml:41:25-66
72
73                <category android:name="android.intent.category.LAUNCHER" />
73-->/home/runner/work/NearChuckle-android-wip-edition/NearChuckle-android-wip-edition/android/app/src/main/AndroidManifest.xml:42:17-77
73-->/home/runner/work/NearChuckle-android-wip-edition/NearChuckle-android-wip-edition/android/app/src/main/AndroidManifest.xml:42:27-74
74            </intent-filter>
75        </activity>
76
77        <!-- Game Activity - SDL + ANGLE -->
78        <activity
78-->/home/runner/work/NearChuckle-android-wip-edition/NearChuckle-android-wip-edition/android/app/src/main/AndroidManifest.xml:47:9-58:20
79            android:name="com.nearchuckle.farcry.GameActivity"
79-->/home/runner/work/NearChuckle-android-wip-edition/NearChuckle-android-wip-edition/android/app/src/main/AndroidManifest.xml:48:13-41
80            android:configChanges="keyboard|keyboardHidden|orientation|screenSize|screenLayout|uiMode|smallestScreenSize|density"
80-->/home/runner/work/NearChuckle-android-wip-edition/NearChuckle-android-wip-edition/android/app/src/main/AndroidManifest.xml:51:13-130
81            android:exported="false"
81-->/home/runner/work/NearChuckle-android-wip-edition/NearChuckle-android-wip-edition/android/app/src/main/AndroidManifest.xml:49:13-37
82            android:hardwareAccelerated="true"
82-->/home/runner/work/NearChuckle-android-wip-edition/NearChuckle-android-wip-edition/android/app/src/main/AndroidManifest.xml:52:13-47
83            android:immersive="true"
83-->/home/runner/work/NearChuckle-android-wip-edition/NearChuckle-android-wip-edition/android/app/src/main/AndroidManifest.xml:55:13-37
84            android:keepScreenOn="true"
84-->/home/runner/work/NearChuckle-android-wip-edition/NearChuckle-android-wip-edition/android/app/src/main/AndroidManifest.xml:53:13-40
85            android:launchMode="singleTask"
85-->/home/runner/work/NearChuckle-android-wip-edition/NearChuckle-android-wip-edition/android/app/src/main/AndroidManifest.xml:54:13-44
86            android:screenOrientation="sensorLandscape" >
86-->/home/runner/work/NearChuckle-android-wip-edition/NearChuckle-android-wip-edition/android/app/src/main/AndroidManifest.xml:50:13-56
87
88            <!-- ANGLE hint: use ANGLE's Vulkan backend if available -->
89            <meta-data
89-->/home/runner/work/NearChuckle-android-wip-edition/NearChuckle-android-wip-edition/android/app/src/main/AndroidManifest.xml:57:13-99
90                android:name="com.google.android.angle.GameAngle"
90-->/home/runner/work/NearChuckle-android-wip-edition/NearChuckle-android-wip-edition/android/app/src/main/AndroidManifest.xml:57:24-73
91                android:value="vulkan" />
91-->/home/runner/work/NearChuckle-android-wip-edition/NearChuckle-android-wip-edition/android/app/src/main/AndroidManifest.xml:57:74-96
92        </activity>
93
94        <!-- File picker helper -->
95        <activity
95-->/home/runner/work/NearChuckle-android-wip-edition/NearChuckle-android-wip-edition/android/app/src/main/AndroidManifest.xml:61:9-64:63
96            android:name="com.nearchuckle.farcry.FilePickerActivity"
96-->/home/runner/work/NearChuckle-android-wip-edition/NearChuckle-android-wip-edition/android/app/src/main/AndroidManifest.xml:62:13-47
97            android:exported="false"
97-->/home/runner/work/NearChuckle-android-wip-edition/NearChuckle-android-wip-edition/android/app/src/main/AndroidManifest.xml:63:13-37
98            android:theme="@style/Theme.NearChuckle.Dialog" />
98-->/home/runner/work/NearChuckle-android-wip-edition/NearChuckle-android-wip-edition/android/app/src/main/AndroidManifest.xml:64:13-60
99
100        <meta-data
100-->/home/runner/work/NearChuckle-android-wip-edition/NearChuckle-android-wip-edition/android/app/src/main/AndroidManifest.xml:66:9-140
101            android:name="android.game_mode_config"
101-->/home/runner/work/NearChuckle-android-wip-edition/NearChuckle-android-wip-edition/android/app/src/main/AndroidManifest.xml:66:20-59
102            android:resource="@xml/game_mode_config" />
102-->/home/runner/work/NearChuckle-android-wip-edition/NearChuckle-android-wip-edition/android/app/src/main/AndroidManifest.xml:66:60-100
103
104        <provider
104-->[androidx.emoji2:emoji2:1.2.0] /home/runner/.gradle/caches/transforms-4/6162ee6c1047aff73971de90e57735bd/transformed/emoji2-1.2.0/AndroidManifest.xml:24:9-32:20
105            android:name="androidx.startup.InitializationProvider"
105-->[androidx.emoji2:emoji2:1.2.0] /home/runner/.gradle/caches/transforms-4/6162ee6c1047aff73971de90e57735bd/transformed/emoji2-1.2.0/AndroidManifest.xml:25:13-67
106            android:authorities="com.nearchuckle.farcry.androidx-startup"
106-->[androidx.emoji2:emoji2:1.2.0] /home/runner/.gradle/caches/transforms-4/6162ee6c1047aff73971de90e57735bd/transformed/emoji2-1.2.0/AndroidManifest.xml:26:13-68
107            android:exported="false" >
107-->[androidx.emoji2:emoji2:1.2.0] /home/runner/.gradle/caches/transforms-4/6162ee6c1047aff73971de90e57735bd/transformed/emoji2-1.2.0/AndroidManifest.xml:27:13-37
108            <meta-data
108-->[androidx.emoji2:emoji2:1.2.0] /home/runner/.gradle/caches/transforms-4/6162ee6c1047aff73971de90e57735bd/transformed/emoji2-1.2.0/AndroidManifest.xml:29:13-31:52
109                android:name="androidx.emoji2.text.EmojiCompatInitializer"
109-->[androidx.emoji2:emoji2:1.2.0] /home/runner/.gradle/caches/transforms-4/6162ee6c1047aff73971de90e57735bd/transformed/emoji2-1.2.0/AndroidManifest.xml:30:17-75
110                android:value="androidx.startup" />
110-->[androidx.emoji2:emoji2:1.2.0] /home/runner/.gradle/caches/transforms-4/6162ee6c1047aff73971de90e57735bd/transformed/emoji2-1.2.0/AndroidManifest.xml:31:17-49
111            <meta-data
111-->[androidx.lifecycle:lifecycle-process:2.6.1] /home/runner/.gradle/caches/transforms-4/2b1665a840575883d559d7e50f810098/transformed/lifecycle-process-2.6.1/AndroidManifest.xml:29:13-31:52
112                android:name="androidx.lifecycle.ProcessLifecycleInitializer"
112-->[androidx.lifecycle:lifecycle-process:2.6.1] /home/runner/.gradle/caches/transforms-4/2b1665a840575883d559d7e50f810098/transformed/lifecycle-process-2.6.1/AndroidManifest.xml:30:17-78
113                android:value="androidx.startup" />
113-->[androidx.lifecycle:lifecycle-process:2.6.1] /home/runner/.gradle/caches/transforms-4/2b1665a840575883d559d7e50f810098/transformed/lifecycle-process-2.6.1/AndroidManifest.xml:31:17-49
114            <meta-data
114-->[androidx.profileinstaller:profileinstaller:1.3.0] /home/runner/.gradle/caches/transforms-4/ffa2d5a5ecf3e2df1e3f9796917a8873/transformed/profileinstaller-1.3.0/AndroidManifest.xml:29:13-31:52
115                android:name="androidx.profileinstaller.ProfileInstallerInitializer"
115-->[androidx.profileinstaller:profileinstaller:1.3.0] /home/runner/.gradle/caches/transforms-4/ffa2d5a5ecf3e2df1e3f9796917a8873/transformed/profileinstaller-1.3.0/AndroidManifest.xml:30:17-85
116                android:value="androidx.startup" />
116-->[androidx.profileinstaller:profileinstaller:1.3.0] /home/runner/.gradle/caches/transforms-4/ffa2d5a5ecf3e2df1e3f9796917a8873/transformed/profileinstaller-1.3.0/AndroidManifest.xml:31:17-49
117        </provider>
118
119        <uses-library
119-->[androidx.window:window:1.0.0] /home/runner/.gradle/caches/transforms-4/77819546e935e67f40d4320f107e9e8c/transformed/window-1.0.0/AndroidManifest.xml:25:9-27:40
120            android:name="androidx.window.extensions"
120-->[androidx.window:window:1.0.0] /home/runner/.gradle/caches/transforms-4/77819546e935e67f40d4320f107e9e8c/transformed/window-1.0.0/AndroidManifest.xml:26:13-54
121            android:required="false" />
121-->[androidx.window:window:1.0.0] /home/runner/.gradle/caches/transforms-4/77819546e935e67f40d4320f107e9e8c/transformed/window-1.0.0/AndroidManifest.xml:27:13-37
122        <uses-library
122-->[androidx.window:window:1.0.0] /home/runner/.gradle/caches/transforms-4/77819546e935e67f40d4320f107e9e8c/transformed/window-1.0.0/AndroidManifest.xml:28:9-30:40
123            android:name="androidx.window.sidecar"
123-->[androidx.window:window:1.0.0] /home/runner/.gradle/caches/transforms-4/77819546e935e67f40d4320f107e9e8c/transformed/window-1.0.0/AndroidManifest.xml:29:13-51
124            android:required="false" />
124-->[androidx.window:window:1.0.0] /home/runner/.gradle/caches/transforms-4/77819546e935e67f40d4320f107e9e8c/transformed/window-1.0.0/AndroidManifest.xml:30:13-37
125
126        <receiver
126-->[androidx.profileinstaller:profileinstaller:1.3.0] /home/runner/.gradle/caches/transforms-4/ffa2d5a5ecf3e2df1e3f9796917a8873/transformed/profileinstaller-1.3.0/AndroidManifest.xml:34:9-52:20
127            android:name="androidx.profileinstaller.ProfileInstallReceiver"
127-->[androidx.profileinstaller:profileinstaller:1.3.0] /home/runner/.gradle/caches/transforms-4/ffa2d5a5ecf3e2df1e3f9796917a8873/transformed/profileinstaller-1.3.0/AndroidManifest.xml:35:13-76
128            android:directBootAware="false"
128-->[androidx.profileinstaller:profileinstaller:1.3.0] /home/runner/.gradle/caches/transforms-4/ffa2d5a5ecf3e2df1e3f9796917a8873/transformed/profileinstaller-1.3.0/AndroidManifest.xml:36:13-44
129            android:enabled="true"
129-->[androidx.profileinstaller:profileinstaller:1.3.0] /home/runner/.gradle/caches/transforms-4/ffa2d5a5ecf3e2df1e3f9796917a8873/transformed/profileinstaller-1.3.0/AndroidManifest.xml:37:13-35
130            android:exported="true"
130-->[androidx.profileinstaller:profileinstaller:1.3.0] /home/runner/.gradle/caches/transforms-4/ffa2d5a5ecf3e2df1e3f9796917a8873/transformed/profileinstaller-1.3.0/AndroidManifest.xml:38:13-36
131            android:permission="android.permission.DUMP" >
131-->[androidx.profileinstaller:profileinstaller:1.3.0] /home/runner/.gradle/caches/transforms-4/ffa2d5a5ecf3e2df1e3f9796917a8873/transformed/profileinstaller-1.3.0/AndroidManifest.xml:39:13-57
132            <intent-filter>
132-->[androidx.profileinstaller:profileinstaller:1.3.0] /home/runner/.gradle/caches/transforms-4/ffa2d5a5ecf3e2df1e3f9796917a8873/transformed/profileinstaller-1.3.0/AndroidManifest.xml:40:13-42:29
133                <action android:name="androidx.profileinstaller.action.INSTALL_PROFILE" />
133-->[androidx.profileinstaller:profileinstaller:1.3.0] /home/runner/.gradle/caches/transforms-4/ffa2d5a5ecf3e2df1e3f9796917a8873/transformed/profileinstaller-1.3.0/AndroidManifest.xml:41:17-91
133-->[androidx.profileinstaller:profileinstaller:1.3.0] /home/runner/.gradle/caches/transforms-4/ffa2d5a5ecf3e2df1e3f9796917a8873/transformed/profileinstaller-1.3.0/AndroidManifest.xml:41:25-88
134            </intent-filter>
135            <intent-filter>
135-->[androidx.profileinstaller:profileinstaller:1.3.0] /home/runner/.gradle/caches/transforms-4/ffa2d5a5ecf3e2df1e3f9796917a8873/transformed/profileinstaller-1.3.0/AndroidManifest.xml:43:13-45:29
136                <action android:name="androidx.profileinstaller.action.SKIP_FILE" />
136-->[androidx.profileinstaller:profileinstaller:1.3.0] /home/runner/.gradle/caches/transforms-4/ffa2d5a5ecf3e2df1e3f9796917a8873/transformed/profileinstaller-1.3.0/AndroidManifest.xml:44:17-85
136-->[androidx.profileinstaller:profileinstaller:1.3.0] /home/runner/.gradle/caches/transforms-4/ffa2d5a5ecf3e2df1e3f9796917a8873/transformed/profileinstaller-1.3.0/AndroidManifest.xml:44:25-82
137            </intent-filter>
138            <intent-filter>
138-->[androidx.profileinstaller:profileinstaller:1.3.0] /home/runner/.gradle/caches/transforms-4/ffa2d5a5ecf3e2df1e3f9796917a8873/transformed/profileinstaller-1.3.0/AndroidManifest.xml:46:13-48:29
139                <action android:name="androidx.profileinstaller.action.SAVE_PROFILE" />
139-->[androidx.profileinstaller:profileinstaller:1.3.0] /home/runner/.gradle/caches/transforms-4/ffa2d5a5ecf3e2df1e3f9796917a8873/transformed/profileinstaller-1.3.0/AndroidManifest.xml:47:17-88
139-->[androidx.profileinstaller:profileinstaller:1.3.0] /home/runner/.gradle/caches/transforms-4/ffa2d5a5ecf3e2df1e3f9796917a8873/transformed/profileinstaller-1.3.0/AndroidManifest.xml:47:25-85
140            </intent-filter>
141            <intent-filter>
141-->[androidx.profileinstaller:profileinstaller:1.3.0] /home/runner/.gradle/caches/transforms-4/ffa2d5a5ecf3e2df1e3f9796917a8873/transformed/profileinstaller-1.3.0/AndroidManifest.xml:49:13-51:29
142                <action android:name="androidx.profileinstaller.action.BENCHMARK_OPERATION" />
142-->[androidx.profileinstaller:profileinstaller:1.3.0] /home/runner/.gradle/caches/transforms-4/ffa2d5a5ecf3e2df1e3f9796917a8873/transformed/profileinstaller-1.3.0/AndroidManifest.xml:50:17-95
142-->[androidx.profileinstaller:profileinstaller:1.3.0] /home/runner/.gradle/caches/transforms-4/ffa2d5a5ecf3e2df1e3f9796917a8873/transformed/profileinstaller-1.3.0/AndroidManifest.xml:50:25-92
143            </intent-filter>
144        </receiver>
145    </application>
146
147</manifest>

Merged manifest saved to /home/runner/work/NearChuckle-android-wip-edition/NearChuckle-android-wip-edition/android/app/build/intermediates/merged_manifest/release/processReleaseMainManifest/AndroidManifest.xml
Stored cache entry for task ':app:processReleaseMainManifest' with cache key fb5b422b4f78f6979774db3dd188dfbb
Resolve mutations for :app:processReleaseManifest (Thread[included builds,5,main]) started.
:app:processReleaseManifest (Thread[included builds,5,main]) started.

> Task :app:processReleaseManifest
Build cache key for task ':app:processReleaseManifest' is c8be3b7fa2e275b1b3468f5a153fecca
Task ':app:processReleaseManifest' is not up-to-date because:
  No history is available.
Stored cache entry for task ':app:processReleaseManifest' with cache key c8be3b7fa2e275b1b3468f5a153fecca
Resolve mutations for :app:processReleaseManifestForPackage (Thread[included builds,5,main]) started.
:app:processReleaseManifestForPackage (Thread[included builds,5,main]) started.
Resolve mutations for :app:desugarReleaseFileDependencies (Thread[Execution worker,5,main]) started.
:app:desugarReleaseFileDependencies (Thread[Execution worker Thread 2,5,main]) started.

> Task :app:desugarReleaseFileDependencies
Build cache key for task ':app:desugarReleaseFileDependencies' is f40a0e757e9a0b61ce6e1136f44f2fdc
Task ':app:desugarReleaseFileDependencies' is not up-to-date because:
  No history is available.
Stored cache entry for task ':app:desugarReleaseFileDependencies' with cache key f40a0e757e9a0b61ce6e1136f44f2fdc
Resolve mutations for :app:mergeReleaseStartupProfile (Thread[Execution worker Thread 2,5,main]) started.
:app:mergeReleaseStartupProfile (Thread[Execution worker Thread 2,5,main]) started.

> Task :app:mergeReleaseStartupProfile
Caching disabled for task ':app:mergeReleaseStartupProfile' because:
  Simple merging task
Task ':app:mergeReleaseStartupProfile' is not up-to-date because:
  No history is available.
Dex optimization based on startup profile is enabled, but there are no input baseline profiles found in the baselineProfiles sources. You should add /home/runner/work/NearChuckle-android-wip-edition/NearChuckle-android-wip-edition/android/app/src/main/baselineProfiles/startup-prof.txt, for instance.

> Task :app:processReleaseManifestForPackage
Custom actions are attached to task ':app:processReleaseManifestForPackage'.
Build cache key for task ':app:processReleaseManifestForPackage' is 05affa190325e4e42e178afedec10165
Task ':app:processReleaseManifestForPackage' is not up-to-date because:
  No history is available.
Stored cache entry for task ':app:processReleaseManifestForPackage' with cache key 05affa190325e4e42e178afedec10165
Resolve mutations for :app:mergeExtDexRelease (Thread[included builds,5,main]) started.
:app:mergeExtDexRelease (Thread[included builds,5,main]) started.

> Task :app:mergeReleaseResources
Transforming viewbinding-8.6.0.aar (androidx.databinding:viewbinding:8.6.0) with ExtractAarTransform
Transforming viewbinding-8.6.0.aar (androidx.databinding:viewbinding:8.6.0) with AarTransform
Transforming material-1.11.0.aar (com.google.android.material:material:1.11.0) with ExtractAarTransform
Transforming material-1.11.0.aar (com.google.android.material:material:1.11.0) with AarTransform
Transforming constraintlayout-2.1.4.aar (androidx.constraintlayout:constraintlayout:2.1.4) with ExtractAarTransform
Transforming constraintlayout-2.1.4.aar (androidx.constraintlayout:constraintlayout:2.1.4) with AarTransform
Transforming preference-1.2.1.aar (androidx.preference:preference:1.2.1) with ExtractAarTransform
Transforming preference-1.2.1.aar (androidx.preference:preference:1.2.1) with AarTransform
Transforming appcompat-resources-1.6.1.aar (androidx.appcompat:appcompat-resources:1.6.1) with ExtractAarTransform
Transforming appcompat-resources-1.6.1.aar (androidx.appcompat:appcompat-resources:1.6.1) with AarTransform
Transforming appcompat-1.6.1.aar (androidx.appcompat:appcompat:1.6.1) with ExtractAarTransform
Transforming appcompat-1.6.1.aar (androidx.appcompat:appcompat:1.6.1) with AarTransform
Transforming dynamicanimation-1.0.0.aar (androidx.dynamicanimation:dynamicanimation:1.0.0) with ExtractAarTransform
Transforming dynamicanimation-1.0.0.aar (androidx.dynamicanimation:dynamicanimation:1.0.0) with AarTransform
Transforming legacy-support-core-utils-1.0.0.aar (androidx.legacy:legacy-support-core-utils:1.0.0) with ExtractAarTransform
Transforming legacy-support-core-utils-1.0.0.aar (androidx.legacy:legacy-support-core-utils:1.0.0) with AarTransform
Transforming documentfile-1.0.1.aar (androidx.documentfile:documentfile:1.0.1) with ExtractAarTransform
Transforming documentfile-1.0.1.aar (androidx.documentfile:documentfile:1.0.1) with AarTransform
Transforming documentfile-1.0.1.aar (androidx.documentfile:documentfile:1.0.1) with ExtractAarTransform
Transforming documentfile-1.0.1.aar (androidx.documentfile:documentfile:1.0.1) with AarTransform
Transforming emoji2-views-helper-1.2.0.aar (androidx.emoji2:emoji2-views-helper:1.2.0) with ExtractAarTransform
Transforming emoji2-views-helper-1.2.0.aar (androidx.emoji2:emoji2-views-helper:1.2.0) with AarTransform
Transforming emoji2-1.2.0.aar (androidx.emoji2:emoji2:1.2.0) with ExtractAarTransform
Transforming emoji2-1.2.0.aar (androidx.emoji2:emoji2:1.2.0) with AarTransform
Transforming viewpager2-1.0.0.aar (androidx.viewpager2:viewpager2:1.0.0) with ExtractAarTransform
Transforming viewpager2-1.0.0.aar (androidx.viewpager2:viewpager2:1.0.0) with AarTransform
Transforming fragment-ktx-1.3.6.aar (androidx.fragment:fragment-ktx:1.3.6) with ExtractAarTransform
Transforming fragment-ktx-1.3.6.aar (androidx.fragment:fragment-ktx:1.3.6) with AarTransform
Transforming fragment-1.3.6.aar (androidx.fragment:fragment:1.3.6) with ExtractAarTransform
Transforming fragment-1.3.6.aar (androidx.fragment:fragment:1.3.6) with AarTransform
Transforming fragment-1.3.6.aar (androidx.fragment:fragment:1.3.6) with ExtractAarTransform
Transforming fragment-1.3.6.aar (androidx.fragment:fragment:1.3.6) with AarTransform
Transforming activity-ktx-1.8.0.aar (androidx.activity:activity-ktx:1.8.0) with ExtractAarTransform
Transforming activity-ktx-1.8.0.aar (androidx.activity:activity-ktx:1.8.0) with AarTransform
Transforming activity-1.8.0.aar (androidx.activity:activity:1.8.0) with ExtractAarTransform
Transforming activity-1.8.0.aar (androidx.activity:activity:1.8.0) with AarTransform
Transforming drawerlayout-1.1.1.aar (androidx.drawerlayout:drawerlayout:1.1.1) with ExtractAarTransform
Transforming drawerlayout-1.1.1.aar (androidx.drawerlayout:drawerlayout:1.1.1) with AarTransform
Transforming coordinatorlayout-1.1.0.aar (androidx.coordinatorlayout:coordinatorlayout:1.1.0) with ExtractAarTransform
Transforming coordinatorlayout-1.1.0.aar (androidx.coordinatorlayout:coordinatorlayout:1.1.0) with AarTransform
Transforming vectordrawable-animated-1.1.0.aar (androidx.vectordrawable:vectordrawable-animated:1.1.0) with ExtractAarTransform
Transforming vectordrawable-animated-1.1.0.aar (androidx.vectordrawable:vectordrawable-animated:1.1.0) with AarTransform
Transforming vectordrawable-1.1.0.aar (androidx.vectordrawable:vectordrawable:1.1.0) with ExtractAarTransform
Transforming vectordrawable-1.1.0.aar (androidx.vectordrawable:vectordrawable:1.1.0) with AarTransform
Transforming vectordrawable-1.1.0.aar (androidx.vectordrawable:vectordrawable:1.1.0) with ExtractAarTransform
Transforming vectordrawable-1.1.0.aar (androidx.vectordrawable:vectordrawable:1.1.0) with AarTransform
Transforming slidingpanelayout-1.2.0.aar (androidx.slidingpanelayout:slidingpanelayout:1.2.0) with ExtractAarTransform
Transforming slidingpanelayout-1.2.0.aar (androidx.slidingpanelayout:slidingpanelayout:1.2.0) with AarTransform
Transforming loader-1.0.0.aar (androidx.loader:loader:1.0.0) with ExtractAarTransform
Transforming loader-1.0.0.aar (androidx.loader:loader:1.0.0) with AarTransform
Transforming loader-1.0.0.aar (androidx.loader:loader:1.0.0) with ExtractAarTransform
Transforming loader-1.0.0.aar (androidx.loader:loader:1.0.0) with AarTransform
Transforming savedstate-ktx-1.2.1.aar (androidx.savedstate:savedstate-ktx:1.2.1) with ExtractAarTransform
Transforming savedstate-ktx-1.2.1.aar (androidx.savedstate:savedstate-ktx:1.2.1) with AarTransform
Transforming savedstate-1.2.1.aar (androidx.savedstate:savedstate:1.2.1) with ExtractAarTransform
Transforming savedstate-1.2.1.aar (androidx.savedstate:savedstate:1.2.1) with AarTransform
Transforming lifecycle-runtime-ktx-2.6.1.aar (androidx.lifecycle:lifecycle-runtime-ktx:2.6.1) with ExtractAarTransform
Transforming lifecycle-runtime-ktx-2.6.1.aar (androidx.lifecycle:lifecycle-runtime-ktx:2.6.1) with AarTransform
Transforming lifecycle-viewmodel-ktx-2.6.1.aar (androidx.lifecycle:lifecycle-viewmodel-ktx:2.6.1) with ExtractAarTransform
Transforming lifecycle-viewmodel-ktx-2.6.1.aar (androidx.lifecycle:lifecycle-viewmodel-ktx:2.6.1) with AarTransform
Transforming lifecycle-process-2.6.1.aar (androidx.lifecycle:lifecycle-process:2.6.1) with ExtractAarTransform
Transforming lifecycle-process-2.6.1.aar (androidx.lifecycle:lifecycle-process:2.6.1) with AarTransform
Transforming lifecycle-livedata-core-ktx-2.6.1.aar (androidx.lifecycle:lifecycle-livedata-core-ktx:2.6.1) with ExtractAarTransform
Transforming lifecycle-livedata-core-ktx-2.6.1.aar (androidx.lifecycle:lifecycle-livedata-core-ktx:2.6.1) with AarTransform
Transforming lifecycle-livedata-core-2.6.1.aar (androidx.lifecycle:lifecycle-livedata-core:2.6.1) with ExtractAarTransform
Transforming lifecycle-livedata-core-2.6.1.aar (androidx.lifecycle:lifecycle-livedata-core:2.6.1) with AarTransform
Transforming lifecycle-livedata-2.6.1.aar (androidx.lifecycle:lifecycle-livedata:2.6.1) with ExtractAarTransform
Transforming lifecycle-livedata-2.6.1.aar (androidx.lifecycle:lifecycle-livedata:2.6.1) with AarTransform
Transforming lifecycle-viewmodel-2.6.1.aar (androidx.lifecycle:lifecycle-viewmodel:2.6.1) with ExtractAarTransform
Transforming lifecycle-viewmodel-2.6.1.aar (androidx.lifecycle:lifecycle-viewmodel:2.6.1) with AarTransform
Transforming lifecycle-viewmodel-2.6.1.aar (androidx.lifecycle:lifecycle-viewmodel:2.6.1) with ExtractAarTransform
Transforming lifecycle-viewmodel-2.6.1.aar (androidx.lifecycle:lifecycle-viewmodel:2.6.1) with AarTransform
Transforming lifecycle-runtime-2.6.1.aar (androidx.lifecycle:lifecycle-runtime:2.6.1) with ExtractAarTransform
Transforming lifecycle-runtime-2.6.1.aar (androidx.lifecycle:lifecycle-runtime:2.6.1) with AarTransform
Transforming lifecycle-viewmodel-savedstate-2.6.1.aar (androidx.lifecycle:lifecycle-viewmodel-savedstate:2.6.1) with ExtractAarTransform
Transforming lifecycle-viewmodel-savedstate-2.6.1.aar (androidx.lifecycle:lifecycle-viewmodel-savedstate:2.6.1) with AarTransform
Transforming core-ktx-1.9.0.aar (androidx.core:core-ktx:1.9.0) with ExtractAarTransform
Transforming core-ktx-1.9.0.aar (androidx.core:core-ktx:1.9.0) with AarTransform
Transforming viewpager-1.0.0.aar (androidx.viewpager:viewpager:1.0.0) with ExtractAarTransform
Transforming viewpager-1.0.0.aar (androidx.viewpager:viewpager:1.0.0) with AarTransform
Transforming recyclerview-1.1.0.aar (androidx.recyclerview:recyclerview:1.1.0) with ExtractAarTransform
Transforming recyclerview-1.1.0.aar (androidx.recyclerview:recyclerview:1.1.0) with AarTransform
Transforming recyclerview-1.1.0.aar (androidx.recyclerview:recyclerview:1.1.0) with ExtractAarTransform
Transforming recyclerview-1.1.0.aar (androidx.recyclerview:recyclerview:1.1.0) with AarTransform
Transforming customview-1.1.0.aar (androidx.customview:customview:1.1.0) with ExtractAarTransform
Transforming customview-1.1.0.aar (androidx.customview:customview:1.1.0) with AarTransform
Transforming customview-1.1.0.aar (androidx.customview:customview:1.1.0) with ExtractAarTransform
Transforming customview-1.1.0.aar (androidx.customview:customview:1.1.0) with AarTransform
Transforming transition-1.4.1.aar (androidx.transition:transition:1.4.1) with ExtractAarTransform
Transforming transition-1.4.1.aar (androidx.transition:transition:1.4.1) with AarTransform
Transforming window-1.0.0.aar (androidx.window:window:1.0.0) with ExtractAarTransform
Transforming window-1.0.0.aar (androidx.window:window:1.0.0) with AarTransform
Transforming core-1.9.0.aar (androidx.core:core:1.9.0) with ExtractAarTransform
Transforming core-1.9.0.aar (androidx.core:core:1.9.0) with AarTransform
Transforming core-1.9.0.aar (androidx.core:core:1.9.0) with ExtractAarTransform
Transforming core-1.9.0.aar (androidx.core:core:1.9.0) with AarTransform
Transforming cursoradapter-1.0.0.aar (androidx.cursoradapter:cursoradapter:1.0.0) with ExtractAarTransform
Transforming cursoradapter-1.0.0.aar (androidx.cursoradapter:cursoradapter:1.0.0) with AarTransform
Transforming cardview-1.0.0.aar (androidx.cardview:cardview:1.0.0) with ExtractAarTransform
Transforming cardview-1.0.0.aar (androidx.cardview:cardview:1.0.0) with AarTransform
Transforming versionedparcelable-1.1.1.aar (androidx.versionedparcelable:versionedparcelable:1.1.1) with ExtractAarTransform
Transforming versionedparcelable-1.1.1.aar (androidx.versionedparcelable:versionedparcelable:1.1.1) with AarTransform
Transforming profileinstaller-1.3.0.aar (androidx.profileinstaller:profileinstaller:1.3.0) with ExtractAarTransform
Transforming profileinstaller-1.3.0.aar (androidx.profileinstaller:profileinstaller:1.3.0) with AarTransform
Transforming startup-runtime-1.1.1.aar (androidx.startup:startup-runtime:1.1.1) with ExtractAarTransform
Transforming startup-runtime-1.1.1.aar (androidx.startup:startup-runtime:1.1.1) with AarTransform
Transforming tracing-1.0.0.aar (androidx.tracing:tracing:1.0.0) with ExtractAarTransform
Transforming tracing-1.0.0.aar (androidx.tracing:tracing:1.0.0) with AarTransform
Transforming interpolator-1.0.0.aar (androidx.interpolator:interpolator:1.0.0) with ExtractAarTransform
Transforming interpolator-1.0.0.aar (androidx.interpolator:interpolator:1.0.0) with AarTransform
Transforming core-runtime-2.2.0.aar (androidx.arch.core:core-runtime:2.2.0) with ExtractAarTransform
Transforming core-runtime-2.2.0.aar (androidx.arch.core:core-runtime:2.2.0) with AarTransform
Transforming localbroadcastmanager-1.0.0.aar (androidx.localbroadcastmanager:localbroadcastmanager:1.0.0) with ExtractAarTransform
Transforming localbroadcastmanager-1.0.0.aar (androidx.localbroadcastmanager:localbroadcastmanager:1.0.0) with AarTransform
Transforming print-1.0.0.aar (androidx.print:print:1.0.0) with ExtractAarTransform
Transforming print-1.0.0.aar (androidx.print:print:1.0.0) with AarTransform
Transforming annotation-experimental-1.3.0.aar (androidx.annotation:annotation-experimental:1.3.0) with ExtractAarTransform
Transforming annotation-experimental-1.3.0.aar (androidx.annotation:annotation-experimental:1.3.0) with AarTransform
Build cache key for task ':app:mergeReleaseResources' is 4f63c18d46c835613a0330f829d02791
Task ':app:mergeReleaseResources' is not up-to-date because:
  No history is available.
The input changes require a full rebuild for incremental task ':app:mergeReleaseResources'.
[MergeResources] Inputs are non-incremental full task action.
Transforming aapt2-8.6.0-11315950-linux.jar (com.android.tools.build:aapt2:8.6.0-11315950) with Aapt2Extractor
Compiling XML table /home/runner/work/NearChuckle-android-wip-edition/NearChuckle-android-wip-edition/android/app/build/intermediates/incremental/release/mergeReleaseResources/merged.dir/values-hi/values-hi.xml to /home/runner/work/NearChuckle-android-wip-edition/NearChuckle-android-wip-edition/android/app/build/intermediates/merged_res/release/mergeReleaseResources/values-hi_values-hi.arsc.flat
Compiling XML table /home/runner/work/NearChuckle-android-wip-edition/NearChuckle-android-wip-edition/android/app/build/intermediates/incremental/release/mergeReleaseResources/merged.dir/values/values.xml to /home/runner/work/NearChuckle-android-wip-edition/NearChuckle-android-wip-edition/android/app/build/intermediates/merged_res/release/mergeReleaseResources/values_values.arsc.flat
Compiling XML table /home/runner/work/NearChuckle-android-wip-edition/NearChuckle-android-wip-edition/android/app/build/intermediates/incremental/release/mergeReleaseResources/merged.dir/values-pt/values-pt.xml to /home/runner/work/NearChuckle-android-wip-edition/NearChuckle-android-wip-edition/android/app/build/intermediates/merged_res/release/mergeReleaseResources/values-pt_values-pt.arsc.flat
Compiling XML table /home/runner/work/NearChuckle-android-wip-edition/NearChuckle-android-wip-edition/android/app/build/intermediates/incremental/release/mergeReleaseResources/merged.dir/values-watch-v21/values-watch-v21.xml to /home/runner/work/NearChuckle-android-wip-edition/NearChuckle-android-wip-edition/android/app/build/intermediates/merged_res/release/mergeReleaseResources/values-watch-v21_values-watch-v21.arsc.flat
Compiling XML table /home/runner/work/NearChuckle-android-wip-edition/NearChuckle-android-wip-edition/android/app/build/intermediates/incremental/release/mergeReleaseResources/merged.dir/values-hy/values-hy.xml to /home/runner/work/NearChuckle-android-wip-edition/NearChuckle-android-wip-edition/android/app/build/intermediates/merged_res/release/mergeReleaseResources/values-hy_values-hy.arsc.flat
Compiling XML table /home/runner/work/NearChuckle-android-wip-edition/NearChuckle-android-wip-edition/android/app/build/intermediates/incremental/release/mergeReleaseResources/merged.dir/values-hr/values-hr.xml to /home/runner/work/NearChuckle-android-wip-edition/NearChuckle-android-wip-edition/android/app/build/intermediates/merged_res/release/mergeReleaseResources/values-hr_values-hr.arsc.flat
Compiling XML table /home/runner/work/NearChuckle-android-wip-edition/NearChuckle-android-wip-edition/android/app/build/intermediates/incremental/release/mergeReleaseResources/merged.dir/values-hu/values-hu.xml to /home/runner/work/NearChuckle-android-wip-edition/NearChuckle-android-wip-edition/android/app/build/intermediates/merged_res/release/mergeReleaseResources/values-hu_values-hu.arsc.flat
Compiling XML table /home/runner/work/NearChuckle-android-wip-edition/NearChuckle-android-wip-edition/android/app/build/intermediates/incremental/release/mergeReleaseResources/merged.dir/values-v17/values-v17.xml to /home/runner/work/NearChuckle-android-wip-edition/NearChuckle-android-wip-edition/android/app/build/intermediates/merged_res/release/mergeReleaseResources/values-v17_values-v17.arsc.flat
Compiling XML table /home/runner/work/NearChuckle-android-wip-edition/NearChuckle-android-wip-edition/android/app/build/intermediates/incremental/release/mergeReleaseResources/merged.dir/values-af/values-af.xml to /home/runner/work/NearChuckle-android-wip-edition/NearChuckle-android-wip-edition/android/app/build/intermediates/merged_res/release/mergeReleaseResources/values-af_values-af.arsc.flat
Compiling XML table /home/runner/work/NearChuckle-android-wip-edition/NearChuckle-android-wip-edition/android/app/build/intermediates/incremental/release/mergeReleaseResources/merged.dir/values-v18/values-v18.xml to /home/runner/work/NearChuckle-android-wip-edition/NearChuckle-android-wip-edition/android/app/build/intermediates/merged_res/release/mergeReleaseResources/values-v18_values-v18.arsc.flat
Compiling XML table /home/runner/work/NearChuckle-android-wip-edition/NearChuckle-android-wip-edition/android/app/build/intermediates/incremental/release/mergeReleaseResources/merged.dir/values-v16/values-v16.xml to /home/runner/work/NearChuckle-android-wip-edition/NearChuckle-android-wip-edition/android/app/build/intermediates/merged_res/release/mergeReleaseResources/values-v16_values-v16.arsc.flat
Compiling XML table /home/runner/work/NearChuckle-android-wip-edition/NearChuckle-android-wip-edition/android/app/build/intermediates/incremental/release/mergeReleaseResources/merged.dir/values-w360dp-port-v13/values-w360dp-port-v13.xml to /home/runner/work/NearChuckle-android-wip-edition/NearChuckle-android-wip-edition/android/app/build/intermediates/merged_res/release/mergeReleaseResources/values-w360dp-port-v13_values-w360dp-port-v13.arsc.flat
Compiling XML table /home/runner/work/NearChuckle-android-wip-edition/NearChuckle-android-wip-edition/android/app/build/intermediates/incremental/release/mergeReleaseResources/merged.dir/values-zh-rHK/values-zh-rHK.xml to /home/runner/work/NearChuckle-android-wip-edition/NearChuckle-android-wip-edition/android/app/build/intermediates/merged_res/release/mergeReleaseResources/values-zh-rHK_values-zh-rHK.arsc.flat
Compiling XML table /home/runner/work/NearChuckle-android-wip-edition/NearChuckle-android-wip-edition/android/app/build/intermediates/incremental/release/mergeReleaseResources/merged.dir/values-it/values-it.xml to /home/runner/work/NearChuckle-android-wip-edition/NearChuckle-android-wip-edition/android/app/build/intermediates/merged_res/release/mergeReleaseResources/values-it_values-it.arsc.flat
Compiling XML table /home/runner/work/NearChuckle-android-wip-edition/NearChuckle-android-wip-edition/android/app/build/intermediates/incremental/release/mergeReleaseResources/merged.dir/values-in/values-in.xml to /home/runner/work/NearChuckle-android-wip-edition/NearChuckle-android-wip-edition/android/app/build/intermediates/merged_res/release/mergeReleaseResources/values-in_values-in.arsc.flat
Compiling XML table /home/runner/work/NearChuckle-android-wip-edition/NearChuckle-android-wip-edition/android/app/build/intermediates/incremental/release/mergeReleaseResources/merged.dir/values-ar/values-ar.xml to /home/runner/work/NearChuckle-android-wip-edition/NearChuckle-android-wip-edition/android/app/build/intermediates/merged_res/release/mergeReleaseResources/values-ar_values-ar.arsc.flat
Compiling XML table /home/runner/work/NearChuckle-android-wip-edition/NearChuckle-android-wip-edition/android/app/build/intermediates/incremental/release/mergeReleaseResources/merged.dir/values-b+sr+Latn/values-b+sr+Latn.xml to /home/runner/work/NearChuckle-android-wip-edition/NearChuckle-android-wip-edition/android/app/build/intermediates/merged_res/release/mergeReleaseResources/values-b+sr+Latn_values-b+sr+Latn.arsc.flat
Compiling XML table /home/runner/work/NearChuckle-android-wip-edition/NearChuckle-android-wip-edition/android/app/build/intermediates/incremental/release/mergeReleaseResources/merged.dir/values-v23/values-v23.xml to /home/runner/work/NearChuckle-android-wip-edition/NearChuckle-android-wip-edition/android/app/build/intermediates/merged_res/release/mergeReleaseResources/values-v23_values-v23.arsc.flat
Compiling XML table /home/runner/work/NearChuckle-android-wip-edition/NearChuckle-android-wip-edition/android/app/build/intermediates/incremental/release/mergeReleaseResources/merged.dir/values-is/values-is.xml to /home/runner/work/NearChuckle-android-wip-edition/NearChuckle-android-wip-edition/android/app/build/intermediates/merged_res/release/mergeReleaseResources/values-is_values-is.arsc.flat
Compiling XML table /home/runner/work/NearChuckle-android-wip-edition/NearChuckle-android-wip-edition/android/app/build/intermediates/incremental/release/mergeReleaseResources/merged.dir/values-az/values-az.xml to /home/runner/work/NearChuckle-android-wip-edition/NearChuckle-android-wip-edition/android/app/build/intermediates/merged_res/release/mergeReleaseResources/values-az_values-az.arsc.flat
Compiling XML table /home/runner/work/NearChuckle-android-wip-edition/NearChuckle-android-wip-edition/android/app/build/intermediates/incremental/release/mergeReleaseResources/merged.dir/values-iw/values-iw.xml to /home/runner/work/NearChuckle-android-wip-edition/NearChuckle-android-wip-edition/android/app/build/intermediates/merged_res/release/mergeReleaseResources/values-iw_values-iw.arsc.flat
Compiling XML table /home/runner/work/NearChuckle-android-wip-edition/NearChuckle-android-wip-edition/android/app/build/intermediates/incremental/release/mergeReleaseResources/merged.dir/values-zu/values-zu.xml to /home/runner/work/NearChuckle-android-wip-edition/NearChuckle-android-wip-edition/android/app/build/intermediates/merged_res/release/mergeReleaseResources/values-zu_values-zu.arsc.flat
Compiling XML table /home/runner/work/NearChuckle-android-wip-edition/NearChuckle-android-wip-edition/android/app/build/intermediates/incremental/release/mergeReleaseResources/merged.dir/values-v21/values-v21.xml to /home/runner/work/NearChuckle-android-wip-edition/NearChuckle-android-wip-edition/android/app/build/intermediates/merged_res/release/mergeReleaseResources/values-v21_values-v21.arsc.flat
Compiling XML table /home/runner/work/NearChuckle-android-wip-edition/NearChuckle-android-wip-edition/android/app/build/intermediates/incremental/release/mergeReleaseResources/merged.dir/values-v28/values-v28.xml to /home/runner/work/NearChuckle-android-wip-edition/NearChuckle-android-wip-edition/android/app/build/intermediates/merged_res/release/mergeReleaseResources/values-v28_values-v28.arsc.flat
Compiling XML table /home/runner/work/NearChuckle-android-wip-edition/NearChuckle-android-wip-edition/android/app/build/intermediates/incremental/release/mergeReleaseResources/merged.dir/values-bg/values-bg.xml to /home/runner/work/NearChuckle-android-wip-edition/NearChuckle-android-wip-edition/android/app/build/intermediates/merged_res/release/mergeReleaseResources/values-bg_values-bg.arsc.flat
Compiling XML table /home/runner/work/NearChuckle-android-wip-edition/NearChuckle-android-wip-edition/android/app/build/intermediates/incremental/release/mergeReleaseResources/merged.dir/values-es-rUS/values-es-rUS.xml to /home/runner/work/NearChuckle-android-wip-edition/NearChuckle-android-wip-edition/android/app/build/intermediates/merged_res/release/mergeReleaseResources/values-es-rUS_values-es-rUS.arsc.flat
Compiling XML table /home/runner/work/NearChuckle-android-wip-edition/NearChuckle-android-wip-edition/android/app/build/intermediates/incremental/release/mergeReleaseResources/merged.dir/values-v31/values-v31.xml to /home/runner/work/NearChuckle-android-wip-edition/NearChuckle-android-wip-edition/android/app/build/intermediates/merged_res/release/mergeReleaseResources/values-v31_values-v31.arsc.flat
Compiling XML table /home/runner/work/NearChuckle-android-wip-edition/NearChuckle-android-wip-edition/android/app/build/intermediates/incremental/release/mergeReleaseResources/merged.dir/values-v25/values-v25.xml to /home/runner/work/NearChuckle-android-wip-edition/NearChuckle-android-wip-edition/android/app/build/intermediates/merged_res/release/mergeReleaseResources/values-v25_values-v25.arsc.flat
Compiling XML table /home/runner/work/NearChuckle-android-wip-edition/NearChuckle-android-wip-edition/android/app/build/intermediates/incremental/release/mergeReleaseResources/merged.dir/values-pt-rPT/values-pt-rPT.xml to /home/runner/work/NearChuckle-android-wip-edition/NearChuckle-android-wip-edition/android/app/build/intermediates/merged_res/release/mergeReleaseResources/values-pt-rPT_values-pt-rPT.arsc.flat
Compiling XML table /home/runner/work/NearChuckle-android-wip-edition/NearChuckle-android-wip-edition/android/app/build/intermediates/incremental/release/mergeReleaseResources/merged.dir/values-sk/values-sk.xml to /home/runner/work/NearChuckle-android-wip-edition/NearChuckle-android-wip-edition/android/app/build/intermediates/merged_res/release/mergeReleaseResources/values-sk_values-sk.arsc.flat
Compiling XML table /home/runner/work/NearChuckle-android-wip-edition/NearChuckle-android-wip-edition/android/app/build/intermediates/incremental/release/mergeReleaseResources/merged.dir/values-ro/values-ro.xml to /home/runner/work/NearChuckle-android-wip-edition/NearChuckle-android-wip-edition/android/app/build/intermediates/merged_res/release/mergeReleaseResources/values-ro_values-ro.arsc.flat
Compiling XML table /home/runner/work/NearChuckle-android-wip-edition/NearChuckle-android-wip-edition/android/app/build/intermediates/incremental/release/mergeReleaseResources/merged.dir/values-sr/values-sr.xml to /home/runner/work/NearChuckle-android-wip-edition/NearChuckle-android-wip-edition/android/app/build/intermediates/merged_res/release/mergeReleaseResources/values-sr_values-sr.arsc.flat
Compiling XML table /home/runner/work/NearChuckle-android-wip-edition/NearChuckle-android-wip-edition/android/app/build/intermediates/incremental/release/mergeReleaseResources/merged.dir/values-sv/values-sv.xml to /home/runner/work/NearChuckle-android-wip-edition/NearChuckle-android-wip-edition/android/app/build/intermediates/merged_res/release/mergeReleaseResources/values-sv_values-sv.arsc.flat
Compiling XML table /home/runner/work/NearChuckle-android-wip-edition/NearChuckle-android-wip-edition/android/app/build/intermediates/incremental/release/mergeReleaseResources/merged.dir/values-be/values-be.xml to /home/runner/work/NearChuckle-android-wip-edition/NearChuckle-android-wip-edition/android/app/build/intermediates/merged_res/release/mergeReleaseResources/values-be_values-be.arsc.flat
Compiling XML table /home/runner/work/NearChuckle-android-wip-edition/NearChuckle-android-wip-edition/android/app/build/intermediates/incremental/release/mergeReleaseResources/merged.dir/values-ky/values-ky.xml to /home/runner/work/NearChuckle-android-wip-edition/NearChuckle-android-wip-edition/android/app/build/intermediates/merged_res/release/mergeReleaseResources/values-ky_values-ky.arsc.flat
Compiling XML table /home/runner/work/NearChuckle-android-wip-edition/NearChuckle-android-wip-edition/android/app/build/intermediates/incremental/release/mergeReleaseResources/merged.dir/values-v22/values-v22.xml to /home/runner/work/NearChuckle-android-wip-edition/NearChuckle-android-wip-edition/android/app/build/intermediates/merged_res/release/mergeReleaseResources/values-v22_values-v22.arsc.flat
Compiling XML table /home/runner/work/NearChuckle-android-wip-edition/NearChuckle-android-wip-edition/android/app/build/intermediates/incremental/release/mergeReleaseResources/merged.dir/values-te/values-te.xml to /home/runner/work/NearChuckle-android-wip-edition/NearChuckle-android-wip-edition/android/app/build/intermediates/merged_res/release/mergeReleaseResources/values-te_values-te.arsc.flat
Compiling XML table /home/runner/work/NearChuckle-android-wip-edition/NearChuckle-android-wip-edition/android/app/build/intermediates/incremental/release/mergeReleaseResources/merged.dir/values-h360dp-land-v13/values-h360dp-land-v13.xml to /home/runner/work/NearChuckle-android-wip-edition/NearChuckle-android-wip-edition/android/app/build/intermediates/merged_res/release/mergeReleaseResources/values-h360dp-land-v13_values-h360dp-land-v13.arsc.flat
Compiling XML table /home/runner/work/NearChuckle-android-wip-edition/NearChuckle-android-wip-edition/android/app/build/intermediates/incremental/release/mergeReleaseResources/merged.dir/values-h480dp-land-v13/values-h480dp-land-v13.xml to /home/runner/work/NearChuckle-android-wip-edition/NearChuckle-android-wip-edition/android/app/build/intermediates/merged_res/release/mergeReleaseResources/values-h480dp-land-v13_values-h480dp-land-v13.arsc.flat
Compiling XML table /home/runner/work/NearChuckle-android-wip-edition/NearChuckle-android-wip-edition/android/app/build/intermediates/incremental/release/mergeReleaseResources/merged.dir/values-da/values-da.xml to /home/runner/work/NearChuckle-android-wip-edition/NearChuckle-android-wip-edition/android/app/build/intermediates/merged_res/release/mergeReleaseResources/values-da_values-da.arsc.flat
Compiling XML table /home/runner/work/NearChuckle-android-wip-edition/NearChuckle-android-wip-edition/android/app/build/intermediates/incremental/release/mergeReleaseResources/merged.dir/values-en-rCA/values-en-rCA.xml to /home/runner/work/NearChuckle-android-wip-edition/NearChuckle-android-wip-edition/android/app/build/intermediates/merged_res/release/mergeReleaseResources/values-en-rCA_values-en-rCA.arsc.flat
Compiling XML table /home/runner/work/NearChuckle-android-wip-edition/NearChuckle-android-wip-edition/android/app/build/intermediates/incremental/release/mergeReleaseResources/merged.dir/values-ru/values-ru.xml to /home/runner/work/NearChuckle-android-wip-edition/NearChuckle-android-wip-edition/android/app/build/intermediates/merged_res/release/mergeReleaseResources/values-ru_values-ru.arsc.flat
Compiling XML table /home/runner/work/NearChuckle-android-wip-edition/NearChuckle-android-wip-edition/android/app/build/intermediates/incremental/release/mergeReleaseResources/merged.dir/values-lo/values-lo.xml to /home/runner/work/NearChuckle-android-wip-edition/NearChuckle-android-wip-edition/android/app/build/intermediates/merged_res/release/mergeReleaseResources/values-lo_values-lo.arsc.flat
Compiling XML table /home/runner/work/NearChuckle-android-wip-edition/NearChuckle-android-wip-edition/android/app/build/intermediates/incremental/release/mergeReleaseResources/merged.dir/values-si/values-si.xml to /home/runner/work/NearChuckle-android-wip-edition/NearChuckle-android-wip-edition/android/app/build/intermediates/merged_res/release/mergeReleaseResources/values-si_values-si.arsc.flat
Compiling XML table /home/runner/work/NearChuckle-android-wip-edition/NearChuckle-android-wip-edition/android/app/build/intermediates/incremental/release/mergeReleaseResources/merged.dir/values-h550dp-port-v13/values-h550dp-port-v13.xml to /home/runner/work/NearChuckle-android-wip-edition/NearChuckle-android-wip-edition/android/app/build/intermediates/merged_res/release/mergeReleaseResources/values-h550dp-port-v13_values-h550dp-port-v13.arsc.flat
Compiling XML table /home/runner/work/NearChuckle-android-wip-edition/NearChuckle-android-wip-edition/android/app/build/intermediates/incremental/release/mergeReleaseResources/merged.dir/values-mk/values-mk.xml to /home/runner/work/NearChuckle-android-wip-edition/NearChuckle-android-wip-edition/android/app/build/intermediates/merged_res/release/mergeReleaseResources/values-mk_values-mk.arsc.flat
Compiling XML table /home/runner/work/NearChuckle-android-wip-edition/NearChuckle-android-wip-edition/android/app/build/intermediates/incremental/release/mergeReleaseResources/merged.dir/values-bs/values-bs.xml to /home/runner/work/NearChuckle-android-wip-edition/NearChuckle-android-wip-edition/android/app/build/intermediates/merged_res/release/mergeReleaseResources/values-bs_values-bs.arsc.flat
Compiling XML table /home/runner/work/NearChuckle-android-wip-edition/NearChuckle-android-wip-edition/android/app/build/intermediates/incremental/release/mergeReleaseResources/merged.dir/values-mr/values-mr.xml to /home/runner/work/NearChuckle-android-wip-edition/NearChuckle-android-wip-edition/android/app/build/intermediates/merged_res/release/mergeReleaseResources/values-mr_values-mr.arsc.flat
Compiling XML table /home/runner/work/NearChuckle-android-wip-edition/NearChuckle-android-wip-edition/android/app/build/intermediates/incremental/release/mergeReleaseResources/merged.dir/values-sq/values-sq.xml to /home/runner/work/NearChuckle-android-wip-edition/NearChuckle-android-wip-edition/android/app/build/intermediates/merged_res/release/mergeReleaseResources/values-sq_values-sq.arsc.flat
Compiling XML table /home/runner/work/NearChuckle-android-wip-edition/NearChuckle-android-wip-edition/android/app/build/intermediates/incremental/release/mergeReleaseResources/merged.dir/values-zh-rTW/values-zh-rTW.xml to /home/runner/work/NearChuckle-android-wip-edition/NearChuckle-android-wip-edition/android/app/build/intermediates/merged_res/release/mergeReleaseResources/values-zh-rTW_values-zh-rTW.arsc.flat
Compiling XML table /home/runner/work/NearChuckle-android-wip-edition/NearChuckle-android-wip-edition/android/app/build/intermediates/incremental/release/mergeReleaseResources/merged.dir/values-v34/values-v34.xml to /home/runner/work/NearChuckle-android-wip-edition/NearChuckle-android-wip-edition/android/app/build/intermediates/merged_res/release/mergeReleaseResources/values-v34_values-v34.arsc.flat
Compiling XML table /home/runner/work/NearChuckle-android-wip-edition/NearChuckle-android-wip-edition/android/app/build/intermediates/incremental/release/mergeReleaseResources/merged.dir/values-eu/values-eu.xml to /home/runner/work/NearChuckle-android-wip-edition/NearChuckle-android-wip-edition/android/app/build/intermediates/merged_res/release/mergeReleaseResources/values-eu_values-eu.arsc.flat
Compiling XML table /home/runner/work/NearChuckle-android-wip-edition/NearChuckle-android-wip-edition/android/app/build/intermediates/incremental/release/mergeReleaseResources/merged.dir/values-port/values-port.xml to /home/runner/work/NearChuckle-android-wip-edition/NearChuckle-android-wip-edition/android/app/build/intermediates/merged_res/release/mergeReleaseResources/values-port_values-port.arsc.flat
Compiling XML table /home/runner/work/NearChuckle-android-wip-edition/NearChuckle-android-wip-edition/android/app/build/intermediates/incremental/release/mergeReleaseResources/merged.dir/values-fa/values-fa.xml to /home/runner/work/NearChuckle-android-wip-edition/NearChuckle-android-wip-edition/android/app/build/intermediates/merged_res/release/mergeReleaseResources/values-fa_values-fa.arsc.flat
Compiling XML table /home/runner/work/NearChuckle-android-wip-edition/NearChuckle-android-wip-edition/android/app/build/intermediates/incremental/release/mergeReleaseResources/merged.dir/values-kn/values-kn.xml to /home/runner/work/NearChuckle-android-wip-edition/NearChuckle-android-wip-edition/android/app/build/intermediates/merged_res/release/mergeReleaseResources/values-kn_values-kn.arsc.flat
Compiling XML table /home/runner/work/NearChuckle-android-wip-edition/NearChuckle-android-wip-edition/android/app/build/intermediates/incremental/release/mergeReleaseResources/merged.dir/values-ca/values-ca.xml to /home/runner/work/NearChuckle-android-wip-edition/NearChuckle-android-wip-edition/android/app/build/intermediates/merged_res/release/mergeReleaseResources/values-ca_values-ca.arsc.flat
Compiling XML table /home/runner/work/NearChuckle-android-wip-edition/NearChuckle-android-wip-edition/android/app/build/intermediates/incremental/release/mergeReleaseResources/merged.dir/values-en-rXC/values-en-rXC.xml to /home/runner/work/NearChuckle-android-wip-edition/NearChuckle-android-wip-edition/android/app/build/intermediates/merged_res/release/mergeReleaseResources/values-en-rXC_values-en-rXC.arsc.flat
Compiling XML table /home/runner/work/NearChuckle-android-wip-edition/NearChuckle-android-wip-edition/android/app/build/intermediates/incremental/release/mergeReleaseResources/merged.dir/values-en-rGB/values-en-rGB.xml to /home/runner/work/NearChuckle-android-wip-edition/NearChuckle-android-wip-edition/android/app/build/intermediates/merged_res/release/mergeReleaseResources/values-en-rGB_values-en-rGB.arsc.flat
Compiling XML table /home/runner/work/NearChuckle-android-wip-edition/NearChuckle-android-wip-edition/android/app/build/intermediates/incremental/release/mergeReleaseResources/merged.dir/values-ta/values-ta.xml to /home/runner/work/NearChuckle-android-wip-edition/NearChuckle-android-wip-edition/android/app/build/intermediates/merged_res/release/mergeReleaseResources/values-ta_values-ta.arsc.flat
Compiling XML table /home/runner/work/NearChuckle-android-wip-edition/NearChuckle-android-wip-edition/android/app/build/intermediates/incremental/release/mergeReleaseResources/merged.dir/values-gl/values-gl.xml to /home/runner/work/NearChuckle-android-wip-edition/NearChuckle-android-wip-edition/android/app/build/intermediates/merged_res/release/mergeReleaseResources/values-gl_values-gl.arsc.flat
Compiling XML table /home/runner/work/NearChuckle-android-wip-edition/NearChuckle-android-wip-edition/android/app/build/intermediates/incremental/release/mergeReleaseResources/merged.dir/values-km/values-km.xml to /home/runner/work/NearChuckle-android-wip-edition/NearChuckle-android-wip-edition/android/app/build/intermediates/merged_res/release/mergeReleaseResources/values-km_values-km.arsc.flat
Compiling XML table /home/runner/work/NearChuckle-android-wip-edition/NearChuckle-android-wip-edition/android/app/build/intermediates/incremental/release/mergeReleaseResources/merged.dir/values-sw360dp-v13/values-sw360dp-v13.xml to /home/runner/work/NearChuckle-android-wip-edition/NearChuckle-android-wip-edition/android/app/build/intermediates/merged_res/release/mergeReleaseResources/values-sw360dp-v13_values-sw360dp-v13.arsc.flat
Compiling xml file /home/runner/work/NearChuckle-android-wip-edition/NearChuckle-android-wip-edition/android/app/src/main/res/xml/data_extraction_rules.xml to /home/runner/work/NearChuckle-android-wip-edition/NearChuckle-android-wip-edition/android/app/build/intermediates/merged_res/release/mergeReleaseResources/xml_data_extraction_rules.xml.flat
Compiling xml file /home/runner/work/NearChuckle-android-wip-edition/NearChuckle-android-wip-edition/android/app/build/intermediates/incremental/release/mergeReleaseResources/stripped.dir/layout/activity_launcher.xml to /home/runner/work/NearChuckle-android-wip-edition/NearChuckle-android-wip-edition/android/app/build/intermediates/merged_res/release/mergeReleaseResources/layout_activity_launcher.xml.flat
Compiling XML table /home/runner/work/NearChuckle-android-wip-edition/NearChuckle-android-wip-edition/android/app/build/intermediates/incremental/release/mergeReleaseResources/merged.dir/values-h720dp-v13/values-h720dp-v13.xml to /home/runner/work/NearChuckle-android-wip-edition/NearChuckle-android-wip-edition/android/app/build/intermediates/merged_res/release/mergeReleaseResources/values-h720dp-v13_values-h720dp-v13.arsc.flat
Compiling XML table /home/runner/work/NearChuckle-android-wip-edition/NearChuckle-android-wip-edition/android/app/build/intermediates/incremental/release/mergeReleaseResources/merged.dir/values-xlarge-v4/values-xlarge-v4.xml to /home/runner/work/NearChuckle-android-wip-edition/NearChuckle-android-wip-edition/android/app/build/intermediates/merged_res/release/mergeReleaseResources/values-xlarge-v4_values-xlarge-v4.arsc.flat
Compiling XML table /home/runner/work/NearChuckle-android-wip-edition/NearChuckle-android-wip-edition/android/app/build/intermediates/incremental/release/mergeReleaseResources/merged.dir/values-de/values-de.xml to /home/runner/work/NearChuckle-android-wip-edition/NearChuckle-android-wip-edition/android/app/build/intermediates/merged_res/release/mergeReleaseResources/values-de_values-de.arsc.flat
Compiling XML table /home/runner/work/NearChuckle-android-wip-edition/NearChuckle-android-wip-edition/android/app/build/intermediates/incremental/release/mergeReleaseResources/merged.dir/values-sw/values-sw.xml to /home/runner/work/NearChuckle-android-wip-edition/NearChuckle-android-wip-edition/android/app/build/intermediates/merged_res/release/mergeReleaseResources/values-sw_values-sw.arsc.flat
AAPT2 aapt2-8.6.0-11315950-linux Daemon #0: starting
Compiling XML table /home/runner/work/NearChuckle-android-wip-edition/NearChuckle-android-wip-edition/android/app/build/intermediates/incremental/release/mergeReleaseResources/merged.dir/values-en-rIN/values-en-rIN.xml to /home/runner/work/NearChuckle-android-wip-edition/NearChuckle-android-wip-edition/android/app/build/intermediates/merged_res/release/mergeReleaseResources/values-en-rIN_values-en-rIN.arsc.flat
Compiling XML table /home/runner/work/NearChuckle-android-wip-edition/NearChuckle-android-wip-edition/android/app/build/intermediates/incremental/release/mergeReleaseResources/merged.dir/values-ur/values-ur.xml to /home/runner/work/NearChuckle-android-wip-edition/NearChuckle-android-wip-edition/android/app/build/intermediates/merged_res/release/mergeReleaseResources/values-ur_values-ur.arsc.flat
Compiling XML table /home/runner/work/NearChuckle-android-wip-edition/NearChuckle-android-wip-edition/android/app/build/intermediates/incremental/release/mergeReleaseResources/merged.dir/values-cs/values-cs.xml to /home/runner/work/NearChuckle-android-wip-edition/NearChuckle-android-wip-edition/android/app/build/intermediates/merged_res/release/mergeReleaseResources/values-cs_values-cs.arsc.flat
Compiling XML table /home/runner/work/NearChuckle-android-wip-edition/NearChuckle-android-wip-edition/android/app/build/intermediates/incremental/release/mergeReleaseResources/merged.dir/values-tl/values-tl.xml to /home/runner/work/NearChuckle-android-wip-edition/NearChuckle-android-wip-edition/android/app/build/intermediates/merged_res/release/mergeReleaseResources/values-tl_values-tl.arsc.flat
Compiling XML table /home/runner/work/NearChuckle-android-wip-edition/NearChuckle-android-wip-edition/android/app/build/intermediates/incremental/release/mergeReleaseResources/merged.dir/values-uz/values-uz.xml to /home/runner/work/NearChuckle-android-wip-edition/NearChuckle-android-wip-edition/android/app/build/intermediates/merged_res/release/mergeReleaseResources/values-uz_values-uz.arsc.flat
Compiling XML table /home/runner/work/NearChuckle-android-wip-edition/NearChuckle-android-wip-edition/android/app/build/intermediates/incremental/release/mergeReleaseResources/merged.dir/values-en-rAU/values-en-rAU.xml to /home/runner/work/NearChuckle-android-wip-edition/NearChuckle-android-wip-edition/android/app/build/intermediates/merged_res/release/mergeReleaseResources/values-en-rAU_values-en-rAU.arsc.flat
Compiling XML table /home/runner/work/NearChuckle-android-wip-edition/NearChuckle-android-wip-edition/android/app/build/intermediates/incremental/release/mergeReleaseResources/merged.dir/values-el/values-el.xml to /home/runner/work/NearChuckle-android-wip-edition/NearChuckle-android-wip-edition/android/app/build/intermediates/merged_res/release/mergeReleaseResources/values-el_values-el.arsc.flat
Compiling XML table /home/runner/work/NearChuckle-android-wip-edition/NearChuckle-android-wip-edition/android/app/build/intermediates/incremental/release/mergeReleaseResources/merged.dir/values-lv/values-lv.xml to /home/runner/work/NearChuckle-android-wip-edition/NearChuckle-android-wip-edition/android/app/build/intermediates/merged_res/release/mergeReleaseResources/values-lv_values-lv.arsc.flat
Compiling XML table /home/runner/work/NearChuckle-android-wip-edition/NearChuckle-android-wip-edition/android/app/build/intermediates/incremental/release/mergeReleaseResources/merged.dir/values-uk/values-uk.xml to /home/runner/work/NearChuckle-android-wip-edition/NearChuckle-android-wip-edition/android/app/build/intermediates/merged_res/release/mergeReleaseResources/values-uk_values-uk.arsc.flat
Compiling XML table /home/runner/work/NearChuckle-android-wip-edition/NearChuckle-android-wip-edition/android/app/build/intermediates/incremental/release/mergeReleaseResources/merged.dir/values-et/values-et.xml to /home/runner/work/NearChuckle-android-wip-edition/NearChuckle-android-wip-edition/android/app/build/intermediates/merged_res/release/mergeReleaseResources/values-et_values-et.arsc.flat
Compiling XML table /home/runner/work/NearChuckle-android-wip-edition/NearChuckle-android-wip-edition/android/app/build/intermediates/incremental/release/mergeReleaseResources/merged.dir/values-mn/values-mn.xml to /home/runner/work/NearChuckle-android-wip-edition/NearChuckle-android-wip-edition/android/app/build/intermediates/merged_res/release/mergeReleaseResources/values-mn_values-mn.arsc.flat
Compiling XML table /home/runner/work/NearChuckle-android-wip-edition/NearChuckle-android-wip-edition/android/app/build/intermediates/incremental/release/mergeReleaseResources/merged.dir/values-nb/values-nb.xml to /home/runner/work/NearChuckle-android-wip-edition/NearChuckle-android-wip-edition/android/app/build/intermediates/merged_res/release/mergeReleaseResources/values-nb_values-nb.arsc.flat
Compiling XML table /home/runner/work/NearChuckle-android-wip-edition/NearChuckle-android-wip-edition/android/app/build/intermediates/incremental/release/mergeReleaseResources/merged.dir/values-ne/values-ne.xml to /home/runner/work/NearChuckle-android-wip-edition/NearChuckle-android-wip-edition/android/app/build/intermediates/merged_res/release/mergeReleaseResources/values-ne_values-ne.arsc.flat
Compiling XML table /home/runner/work/NearChuckle-android-wip-edition/NearChuckle-android-wip-edition/android/app/build/intermediates/incremental/release/mergeReleaseResources/merged.dir/values-ms/values-ms.xml to /home/runner/work/NearChuckle-android-wip-edition/NearChuckle-android-wip-edition/android/app/build/intermediates/merged_res/release/mergeReleaseResources/values-ms_values-ms.arsc.flat
Compiling XML table /home/runner/work/NearChuckle-android-wip-edition/NearChuckle-android-wip-edition/android/app/build/intermediates/incremental/release/mergeReleaseResources/merged.dir/values-fi/values-fi.xml to /home/runner/work/NearChuckle-android-wip-edition/NearChuckle-android-wip-edition/android/app/build/intermediates/merged_res/release/mergeReleaseResources/values-fi_values-fi.arsc.flat
Compiling XML table /home/runner/work/NearChuckle-android-wip-edition/NearChuckle-android-wip-edition/android/app/build/intermediates/incremental/release/mergeReleaseResources/merged.dir/values-es/values-es.xml to /home/runner/work/NearChuckle-android-wip-edition/NearChuckle-android-wip-edition/android/app/build/intermediates/merged_res/release/mergeReleaseResources/values-es_values-es.arsc.flat
Compiling XML table /home/runner/work/NearChuckle-android-wip-edition/NearChuckle-android-wip-edition/android/app/build/intermediates/incremental/release/mergeReleaseResources/merged.dir/values-hdpi-v4/values-hdpi-v4.xml to /home/runner/work/NearChuckle-android-wip-edition/NearChuckle-android-wip-edition/android/app/build/intermediates/merged_res/release/mergeReleaseResources/values-hdpi-v4_values-hdpi-v4.arsc.flat
Compiling XML table /home/runner/work/NearChuckle-android-wip-edition/NearChuckle-android-wip-edition/android/app/build/intermediates/incremental/release/mergeReleaseResources/merged.dir/values-or/values-or.xml to /home/runner/work/NearChuckle-android-wip-edition/NearChuckle-android-wip-edition/android/app/build/intermediates/merged_res/release/mergeReleaseResources/values-or_values-or.arsc.flat
Compiling XML table /home/runner/work/NearChuckle-android-wip-edition/NearChuckle-android-wip-edition/android/app/build/intermediates/incremental/release/mergeReleaseResources/merged.dir/values-w400dp-port-v13/values-w400dp-port-v13.xml to /home/runner/work/NearChuckle-android-wip-edition/NearChuckle-android-wip-edition/android/app/build/intermediates/merged_res/release/mergeReleaseResources/values-w400dp-port-v13_values-w400dp-port-v13.arsc.flat
Compiling XML table /home/runner/work/NearChuckle-android-wip-edition/NearChuckle-android-wip-edition/android/app/build/intermediates/incremental/release/mergeReleaseResources/merged.dir/values-night-v8/values-night-v8.xml to /home/runner/work/NearChuckle-android-wip-edition/NearChuckle-android-wip-edition/android/app/build/intermediates/merged_res/release/mergeReleaseResources/values-night-v8_values-night-v8.arsc.flat
Compiling XML table /home/runner/work/NearChuckle-android-wip-edition/NearChuckle-android-wip-edition/android/app/build/intermediates/incremental/release/mergeReleaseResources/merged.dir/values-pa/values-pa.xml to /home/runner/work/NearChuckle-android-wip-edition/NearChuckle-android-wip-edition/android/app/build/intermediates/merged_res/release/mergeReleaseResources/values-pa_values-pa.arsc.flat
Compiling XML table /home/runner/work/NearChuckle-android-wip-edition/NearChuckle-android-wip-edition/android/app/build/intermediates/incremental/release/mergeReleaseResources/merged.dir/values-zh-rCN/values-zh-rCN.xml to /home/runner/work/NearChuckle-android-wip-edition/NearChuckle-android-wip-edition/android/app/build/intermediates/merged_res/release/mergeReleaseResources/values-zh-rCN_values-zh-rCN.arsc.flat
Compiling XML table /home/runner/work/NearChuckle-android-wip-edition/NearChuckle-android-wip-edition/android/app/build/intermediates/incremental/release/mergeReleaseResources/merged.dir/values-large-v4/values-large-v4.xml to /home/runner/work/NearChuckle-android-wip-edition/NearChuckle-android-wip-edition/android/app/build/intermediates/merged_res/release/mergeReleaseResources/values-large-v4_values-large-v4.arsc.flat
Compiling xml file /home/runner/work/NearChuckle-android-wip-edition/NearChuckle-android-wip-edition/android/app/src/main/res/xml/game_mode_config.xml to /home/runner/work/NearChuckle-android-wip-edition/NearChuckle-android-wip-edition/android/app/build/intermediates/merged_res/release/mergeReleaseResources/xml_game_mode_config.xml.flat
Compiling xml file /home/runner/work/NearChuckle-android-wip-edition/NearChuckle-android-wip-edition/android/app/src/main/res/xml/backup_rules.xml to /home/runner/work/NearChuckle-android-wip-edition/NearChuckle-android-wip-edition/android/app/build/intermediates/merged_res/release/mergeReleaseResources/xml_backup_rules.xml.flat
Compiling XML table /home/runner/work/NearChuckle-android-wip-edition/NearChuckle-android-wip-edition/android/app/build/intermediates/incremental/release/mergeReleaseResources/merged.dir/values-small-v4/values-small-v4.xml to /home/runner/work/NearChuckle-android-wip-edition/NearChuckle-android-wip-edition/android/app/build/intermediates/merged_res/release/mergeReleaseResources/values-small-v4_values-small-v4.arsc.flat
Compiling XML table /home/runner/work/NearChuckle-android-wip-edition/NearChuckle-android-wip-edition/android/app/build/intermediates/incremental/release/mergeReleaseResources/merged.dir/values-gu/values-gu.xml to /home/runner/work/NearChuckle-android-wip-edition/NearChuckle-android-wip-edition/android/app/build/intermediates/merged_res/release/mergeReleaseResources/values-gu_values-gu.arsc.flat
AAPT2 aapt2-8.6.0-11315950-linux Daemon #1: starting
Compiling xml file /home/runner/work/NearChuckle-android-wip-edition/NearChuckle-android-wip-edition/android/app/src/main/res/drawable/button_bg.xml to /home/runner/work/NearChuckle-android-wip-edition/NearChuckle-android-wip-edition/android/app/build/intermediates/merged_res/release/mergeReleaseResources/drawable_button_bg.xml.flat
Compiling xml file /home/runner/work/NearChuckle-android-wip-edition/NearChuckle-android-wip-edition/android/app/src/main/res/mipmap-anydpi-v26/ic_launcher.xml to /home/runner/work/NearChuckle-android-wip-edition/NearChuckle-android-wip-edition/android/app/build/intermediates/merged_res/release/mergeReleaseResources/mipmap-anydpi-v26_ic_launcher.xml.flat
Compiling XML table /home/runner/work/NearChuckle-android-wip-edition/NearChuckle-android-wip-edition/android/app/build/intermediates/incremental/release/mergeReleaseResources/merged.dir/values-watch-v20/values-watch-v20.xml to /home/runner/work/NearChuckle-android-wip-edition/NearChuckle-android-wip-edition/android/app/build/intermediates/merged_res/release/mergeReleaseResources/values-watch-v20_values-watch-v20.arsc.flat
Compiling XML table /home/runner/work/NearChuckle-android-wip-edition/NearChuckle-android-wip-edition/android/app/build/intermediates/incremental/release/mergeReleaseResources/merged.dir/values-h320dp-port-v13/values-h320dp-port-v13.xml to /home/runner/work/NearChuckle-android-wip-edition/NearChuckle-android-wip-edition/android/app/build/intermediates/merged_res/release/mergeReleaseResources/values-h320dp-port-v13_values-h320dp-port-v13.arsc.flat
Compiling XML table /home/runner/work/NearChuckle-android-wip-edition/NearChuckle-android-wip-edition/android/app/build/intermediates/incremental/release/mergeReleaseResources/merged.dir/values-ldltr-v21/values-ldltr-v21.xml to /home/runner/work/NearChuckle-android-wip-edition/NearChuckle-android-wip-edition/android/app/build/intermediates/merged_res/release/mergeReleaseResources/values-ldltr-v21_values-ldltr-v21.arsc.flat
Compiling XML table /home/runner/work/NearChuckle-android-wip-edition/NearChuckle-android-wip-edition/android/app/build/intermediates/incremental/release/mergeReleaseResources/merged.dir/values-w320dp-land-v13/values-w320dp-land-v13.xml to /home/runner/work/NearChuckle-android-wip-edition/NearChuckle-android-wip-edition/android/app/build/intermediates/merged_res/release/mergeReleaseResources/values-w320dp-land-v13_values-w320dp-land-v13.arsc.flat
Compiling XML table /home/runner/work/NearChuckle-android-wip-edition/NearChuckle-android-wip-edition/android/app/build/intermediates/incremental/release/mergeReleaseResources/merged.dir/values-am/values-am.xml to /home/runner/work/NearChuckle-android-wip-edition/NearChuckle-android-wip-edition/android/app/build/intermediates/merged_res/release/mergeReleaseResources/values-am_values-am.arsc.flat
Compiling XML table /home/runner/work/NearChuckle-android-wip-edition/NearChuckle-android-wip-edition/android/app/build/intermediates/incremental/release/mergeReleaseResources/merged.dir/values-as/values-as.xml to /home/runner/work/NearChuckle-android-wip-edition/NearChuckle-android-wip-edition/android/app/build/intermediates/merged_res/release/mergeReleaseResources/values-as_values-as.arsc.flat
Compiling XML table /home/runner/work/NearChuckle-android-wip-edition/NearChuckle-android-wip-edition/android/app/build/intermediates/incremental/release/mergeReleaseResources/merged.dir/values-ja/values-ja.xml to /home/runner/work/NearChuckle-android-wip-edition/NearChuckle-android-wip-edition/android/app/build/intermediates/merged_res/release/mergeReleaseResources/values-ja_values-ja.arsc.flat
Compiling XML table /home/runner/work/NearChuckle-android-wip-edition/NearChuckle-android-wip-edition/android/app/build/intermediates/incremental/release/mergeReleaseResources/merged.dir/values-v24/values-v24.xml to /home/runner/work/NearChuckle-android-wip-edition/NearChuckle-android-wip-edition/android/app/build/intermediates/merged_res/release/mergeReleaseResources/values-v24_values-v24.arsc.flat
Compiling XML table /home/runner/work/NearChuckle-android-wip-edition/NearChuckle-android-wip-edition/android/app/build/intermediates/incremental/release/mergeReleaseResources/merged.dir/values-v26/values-v26.xml to /home/runner/work/NearChuckle-android-wip-edition/NearChuckle-android-wip-edition/android/app/build/intermediates/merged_res/release/mergeReleaseResources/values-v26_values-v26.arsc.flat
Compiling XML table /home/runner/work/NearChuckle-android-wip-edition/NearChuckle-android-wip-edition/android/app/build/intermediates/incremental/release/mergeReleaseResources/merged.dir/values-sw600dp-v13/values-sw600dp-v13.xml to /home/runner/work/NearChuckle-android-wip-edition/NearChuckle-android-wip-edition/android/app/build/intermediates/merged_res/release/mergeReleaseResources/values-sw600dp-v13_values-sw600dp-v13.arsc.flat
Compiling XML table /home/runner/work/NearChuckle-android-wip-edition/NearChuckle-android-wip-edition/android/app/build/intermediates/incremental/release/mergeReleaseResources/merged.dir/values-bn/values-bn.xml to /home/runner/work/NearChuckle-android-wip-edition/NearChuckle-android-wip-edition/android/app/build/intermediates/merged_res/release/mergeReleaseResources/values-bn_values-bn.arsc.flat
Compiling XML table /home/runner/work/NearChuckle-android-wip-edition/NearChuckle-android-wip-edition/android/app/build/intermediates/incremental/release/mergeReleaseResources/merged.dir/values-ka/values-ka.xml to /home/runner/work/NearChuckle-android-wip-edition/NearChuckle-android-wip-edition/android/app/build/intermediates/merged_res/release/mergeReleaseResources/values-ka_values-ka.arsc.flat
Compiling XML table /home/runner/work/NearChuckle-android-wip-edition/NearChuckle-android-wip-edition/android/app/build/intermediates/incremental/release/mergeReleaseResources/merged.dir/values-sl/values-sl.xml to /home/runner/work/NearChuckle-android-wip-edition/NearChuckle-android-wip-edition/android/app/build/intermediates/merged_res/release/mergeReleaseResources/values-sl_values-sl.arsc.flat
Compiling XML table /home/runner/work/NearChuckle-android-wip-edition/NearChuckle-android-wip-edition/android/app/build/intermediates/incremental/release/mergeReleaseResources/merged.dir/values-kk/values-kk.xml to /home/runner/work/NearChuckle-android-wip-edition/NearChuckle-android-wip-edition/android/app/build/intermediates/merged_res/release/mergeReleaseResources/values-kk_values-kk.arsc.flat
Compiling XML table /home/runner/work/NearChuckle-android-wip-edition/NearChuckle-android-wip-edition/android/app/build/intermediates/incremental/release/mergeReleaseResources/merged.dir/values-ko/values-ko.xml to /home/runner/work/NearChuckle-android-wip-edition/NearChuckle-android-wip-edition/android/app/build/intermediates/merged_res/release/mergeReleaseResources/values-ko_values-ko.arsc.flat
Compiling XML table /home/runner/work/NearChuckle-android-wip-edition/NearChuckle-android-wip-edition/android/app/build/intermediates/incremental/release/mergeReleaseResources/merged.dir/values-pt-rBR/values-pt-rBR.xml to /home/runner/work/NearChuckle-android-wip-edition/NearChuckle-android-wip-edition/android/app/build/intermediates/merged_res/release/mergeReleaseResources/values-pt-rBR_values-pt-rBR.arsc.flat
Compiling XML table /home/runner/work/NearChuckle-android-wip-edition/NearChuckle-android-wip-edition/android/app/build/intermediates/incremental/release/mergeReleaseResources/merged.dir/values-th/values-th.xml to /home/runner/work/NearChuckle-android-wip-edition/NearChuckle-android-wip-edition/android/app/build/intermediates/merged_res/release/mergeReleaseResources/values-th_values-th.arsc.flat
Compiling XML table /home/runner/work/NearChuckle-android-wip-edition/NearChuckle-android-wip-edition/android/app/build/intermediates/incremental/release/mergeReleaseResources/merged.dir/values-tr/values-tr.xml to /home/runner/work/NearChuckle-android-wip-edition/NearChuckle-android-wip-edition/android/app/build/intermediates/merged_res/release/mergeReleaseResources/values-tr_values-tr.arsc.flat
Compiling XML table /home/runner/work/NearChuckle-android-wip-edition/NearChuckle-android-wip-edition/android/app/build/intermediates/incremental/release/mergeReleaseResources/merged.dir/values-lt/values-lt.xml to /home/runner/work/NearChuckle-android-wip-edition/NearChuckle-android-wip-edition/android/app/build/intermediates/merged_res/release/mergeReleaseResources/values-lt_values-lt.arsc.flat
Compiling XML table /home/runner/work/NearChuckle-android-wip-edition/NearChuckle-android-wip-edition/android/app/build/intermediates/incremental/release/mergeReleaseResources/merged.dir/values-ldrtl-v17/values-ldrtl-v17.xml to /home/runner/work/NearChuckle-android-wip-edition/NearChuckle-android-wip-edition/android/app/build/intermediates/merged_res/release/mergeReleaseResources/values-ldrtl-v17_values-ldrtl-v17.arsc.flat
Compiling XML table /home/runner/work/NearChuckle-android-wip-edition/NearChuckle-android-wip-edition/android/app/build/intermediates/incremental/release/mergeReleaseResources/merged.dir/values-ml/values-ml.xml to /home/runner/work/NearChuckle-android-wip-edition/NearChuckle-android-wip-edition/android/app/build/intermediates/merged_res/release/mergeReleaseResources/values-ml_values-ml.arsc.flat
Compiling XML table /home/runner/work/NearChuckle-android-wip-edition/NearChuckle-android-wip-edition/android/app/build/intermediates/incremental/release/mergeReleaseResources/merged.dir/values-fr-rCA/values-fr-rCA.xml to /home/runner/work/NearChuckle-android-wip-edition/NearChuckle-android-wip-edition/android/app/build/intermediates/merged_res/release/mergeReleaseResources/values-fr-rCA_values-fr-rCA.arsc.flat
Compiling XML table /home/runner/work/NearChuckle-android-wip-edition/NearChuckle-android-wip-edition/android/app/build/intermediates/incremental/release/mergeReleaseResources/merged.dir/values-my/values-my.xml to /home/runner/work/NearChuckle-android-wip-edition/NearChuckle-android-wip-edition/android/app/build/intermediates/merged_res/release/mergeReleaseResources/values-my_values-my.arsc.flat
Compiling XML table /home/runner/work/NearChuckle-android-wip-edition/NearChuckle-android-wip-edition/android/app/build/intermediates/incremental/release/mergeReleaseResources/merged.dir/values-vi/values-vi.xml to /home/runner/work/NearChuckle-android-wip-edition/NearChuckle-android-wip-edition/android/app/build/intermediates/merged_res/release/mergeReleaseResources/values-vi_values-vi.arsc.flat
Compiling XML table /home/runner/work/NearChuckle-android-wip-edition/NearChuckle-android-wip-edition/android/app/build/intermediates/incremental/release/mergeReleaseResources/merged.dir/values-w600dp-land-v13/values-w600dp-land-v13.xml to /home/runner/work/NearChuckle-android-wip-edition/NearChuckle-android-wip-edition/android/app/build/intermediates/merged_res/release/mergeReleaseResources/values-w600dp-land-v13_values-w600dp-land-v13.arsc.flat
Compiling XML table /home/runner/work/NearChuckle-android-wip-edition/NearChuckle-android-wip-edition/android/app/build/intermediates/incremental/release/mergeReleaseResources/merged.dir/values-nl/values-nl.xml to /home/runner/work/NearChuckle-android-wip-edition/NearChuckle-android-wip-edition/android/app/build/intermediates/merged_res/release/mergeReleaseResources/values-nl_values-nl.arsc.flat
Compiling XML table /home/runner/work/NearChuckle-android-wip-edition/NearChuckle-android-wip-edition/android/app/build/intermediates/incremental/release/mergeReleaseResources/merged.dir/values-fr/values-fr.xml to /home/runner/work/NearChuckle-android-wip-edition/NearChuckle-android-wip-edition/android/app/build/intermediates/merged_res/release/mergeReleaseResources/values-fr_values-fr.arsc.flat
Compiling XML table /home/runner/work/NearChuckle-android-wip-edition/NearChuckle-android-wip-edition/android/app/build/intermediates/incremental/release/mergeReleaseResources/merged.dir/values-land/values-land.xml to /home/runner/work/NearChuckle-android-wip-edition/NearChuckle-android-wip-edition/android/app/build/intermediates/merged_res/release/mergeReleaseResources/values-land_values-land.arsc.flat
Compiling XML table /home/runner/work/NearChuckle-android-wip-edition/NearChuckle-android-wip-edition/android/app/build/intermediates/incremental/release/mergeReleaseResources/merged.dir/values-b+es+419/values-b+es+419.xml to /home/runner/work/NearChuckle-android-wip-edition/NearChuckle-android-wip-edition/android/app/build/intermediates/merged_res/release/mergeReleaseResources/values-b+es+419_values-b+es+419.arsc.flat
Compiling XML table /home/runner/work/NearChuckle-android-wip-edition/NearChuckle-android-wip-edition/android/app/build/intermediates/incremental/release/mergeReleaseResources/merged.dir/values-pl/values-pl.xml to /home/runner/work/NearChuckle-android-wip-edition/NearChuckle-android-wip-edition/android/app/build/intermediates/merged_res/release/mergeReleaseResources/values-pl_values-pl.arsc.flat
Compiling xml file /home/runner/work/NearChuckle-android-wip-edition/NearChuckle-android-wip-edition/android/app/src/main/res/mipmap-anydpi-v26/ic_launcher_round.xml to /home/runner/work/NearChuckle-android-wip-edition/NearChuckle-android-wip-edition/android/app/build/intermediates/merged_res/release/mergeReleaseResources/mipmap-anydpi-v26_ic_launcher_round.xml.flat
Stored cache entry for task ':app:mergeReleaseResources' with cache key 4f63c18d46c835613a0330f829d02791

> Task :app:mergeExtDexRelease
Transforming viewbinding-8.6.0.aar (androidx.databinding:viewbinding:8.6.0) with AarToClassTransform
Transforming viewbinding-8.6.0.aar (androidx.databinding:viewbinding:8.6.0) with IdentityTransform
Transforming material-1.11.0.aar (com.google.android.material:material:1.11.0) with AarToClassTransform
Transforming material-1.11.0.aar (com.google.android.material:material:1.11.0) with IdentityTransform
Transforming constraintlayout-2.1.4.aar (androidx.constraintlayout:constraintlayout:2.1.4) with AarToClassTransform
Transforming constraintlayout-2.1.4.aar (androidx.constraintlayout:constraintlayout:2.1.4) with IdentityTransform
Transforming preference-1.2.1.aar (androidx.preference:preference:1.2.1) with AarToClassTransform
Transforming preference-1.2.1.aar (androidx.preference:preference:1.2.1) with IdentityTransform
Transforming appcompat-resources-1.6.1.aar (androidx.appcompat:appcompat-resources:1.6.1) with AarToClassTransform
Transforming appcompat-resources-1.6.1.aar (androidx.appcompat:appcompat-resources:1.6.1) with IdentityTransform
Transforming appcompat-1.6.1.aar (androidx.appcompat:appcompat:1.6.1) with AarToClassTransform
Transforming appcompat-1.6.1.aar (androidx.appcompat:appcompat:1.6.1) with IdentityTransform
Transforming dynamicanimation-1.0.0.aar (androidx.dynamicanimation:dynamicanimation:1.0.0) with AarToClassTransform
Transforming dynamicanimation-1.0.0.aar (androidx.dynamicanimation:dynamicanimation:1.0.0) with IdentityTransform
Transforming legacy-support-core-utils-1.0.0.aar (androidx.legacy:legacy-support-core-utils:1.0.0) with AarToClassTransform
Transforming legacy-support-core-utils-1.0.0.aar (androidx.legacy:legacy-support-core-utils:1.0.0) with IdentityTransform
Transforming documentfile-1.0.1.aar (androidx.documentfile:documentfile:1.0.1) with AarToClassTransform
Transforming documentfile-1.0.1.aar (androidx.documentfile:documentfile:1.0.1) with IdentityTransform
Transforming documentfile-1.0.1.aar (androidx.documentfile:documentfile:1.0.1) with AarToClassTransform
Transforming documentfile-1.0.1.aar (androidx.documentfile:documentfile:1.0.1) with IdentityTransform
Transforming emoji2-views-helper-1.2.0.aar (androidx.emoji2:emoji2-views-helper:1.2.0) with AarToClassTransform
Transforming emoji2-views-helper-1.2.0.aar (androidx.emoji2:emoji2-views-helper:1.2.0) with IdentityTransform
Transforming emoji2-1.2.0.aar (androidx.emoji2:emoji2:1.2.0) with AarToClassTransform
Transforming emoji2-1.2.0.aar (androidx.emoji2:emoji2:1.2.0) with IdentityTransform
Transforming viewpager2-1.0.0.aar (androidx.viewpager2:viewpager2:1.0.0) with AarToClassTransform
Transforming viewpager2-1.0.0.aar (androidx.viewpager2:viewpager2:1.0.0) with IdentityTransform
Transforming fragment-ktx-1.3.6.aar (androidx.fragment:fragment-ktx:1.3.6) with AarToClassTransform
Transforming fragment-ktx-1.3.6.aar (androidx.fragment:fragment-ktx:1.3.6) with IdentityTransform
Transforming fragment-1.3.6.aar (androidx.fragment:fragment:1.3.6) with AarToClassTransform
Transforming fragment-1.3.6.aar (androidx.fragment:fragment:1.3.6) with IdentityTransform
Transforming fragment-1.3.6.aar (androidx.fragment:fragment:1.3.6) with AarToClassTransform
Transforming fragment-1.3.6.aar (androidx.fragment:fragment:1.3.6) with IdentityTransform
Transforming activity-ktx-1.8.0.aar (androidx.activity:activity-ktx:1.8.0) with AarToClassTransform
Transforming activity-ktx-1.8.0.aar (androidx.activity:activity-ktx:1.8.0) with IdentityTransform
Transforming activity-1.8.0.aar (androidx.activity:activity:1.8.0) with AarToClassTransform
Transforming activity-1.8.0.aar (androidx.activity:activity:1.8.0) with IdentityTransform
Transforming drawerlayout-1.1.1.aar (androidx.drawerlayout:drawerlayout:1.1.1) with AarToClassTransform
Transforming drawerlayout-1.1.1.aar (androidx.drawerlayout:drawerlayout:1.1.1) with IdentityTransform
Transforming coordinatorlayout-1.1.0.aar (androidx.coordinatorlayout:coordinatorlayout:1.1.0) with AarToClassTransform
Transforming coordinatorlayout-1.1.0.aar (androidx.coordinatorlayout:coordinatorlayout:1.1.0) with IdentityTransform
Transforming vectordrawable-animated-1.1.0.aar (androidx.vectordrawable:vectordrawable-animated:1.1.0) with AarToClassTransform
Transforming vectordrawable-animated-1.1.0.aar (androidx.vectordrawable:vectordrawable-animated:1.1.0) with IdentityTransform
Transforming vectordrawable-1.1.0.aar (androidx.vectordrawable:vectordrawable:1.1.0) with AarToClassTransform
Transforming vectordrawable-1.1.0.aar (androidx.vectordrawable:vectordrawable:1.1.0) with IdentityTransform
Transforming vectordrawable-1.1.0.aar (androidx.vectordrawable:vectordrawable:1.1.0) with AarToClassTransform
Transforming vectordrawable-1.1.0.aar (androidx.vectordrawable:vectordrawable:1.1.0) with IdentityTransform
Transforming slidingpanelayout-1.2.0.aar (androidx.slidingpanelayout:slidingpanelayout:1.2.0) with AarToClassTransform
Transforming slidingpanelayout-1.2.0.aar (androidx.slidingpanelayout:slidingpanelayout:1.2.0) with IdentityTransform
Transforming viewbinding-8.6.0.aar (androidx.databinding:viewbinding:8.6.0) with DexingNoClasspathTransform
Transforming loader-1.0.0.aar (androidx.loader:loader:1.0.0) with AarToClassTransform
Transforming loader-1.0.0.aar (androidx.loader:loader:1.0.0) with IdentityTransform
Transforming loader-1.0.0.aar (androidx.loader:loader:1.0.0) with AarToClassTransform
Transforming loader-1.0.0.aar (androidx.loader:loader:1.0.0) with IdentityTransform
Transforming savedstate-ktx-1.2.1.aar (androidx.savedstate:savedstate-ktx:1.2.1) with AarToClassTransform
Transforming savedstate-ktx-1.2.1.aar (androidx.savedstate:savedstate-ktx:1.2.1) with IdentityTransform
Transforming savedstate-1.2.1.aar (androidx.savedstate:savedstate:1.2.1) with AarToClassTransform
Transforming savedstate-1.2.1.aar (androidx.savedstate:savedstate:1.2.1) with IdentityTransform
Transforming lifecycle-runtime-ktx-2.6.1.aar (androidx.lifecycle:lifecycle-runtime-ktx:2.6.1) with AarToClassTransform
Transforming lifecycle-runtime-ktx-2.6.1.aar (androidx.lifecycle:lifecycle-runtime-ktx:2.6.1) with IdentityTransform
Transforming lifecycle-viewmodel-ktx-2.6.1.aar (androidx.lifecycle:lifecycle-viewmodel-ktx:2.6.1) with AarToClassTransform
Transforming lifecycle-viewmodel-ktx-2.6.1.aar (androidx.lifecycle:lifecycle-viewmodel-ktx:2.6.1) with IdentityTransform
Transforming lifecycle-process-2.6.1.aar (androidx.lifecycle:lifecycle-process:2.6.1) with AarToClassTransform
Transforming lifecycle-process-2.6.1.aar (androidx.lifecycle:lifecycle-process:2.6.1) with IdentityTransform
Transforming lifecycle-livedata-core-ktx-2.6.1.aar (androidx.lifecycle:lifecycle-livedata-core-ktx:2.6.1) with AarToClassTransform
Transforming lifecycle-livedata-core-ktx-2.6.1.aar (androidx.lifecycle:lifecycle-livedata-core-ktx:2.6.1) with IdentityTransform
Transforming lifecycle-livedata-core-2.6.1.aar (androidx.lifecycle:lifecycle-livedata-core:2.6.1) with AarToClassTransform
Transforming lifecycle-livedata-core-2.6.1.aar (androidx.lifecycle:lifecycle-livedata-core:2.6.1) with IdentityTransform
Transforming lifecycle-livedata-2.6.1.aar (androidx.lifecycle:lifecycle-livedata:2.6.1) with AarToClassTransform
Transforming material-1.11.0.aar (com.google.android.material:material:1.11.0) with DexingNoClasspathTransform
Build cache key for DexingNoClasspathTransform: /home/runner/.gradle/caches/transforms-4/a774c9fb6bcf68fdb96c0706bde7c48b/transformed/viewbinding-8.6.0-runtime.jar is 5e83da08cd983b361f70c25fe3f7d822
Build cache key for DexingNoClasspathTransform: /home/runner/.gradle/caches/transforms-4/bbf8fab450c8958a4387000da829d3f6/transformed/material-1.11.0-runtime.jar is ce61a9f1a8796a8456bcf4a25efca32b
Transforming lifecycle-livedata-2.6.1.aar (androidx.lifecycle:lifecycle-livedata:2.6.1) with IdentityTransform
Transforming lifecycle-common-2.6.1.jar (androidx.lifecycle:lifecycle-common:2.6.1) with IdentityTransform
Transforming lifecycle-common-2.6.1.jar (androidx.lifecycle:lifecycle-common:2.6.1) with IdentityTransform
Transforming lifecycle-common-2.6.1.jar (androidx.lifecycle:lifecycle-common:2.6.1) with DexingNoClasspathTransform
Transforming lifecycle-viewmodel-2.6.1.aar (androidx.lifecycle:lifecycle-viewmodel:2.6.1) with AarToClassTransform
Transforming lifecycle-viewmodel-2.6.1.aar (androidx.lifecycle:lifecycle-viewmodel:2.6.1) with IdentityTransform
Transforming lifecycle-viewmodel-2.6.1.aar (androidx.lifecycle:lifecycle-viewmodel:2.6.1) with AarToClassTransform
Transforming lifecycle-viewmodel-2.6.1.aar (androidx.lifecycle:lifecycle-viewmodel:2.6.1) with IdentityTransform
Transforming lifecycle-runtime-2.6.1.aar (androidx.lifecycle:lifecycle-runtime:2.6.1) with AarToClassTransform
Transforming lifecycle-runtime-2.6.1.aar (androidx.lifecycle:lifecycle-runtime:2.6.1) with IdentityTransform
Transforming lifecycle-viewmodel-savedstate-2.6.1.aar (androidx.lifecycle:lifecycle-viewmodel-savedstate:2.6.1) with AarToClassTransform
Transforming lifecycle-viewmodel-savedstate-2.6.1.aar (androidx.lifecycle:lifecycle-viewmodel-savedstate:2.6.1) with IdentityTransform
Transforming core-ktx-1.9.0.aar (androidx.core:core-ktx:1.9.0) with AarToClassTransform
Transforming core-ktx-1.9.0.aar (androidx.core:core-ktx:1.9.0) with IdentityTransform
Transforming viewpager-1.0.0.aar (androidx.viewpager:viewpager:1.0.0) with AarToClassTransform
Transforming viewpager-1.0.0.aar (androidx.viewpager:viewpager:1.0.0) with IdentityTransform
Transforming recyclerview-1.1.0.aar (androidx.recyclerview:recyclerview:1.1.0) with AarToClassTransform
Transforming recyclerview-1.1.0.aar (androidx.recyclerview:recyclerview:1.1.0) with IdentityTransform
Transforming recyclerview-1.1.0.aar (androidx.recyclerview:recyclerview:1.1.0) with AarToClassTransform
Transforming recyclerview-1.1.0.aar (androidx.recyclerview:recyclerview:1.1.0) with IdentityTransform
Transforming customview-1.1.0.aar (androidx.customview:customview:1.1.0) with AarToClassTransform
Transforming customview-1.1.0.aar (androidx.customview:customview:1.1.0) with IdentityTransform
Transforming customview-1.1.0.aar (androidx.customview:customview:1.1.0) with AarToClassTransform
Transforming customview-1.1.0.aar (androidx.customview:customview:1.1.0) with IdentityTransform
Transforming customview-1.1.0.aar (androidx.customview:customview:1.1.0) with AarToClassTransform
Transforming customview-1.1.0.aar (androidx.customview:customview:1.1.0) with IdentityTransform
Transforming customview-1.1.0.aar (androidx.customview:customview:1.1.0) with AarToClassTransform
Transforming customview-1.1.0.aar (androidx.customview:customview:1.1.0) with IdentityTransform
Transforming customview-1.1.0.aar (androidx.customview:customview:1.1.0) with AarToClassTransform
Transforming customview-1.1.0.aar (androidx.customview:customview:1.1.0) with IdentityTransform
Transforming transition-1.4.1.aar (androidx.transition:transition:1.4.1) with AarToClassTransform
Transforming transition-1.4.1.aar (androidx.transition:transition:1.4.1) with IdentityTransform
Transforming window-1.0.0.aar (androidx.window:window:1.0.0) with AarToClassTransform
Transforming window-1.0.0.aar (androidx.window:window:1.0.0) with IdentityTransform
Transforming core-1.9.0.aar (androidx.core:core:1.9.0) with AarToClassTransform
Transforming core-1.9.0.aar (androidx.core:core:1.9.0) with IdentityTransform
Transforming core-1.9.0.aar (androidx.core:core:1.9.0) with AarToClassTransform
Transforming core-1.9.0.aar (androidx.core:core:1.9.0) with IdentityTransform
Transforming core-1.9.0.aar (androidx.core:core:1.9.0) with AarToClassTransform
Transforming core-1.9.0.aar (androidx.core:core:1.9.0) with IdentityTransform
Transforming core-1.9.0.aar (androidx.core:core:1.9.0) with AarToClassTransform
Transforming core-1.9.0.aar (androidx.core:core:1.9.0) with IdentityTransform
Transforming core-1.9.0.aar (androidx.core:core:1.9.0) with AarToClassTransform
Transforming core-1.9.0.aar (androidx.core:core:1.9.0) with IdentityTransform
Transforming core-1.9.0.aar (androidx.core:core:1.9.0) with AarToClassTransform
Transforming core-1.9.0.aar (androidx.core:core:1.9.0) with IdentityTransform
Transforming core-1.9.0.aar (androidx.core:core:1.9.0) with AarToClassTransform
Transforming core-1.9.0.aar (androidx.core:core:1.9.0) with IdentityTransform
Transforming core-1.9.0.aar (androidx.core:core:1.9.0) with AarToClassTransform
Transforming core-1.9.0.aar (androidx.core:core:1.9.0) with IdentityTransform
Transforming core-1.9.0.aar (androidx.core:core:1.9.0) with AarToClassTransform
Transforming core-1.9.0.aar (androidx.core:core:1.9.0) with IdentityTransform
Transforming core-1.9.0.aar (androidx.core:core:1.9.0) with AarToClassTransform
Transforming core-1.9.0.aar (androidx.core:core:1.9.0) with IdentityTransform
Transforming core-1.9.0.aar (androidx.core:core:1.9.0) with AarToClassTransform
Transforming core-1.9.0.aar (androidx.core:core:1.9.0) with IdentityTransform
Transforming cursoradapter-1.0.0.aar (androidx.cursoradapter:cursoradapter:1.0.0) with AarToClassTransform
Transforming cursoradapter-1.0.0.aar (androidx.cursoradapter:cursoradapter:1.0.0) with IdentityTransform
Transforming resourceinspection-annotation-1.0.1.jar (androidx.resourceinspection:resourceinspection-annotation:1.0.1) with IdentityTransform
Transforming resourceinspection-annotation-1.0.1.jar (androidx.resourceinspection:resourceinspection-annotation:1.0.1) with IdentityTransform
Transforming resourceinspection-annotation-1.0.1.jar (androidx.resourceinspection:resourceinspection-annotation:1.0.1) with DexingNoClasspathTransform
Transforming cardview-1.0.0.aar (androidx.cardview:cardview:1.0.0) with AarToClassTransform
Transforming cardview-1.0.0.aar (androidx.cardview:cardview:1.0.0) with IdentityTransform
Transforming versionedparcelable-1.1.1.aar (androidx.versionedparcelable:versionedparcelable:1.1.1) with AarToClassTransform
Transforming versionedparcelable-1.1.1.aar (androidx.versionedparcelable:versionedparcelable:1.1.1) with IdentityTransform
Transforming collection-ktx-1.1.0.jar (androidx.collection:collection-ktx:1.1.0) with IdentityTransform
Transforming collection-ktx-1.1.0.jar (androidx.collection:collection-ktx:1.1.0) with IdentityTransform
Running dexing transform non-incrementally for '/home/runner/.gradle/caches/transforms-4/a774c9fb6bcf68fdb96c0706bde7c48b/transformed/viewbinding-8.6.0-runtime.jar'
Transforming collection-ktx-1.1.0.jar (androidx.collection:collection-ktx:1.1.0) with DexingNoClasspathTransform
Transforming collection-1.1.0.jar (androidx.collection:collection:1.1.0) with IdentityTransform
Transforming collection-1.1.0.jar (androidx.collection:collection:1.1.0) with IdentityTransform
Transforming collection-1.1.0.jar (androidx.collection:collection:1.1.0) with DexingNoClasspathTransform
Transforming profileinstaller-1.3.0.aar (androidx.profileinstaller:profileinstaller:1.3.0) with AarToClassTransform
Transforming profileinstaller-1.3.0.aar (androidx.profileinstaller:profileinstaller:1.3.0) with IdentityTransform
Transforming startup-runtime-1.1.1.aar (androidx.startup:startup-runtime:1.1.1) with AarToClassTransform
Transforming startup-runtime-1.1.1.aar (androidx.startup:startup-runtime:1.1.1) with IdentityTransform
Transforming tracing-1.0.0.aar (androidx.tracing:tracing:1.0.0) with AarToClassTransform
Transforming tracing-1.0.0.aar (androidx.tracing:tracing:1.0.0) with IdentityTransform
Transforming interpolator-1.0.0.aar (androidx.interpolator:interpolator:1.0.0) with AarToClassTransform
Transforming interpolator-1.0.0.aar (androidx.interpolator:interpolator:1.0.0) with IdentityTransform
Transforming core-runtime-2.2.0.aar (androidx.arch.core:core-runtime:2.2.0) with AarToClassTransform
Transforming core-runtime-2.2.0.aar (androidx.arch.core:core-runtime:2.2.0) with IdentityTransform
Transforming core-common-2.2.0.jar (androidx.arch.core:core-common:2.2.0) with IdentityTransform
Transforming core-common-2.2.0.jar (androidx.arch.core:core-common:2.2.0) with IdentityTransform
Transforming core-common-2.2.0.jar (androidx.arch.core:core-common:2.2.0) with DexingNoClasspathTransform
Transforming concurrent-futures-1.1.0.jar (androidx.concurrent:concurrent-futures:1.1.0) with IdentityTransform
Transforming concurrent-futures-1.1.0.jar (androidx.concurrent:concurrent-futures:1.1.0) with IdentityTransform
Transforming concurrent-futures-1.1.0.jar (androidx.concurrent:concurrent-futures:1.1.0) with DexingNoClasspathTransform
Transforming localbroadcastmanager-1.0.0.aar (androidx.localbroadcastmanager:localbroadcastmanager:1.0.0) with AarToClassTransform
Transforming localbroadcastmanager-1.0.0.aar (androidx.localbroadcastmanager:localbroadcastmanager:1.0.0) with IdentityTransform
Transforming print-1.0.0.aar (androidx.print:print:1.0.0) with AarToClassTransform
Running dexing transform non-incrementally for '/home/runner/.gradle/caches/transforms-4/bbf8fab450c8958a4387000da829d3f6/transformed/material-1.11.0-runtime.jar'
Transforming print-1.0.0.aar (androidx.print:print:1.0.0) with IdentityTransform
Transforming annotation-1.3.0.jar (androidx.annotation:annotation:1.3.0) with IdentityTransform
Transforming annotation-1.3.0.jar (androidx.annotation:annotation:1.3.0) with IdentityTransform
Transforming annotation-1.3.0.jar (androidx.annotation:annotation:1.3.0) with DexingNoClasspathTransform
Transforming annotation-experimental-1.3.0.aar (androidx.annotation:annotation-experimental:1.3.0) with AarToClassTransform
Transforming annotation-experimental-1.3.0.aar (androidx.annotation:annotation-experimental:1.3.0) with IdentityTransform
Transforming kotlinx-coroutines-core-jvm-1.6.4.jar (org.jetbrains.kotlinx:kotlinx-coroutines-core-jvm:1.6.4) with IdentityTransform
Transforming kotlinx-coroutines-core-jvm-1.6.4.jar (org.jetbrains.kotlinx:kotlinx-coroutines-core-jvm:1.6.4) with IdentityTransform
Transforming kotlinx-coroutines-core-jvm-1.6.4.jar (org.jetbrains.kotlinx:kotlinx-coroutines-core-jvm:1.6.4) with DexingNoClasspathTransform
Transforming kotlinx-coroutines-android-1.6.4.jar (org.jetbrains.kotlinx:kotlinx-coroutines-android:1.6.4) with IdentityTransform
Transforming kotlinx-coroutines-android-1.6.4.jar (org.jetbrains.kotlinx:kotlinx-coroutines-android:1.6.4) with IdentityTransform
Transforming kotlinx-coroutines-android-1.6.4.jar (org.jetbrains.kotlinx:kotlinx-coroutines-android:1.6.4) with DexingNoClasspathTransform
Transforming kotlin-stdlib-jdk8-1.8.22.jar (org.jetbrains.kotlin:kotlin-stdlib-jdk8:1.8.22) with IdentityTransform
Transforming kotlin-stdlib-jdk8-1.8.22.jar (org.jetbrains.kotlin:kotlin-stdlib-jdk8:1.8.22) with IdentityTransform
Transforming kotlin-stdlib-jdk8-1.8.22.jar (org.jetbrains.kotlin:kotlin-stdlib-jdk8:1.8.22) with DexingNoClasspathTransform
Transforming kotlin-stdlib-jdk7-1.8.22.jar (org.jetbrains.kotlin:kotlin-stdlib-jdk7:1.8.22) with IdentityTransform
Transforming kotlin-stdlib-jdk7-1.8.22.jar (org.jetbrains.kotlin:kotlin-stdlib-jdk7:1.8.22) with IdentityTransform
Transforming kotlin-stdlib-jdk7-1.8.22.jar (org.jetbrains.kotlin:kotlin-stdlib-jdk7:1.8.22) with DexingNoClasspathTransform
Transforming kotlin-stdlib-1.8.22.jar (org.jetbrains.kotlin:kotlin-stdlib:1.8.22) with IdentityTransform
Transforming kotlin-stdlib-1.8.22.jar (org.jetbrains.kotlin:kotlin-stdlib:1.8.22) with IdentityTransform
Transforming kotlin-stdlib-1.8.22.jar (org.jetbrains.kotlin:kotlin-stdlib:1.8.22) with DexingNoClasspathTransform
Transforming error_prone_annotations-2.15.0.jar (com.google.errorprone:error_prone_annotations:2.15.0) with IdentityTransform
Transforming error_prone_annotations-2.15.0.jar (com.google.errorprone:error_prone_annotations:2.15.0) with IdentityTransform
Transforming error_prone_annotations-2.15.0.jar (com.google.errorprone:error_prone_annotations:2.15.0) with DexingNoClasspathTransform
Transforming constraintlayout-core-1.0.4.jar (androidx.constraintlayout:constraintlayout-core:1.0.4) with IdentityTransform
Transforming constraintlayout-core-1.0.4.jar (androidx.constraintlayout:constraintlayout-core:1.0.4) with IdentityTransform
Transforming constraintlayout-core-1.0.4.jar (androidx.constraintlayout:constraintlayout-core:1.0.4) with DexingNoClasspathTransform
Transforming kotlin-stdlib-common-1.8.22.jar (org.jetbrains.kotlin:kotlin-stdlib-common:1.8.22) with IdentityTransform
Transforming kotlin-stdlib-common-1.8.22.jar (org.jetbrains.kotlin:kotlin-stdlib-common:1.8.22) with IdentityTransform
Transforming kotlin-stdlib-common-1.8.22.jar (org.jetbrains.kotlin:kotlin-stdlib-common:1.8.22) with DexingNoClasspathTransform
Transforming annotations-13.0.jar (org.jetbrains:annotations:13.0) with IdentityTransform
Transforming annotations-13.0.jar (org.jetbrains:annotations:13.0) with IdentityTransform
Transforming annotations-13.0.jar (org.jetbrains:annotations:13.0) with DexingNoClasspathTransform
Transforming listenablefuture-1.0.jar (com.google.guava:listenablefuture:1.0) with IdentityTransform
Transforming listenablefuture-1.0.jar (com.google.guava:listenablefuture:1.0) with IdentityTransform
Transforming listenablefuture-1.0.jar (com.google.guava:listenablefuture:1.0) with DexingNoClasspathTransform
Transforming preference-1.2.1.aar (androidx.preference:preference:1.2.1) with DexingNoClasspathTransform
Build cache key for DexingNoClasspathTransform: /home/runner/.gradle/caches/transforms-4/3edfb00441859ce8aa698b9624e99252/transformed/preference-1.2.1-runtime.jar is df2158310765924cebf69a04978fb4d7
Running dexing transform non-incrementally for '/home/runner/.gradle/caches/transforms-4/3edfb00441859ce8aa698b9624e99252/transformed/preference-1.2.1-runtime.jar'
Transforming constraintlayout-2.1.4.aar (androidx.constraintlayout:constraintlayout:2.1.4) with DexingNoClasspathTransform
Build cache key for DexingNoClasspathTransform: /home/runner/.gradle/caches/transforms-4/014e798dc26280d0cfafe55ed2b75e17/transformed/constraintlayout-2.1.4-runtime.jar is b39ec9b85b0f03a3b462f9316e33f7b3
Running dexing transform non-incrementally for '/home/runner/.gradle/caches/transforms-4/014e798dc26280d0cfafe55ed2b75e17/transformed/constraintlayout-2.1.4-runtime.jar'
Stored cache entry for DexingNoClasspathTransform: /home/runner/.gradle/caches/transforms-4/a774c9fb6bcf68fdb96c0706bde7c48b/transformed/viewbinding-8.6.0-runtime.jar with cache key 5e83da08cd983b361f70c25fe3f7d822
Transforming viewbinding-8.6.0.aar (androidx.databinding:viewbinding:8.6.0) with DexingOutputSplitTransform
Caching disabled for DexingOutputSplitTransform: /home/runner/.gradle/caches/transforms-4/d426925768025693a47c005e0957f1a8/transformed/viewbinding-8.6.0-runtime because:
  Caching not enabled.
Transforming appcompat-resources-1.6.1.aar (androidx.appcompat:appcompat-resources:1.6.1) with DexingNoClasspathTransform
Build cache key for DexingNoClasspathTransform: /home/runner/.gradle/caches/transforms-4/ded1910b8a399374fd79c047fe9b4eab/transformed/appcompat-resources-1.6.1-runtime.jar is 767e1985df0c1f99bdef64a71153d3a7
Running dexing transform non-incrementally for '/home/runner/.gradle/caches/transforms-4/ded1910b8a399374fd79c047fe9b4eab/transformed/appcompat-resources-1.6.1-runtime.jar'
Stored cache entry for DexingNoClasspathTransform: /home/runner/.gradle/caches/transforms-4/ded1910b8a399374fd79c047fe9b4eab/transformed/appcompat-resources-1.6.1-runtime.jar with cache key 767e1985df0c1f99bdef64a71153d3a7
Transforming appcompat-resources-1.6.1.aar (androidx.appcompat:appcompat-resources:1.6.1) with DexingOutputSplitTransform
Caching disabled for DexingOutputSplitTransform: /home/runner/.gradle/caches/transforms-4/e061526fc691b5dec8ca88094f8b43bf/transformed/appcompat-resources-1.6.1-runtime because:
  Caching not enabled.
Transforming appcompat-1.6.1.aar (androidx.appcompat:appcompat:1.6.1) with DexingNoClasspathTransform
Build cache key for DexingNoClasspathTransform: /home/runner/.gradle/caches/transforms-4/42789beb44495f77ea573e4269b6805f/transformed/appcompat-1.6.1-runtime.jar is 1d89a9b8b4f8bb3f1a7094c811588917
Running dexing transform non-incrementally for '/home/runner/.gradle/caches/transforms-4/42789beb44495f77ea573e4269b6805f/transformed/appcompat-1.6.1-runtime.jar'
Stored cache entry for DexingNoClasspathTransform: /home/runner/.gradle/caches/transforms-4/3edfb00441859ce8aa698b9624e99252/transformed/preference-1.2.1-runtime.jar with cache key df2158310765924cebf69a04978fb4d7
Transforming preference-1.2.1.aar (androidx.preference:preference:1.2.1) with DexingOutputSplitTransform
Caching disabled for DexingOutputSplitTransform: /home/runner/.gradle/caches/transforms-4/6c63c46b709d617aee9183796bfef266/transformed/preference-1.2.1-runtime because:
  Caching not enabled.
Transforming dynamicanimation-1.0.0.aar (androidx.dynamicanimation:dynamicanimation:1.0.0) with DexingNoClasspathTransform
Build cache key for DexingNoClasspathTransform: /home/runner/.gradle/caches/transforms-4/aebc60ff7afe43910187749a677090ee/transformed/dynamicanimation-1.0.0-runtime.jar is 1bca4d28d1e9d6b4f4eff15c77d8bb25
Running dexing transform non-incrementally for '/home/runner/.gradle/caches/transforms-4/aebc60ff7afe43910187749a677090ee/transformed/dynamicanimation-1.0.0-runtime.jar'
Stored cache entry for DexingNoClasspathTransform: /home/runner/.gradle/caches/transforms-4/aebc60ff7afe43910187749a677090ee/transformed/dynamicanimation-1.0.0-runtime.jar with cache key 1bca4d28d1e9d6b4f4eff15c77d8bb25
Transforming dynamicanimation-1.0.0.aar (androidx.dynamicanimation:dynamicanimation:1.0.0) with DexingOutputSplitTransform
Caching disabled for DexingOutputSplitTransform: /home/runner/.gradle/caches/transforms-4/62f7b23d2369462c277b53355acc40d9/transformed/dynamicanimation-1.0.0-runtime because:
  Caching not enabled.
Transforming legacy-support-core-utils-1.0.0.aar (androidx.legacy:legacy-support-core-utils:1.0.0) with DexingNoClasspathTransform
Build cache key for DexingNoClasspathTransform: /home/runner/.gradle/caches/transforms-4/973e5b39871e6359db8b7b69f26b0d10/transformed/legacy-support-core-utils-1.0.0-runtime.jar is 4bc7c0f511d45b0205604590bd05a8b5
Running dexing transform non-incrementally for '/home/runner/.gradle/caches/transforms-4/973e5b39871e6359db8b7b69f26b0d10/transformed/legacy-support-core-utils-1.0.0-runtime.jar'
Stored cache entry for DexingNoClasspathTransform: /home/runner/.gradle/caches/transforms-4/973e5b39871e6359db8b7b69f26b0d10/transformed/legacy-support-core-utils-1.0.0-runtime.jar with cache key 4bc7c0f511d45b0205604590bd05a8b5
Transforming legacy-support-core-utils-1.0.0.aar (androidx.legacy:legacy-support-core-utils:1.0.0) with DexingOutputSplitTransform
Caching disabled for DexingOutputSplitTransform: /home/runner/.gradle/caches/transforms-4/5d9556a2d446ff379d5e4e47ce829579/transformed/legacy-support-core-utils-1.0.0-runtime because:
  Caching not enabled.
Transforming documentfile-1.0.1.aar (androidx.documentfile:documentfile:1.0.1) with DexingNoClasspathTransform
Build cache key for DexingNoClasspathTransform: /home/runner/.gradle/caches/transforms-4/03ed56ef3a0f48216617ce2def323ef8/transformed/documentfile-1.0.1-runtime.jar is 4374e515d012626f684de352c2804fe7
Running dexing transform non-incrementally for '/home/runner/.gradle/caches/transforms-4/03ed56ef3a0f48216617ce2def323ef8/transformed/documentfile-1.0.1-runtime.jar'
Stored cache entry for DexingNoClasspathTransform: /home/runner/.gradle/caches/transforms-4/03ed56ef3a0f48216617ce2def323ef8/transformed/documentfile-1.0.1-runtime.jar with cache key 4374e515d012626f684de352c2804fe7
Transforming documentfile-1.0.1.aar (androidx.documentfile:documentfile:1.0.1) with DexingOutputSplitTransform
Caching disabled for DexingOutputSplitTransform: /home/runner/.gradle/caches/transforms-4/edef36a1656b3f76131f7fbbf63b1238/transformed/documentfile-1.0.1-runtime because:
  Caching not enabled.
Transforming documentfile-1.0.1.aar (androidx.documentfile:documentfile:1.0.1) with DexingNoClasspathTransform
Transforming documentfile-1.0.1.aar (androidx.documentfile:documentfile:1.0.1) with DexingOutputSplitTransform
Stored cache entry for DexingNoClasspathTransform: /home/runner/.gradle/caches/transforms-4/014e798dc26280d0cfafe55ed2b75e17/transformed/constraintlayout-2.1.4-runtime.jar with cache key b39ec9b85b0f03a3b462f9316e33f7b3
Transforming constraintlayout-2.1.4.aar (androidx.constraintlayout:constraintlayout:2.1.4) with DexingOutputSplitTransform
Caching disabled for DexingOutputSplitTransform: /home/runner/.gradle/caches/transforms-4/1116e11671c37306ac7194842cc866bd/transformed/constraintlayout-2.1.4-runtime because:
  Caching not enabled.
Transforming emoji2-views-helper-1.2.0.aar (androidx.emoji2:emoji2-views-helper:1.2.0) with DexingNoClasspathTransform
Build cache key for DexingNoClasspathTransform: /home/runner/.gradle/caches/transforms-4/b0b53303474c20d35da9efad6b2b8b77/transformed/emoji2-views-helper-1.2.0-runtime.jar is 9914e2879d140cf37ee4a9be25437523
Running dexing transform non-incrementally for '/home/runner/.gradle/caches/transforms-4/b0b53303474c20d35da9efad6b2b8b77/transformed/emoji2-views-helper-1.2.0-runtime.jar'
Transforming emoji2-1.2.0.aar (androidx.emoji2:emoji2:1.2.0) with DexingNoClasspathTransform
Build cache key for DexingNoClasspathTransform: /home/runner/.gradle/caches/transforms-4/44790ace60169bbabfce609b76052a2b/transformed/emoji2-1.2.0-runtime.jar is 42e9f8cf9a53fc7b916f106670a40d5c
Running dexing transform non-incrementally for '/home/runner/.gradle/caches/transforms-4/44790ace60169bbabfce609b76052a2b/transformed/emoji2-1.2.0-runtime.jar'
Stored cache entry for DexingNoClasspathTransform: /home/runner/.gradle/caches/transforms-4/b0b53303474c20d35da9efad6b2b8b77/transformed/emoji2-views-helper-1.2.0-runtime.jar with cache key 9914e2879d140cf37ee4a9be25437523
Transforming emoji2-views-helper-1.2.0.aar (androidx.emoji2:emoji2-views-helper:1.2.0) with DexingOutputSplitTransform
Caching disabled for DexingOutputSplitTransform: /home/runner/.gradle/caches/transforms-4/a789c245f569af326e7bb9280b251e13/transformed/emoji2-views-helper-1.2.0-runtime because:
  Caching not enabled.
Transforming viewpager2-1.0.0.aar (androidx.viewpager2:viewpager2:1.0.0) with DexingNoClasspathTransform
Build cache key for DexingNoClasspathTransform: /home/runner/.gradle/caches/transforms-4/c4988467f44e13b82669bf3bbe4499c4/transformed/viewpager2-1.0.0-runtime.jar is 79b062761b12c1deca11857b589c8d27
Running dexing transform non-incrementally for '/home/runner/.gradle/caches/transforms-4/c4988467f44e13b82669bf3bbe4499c4/transformed/viewpager2-1.0.0-runtime.jar'
Stored cache entry for DexingNoClasspathTransform: /home/runner/.gradle/caches/transforms-4/c4988467f44e13b82669bf3bbe4499c4/transformed/viewpager2-1.0.0-runtime.jar with cache key 79b062761b12c1deca11857b589c8d27
Transforming viewpager2-1.0.0.aar (androidx.viewpager2:viewpager2:1.0.0) with DexingOutputSplitTransform
Caching disabled for DexingOutputSplitTransform: /home/runner/.gradle/caches/transforms-4/bf4da03f1be4b553998ee261e8f8507a/transformed/viewpager2-1.0.0-runtime because:
  Caching not enabled.
Transforming fragment-ktx-1.3.6.aar (androidx.fragment:fragment-ktx:1.3.6) with DexingNoClasspathTransform
Build cache key for DexingNoClasspathTransform: /home/runner/.gradle/caches/transforms-4/05d8803823fce4de8920c55c59c01b34/transformed/fragment-ktx-1.3.6-runtime.jar is de9a8b65d042c092524229ff2d049c76
Running dexing transform non-incrementally for '/home/runner/.gradle/caches/transforms-4/05d8803823fce4de8920c55c59c01b34/transformed/fragment-ktx-1.3.6-runtime.jar'
Stored cache entry for DexingNoClasspathTransform: /home/runner/.gradle/caches/transforms-4/05d8803823fce4de8920c55c59c01b34/transformed/fragment-ktx-1.3.6-runtime.jar with cache key de9a8b65d042c092524229ff2d049c76
Transforming fragment-ktx-1.3.6.aar (androidx.fragment:fragment-ktx:1.3.6) with DexingOutputSplitTransform
Caching disabled for DexingOutputSplitTransform: /home/runner/.gradle/caches/transforms-4/295788f86d6d89003a4419d609ebdb32/transformed/fragment-ktx-1.3.6-runtime because:
  Caching not enabled.
Transforming fragment-1.3.6.aar (androidx.fragment:fragment:1.3.6) with DexingNoClasspathTransform
Build cache key for DexingNoClasspathTransform: /home/runner/.gradle/caches/transforms-4/cbb53a8473f22142831d1fceac9f670a/transformed/fragment-1.3.6-runtime.jar is 874817e73f9c42846b4f7feb602e9076
Running dexing transform non-incrementally for '/home/runner/.gradle/caches/transforms-4/cbb53a8473f22142831d1fceac9f670a/transformed/fragment-1.3.6-runtime.jar'
Stored cache entry for DexingNoClasspathTransform: /home/runner/.gradle/caches/transforms-4/42789beb44495f77ea573e4269b6805f/transformed/appcompat-1.6.1-runtime.jar with cache key 1d89a9b8b4f8bb3f1a7094c811588917
Transforming appcompat-1.6.1.aar (androidx.appcompat:appcompat:1.6.1) with DexingOutputSplitTransform
Caching disabled for DexingOutputSplitTransform: /home/runner/.gradle/caches/transforms-4/dd562a0d0218af4ed6aa6adc02d82d0e/transformed/appcompat-1.6.1-runtime because:
  Caching not enabled.
Transforming fragment-1.3.6.aar (androidx.fragment:fragment:1.3.6) with DexingNoClasspathTransform
Stored cache entry for DexingNoClasspathTransform: /home/runner/.gradle/caches/transforms-4/44790ace60169bbabfce609b76052a2b/transformed/emoji2-1.2.0-runtime.jar with cache key 42e9f8cf9a53fc7b916f106670a40d5c
Transforming emoji2-1.2.0.aar (androidx.emoji2:emoji2:1.2.0) with DexingOutputSplitTransform
Caching disabled for DexingOutputSplitTransform: /home/runner/.gradle/caches/transforms-4/6f84d26a07047b4928e22670d12b89ba/transformed/emoji2-1.2.0-runtime because:
  Caching not enabled.
Transforming activity-ktx-1.8.0.aar (androidx.activity:activity-ktx:1.8.0) with DexingNoClasspathTransform
Build cache key for DexingNoClasspathTransform: /home/runner/.gradle/caches/transforms-4/ec15656b0c53e0c08f1204f0dfba5d27/transformed/activity-ktx-1.8.0-runtime.jar is 48f05238d99fc8f6fd6e77b15c7157df
Running dexing transform non-incrementally for '/home/runner/.gradle/caches/transforms-4/ec15656b0c53e0c08f1204f0dfba5d27/transformed/activity-ktx-1.8.0-runtime.jar'
Stored cache entry for DexingNoClasspathTransform: /home/runner/.gradle/caches/transforms-4/ec15656b0c53e0c08f1204f0dfba5d27/transformed/activity-ktx-1.8.0-runtime.jar with cache key 48f05238d99fc8f6fd6e77b15c7157df
Transforming activity-ktx-1.8.0.aar (androidx.activity:activity-ktx:1.8.0) with DexingOutputSplitTransform
Caching disabled for DexingOutputSplitTransform: /home/runner/.gradle/caches/transforms-4/5ffe7167bf400320c309c15d3098b3b9/transformed/activity-ktx-1.8.0-runtime because:
  Caching not enabled.
Transforming activity-1.8.0.aar (androidx.activity:activity:1.8.0) with DexingNoClasspathTransform
Build cache key for DexingNoClasspathTransform: /home/runner/.gradle/caches/transforms-4/88b051fdf555db33689c3f822e9ed90d/transformed/activity-1.8.0-runtime.jar is 4b542fb68f8d060350678325f76d43b3
Running dexing transform non-incrementally for '/home/runner/.gradle/caches/transforms-4/88b051fdf555db33689c3f822e9ed90d/transformed/activity-1.8.0-runtime.jar'
Stored cache entry for DexingNoClasspathTransform: /home/runner/.gradle/caches/transforms-4/88b051fdf555db33689c3f822e9ed90d/transformed/activity-1.8.0-runtime.jar with cache key 4b542fb68f8d060350678325f76d43b3
Transforming activity-1.8.0.aar (androidx.activity:activity:1.8.0) with DexingOutputSplitTransform
Caching disabled for DexingOutputSplitTransform: /home/runner/.gradle/caches/transforms-4/d39adc7058c73f692582f1c6502e7536/transformed/activity-1.8.0-runtime because:
  Caching not enabled.
Transforming drawerlayout-1.1.1.aar (androidx.drawerlayout:drawerlayout:1.1.1) with DexingNoClasspathTransform
Build cache key for DexingNoClasspathTransform: /home/runner/.gradle/caches/transforms-4/83b9673c4ab56741763ed4a2f475d362/transformed/drawerlayout-1.1.1-runtime.jar is d29a553c33d63a1dfc8a36ed487c09b7
Running dexing transform non-incrementally for '/home/runner/.gradle/caches/transforms-4/83b9673c4ab56741763ed4a2f475d362/transformed/drawerlayout-1.1.1-runtime.jar'
Stored cache entry for DexingNoClasspathTransform: /home/runner/.gradle/caches/transforms-4/83b9673c4ab56741763ed4a2f475d362/transformed/drawerlayout-1.1.1-runtime.jar with cache key d29a553c33d63a1dfc8a36ed487c09b7
Transforming drawerlayout-1.1.1.aar (androidx.drawerlayout:drawerlayout:1.1.1) with DexingOutputSplitTransform
Caching disabled for DexingOutputSplitTransform: /home/runner/.gradle/caches/transforms-4/68211f624f25c9875c42c2941d490500/transformed/drawerlayout-1.1.1-runtime because:
  Caching not enabled.
Transforming coordinatorlayout-1.1.0.aar (androidx.coordinatorlayout:coordinatorlayout:1.1.0) with DexingNoClasspathTransform
Build cache key for DexingNoClasspathTransform: /home/runner/.gradle/caches/transforms-4/dd1aab2c18fef9cbbadd9615f78a94e1/transformed/coordinatorlayout-1.1.0-runtime.jar is 3aa7f6aafaba6e9476ab1655b734c003
Running dexing transform non-incrementally for '/home/runner/.gradle/caches/transforms-4/dd1aab2c18fef9cbbadd9615f78a94e1/transformed/coordinatorlayout-1.1.0-runtime.jar'
Stored cache entry for DexingNoClasspathTransform: /home/runner/.gradle/caches/transforms-4/dd1aab2c18fef9cbbadd9615f78a94e1/transformed/coordinatorlayout-1.1.0-runtime.jar with cache key 3aa7f6aafaba6e9476ab1655b734c003
Transforming coordinatorlayout-1.1.0.aar (androidx.coordinatorlayout:coordinatorlayout:1.1.0) with DexingOutputSplitTransform
Caching disabled for DexingOutputSplitTransform: /home/runner/.gradle/caches/transforms-4/80f48dd9c0e0691b5b0f503cc9952f62/transformed/coordinatorlayout-1.1.0-runtime because:
  Caching not enabled.
Transforming vectordrawable-animated-1.1.0.aar (androidx.vectordrawable:vectordrawable-animated:1.1.0) with DexingNoClasspathTransform
Build cache key for DexingNoClasspathTransform: /home/runner/.gradle/caches/transforms-4/82f8f66ae20f0090fde266fa8ef8e6dc/transformed/vectordrawable-animated-1.1.0-runtime.jar is e21c7a315ba8577df1bdf1cdc561d0fa
Running dexing transform non-incrementally for '/home/runner/.gradle/caches/transforms-4/82f8f66ae20f0090fde266fa8ef8e6dc/transformed/vectordrawable-animated-1.1.0-runtime.jar'
Stored cache entry for DexingNoClasspathTransform: /home/runner/.gradle/caches/transforms-4/cbb53a8473f22142831d1fceac9f670a/transformed/fragment-1.3.6-runtime.jar with cache key 874817e73f9c42846b4f7feb602e9076
Transforming fragment-1.3.6.aar (androidx.fragment:fragment:1.3.6) with DexingOutputSplitTransform
Caching disabled for DexingOutputSplitTransform: /home/runner/.gradle/caches/transforms-4/6ae88f965e8ea6580f3e11540470e17e/transformed/fragment-1.3.6-runtime because:
  Caching not enabled.
Transforming fragment-1.3.6.aar (androidx.fragment:fragment:1.3.6) with DexingOutputSplitTransform
Transforming vectordrawable-1.1.0.aar (androidx.vectordrawable:vectordrawable:1.1.0) with DexingNoClasspathTransform
Transforming vectordrawable-1.1.0.aar (androidx.vectordrawable:vectordrawable:1.1.0) with DexingNoClasspathTransform
Build cache key for DexingNoClasspathTransform: /home/runner/.gradle/caches/transforms-4/8479a4fbd89dd6c78f6d159a67763fe0/transformed/vectordrawable-1.1.0-runtime.jar is 9a1b8787ffe3eddad084aba3eac0fb47
Running dexing transform non-incrementally for '/home/runner/.gradle/caches/transforms-4/8479a4fbd89dd6c78f6d159a67763fe0/transformed/vectordrawable-1.1.0-runtime.jar'
Stored cache entry for DexingNoClasspathTransform: /home/runner/.gradle/caches/transforms-4/82f8f66ae20f0090fde266fa8ef8e6dc/transformed/vectordrawable-animated-1.1.0-runtime.jar with cache key e21c7a315ba8577df1bdf1cdc561d0fa
Transforming vectordrawable-animated-1.1.0.aar (androidx.vectordrawable:vectordrawable-animated:1.1.0) with DexingOutputSplitTransform
Caching disabled for DexingOutputSplitTransform: /home/runner/.gradle/caches/transforms-4/8e9263d17c1afc3e2fcca97fdc8080bb/transformed/vectordrawable-animated-1.1.0-runtime because:
  Caching not enabled.
Transforming slidingpanelayout-1.2.0.aar (androidx.slidingpanelayout:slidingpanelayout:1.2.0) with DexingNoClasspathTransform
Build cache key for DexingNoClasspathTransform: /home/runner/.gradle/caches/transforms-4/feb472fc20c965a8199cffac5f232e0f/transformed/slidingpanelayout-1.2.0-runtime.jar is 466f6a29d87696e8ba1dde002cca0b9c
Running dexing transform non-incrementally for '/home/runner/.gradle/caches/transforms-4/feb472fc20c965a8199cffac5f232e0f/transformed/slidingpanelayout-1.2.0-runtime.jar'
Stored cache entry for DexingNoClasspathTransform: /home/runner/.gradle/caches/transforms-4/8479a4fbd89dd6c78f6d159a67763fe0/transformed/vectordrawable-1.1.0-runtime.jar with cache key 9a1b8787ffe3eddad084aba3eac0fb47
Transforming vectordrawable-1.1.0.aar (androidx.vectordrawable:vectordrawable:1.1.0) with DexingOutputSplitTransform
Caching disabled for DexingOutputSplitTransform: /home/runner/.gradle/caches/transforms-4/8e0c194ff783b72f2e3c15ea60ae3770/transformed/vectordrawable-1.1.0-runtime because:
  Caching not enabled.
Transforming vectordrawable-1.1.0.aar (androidx.vectordrawable:vectordrawable:1.1.0) with DexingOutputSplitTransform
Transforming loader-1.0.0.aar (androidx.loader:loader:1.0.0) with DexingNoClasspathTransform
Transforming loader-1.0.0.aar (androidx.loader:loader:1.0.0) with DexingNoClasspathTransform
Build cache key for DexingNoClasspathTransform: /home/runner/.gradle/caches/transforms-4/7fa8619320f105286fff0f0a36139f80/transformed/loader-1.0.0-runtime.jar is bbc0d7aa790f60f44037f95b912346ac
Running dexing transform non-incrementally for '/home/runner/.gradle/caches/transforms-4/7fa8619320f105286fff0f0a36139f80/transformed/loader-1.0.0-runtime.jar'
Stored cache entry for DexingNoClasspathTransform: /home/runner/.gradle/caches/transforms-4/7fa8619320f105286fff0f0a36139f80/transformed/loader-1.0.0-runtime.jar with cache key bbc0d7aa790f60f44037f95b912346ac
Stored cache entry for DexingNoClasspathTransform: /home/runner/.gradle/caches/transforms-4/feb472fc20c965a8199cffac5f232e0f/transformed/slidingpanelayout-1.2.0-runtime.jar with cache key 466f6a29d87696e8ba1dde002cca0b9c
Transforming loader-1.0.0.aar (androidx.loader:loader:1.0.0) with DexingOutputSplitTransform
Caching disabled for DexingOutputSplitTransform: /home/runner/.gradle/caches/transforms-4/5434434cd8eb5caa961779ba7f316510/transformed/loader-1.0.0-runtime because:
  Caching not enabled.
Transforming slidingpanelayout-1.2.0.aar (androidx.slidingpanelayout:slidingpanelayout:1.2.0) with DexingOutputSplitTransform
Caching disabled for DexingOutputSplitTransform: /home/runner/.gradle/caches/transforms-4/0a201d97865776a50359e9bd910f6862/transformed/slidingpanelayout-1.2.0-runtime because:
  Caching not enabled.
Transforming loader-1.0.0.aar (androidx.loader:loader:1.0.0) with DexingOutputSplitTransform
Transforming savedstate-ktx-1.2.1.aar (androidx.savedstate:savedstate-ktx:1.2.1) with DexingNoClasspathTransform
Transforming savedstate-1.2.1.aar (androidx.savedstate:savedstate:1.2.1) with DexingNoClasspathTransform
Build cache key for DexingNoClasspathTransform: /home/runner/.gradle/caches/transforms-4/7e5e8608503971f2745043f425d43e17/transformed/savedstate-ktx-1.2.1-runtime.jar is 3f4067631040dee1a7d51c0aae747445
Build cache key for DexingNoClasspathTransform: /home/runner/.gradle/caches/transforms-4/1a231bfc142e5ac9a9c0b0c2bd855fa8/transformed/savedstate-1.2.1-runtime.jar is 07be71af8af58f7e654718644106dea3
Running dexing transform non-incrementally for '/home/runner/.gradle/caches/transforms-4/7e5e8608503971f2745043f425d43e17/transformed/savedstate-ktx-1.2.1-runtime.jar'
Transforming lifecycle-runtime-ktx-2.6.1.aar (androidx.lifecycle:lifecycle-runtime-ktx:2.6.1) with DexingNoClasspathTransform
Build cache key for DexingNoClasspathTransform: /home/runner/.gradle/caches/transforms-4/0e5ea9f364ff8aafb82a49f02991ae33/transformed/lifecycle-runtime-ktx-2.6.1-runtime.jar is 0e6917f9727a3678a723b65d353d31f1
Running dexing transform non-incrementally for '/home/runner/.gradle/caches/transforms-4/0e5ea9f364ff8aafb82a49f02991ae33/transformed/lifecycle-runtime-ktx-2.6.1-runtime.jar'
Running dexing transform non-incrementally for '/home/runner/.gradle/caches/transforms-4/1a231bfc142e5ac9a9c0b0c2bd855fa8/transformed/savedstate-1.2.1-runtime.jar'
Stored cache entry for DexingNoClasspathTransform: /home/runner/.gradle/caches/transforms-4/7e5e8608503971f2745043f425d43e17/transformed/savedstate-ktx-1.2.1-runtime.jar with cache key 3f4067631040dee1a7d51c0aae747445
Transforming savedstate-ktx-1.2.1.aar (androidx.savedstate:savedstate-ktx:1.2.1) with DexingOutputSplitTransform
Caching disabled for DexingOutputSplitTransform: /home/runner/.gradle/caches/transforms-4/3de37fbf03c9f2f46dff7f6b26ef4815/transformed/savedstate-ktx-1.2.1-runtime because:
  Caching not enabled.
Transforming lifecycle-viewmodel-ktx-2.6.1.aar (androidx.lifecycle:lifecycle-viewmodel-ktx:2.6.1) with DexingNoClasspathTransform
Build cache key for DexingNoClasspathTransform: /home/runner/.gradle/caches/transforms-4/bde3940405363229fd1c659b491c4c5e/transformed/lifecycle-viewmodel-ktx-2.6.1-runtime.jar is 1ee0728e2c119cf83371b80cdf30830d
Running dexing transform non-incrementally for '/home/runner/.gradle/caches/transforms-4/bde3940405363229fd1c659b491c4c5e/transformed/lifecycle-viewmodel-ktx-2.6.1-runtime.jar'
Stored cache entry for DexingNoClasspathTransform: /home/runner/.gradle/caches/transforms-4/bde3940405363229fd1c659b491c4c5e/transformed/lifecycle-viewmodel-ktx-2.6.1-runtime.jar with cache key 1ee0728e2c119cf83371b80cdf30830d
Transforming lifecycle-viewmodel-ktx-2.6.1.aar (androidx.lifecycle:lifecycle-viewmodel-ktx:2.6.1) with DexingOutputSplitTransform
Caching disabled for DexingOutputSplitTransform: /home/runner/.gradle/caches/transforms-4/1fe5106e2964af90b9f8e5cdaf0ea199/transformed/lifecycle-viewmodel-ktx-2.6.1-runtime because:
  Caching not enabled.
Transforming lifecycle-process-2.6.1.aar (androidx.lifecycle:lifecycle-process:2.6.1) with DexingNoClasspathTransform
Build cache key for DexingNoClasspathTransform: /home/runner/.gradle/caches/transforms-4/8efce0c1a9f9305f2d07904fca6921ab/transformed/lifecycle-process-2.6.1-runtime.jar is bdf8ce9fa9638b7f04de069e2320de7a
Running dexing transform non-incrementally for '/home/runner/.gradle/caches/transforms-4/8efce0c1a9f9305f2d07904fca6921ab/transformed/lifecycle-process-2.6.1-runtime.jar'
Stored cache entry for DexingNoClasspathTransform: /home/runner/.gradle/caches/transforms-4/0e5ea9f364ff8aafb82a49f02991ae33/transformed/lifecycle-runtime-ktx-2.6.1-runtime.jar with cache key 0e6917f9727a3678a723b65d353d31f1
Transforming lifecycle-runtime-ktx-2.6.1.aar (androidx.lifecycle:lifecycle-runtime-ktx:2.6.1) with DexingOutputSplitTransform
Caching disabled for DexingOutputSplitTransform: /home/runner/.gradle/caches/transforms-4/56118c37c3bb67ce321b8245a786181a/transformed/lifecycle-runtime-ktx-2.6.1-runtime because:
  Caching not enabled.
Stored cache entry for DexingNoClasspathTransform: /home/runner/.gradle/caches/transforms-4/1a231bfc142e5ac9a9c0b0c2bd855fa8/transformed/savedstate-1.2.1-runtime.jar with cache key 07be71af8af58f7e654718644106dea3
Transforming lifecycle-livedata-core-ktx-2.6.1.aar (androidx.lifecycle:lifecycle-livedata-core-ktx:2.6.1) with DexingNoClasspathTransform
Build cache key for DexingNoClasspathTransform: /home/runner/.gradle/caches/transforms-4/470b66979a15b782fe7940aa9c6051cf/transformed/lifecycle-livedata-core-ktx-2.6.1-runtime.jar is 09b7c72bde850bb0f07e74b36941e849
Running dexing transform non-incrementally for '/home/runner/.gradle/caches/transforms-4/470b66979a15b782fe7940aa9c6051cf/transformed/lifecycle-livedata-core-ktx-2.6.1-runtime.jar'
Transforming savedstate-1.2.1.aar (androidx.savedstate:savedstate:1.2.1) with DexingOutputSplitTransform
Caching disabled for DexingOutputSplitTransform: /home/runner/.gradle/caches/transforms-4/0962abf539bda38d02d5a7fc093ac964/transformed/savedstate-1.2.1-runtime because:
  Caching not enabled.
Stored cache entry for DexingNoClasspathTransform: /home/runner/.gradle/caches/transforms-4/470b66979a15b782fe7940aa9c6051cf/transformed/lifecycle-livedata-core-ktx-2.6.1-runtime.jar with cache key 09b7c72bde850bb0f07e74b36941e849
Transforming lifecycle-livedata-core-ktx-2.6.1.aar (androidx.lifecycle:lifecycle-livedata-core-ktx:2.6.1) with DexingOutputSplitTransform
Transforming lifecycle-livedata-core-2.6.1.aar (androidx.lifecycle:lifecycle-livedata-core:2.6.1) with DexingNoClasspathTransform
Caching disabled for DexingOutputSplitTransform: /home/runner/.gradle/caches/transforms-4/f53adb3dacfe897a829265818a608458/transformed/lifecycle-livedata-core-ktx-2.6.1-runtime because:
  Caching not enabled.
Build cache key for DexingNoClasspathTransform: /home/runner/.gradle/caches/transforms-4/1ca6160f2f9662f0eafe9c815879d638/transformed/lifecycle-livedata-core-2.6.1-runtime.jar is 82a8dc56cec74cca47514fc1fefd4221
Transforming lifecycle-livedata-2.6.1.aar (androidx.lifecycle:lifecycle-livedata:2.6.1) with DexingNoClasspathTransform
Running dexing transform non-incrementally for '/home/runner/.gradle/caches/transforms-4/1ca6160f2f9662f0eafe9c815879d638/transformed/lifecycle-livedata-core-2.6.1-runtime.jar'
Build cache key for DexingNoClasspathTransform: /home/runner/.gradle/caches/transforms-4/2544acd1b104887f89859efb5b63382e/transformed/lifecycle-livedata-2.6.1-runtime.jar is bc56eac9b3c78f29f63c47602530d377
Running dexing transform non-incrementally for '/home/runner/.gradle/caches/transforms-4/2544acd1b104887f89859efb5b63382e/transformed/lifecycle-livedata-2.6.1-runtime.jar'
Stored cache entry for DexingNoClasspathTransform: /home/runner/.gradle/caches/transforms-4/8efce0c1a9f9305f2d07904fca6921ab/transformed/lifecycle-process-2.6.1-runtime.jar with cache key bdf8ce9fa9638b7f04de069e2320de7a
Transforming lifecycle-process-2.6.1.aar (androidx.lifecycle:lifecycle-process:2.6.1) with DexingOutputSplitTransform
Caching disabled for DexingOutputSplitTransform: /home/runner/.gradle/caches/transforms-4/160e63acfd3e4bcbd7be62638d5f8bb5/transformed/lifecycle-process-2.6.1-runtime because:
  Caching not enabled.
Build cache key for DexingNoClasspathTransform: /home/runner/.gradle/caches/modules-2/files-2.1/androidx.lifecycle/lifecycle-common/2.6.1/10f354fdb64868baecd67128560c5a0d6312c495/lifecycle-common-2.6.1.jar is 8d10920c615e80e69ae4021fdc7f4117
Running dexing transform non-incrementally for '/home/runner/.gradle/caches/modules-2/files-2.1/androidx.lifecycle/lifecycle-common/2.6.1/10f354fdb64868baecd67128560c5a0d6312c495/lifecycle-common-2.6.1.jar'
Stored cache entry for DexingNoClasspathTransform: /home/runner/.gradle/caches/transforms-4/2544acd1b104887f89859efb5b63382e/transformed/lifecycle-livedata-2.6.1-runtime.jar with cache key bc56eac9b3c78f29f63c47602530d377
Transforming lifecycle-livedata-2.6.1.aar (androidx.lifecycle:lifecycle-livedata:2.6.1) with DexingOutputSplitTransform
Caching disabled for DexingOutputSplitTransform: /home/runner/.gradle/caches/transforms-4/64eb0b53620e7ed90f7d8bba111ff467/transformed/lifecycle-livedata-2.6.1-runtime because:
  Caching not enabled.
Transforming lifecycle-viewmodel-2.6.1.aar (androidx.lifecycle:lifecycle-viewmodel:2.6.1) with DexingNoClasspathTransform
Build cache key for DexingNoClasspathTransform: /home/runner/.gradle/caches/transforms-4/028cea0b64230f511464b72343f3f77d/transformed/lifecycle-viewmodel-2.6.1-runtime.jar is 96287e23b95a61fcd710ff35296f1b1d
Running dexing transform non-incrementally for '/home/runner/.gradle/caches/transforms-4/028cea0b64230f511464b72343f3f77d/transformed/lifecycle-viewmodel-2.6.1-runtime.jar'
Stored cache entry for DexingNoClasspathTransform: /home/runner/.gradle/caches/transforms-4/1ca6160f2f9662f0eafe9c815879d638/transformed/lifecycle-livedata-core-2.6.1-runtime.jar with cache key 82a8dc56cec74cca47514fc1fefd4221
Transforming lifecycle-livedata-core-2.6.1.aar (androidx.lifecycle:lifecycle-livedata-core:2.6.1) with DexingOutputSplitTransform
Caching disabled for DexingOutputSplitTransform: /home/runner/.gradle/caches/transforms-4/5a5b674195ca10a898927bf11c018d3d/transformed/lifecycle-livedata-core-2.6.1-runtime because:
  Caching not enabled.
Transforming lifecycle-viewmodel-2.6.1.aar (androidx.lifecycle:lifecycle-viewmodel:2.6.1) with DexingNoClasspathTransform
Stored cache entry for DexingNoClasspathTransform: /home/runner/.gradle/caches/transforms-4/028cea0b64230f511464b72343f3f77d/transformed/lifecycle-viewmodel-2.6.1-runtime.jar with cache key 96287e23b95a61fcd710ff35296f1b1d
Transforming lifecycle-viewmodel-2.6.1.aar (androidx.lifecycle:lifecycle-viewmodel:2.6.1) with DexingOutputSplitTransform
Transforming lifecycle-viewmodel-2.6.1.aar (androidx.lifecycle:lifecycle-viewmodel:2.6.1) with DexingOutputSplitTransform
Caching disabled for DexingOutputSplitTransform: /home/runner/.gradle/caches/transforms-4/18a00328500ace02824b6efe86d2464e/transformed/lifecycle-viewmodel-2.6.1-runtime because:
  Caching not enabled.
Transforming lifecycle-runtime-2.6.1.aar (androidx.lifecycle:lifecycle-runtime:2.6.1) with DexingNoClasspathTransform
Transforming lifecycle-viewmodel-savedstate-2.6.1.aar (androidx.lifecycle:lifecycle-viewmodel-savedstate:2.6.1) with DexingNoClasspathTransform
Build cache key for DexingNoClasspathTransform: /home/runner/.gradle/caches/transforms-4/2560fbe7f2e14a2f1e042d7416478c5a/transformed/lifecycle-viewmodel-savedstate-2.6.1-runtime.jar is c066de9451e0525825b854e24dff2dba
Running dexing transform non-incrementally for '/home/runner/.gradle/caches/transforms-4/2560fbe7f2e14a2f1e042d7416478c5a/transformed/lifecycle-viewmodel-savedstate-2.6.1-runtime.jar'
Build cache key for DexingNoClasspathTransform: /home/runner/.gradle/caches/transforms-4/fc31a2bcb025442df0eb371b8ccd3b2a/transformed/lifecycle-runtime-2.6.1-runtime.jar is 8d33c4b7838edf7f367984be03478ed4
Running dexing transform non-incrementally for '/home/runner/.gradle/caches/transforms-4/fc31a2bcb025442df0eb371b8ccd3b2a/transformed/lifecycle-runtime-2.6.1-runtime.jar'
Stored cache entry for DexingNoClasspathTransform: /home/runner/.gradle/caches/modules-2/files-2.1/androidx.lifecycle/lifecycle-common/2.6.1/10f354fdb64868baecd67128560c5a0d6312c495/lifecycle-common-2.6.1.jar with cache key 8d10920c615e80e69ae4021fdc7f4117
Transforming lifecycle-common-2.6.1.jar (androidx.lifecycle:lifecycle-common:2.6.1) with DexingOutputSplitTransform
Caching disabled for DexingOutputSplitTransform: /home/runner/.gradle/caches/transforms-4/777260190af5349cf84937a0fcb7391b/transformed/lifecycle-common-2.6.1 because:
  Caching not enabled.
Transforming core-ktx-1.9.0.aar (androidx.core:core-ktx:1.9.0) with DexingNoClasspathTransform
Build cache key for DexingNoClasspathTransform: /home/runner/.gradle/caches/transforms-4/e28cc25071bdbc344b939a6dc3b52439/transformed/core-ktx-1.9.0-runtime.jar is 25c32464e86c1dcf67149570c5fe0386
Running dexing transform non-incrementally for '/home/runner/.gradle/caches/transforms-4/e28cc25071bdbc344b939a6dc3b52439/transformed/core-ktx-1.9.0-runtime.jar'
Stored cache entry for DexingNoClasspathTransform: /home/runner/.gradle/caches/transforms-4/fc31a2bcb025442df0eb371b8ccd3b2a/transformed/lifecycle-runtime-2.6.1-runtime.jar with cache key 8d33c4b7838edf7f367984be03478ed4
Transforming lifecycle-runtime-2.6.1.aar (androidx.lifecycle:lifecycle-runtime:2.6.1) with DexingOutputSplitTransform
Caching disabled for DexingOutputSplitTransform: /home/runner/.gradle/caches/transforms-4/8e506a625c30f7e6f1b33e343b091ac5/transformed/lifecycle-runtime-2.6.1-runtime because:
  Caching not enabled.
Transforming viewpager-1.0.0.aar (androidx.viewpager:viewpager:1.0.0) with DexingNoClasspathTransform
Build cache key for DexingNoClasspathTransform: /home/runner/.gradle/caches/transforms-4/2ac29fe6b324516a7ec05753d1cc2df6/transformed/viewpager-1.0.0-runtime.jar is 97f4546c506d4c8f5cd8386ad4f10406
Running dexing transform non-incrementally for '/home/runner/.gradle/caches/transforms-4/2ac29fe6b324516a7ec05753d1cc2df6/transformed/viewpager-1.0.0-runtime.jar'
Stored cache entry for DexingNoClasspathTransform: /home/runner/.gradle/caches/transforms-4/2560fbe7f2e14a2f1e042d7416478c5a/transformed/lifecycle-viewmodel-savedstate-2.6.1-runtime.jar with cache key c066de9451e0525825b854e24dff2dba
Transforming lifecycle-viewmodel-savedstate-2.6.1.aar (androidx.lifecycle:lifecycle-viewmodel-savedstate:2.6.1) with DexingOutputSplitTransform
Caching disabled for DexingOutputSplitTransform: /home/runner/.gradle/caches/transforms-4/e34a7eda146e119c81538cf0955ff89a/transformed/lifecycle-viewmodel-savedstate-2.6.1-runtime because:
  Caching not enabled.
Transforming recyclerview-1.1.0.aar (androidx.recyclerview:recyclerview:1.1.0) with DexingNoClasspathTransform
Build cache key for DexingNoClasspathTransform: /home/runner/.gradle/caches/transforms-4/59d077bf9ee9fb66da535dca25ec3edc/transformed/recyclerview-1.1.0-runtime.jar is b10f5d77a2f1f67c31af7bb41aa84b3f
Running dexing transform non-incrementally for '/home/runner/.gradle/caches/transforms-4/59d077bf9ee9fb66da535dca25ec3edc/transformed/recyclerview-1.1.0-runtime.jar'
Stored cache entry for DexingNoClasspathTransform: /home/runner/.gradle/caches/transforms-4/e28cc25071bdbc344b939a6dc3b52439/transformed/core-ktx-1.9.0-runtime.jar with cache key 25c32464e86c1dcf67149570c5fe0386
Transforming core-ktx-1.9.0.aar (androidx.core:core-ktx:1.9.0) with DexingOutputSplitTransform
Caching disabled for DexingOutputSplitTransform: /home/runner/.gradle/caches/transforms-4/c44860a8258861f1d42a5d3221239476/transformed/core-ktx-1.9.0-runtime because:
  Caching not enabled.
Transforming recyclerview-1.1.0.aar (androidx.recyclerview:recyclerview:1.1.0) with DexingNoClasspathTransform
Stored cache entry for DexingNoClasspathTransform: /home/runner/.gradle/caches/transforms-4/2ac29fe6b324516a7ec05753d1cc2df6/transformed/viewpager-1.0.0-runtime.jar with cache key 97f4546c506d4c8f5cd8386ad4f10406
Transforming viewpager-1.0.0.aar (androidx.viewpager:viewpager:1.0.0) with DexingOutputSplitTransform
Caching disabled for DexingOutputSplitTransform: /home/runner/.gradle/caches/transforms-4/8217c24db5b6d66ae4e00753c7a30a7e/transformed/viewpager-1.0.0-runtime because:
  Caching not enabled.
Transforming customview-1.1.0.aar (androidx.customview:customview:1.1.0) with DexingNoClasspathTransform
Build cache key for DexingNoClasspathTransform: /home/runner/.gradle/caches/transforms-4/1ef51ed0d0f9bae1b65e228cdfafd83b/transformed/customview-1.1.0-runtime.jar is be00ffd1a2c5b40a405a8c1feec21b9a
Running dexing transform non-incrementally for '/home/runner/.gradle/caches/transforms-4/1ef51ed0d0f9bae1b65e228cdfafd83b/transformed/customview-1.1.0-runtime.jar'
Stored cache entry for DexingNoClasspathTransform: /home/runner/.gradle/caches/transforms-4/1ef51ed0d0f9bae1b65e228cdfafd83b/transformed/customview-1.1.0-runtime.jar with cache key be00ffd1a2c5b40a405a8c1feec21b9a
Transforming customview-1.1.0.aar (androidx.customview:customview:1.1.0) with DexingOutputSplitTransform
Caching disabled for DexingOutputSplitTransform: /home/runner/.gradle/caches/transforms-4/17215b0ceff733f2d95cb3a1d6db0d28/transformed/customview-1.1.0-runtime because:
  Caching not enabled.
Transforming customview-1.1.0.aar (androidx.customview:customview:1.1.0) with DexingNoClasspathTransform
Transforming customview-1.1.0.aar (androidx.customview:customview:1.1.0) with DexingOutputSplitTransform
Transforming transition-1.4.1.aar (androidx.transition:transition:1.4.1) with DexingNoClasspathTransform
Build cache key for DexingNoClasspathTransform: /home/runner/.gradle/caches/transforms-4/c275569075025bcf842f1b3be01250ad/transformed/transition-1.4.1-runtime.jar is 967a1eed983f42dde9bba09b03b5d8f8
Running dexing transform non-incrementally for '/home/runner/.gradle/caches/transforms-4/c275569075025bcf842f1b3be01250ad/transformed/transition-1.4.1-runtime.jar'
Stored cache entry for DexingNoClasspathTransform: /home/runner/.gradle/caches/transforms-4/c275569075025bcf842f1b3be01250ad/transformed/transition-1.4.1-runtime.jar with cache key 967a1eed983f42dde9bba09b03b5d8f8
Transforming transition-1.4.1.aar (androidx.transition:transition:1.4.1) with DexingOutputSplitTransform
Caching disabled for DexingOutputSplitTransform: /home/runner/.gradle/caches/transforms-4/057228e9781591df0b5480fd3de833e1/transformed/transition-1.4.1-runtime because:
  Caching not enabled.
Transforming window-1.0.0.aar (androidx.window:window:1.0.0) with DexingNoClasspathTransform
Build cache key for DexingNoClasspathTransform: /home/runner/.gradle/caches/transforms-4/7f03b3e9e2ff33a13392bbf164ad0ac8/transformed/window-1.0.0-runtime.jar is 3bd408f42f704df5ce6d4e13f83525db
Running dexing transform non-incrementally for '/home/runner/.gradle/caches/transforms-4/7f03b3e9e2ff33a13392bbf164ad0ac8/transformed/window-1.0.0-runtime.jar'
Stored cache entry for DexingNoClasspathTransform: /home/runner/.gradle/caches/transforms-4/bbf8fab450c8958a4387000da829d3f6/transformed/material-1.11.0-runtime.jar with cache key ce61a9f1a8796a8456bcf4a25efca32b
Transforming material-1.11.0.aar (com.google.android.material:material:1.11.0) with DexingOutputSplitTransform
Caching disabled for DexingOutputSplitTransform: /home/runner/.gradle/caches/transforms-4/d5428990c8c0becb2f8520ff30c0abd2/transformed/material-1.11.0-runtime because:
  Caching not enabled.
Transforming core-1.9.0.aar (androidx.core:core:1.9.0) with DexingNoClasspathTransform
Build cache key for DexingNoClasspathTransform: /home/runner/.gradle/caches/transforms-4/31d93511bcc53ca49a5ba880c0cca2cd/transformed/core-1.9.0-runtime.jar is 93de0e76b62ff76270b97dd6ac725d3d
Running dexing transform non-incrementally for '/home/runner/.gradle/caches/transforms-4/31d93511bcc53ca49a5ba880c0cca2cd/transformed/core-1.9.0-runtime.jar'
Stored cache entry for DexingNoClasspathTransform: /home/runner/.gradle/caches/transforms-4/7f03b3e9e2ff33a13392bbf164ad0ac8/transformed/window-1.0.0-runtime.jar with cache key 3bd408f42f704df5ce6d4e13f83525db
Transforming window-1.0.0.aar (androidx.window:window:1.0.0) with DexingOutputSplitTransform
Caching disabled for DexingOutputSplitTransform: /home/runner/.gradle/caches/transforms-4/30515da7f7f286bf69a61821fa36b4ef/transformed/window-1.0.0-runtime because:
  Caching not enabled.
Transforming core-1.9.0.aar (androidx.core:core:1.9.0) with DexingNoClasspathTransform
Stored cache entry for DexingNoClasspathTransform: /home/runner/.gradle/caches/transforms-4/59d077bf9ee9fb66da535dca25ec3edc/transformed/recyclerview-1.1.0-runtime.jar with cache key b10f5d77a2f1f67c31af7bb41aa84b3f
Transforming recyclerview-1.1.0.aar (androidx.recyclerview:recyclerview:1.1.0) with DexingOutputSplitTransform
Caching disabled for DexingOutputSplitTransform: /home/runner/.gradle/caches/transforms-4/a40fd6c3e4472b197fba2e359fd54005/transformed/recyclerview-1.1.0-runtime because:
  Caching not enabled.
Transforming recyclerview-1.1.0.aar (androidx.recyclerview:recyclerview:1.1.0) with DexingOutputSplitTransform
Stored cache entry for DexingNoClasspathTransform: /home/runner/.gradle/caches/transforms-4/31d93511bcc53ca49a5ba880c0cca2cd/transformed/core-1.9.0-runtime.jar with cache key 93de0e76b62ff76270b97dd6ac725d3d
Transforming core-1.9.0.aar (androidx.core:core:1.9.0) with DexingOutputSplitTransform
Transforming core-1.9.0.aar (androidx.core:core:1.9.0) with DexingOutputSplitTransform
Caching disabled for DexingOutputSplitTransform: /home/runner/.gradle/caches/transforms-4/dc97dc9fd49491b542c1472a300f50cd/transformed/core-1.9.0-runtime because:
  Caching not enabled.
Build cache key for DexingNoClasspathTransform: /home/runner/.gradle/caches/modules-2/files-2.1/androidx.resourceinspection/resourceinspection-annotation/1.0.1/8c21f8ff5d96d5d52c948707f7e4d6ca6773feef/resourceinspection-annotation-1.0.1.jar is dea5fc2215db8ff1fe542ccffac5a75b
Transforming cursoradapter-1.0.0.aar (androidx.cursoradapter:cursoradapter:1.0.0) with DexingNoClasspathTransform
Transforming cardview-1.0.0.aar (androidx.cardview:cardview:1.0.0) with DexingNoClasspathTransform
Transforming versionedparcelable-1.1.1.aar (androidx.versionedparcelable:versionedparcelable:1.1.1) with DexingNoClasspathTransform
Running dexing transform non-incrementally for '/home/runner/.gradle/caches/modules-2/files-2.1/androidx.resourceinspection/resourceinspection-annotation/1.0.1/8c21f8ff5d96d5d52c948707f7e4d6ca6773feef/resourceinspection-annotation-1.0.1.jar'
Build cache key for DexingNoClasspathTransform: /home/runner/.gradle/caches/transforms-4/1ad229edba2d471b1131241043806f08/transformed/cursoradapter-1.0.0-runtime.jar is 6b675791f1122b869b9f4212f88fbf5a
Running dexing transform non-incrementally for '/home/runner/.gradle/caches/transforms-4/1ad229edba2d471b1131241043806f08/transformed/cursoradapter-1.0.0-runtime.jar'
Build cache key for DexingNoClasspathTransform: /home/runner/.gradle/caches/transforms-4/22bac57e112ea838a954edc831da1d83/transformed/versionedparcelable-1.1.1-runtime.jar is 40bd58bbd0882760ddc5933dd64fa780
Running dexing transform non-incrementally for '/home/runner/.gradle/caches/transforms-4/22bac57e112ea838a954edc831da1d83/transformed/versionedparcelable-1.1.1-runtime.jar'
Build cache key for DexingNoClasspathTransform: /home/runner/.gradle/caches/transforms-4/d48982c4e258ed25d91b6bbc0ab07b4a/transformed/cardview-1.0.0-runtime.jar is 0b8d6d1a8fc4d2abf7011b2e4c139ea8
Running dexing transform non-incrementally for '/home/runner/.gradle/caches/transforms-4/d48982c4e258ed25d91b6bbc0ab07b4a/transformed/cardview-1.0.0-runtime.jar'
Stored cache entry for DexingNoClasspathTransform: /home/runner/.gradle/caches/modules-2/files-2.1/androidx.resourceinspection/resourceinspection-annotation/1.0.1/8c21f8ff5d96d5d52c948707f7e4d6ca6773feef/resourceinspection-annotation-1.0.1.jar with cache key dea5fc2215db8ff1fe542ccffac5a75b
Transforming resourceinspection-annotation-1.0.1.jar (androidx.resourceinspection:resourceinspection-annotation:1.0.1) with DexingOutputSplitTransform
Caching disabled for DexingOutputSplitTransform: /home/runner/.gradle/caches/transforms-4/7d4d950086188cb741a5c5c7d4667cea/transformed/resourceinspection-annotation-1.0.1 because:
  Caching not enabled.
Build cache key for DexingNoClasspathTransform: /home/runner/.gradle/caches/modules-2/files-2.1/androidx.collection/collection-ktx/1.1.0/f807b2f366f7b75142a67d2f3c10031065b5168/collection-ktx-1.1.0.jar is 8190d9ef1c99ef40e599a390e8d617cf
Running dexing transform non-incrementally for '/home/runner/.gradle/caches/modules-2/files-2.1/androidx.collection/collection-ktx/1.1.0/f807b2f366f7b75142a67d2f3c10031065b5168/collection-ktx-1.1.0.jar'
Stored cache entry for DexingNoClasspathTransform: /home/runner/.gradle/caches/transforms-4/1ad229edba2d471b1131241043806f08/transformed/cursoradapter-1.0.0-runtime.jar with cache key 6b675791f1122b869b9f4212f88fbf5a
Transforming cursoradapter-1.0.0.aar (androidx.cursoradapter:cursoradapter:1.0.0) with DexingOutputSplitTransform
Caching disabled for DexingOutputSplitTransform: /home/runner/.gradle/caches/transforms-4/efea09f368a02aacfd2d6442f88d3a31/transformed/cursoradapter-1.0.0-runtime because:
  Caching not enabled.
Build cache key for DexingNoClasspathTransform: /home/runner/.gradle/caches/modules-2/files-2.1/androidx.collection/collection/1.1.0/1f27220b47669781457de0d600849a5de0e89909/collection-1.1.0.jar is 63ce9f75d9f1b60201b5a7d8ef081ef4
Running dexing transform non-incrementally for '/home/runner/.gradle/caches/modules-2/files-2.1/androidx.collection/collection/1.1.0/1f27220b47669781457de0d600849a5de0e89909/collection-1.1.0.jar'
Stored cache entry for DexingNoClasspathTransform: /home/runner/.gradle/caches/modules-2/files-2.1/androidx.collection/collection-ktx/1.1.0/f807b2f366f7b75142a67d2f3c10031065b5168/collection-ktx-1.1.0.jar with cache key 8190d9ef1c99ef40e599a390e8d617cf
Transforming collection-ktx-1.1.0.jar (androidx.collection:collection-ktx:1.1.0) with DexingOutputSplitTransform
Caching disabled for DexingOutputSplitTransform: /home/runner/.gradle/caches/transforms-4/a0df8bcf3fc14fcb133bfcf829d7d410/transformed/collection-ktx-1.1.0 because:
  Caching not enabled.
Transforming profileinstaller-1.3.0.aar (androidx.profileinstaller:profileinstaller:1.3.0) with DexingNoClasspathTransform
Build cache key for DexingNoClasspathTransform: /home/runner/.gradle/caches/transforms-4/e2e2d940dc6141c2d5f66545a2ad6b8a/transformed/profileinstaller-1.3.0-runtime.jar is 5500941fc5734c4c7e5eef24ba8b94fd
Running dexing transform non-incrementally for '/home/runner/.gradle/caches/transforms-4/e2e2d940dc6141c2d5f66545a2ad6b8a/transformed/profileinstaller-1.3.0-runtime.jar'
Stored cache entry for DexingNoClasspathTransform: /home/runner/.gradle/caches/transforms-4/d48982c4e258ed25d91b6bbc0ab07b4a/transformed/cardview-1.0.0-runtime.jar with cache key 0b8d6d1a8fc4d2abf7011b2e4c139ea8
Transforming cardview-1.0.0.aar (androidx.cardview:cardview:1.0.0) with DexingOutputSplitTransform
Caching disabled for DexingOutputSplitTransform: /home/runner/.gradle/caches/transforms-4/825bf517cca4a661181df27608573fce/transformed/cardview-1.0.0-runtime because:
  Caching not enabled.
Transforming startup-runtime-1.1.1.aar (androidx.startup:startup-runtime:1.1.1) with DexingNoClasspathTransform
Build cache key for DexingNoClasspathTransform: /home/runner/.gradle/caches/transforms-4/f858c30ff4a27a70d03d21d2266dc58b/transformed/startup-runtime-1.1.1-runtime.jar is 97eab3adb462e6014118fe9284e9c8b5
Running dexing transform non-incrementally for '/home/runner/.gradle/caches/transforms-4/f858c30ff4a27a70d03d21d2266dc58b/transformed/startup-runtime-1.1.1-runtime.jar'
Stored cache entry for DexingNoClasspathTransform: /home/runner/.gradle/caches/transforms-4/f858c30ff4a27a70d03d21d2266dc58b/transformed/startup-runtime-1.1.1-runtime.jar with cache key 97eab3adb462e6014118fe9284e9c8b5
Transforming startup-runtime-1.1.1.aar (androidx.startup:startup-runtime:1.1.1) with DexingOutputSplitTransform
Caching disabled for DexingOutputSplitTransform: /home/runner/.gradle/caches/transforms-4/9150e5f2cba0443b69c26ff44ecb4786/transformed/startup-runtime-1.1.1-runtime because:
  Caching not enabled.
Transforming tracing-1.0.0.aar (androidx.tracing:tracing:1.0.0) with DexingNoClasspathTransform
Build cache key for DexingNoClasspathTransform: /home/runner/.gradle/caches/transforms-4/0bd3cc680d29549ce8cc340858d5eb9e/transformed/tracing-1.0.0-runtime.jar is 39ed74712c977ec3717a92d657172659
Running dexing transform non-incrementally for '/home/runner/.gradle/caches/transforms-4/0bd3cc680d29549ce8cc340858d5eb9e/transformed/tracing-1.0.0-runtime.jar'
Stored cache entry for DexingNoClasspathTransform: /home/runner/.gradle/caches/transforms-4/22bac57e112ea838a954edc831da1d83/transformed/versionedparcelable-1.1.1-runtime.jar with cache key 40bd58bbd0882760ddc5933dd64fa780
Transforming versionedparcelable-1.1.1.aar (androidx.versionedparcelable:versionedparcelable:1.1.1) with DexingOutputSplitTransform
Caching disabled for DexingOutputSplitTransform: /home/runner/.gradle/caches/transforms-4/927ec14c27c3af8aa1d90d2b7308ad4a/transformed/versionedparcelable-1.1.1-runtime because:
  Caching not enabled.
Transforming interpolator-1.0.0.aar (androidx.interpolator:interpolator:1.0.0) with DexingNoClasspathTransform
Build cache key for DexingNoClasspathTransform: /home/runner/.gradle/caches/transforms-4/0641f323783dd120f84cc5c338a55a16/transformed/interpolator-1.0.0-runtime.jar is 0e5d795d15be85a693f630b41f2e806f
Running dexing transform non-incrementally for '/home/runner/.gradle/caches/transforms-4/0641f323783dd120f84cc5c338a55a16/transformed/interpolator-1.0.0-runtime.jar'
Stored cache entry for DexingNoClasspathTransform: /home/runner/.gradle/caches/transforms-4/0641f323783dd120f84cc5c338a55a16/transformed/interpolator-1.0.0-runtime.jar with cache key 0e5d795d15be85a693f630b41f2e806f
Stored cache entry for DexingNoClasspathTransform: /home/runner/.gradle/caches/transforms-4/0bd3cc680d29549ce8cc340858d5eb9e/transformed/tracing-1.0.0-runtime.jar with cache key 39ed74712c977ec3717a92d657172659
Transforming interpolator-1.0.0.aar (androidx.interpolator:interpolator:1.0.0) with DexingOutputSplitTransform
Caching disabled for DexingOutputSplitTransform: /home/runner/.gradle/caches/transforms-4/f6a767aaafa3726e16c2ab2884ccdd08/transformed/interpolator-1.0.0-runtime because:
  Caching not enabled.
Transforming tracing-1.0.0.aar (androidx.tracing:tracing:1.0.0) with DexingOutputSplitTransform
Caching disabled for DexingOutputSplitTransform: /home/runner/.gradle/caches/transforms-4/dd6a3befd3d3eaffa72af759a783778b/transformed/tracing-1.0.0-runtime because:
  Caching not enabled.
Build cache key for DexingNoClasspathTransform: /home/runner/.gradle/caches/modules-2/files-2.1/androidx.arch.core/core-common/2.2.0/5e1b8b81dfd5f52c56a8d53b18ca759c19a301f3/core-common-2.2.0.jar is 4d00a27c74d2e8c0c7da13b0075c036c
Running dexing transform non-incrementally for '/home/runner/.gradle/caches/modules-2/files-2.1/androidx.arch.core/core-common/2.2.0/5e1b8b81dfd5f52c56a8d53b18ca759c19a301f3/core-common-2.2.0.jar'
Transforming core-runtime-2.2.0.aar (androidx.arch.core:core-runtime:2.2.0) with DexingNoClasspathTransform
Build cache key for DexingNoClasspathTransform: /home/runner/.gradle/caches/transforms-4/da0e54c02659eb04bef62eab45e0793e/transformed/core-runtime-2.2.0-runtime.jar is 4d1f201c7cfb110155071f3ed0c8bf8a
Running dexing transform non-incrementally for '/home/runner/.gradle/caches/transforms-4/da0e54c02659eb04bef62eab45e0793e/transformed/core-runtime-2.2.0-runtime.jar'
Stored cache entry for DexingNoClasspathTransform: /home/runner/.gradle/caches/transforms-4/da0e54c02659eb04bef62eab45e0793e/transformed/core-runtime-2.2.0-runtime.jar with cache key 4d1f201c7cfb110155071f3ed0c8bf8a
Stored cache entry for DexingNoClasspathTransform: /home/runner/.gradle/caches/modules-2/files-2.1/androidx.arch.core/core-common/2.2.0/5e1b8b81dfd5f52c56a8d53b18ca759c19a301f3/core-common-2.2.0.jar with cache key 4d00a27c74d2e8c0c7da13b0075c036c
Transforming core-runtime-2.2.0.aar (androidx.arch.core:core-runtime:2.2.0) with DexingOutputSplitTransform
Caching disabled for DexingOutputSplitTransform: /home/runner/.gradle/caches/transforms-4/6ddf8318c457de5895a224e7150ae584/transformed/core-runtime-2.2.0-runtime because:
  Caching not enabled.
Transforming core-common-2.2.0.jar (androidx.arch.core:core-common:2.2.0) with DexingOutputSplitTransform
Caching disabled for DexingOutputSplitTransform: /home/runner/.gradle/caches/transforms-4/c898239e5dfd629446cb62a1af22f9e6/transformed/core-common-2.2.0 because:
  Caching not enabled.
Build cache key for DexingNoClasspathTransform: /home/runner/.gradle/caches/modules-2/files-2.1/androidx.concurrent/concurrent-futures/1.1.0/50b7fb98350d5f42a4e49704b03278542293ba48/concurrent-futures-1.1.0.jar is 04f7b315857d0e6f499b30febd6df9c7
Running dexing transform non-incrementally for '/home/runner/.gradle/caches/modules-2/files-2.1/androidx.concurrent/concurrent-futures/1.1.0/50b7fb98350d5f42a4e49704b03278542293ba48/concurrent-futures-1.1.0.jar'
Transforming localbroadcastmanager-1.0.0.aar (androidx.localbroadcastmanager:localbroadcastmanager:1.0.0) with DexingNoClasspathTransform
Build cache key for DexingNoClasspathTransform: /home/runner/.gradle/caches/transforms-4/e2de84697b77c3acf6643ec57064e537/transformed/localbroadcastmanager-1.0.0-runtime.jar is 9a74170729ebf283fb70ba56d41eac9e
Running dexing transform non-incrementally for '/home/runner/.gradle/caches/transforms-4/e2de84697b77c3acf6643ec57064e537/transformed/localbroadcastmanager-1.0.0-runtime.jar'
Stored cache entry for DexingNoClasspathTransform: /home/runner/.gradle/caches/transforms-4/e2e2d940dc6141c2d5f66545a2ad6b8a/transformed/profileinstaller-1.3.0-runtime.jar with cache key 5500941fc5734c4c7e5eef24ba8b94fd
Transforming profileinstaller-1.3.0.aar (androidx.profileinstaller:profileinstaller:1.3.0) with DexingOutputSplitTransform
Caching disabled for DexingOutputSplitTransform: /home/runner/.gradle/caches/transforms-4/b53feebcca4bb8ada49bdc01850d3598/transformed/profileinstaller-1.3.0-runtime because:
  Caching not enabled.
Transforming print-1.0.0.aar (androidx.print:print:1.0.0) with DexingNoClasspathTransform
Build cache key for DexingNoClasspathTransform: /home/runner/.gradle/caches/transforms-4/b0fafa74ebd603d353cd8466eb55a7c1/transformed/print-1.0.0-runtime.jar is 1c2d9af57dc07fd7d635c507a8774bcc
Running dexing transform non-incrementally for '/home/runner/.gradle/caches/transforms-4/b0fafa74ebd603d353cd8466eb55a7c1/transformed/print-1.0.0-runtime.jar'
Stored cache entry for DexingNoClasspathTransform: /home/runner/.gradle/caches/modules-2/files-2.1/androidx.concurrent/concurrent-futures/1.1.0/50b7fb98350d5f42a4e49704b03278542293ba48/concurrent-futures-1.1.0.jar with cache key 04f7b315857d0e6f499b30febd6df9c7
Transforming concurrent-futures-1.1.0.jar (androidx.concurrent:concurrent-futures:1.1.0) with DexingOutputSplitTransform
Caching disabled for DexingOutputSplitTransform: /home/runner/.gradle/caches/transforms-4/ac7a9ad0a45d19f3f8260237e7bd0306/transformed/concurrent-futures-1.1.0 because:
  Caching not enabled.
Build cache key for DexingNoClasspathTransform: /home/runner/.gradle/caches/modules-2/files-2.1/androidx.annotation/annotation/1.3.0/21f49f5f9b85fc49de712539f79123119740595/annotation-1.3.0.jar is 705984a8293cab3e8b64e7bff3a79fed
Running dexing transform non-incrementally for '/home/runner/.gradle/caches/modules-2/files-2.1/androidx.annotation/annotation/1.3.0/21f49f5f9b85fc49de712539f79123119740595/annotation-1.3.0.jar'
Stored cache entry for DexingNoClasspathTransform: /home/runner/.gradle/caches/modules-2/files-2.1/androidx.collection/collection/1.1.0/1f27220b47669781457de0d600849a5de0e89909/collection-1.1.0.jar with cache key 63ce9f75d9f1b60201b5a7d8ef081ef4
Transforming collection-1.1.0.jar (androidx.collection:collection:1.1.0) with DexingOutputSplitTransform
Stored cache entry for DexingNoClasspathTransform: /home/runner/.gradle/caches/modules-2/files-2.1/androidx.annotation/annotation/1.3.0/21f49f5f9b85fc49de712539f79123119740595/annotation-1.3.0.jar with cache key 705984a8293cab3e8b64e7bff3a79fed
Transforming annotation-1.3.0.jar (androidx.annotation:annotation:1.3.0) with DexingOutputSplitTransform
Caching disabled for DexingOutputSplitTransform: /home/runner/.gradle/caches/transforms-4/f527829b7a513872c950a61f907d4e96/transformed/annotation-1.3.0 because:
  Caching not enabled.
Caching disabled for DexingOutputSplitTransform: /home/runner/.gradle/caches/transforms-4/5e18c4184c97fe91612ba770985703bc/transformed/collection-1.1.0 because:
  Caching not enabled.
Transforming annotation-experimental-1.3.0.aar (androidx.annotation:annotation-experimental:1.3.0) with DexingNoClasspathTransform
Build cache key for DexingNoClasspathTransform: /home/runner/.gradle/caches/modules-2/files-2.1/org.jetbrains.kotlinx/kotlinx-coroutines-core-jvm/1.6.4/2c997cd1c0ef33f3e751d3831929aeff1390cb30/kotlinx-coroutines-core-jvm-1.6.4.jar is 4ac55a15ceda0c84048569c14ca97d27
Build cache key for DexingNoClasspathTransform: /home/runner/.gradle/caches/transforms-4/51b37981fed0558bbadc9099b3daffef/transformed/annotation-experimental-1.3.0-runtime.jar is 54f0e5abb8e49a677dbb9ad628ef8b08
Running dexing transform non-incrementally for '/home/runner/.gradle/caches/modules-2/files-2.1/org.jetbrains.kotlinx/kotlinx-coroutines-core-jvm/1.6.4/2c997cd1c0ef33f3e751d3831929aeff1390cb30/kotlinx-coroutines-core-jvm-1.6.4.jar'
Running dexing transform non-incrementally for '/home/runner/.gradle/caches/transforms-4/51b37981fed0558bbadc9099b3daffef/transformed/annotation-experimental-1.3.0-runtime.jar'
Stored cache entry for DexingNoClasspathTransform: /home/runner/.gradle/caches/transforms-4/e2de84697b77c3acf6643ec57064e537/transformed/localbroadcastmanager-1.0.0-runtime.jar with cache key 9a74170729ebf283fb70ba56d41eac9e
Stored cache entry for DexingNoClasspathTransform: /home/runner/.gradle/caches/transforms-4/51b37981fed0558bbadc9099b3daffef/transformed/annotation-experimental-1.3.0-runtime.jar with cache key 54f0e5abb8e49a677dbb9ad628ef8b08
Transforming localbroadcastmanager-1.0.0.aar (androidx.localbroadcastmanager:localbroadcastmanager:1.0.0) with DexingOutputSplitTransform
Transforming annotation-experimental-1.3.0.aar (androidx.annotation:annotation-experimental:1.3.0) with DexingOutputSplitTransform
Caching disabled for DexingOutputSplitTransform: /home/runner/.gradle/caches/transforms-4/3ec47fa1c9cc41bd978d4900aba56101/transformed/localbroadcastmanager-1.0.0-runtime because:
  Caching not enabled.
Caching disabled for DexingOutputSplitTransform: /home/runner/.gradle/caches/transforms-4/a99c8509e6ba3717e42fe821e059b183/transformed/annotation-experimental-1.3.0-runtime because:
  Caching not enabled.
Build cache key for DexingNoClasspathTransform: /home/runner/.gradle/caches/modules-2/files-2.1/org.jetbrains.kotlinx/kotlinx-coroutines-android/1.6.4/f955fc8b2ad196e2f4429598440e15f7492eeb2b/kotlinx-coroutines-android-1.6.4.jar is 0dec51fca3ecf1f13f5e6934b8e87236
Running dexing transform non-incrementally for '/home/runner/.gradle/caches/modules-2/files-2.1/org.jetbrains.kotlinx/kotlinx-coroutines-android/1.6.4/f955fc8b2ad196e2f4429598440e15f7492eeb2b/kotlinx-coroutines-android-1.6.4.jar'
Build cache key for DexingNoClasspathTransform: /home/runner/.gradle/caches/modules-2/files-2.1/org.jetbrains.kotlin/kotlin-stdlib-jdk8/1.8.22/b25c86d47d6b962b9cf0f8c3f320c8a10eea3dd1/kotlin-stdlib-jdk8-1.8.22.jar is 5527c700f0686c50ff267084da895c4e
Running dexing transform non-incrementally for '/home/runner/.gradle/caches/modules-2/files-2.1/org.jetbrains.kotlin/kotlin-stdlib-jdk8/1.8.22/b25c86d47d6b962b9cf0f8c3f320c8a10eea3dd1/kotlin-stdlib-jdk8-1.8.22.jar'
Stored cache entry for DexingNoClasspathTransform: /home/runner/.gradle/caches/modules-2/files-2.1/org.jetbrains.kotlin/kotlin-stdlib-jdk8/1.8.22/b25c86d47d6b962b9cf0f8c3f320c8a10eea3dd1/kotlin-stdlib-jdk8-1.8.22.jar with cache key 5527c700f0686c50ff267084da895c4e
Transforming kotlin-stdlib-jdk8-1.8.22.jar (org.jetbrains.kotlin:kotlin-stdlib-jdk8:1.8.22) with DexingOutputSplitTransform
Stored cache entry for DexingNoClasspathTransform: /home/runner/.gradle/caches/transforms-4/b0fafa74ebd603d353cd8466eb55a7c1/transformed/print-1.0.0-runtime.jar with cache key 1c2d9af57dc07fd7d635c507a8774bcc
Transforming print-1.0.0.aar (androidx.print:print:1.0.0) with DexingOutputSplitTransform
Caching disabled for DexingOutputSplitTransform: /home/runner/.gradle/caches/transforms-4/d15331714f733cdd619091eb101f471e/transformed/print-1.0.0-runtime because:
  Caching not enabled.
Build cache key for DexingNoClasspathTransform: /home/runner/.gradle/caches/modules-2/files-2.1/org.jetbrains.kotlin/kotlin-stdlib-jdk7/1.8.22/4dabb8248310d833bb6a8b516024a91fd3d275c/kotlin-stdlib-jdk7-1.8.22.jar is a80ec7948fb72e1c5b9d8c50ccad555b
Running dexing transform non-incrementally for '/home/runner/.gradle/caches/modules-2/files-2.1/org.jetbrains.kotlin/kotlin-stdlib-jdk7/1.8.22/4dabb8248310d833bb6a8b516024a91fd3d275c/kotlin-stdlib-jdk7-1.8.22.jar'
Build cache key for DexingNoClasspathTransform: /home/runner/.gradle/caches/modules-2/files-2.1/org.jetbrains.kotlin/kotlin-stdlib/1.8.22/636bf8b320e7627482771bbac9ed7246773c02bd/kotlin-stdlib-1.8.22.jar is a57dda514ba3cf3d26cf376664b071f1
Running dexing transform non-incrementally for '/home/runner/.gradle/caches/modules-2/files-2.1/org.jetbrains.kotlin/kotlin-stdlib/1.8.22/636bf8b320e7627482771bbac9ed7246773c02bd/kotlin-stdlib-1.8.22.jar'
Stored cache entry for DexingNoClasspathTransform: /home/runner/.gradle/caches/modules-2/files-2.1/org.jetbrains.kotlin/kotlin-stdlib-jdk7/1.8.22/4dabb8248310d833bb6a8b516024a91fd3d275c/kotlin-stdlib-jdk7-1.8.22.jar with cache key a80ec7948fb72e1c5b9d8c50ccad555b
Transforming kotlin-stdlib-jdk7-1.8.22.jar (org.jetbrains.kotlin:kotlin-stdlib-jdk7:1.8.22) with DexingOutputSplitTransform
Build cache key for DexingNoClasspathTransform: /home/runner/.gradle/caches/modules-2/files-2.1/com.google.errorprone/error_prone_annotations/2.15.0/38c8485a652f808c8c149150da4e5c2b0bd17f9a/error_prone_annotations-2.15.0.jar is 3e9b008d155b085385fd8e3e8372cd31
Running dexing transform non-incrementally for '/home/runner/.gradle/caches/modules-2/files-2.1/com.google.errorprone/error_prone_annotations/2.15.0/38c8485a652f808c8c149150da4e5c2b0bd17f9a/error_prone_annotations-2.15.0.jar'
Stored cache entry for DexingNoClasspathTransform: /home/runner/.gradle/caches/modules-2/files-2.1/com.google.errorprone/error_prone_annotations/2.15.0/38c8485a652f808c8c149150da4e5c2b0bd17f9a/error_prone_annotations-2.15.0.jar with cache key 3e9b008d155b085385fd8e3e8372cd31
Transforming error_prone_annotations-2.15.0.jar (com.google.errorprone:error_prone_annotations:2.15.0) with DexingOutputSplitTransform
Caching disabled for DexingOutputSplitTransform: /home/runner/.gradle/caches/transforms-4/a95607e5edd796b438f0477b1d8b8fff/transformed/error_prone_annotations-2.15.0 because:
  Caching not enabled.
Build cache key for DexingNoClasspathTransform: /home/runner/.gradle/caches/modules-2/files-2.1/androidx.constraintlayout/constraintlayout-core/1.0.4/29cdbe03ded6b0980f63fa5da2579a430e911c40/constraintlayout-core-1.0.4.jar is fab58a7cd3b5da7e08275505bf90ccd8
Running dexing transform non-incrementally for '/home/runner/.gradle/caches/modules-2/files-2.1/androidx.constraintlayout/constraintlayout-core/1.0.4/29cdbe03ded6b0980f63fa5da2579a430e911c40/constraintlayout-core-1.0.4.jar'
Stored cache entry for DexingNoClasspathTransform: /home/runner/.gradle/caches/modules-2/files-2.1/org.jetbrains.kotlinx/kotlinx-coroutines-android/1.6.4/f955fc8b2ad196e2f4429598440e15f7492eeb2b/kotlinx-coroutines-android-1.6.4.jar with cache key 0dec51fca3ecf1f13f5e6934b8e87236
Transforming kotlinx-coroutines-android-1.6.4.jar (org.jetbrains.kotlinx:kotlinx-coroutines-android:1.6.4) with DexingOutputSplitTransform
Caching disabled for DexingOutputSplitTransform: /home/runner/.gradle/caches/transforms-4/78cba99b2734cdcb1ebd661d54e05217/transformed/kotlinx-coroutines-android-1.6.4 because:
  Caching not enabled.
Build cache key for DexingNoClasspathTransform: /home/runner/.gradle/caches/modules-2/files-2.1/org.jetbrains.kotlin/kotlin-stdlib-common/1.8.22/1a8e3601703ae14bb58757ea6b2d8e8e5935a586/kotlin-stdlib-common-1.8.22.jar is 40f84c506bf7f7a849c29e57c68ea0d5
Running dexing transform non-incrementally for '/home/runner/.gradle/caches/modules-2/files-2.1/org.jetbrains.kotlin/kotlin-stdlib-common/1.8.22/1a8e3601703ae14bb58757ea6b2d8e8e5935a586/kotlin-stdlib-common-1.8.22.jar'
Stored cache entry for DexingNoClasspathTransform: /home/runner/.gradle/caches/modules-2/files-2.1/org.jetbrains.kotlin/kotlin-stdlib-common/1.8.22/1a8e3601703ae14bb58757ea6b2d8e8e5935a586/kotlin-stdlib-common-1.8.22.jar with cache key 40f84c506bf7f7a849c29e57c68ea0d5
Transforming kotlin-stdlib-common-1.8.22.jar (org.jetbrains.kotlin:kotlin-stdlib-common:1.8.22) with DexingOutputSplitTransform
Build cache key for DexingNoClasspathTransform: /home/runner/.gradle/caches/modules-2/files-2.1/org.jetbrains/annotations/13.0/919f0dfe192fb4e063e7dacadee7f8bb9a2672a9/annotations-13.0.jar is 2b37928ce3b60679e1f84ef67e756006
Running dexing transform non-incrementally for '/home/runner/.gradle/caches/modules-2/files-2.1/org.jetbrains/annotations/13.0/919f0dfe192fb4e063e7dacadee7f8bb9a2672a9/annotations-13.0.jar'
Stored cache entry for DexingNoClasspathTransform: /home/runner/.gradle/caches/modules-2/files-2.1/org.jetbrains/annotations/13.0/919f0dfe192fb4e063e7dacadee7f8bb9a2672a9/annotations-13.0.jar with cache key 2b37928ce3b60679e1f84ef67e756006
Transforming annotations-13.0.jar (org.jetbrains:annotations:13.0) with DexingOutputSplitTransform
Caching disabled for DexingOutputSplitTransform: /home/runner/.gradle/caches/transforms-4/ae2f223577ac09142a53161a3c2d3cbf/transformed/annotations-13.0 because:
  Caching not enabled.
Build cache key for DexingNoClasspathTransform: /home/runner/.gradle/caches/modules-2/files-2.1/com.google.guava/listenablefuture/1.0/c949a840a6acbc5268d088e47b04177bf90b3cad/listenablefuture-1.0.jar is e605077f9e9d17fdbf570e9c4310a471
Running dexing transform non-incrementally for '/home/runner/.gradle/caches/modules-2/files-2.1/com.google.guava/listenablefuture/1.0/c949a840a6acbc5268d088e47b04177bf90b3cad/listenablefuture-1.0.jar'
Stored cache entry for DexingNoClasspathTransform: /home/runner/.gradle/caches/modules-2/files-2.1/com.google.guava/listenablefuture/1.0/c949a840a6acbc5268d088e47b04177bf90b3cad/listenablefuture-1.0.jar with cache key e605077f9e9d17fdbf570e9c4310a471
Transforming listenablefuture-1.0.jar (com.google.guava:listenablefuture:1.0) with DexingOutputSplitTransform
Caching disabled for DexingOutputSplitTransform: /home/runner/.gradle/caches/transforms-4/ffb44b3c46b89989e3e259b5c4cae33d/transformed/listenablefuture-1.0 because:
  Caching not enabled.
Stored cache entry for DexingNoClasspathTransform: /home/runner/.gradle/caches/modules-2/files-2.1/androidx.constraintlayout/constraintlayout-core/1.0.4/29cdbe03ded6b0980f63fa5da2579a430e911c40/constraintlayout-core-1.0.4.jar with cache key fab58a7cd3b5da7e08275505bf90ccd8
Transforming constraintlayout-core-1.0.4.jar (androidx.constraintlayout:constraintlayout-core:1.0.4) with DexingOutputSplitTransform
Stored cache entry for DexingNoClasspathTransform: /home/runner/.gradle/caches/modules-2/files-2.1/org.jetbrains.kotlinx/kotlinx-coroutines-core-jvm/1.6.4/2c997cd1c0ef33f3e751d3831929aeff1390cb30/kotlinx-coroutines-core-jvm-1.6.4.jar with cache key 4ac55a15ceda0c84048569c14ca97d27
Transforming kotlinx-coroutines-core-jvm-1.6.4.jar (org.jetbrains.kotlinx:kotlinx-coroutines-core-jvm:1.6.4) with DexingOutputSplitTransform
Caching disabled for DexingOutputSplitTransform: /home/runner/.gradle/caches/transforms-4/feea344d497819460eaf019c2528374d/transformed/kotlinx-coroutines-core-jvm-1.6.4 because:
  Caching not enabled.
Caching disabled for DexingOutputSplitTransform: /home/runner/.gradle/caches/transforms-4/06573e56d54e24e2905f49653253508f/transformed/constraintlayout-core-1.0.4 because:
  Caching not enabled.
Stored cache entry for DexingNoClasspathTransform: /home/runner/.gradle/caches/modules-2/files-2.1/org.jetbrains.kotlin/kotlin-stdlib/1.8.22/636bf8b320e7627482771bbac9ed7246773c02bd/kotlin-stdlib-1.8.22.jar with cache key a57dda514ba3cf3d26cf376664b071f1
Transforming kotlin-stdlib-1.8.22.jar (org.jetbrains.kotlin:kotlin-stdlib:1.8.22) with DexingOutputSplitTransform
Caching disabled for DexingOutputSplitTransform: /home/runner/.gradle/caches/transforms-4/acf500f7c5d72f1b29d2ba38be65f901/transformed/kotlin-stdlib-1.8.22 because:
  Caching not enabled.
Build cache key for task ':app:mergeExtDexRelease' is 0dbf2f55389200555e0ff739eae8f6c0
Task ':app:mergeExtDexRelease' is not up-to-date because:
  No history is available.
The input changes require a full rebuild for incremental task ':app:mergeExtDexRelease'.

Resolve mutations for :app:dataBindingGenBaseClassesRelease (Thread[Execution worker Thread 3,5,main]) started.
:app:dataBindingGenBaseClassesRelease (Thread[Execution worker Thread 3,5,main]) started.

> Task :app:dataBindingGenBaseClassesRelease FROM-CACHE
Transforming viewbinding-8.6.0.aar (androidx.databinding:viewbinding:8.6.0) with ExtractAarTransform
Transforming viewbinding-8.6.0.aar (androidx.databinding:viewbinding:8.6.0) with LibrarySymbolTableTransform
Transforming material-1.11.0.aar (com.google.android.material:material:1.11.0) with ExtractAarTransform
Transforming material-1.11.0.aar (com.google.android.material:material:1.11.0) with LibrarySymbolTableTransform
Transforming constraintlayout-2.1.4.aar (androidx.constraintlayout:constraintlayout:2.1.4) with ExtractAarTransform
Transforming constraintlayout-2.1.4.aar (androidx.constraintlayout:constraintlayout:2.1.4) with LibrarySymbolTableTransform
Transforming preference-1.2.1.aar (androidx.preference:preference:1.2.1) with ExtractAarTransform
Transforming preference-1.2.1.aar (androidx.preference:preference:1.2.1) with LibrarySymbolTableTransform
Transforming appcompat-resources-1.6.1.aar (androidx.appcompat:appcompat-resources:1.6.1) with ExtractAarTransform
Transforming appcompat-resources-1.6.1.aar (androidx.appcompat:appcompat-resources:1.6.1) with LibrarySymbolTableTransform
Transforming appcompat-1.6.1.aar (androidx.appcompat:appcompat:1.6.1) with ExtractAarTransform
Transforming appcompat-1.6.1.aar (androidx.appcompat:appcompat:1.6.1) with LibrarySymbolTableTransform
Transforming dynamicanimation-1.0.0.aar (androidx.dynamicanimation:dynamicanimation:1.0.0) with ExtractAarTransform
Transforming dynamicanimation-1.0.0.aar (androidx.dynamicanimation:dynamicanimation:1.0.0) with LibrarySymbolTableTransform
Transforming legacy-support-core-utils-1.0.0.aar (androidx.legacy:legacy-support-core-utils:1.0.0) with ExtractAarTransform
Transforming legacy-support-core-utils-1.0.0.aar (androidx.legacy:legacy-support-core-utils:1.0.0) with LibrarySymbolTableTransform
Transforming documentfile-1.0.1.aar (androidx.documentfile:documentfile:1.0.1) with ExtractAarTransform
Transforming documentfile-1.0.1.aar (androidx.documentfile:documentfile:1.0.1) with LibrarySymbolTableTransform
Transforming documentfile-1.0.1.aar (androidx.documentfile:documentfile:1.0.1) with ExtractAarTransform
Transforming documentfile-1.0.1.aar (androidx.documentfile:documentfile:1.0.1) with LibrarySymbolTableTransform
Transforming emoji2-views-helper-1.2.0.aar (androidx.emoji2:emoji2-views-helper:1.2.0) with ExtractAarTransform
Transforming emoji2-views-helper-1.2.0.aar (androidx.emoji2:emoji2-views-helper:1.2.0) with LibrarySymbolTableTransform
Transforming emoji2-1.2.0.aar (androidx.emoji2:emoji2:1.2.0) with ExtractAarTransform
Transforming emoji2-1.2.0.aar (androidx.emoji2:emoji2:1.2.0) with LibrarySymbolTableTransform
Transforming viewpager2-1.0.0.aar (androidx.viewpager2:viewpager2:1.0.0) with ExtractAarTransform
Transforming viewpager2-1.0.0.aar (androidx.viewpager2:viewpager2:1.0.0) with LibrarySymbolTableTransform
Transforming fragment-ktx-1.3.6.aar (androidx.fragment:fragment-ktx:1.3.6) with ExtractAarTransform
Transforming fragment-ktx-1.3.6.aar (androidx.fragment:fragment-ktx:1.3.6) with LibrarySymbolTableTransform
Transforming fragment-1.3.6.aar (androidx.fragment:fragment:1.3.6) with ExtractAarTransform
Transforming fragment-1.3.6.aar (androidx.fragment:fragment:1.3.6) with LibrarySymbolTableTransform
Transforming fragment-1.3.6.aar (androidx.fragment:fragment:1.3.6) with ExtractAarTransform
Transforming fragment-1.3.6.aar (androidx.fragment:fragment:1.3.6) with LibrarySymbolTableTransform
Transforming activity-ktx-1.8.0.aar (androidx.activity:activity-ktx:1.8.0) with ExtractAarTransform
Transforming activity-ktx-1.8.0.aar (androidx.activity:activity-ktx:1.8.0) with LibrarySymbolTableTransform
Transforming activity-1.8.0.aar (androidx.activity:activity:1.8.0) with ExtractAarTransform
Transforming activity-1.8.0.aar (androidx.activity:activity:1.8.0) with LibrarySymbolTableTransform
Transforming drawerlayout-1.1.1.aar (androidx.drawerlayout:drawerlayout:1.1.1) with ExtractAarTransform
Transforming drawerlayout-1.1.1.aar (androidx.drawerlayout:drawerlayout:1.1.1) with LibrarySymbolTableTransform
Transforming coordinatorlayout-1.1.0.aar (androidx.coordinatorlayout:coordinatorlayout:1.1.0) with ExtractAarTransform
Transforming coordinatorlayout-1.1.0.aar (androidx.coordinatorlayout:coordinatorlayout:1.1.0) with LibrarySymbolTableTransform
Transforming vectordrawable-animated-1.1.0.aar (androidx.vectordrawable:vectordrawable-animated:1.1.0) with ExtractAarTransform
Transforming vectordrawable-animated-1.1.0.aar (androidx.vectordrawable:vectordrawable-animated:1.1.0) with LibrarySymbolTableTransform
Transforming vectordrawable-1.1.0.aar (androidx.vectordrawable:vectordrawable:1.1.0) with ExtractAarTransform
Transforming vectordrawable-1.1.0.aar (androidx.vectordrawable:vectordrawable:1.1.0) with LibrarySymbolTableTransform
Transforming vectordrawable-1.1.0.aar (androidx.vectordrawable:vectordrawable:1.1.0) with ExtractAarTransform
Transforming vectordrawable-1.1.0.aar (androidx.vectordrawable:vectordrawable:1.1.0) with LibrarySymbolTableTransform
Transforming slidingpanelayout-1.2.0.aar (androidx.slidingpanelayout:slidingpanelayout:1.2.0) with ExtractAarTransform
Transforming slidingpanelayout-1.2.0.aar (androidx.slidingpanelayout:slidingpanelayout:1.2.0) with LibrarySymbolTableTransform
Transforming loader-1.0.0.aar (androidx.loader:loader:1.0.0) with ExtractAarTransform
Transforming loader-1.0.0.aar (androidx.loader:loader:1.0.0) with LibrarySymbolTableTransform
Transforming loader-1.0.0.aar (androidx.loader:loader:1.0.0) with ExtractAarTransform
Transforming loader-1.0.0.aar (androidx.loader:loader:1.0.0) with LibrarySymbolTableTransform
Transforming savedstate-ktx-1.2.1.aar (androidx.savedstate:savedstate-ktx:1.2.1) with ExtractAarTransform
Transforming savedstate-ktx-1.2.1.aar (androidx.savedstate:savedstate-ktx:1.2.1) with LibrarySymbolTableTransform
Transforming savedstate-1.2.1.aar (androidx.savedstate:savedstate:1.2.1) with ExtractAarTransform
Transforming savedstate-1.2.1.aar (androidx.savedstate:savedstate:1.2.1) with LibrarySymbolTableTransform
Transforming lifecycle-runtime-ktx-2.6.1.aar (androidx.lifecycle:lifecycle-runtime-ktx:2.6.1) with ExtractAarTransform
Transforming lifecycle-runtime-ktx-2.6.1.aar (androidx.lifecycle:lifecycle-runtime-ktx:2.6.1) with LibrarySymbolTableTransform
Transforming lifecycle-viewmodel-ktx-2.6.1.aar (androidx.lifecycle:lifecycle-viewmodel-ktx:2.6.1) with ExtractAarTransform
Transforming lifecycle-viewmodel-ktx-2.6.1.aar (androidx.lifecycle:lifecycle-viewmodel-ktx:2.6.1) with LibrarySymbolTableTransform
Transforming lifecycle-process-2.6.1.aar (androidx.lifecycle:lifecycle-process:2.6.1) with ExtractAarTransform
Transforming lifecycle-process-2.6.1.aar (androidx.lifecycle:lifecycle-process:2.6.1) with LibrarySymbolTableTransform
Transforming lifecycle-livedata-core-ktx-2.6.1.aar (androidx.lifecycle:lifecycle-livedata-core-ktx:2.6.1) with ExtractAarTransform
Transforming lifecycle-livedata-core-ktx-2.6.1.aar (androidx.lifecycle:lifecycle-livedata-core-ktx:2.6.1) with LibrarySymbolTableTransform
Transforming lifecycle-livedata-core-2.6.1.aar (androidx.lifecycle:lifecycle-livedata-core:2.6.1) with ExtractAarTransform
Transforming lifecycle-livedata-core-2.6.1.aar (androidx.lifecycle:lifecycle-livedata-core:2.6.1) with LibrarySymbolTableTransform
Transforming lifecycle-livedata-2.6.1.aar (androidx.lifecycle:lifecycle-livedata:2.6.1) with ExtractAarTransform
Transforming lifecycle-livedata-2.6.1.aar (androidx.lifecycle:lifecycle-livedata:2.6.1) with LibrarySymbolTableTransform
Transforming lifecycle-viewmodel-2.6.1.aar (androidx.lifecycle:lifecycle-viewmodel:2.6.1) with ExtractAarTransform
Transforming lifecycle-viewmodel-2.6.1.aar (androidx.lifecycle:lifecycle-viewmodel:2.6.1) with LibrarySymbolTableTransform
Transforming lifecycle-viewmodel-2.6.1.aar (androidx.lifecycle:lifecycle-viewmodel:2.6.1) with ExtractAarTransform
Transforming lifecycle-viewmodel-2.6.1.aar (androidx.lifecycle:lifecycle-viewmodel:2.6.1) with LibrarySymbolTableTransform
Transforming lifecycle-runtime-2.6.1.aar (androidx.lifecycle:lifecycle-runtime:2.6.1) with ExtractAarTransform
Transforming lifecycle-runtime-2.6.1.aar (androidx.lifecycle:lifecycle-runtime:2.6.1) with LibrarySymbolTableTransform
Transforming lifecycle-viewmodel-savedstate-2.6.1.aar (androidx.lifecycle:lifecycle-viewmodel-savedstate:2.6.1) with ExtractAarTransform
Transforming lifecycle-viewmodel-savedstate-2.6.1.aar (androidx.lifecycle:lifecycle-viewmodel-savedstate:2.6.1) with LibrarySymbolTableTransform
Transforming core-ktx-1.9.0.aar (androidx.core:core-ktx:1.9.0) with ExtractAarTransform
Transforming core-ktx-1.9.0.aar (androidx.core:core-ktx:1.9.0) with LibrarySymbolTableTransform
Transforming viewpager-1.0.0.aar (androidx.viewpager:viewpager:1.0.0) with ExtractAarTransform
Transforming viewpager-1.0.0.aar (androidx.viewpager:viewpager:1.0.0) with LibrarySymbolTableTransform
Transforming recyclerview-1.1.0.aar (androidx.recyclerview:recyclerview:1.1.0) with ExtractAarTransform
Transforming recyclerview-1.1.0.aar (androidx.recyclerview:recyclerview:1.1.0) with LibrarySymbolTableTransform
Transforming recyclerview-1.1.0.aar (androidx.recyclerview:recyclerview:1.1.0) with ExtractAarTransform
Transforming recyclerview-1.1.0.aar (androidx.recyclerview:recyclerview:1.1.0) with LibrarySymbolTableTransform
Transforming customview-1.1.0.aar (androidx.customview:customview:1.1.0) with ExtractAarTransform
Transforming customview-1.1.0.aar (androidx.customview:customview:1.1.0) with LibrarySymbolTableTransform
Transforming customview-1.1.0.aar (androidx.customview:customview:1.1.0) with ExtractAarTransform
Transforming customview-1.1.0.aar (androidx.customview:customview:1.1.0) with LibrarySymbolTableTransform
Transforming transition-1.4.1.aar (androidx.transition:transition:1.4.1) with ExtractAarTransform
Transforming transition-1.4.1.aar (androidx.transition:transition:1.4.1) with LibrarySymbolTableTransform
Transforming window-1.0.0.aar (androidx.window:window:1.0.0) with ExtractAarTransform
Transforming window-1.0.0.aar (androidx.window:window:1.0.0) with LibrarySymbolTableTransform
Transforming core-1.9.0.aar (androidx.core:core:1.9.0) with ExtractAarTransform
Transforming core-1.9.0.aar (androidx.core:core:1.9.0) with LibrarySymbolTableTransform
Transforming core-1.9.0.aar (androidx.core:core:1.9.0) with ExtractAarTransform
Transforming core-1.9.0.aar (androidx.core:core:1.9.0) with LibrarySymbolTableTransform
Transforming cursoradapter-1.0.0.aar (androidx.cursoradapter:cursoradapter:1.0.0) with ExtractAarTransform
Transforming cursoradapter-1.0.0.aar (androidx.cursoradapter:cursoradapter:1.0.0) with LibrarySymbolTableTransform
Transforming cardview-1.0.0.aar (androidx.cardview:cardview:1.0.0) with ExtractAarTransform
Transforming cardview-1.0.0.aar (androidx.cardview:cardview:1.0.0) with LibrarySymbolTableTransform
Transforming versionedparcelable-1.1.1.aar (androidx.versionedparcelable:versionedparcelable:1.1.1) with ExtractAarTransform
Transforming versionedparcelable-1.1.1.aar (androidx.versionedparcelable:versionedparcelable:1.1.1) with LibrarySymbolTableTransform
Transforming profileinstaller-1.3.0.aar (androidx.profileinstaller:profileinstaller:1.3.0) with ExtractAarTransform
Transforming profileinstaller-1.3.0.aar (androidx.profileinstaller:profileinstaller:1.3.0) with LibrarySymbolTableTransform
Transforming startup-runtime-1.1.1.aar (androidx.startup:startup-runtime:1.1.1) with ExtractAarTransform
Transforming startup-runtime-1.1.1.aar (androidx.startup:startup-runtime:1.1.1) with LibrarySymbolTableTransform
Transforming tracing-1.0.0.aar (androidx.tracing:tracing:1.0.0) with ExtractAarTransform
Transforming tracing-1.0.0.aar (androidx.tracing:tracing:1.0.0) with LibrarySymbolTableTransform
Transforming interpolator-1.0.0.aar (androidx.interpolator:interpolator:1.0.0) with ExtractAarTransform
Transforming interpolator-1.0.0.aar (androidx.interpolator:interpolator:1.0.0) with LibrarySymbolTableTransform
Transforming core-runtime-2.2.0.aar (androidx.arch.core:core-runtime:2.2.0) with ExtractAarTransform
Transforming core-runtime-2.2.0.aar (androidx.arch.core:core-runtime:2.2.0) with LibrarySymbolTableTransform
Transforming localbroadcastmanager-1.0.0.aar (androidx.localbroadcastmanager:localbroadcastmanager:1.0.0) with ExtractAarTransform
Transforming localbroadcastmanager-1.0.0.aar (androidx.localbroadcastmanager:localbroadcastmanager:1.0.0) with LibrarySymbolTableTransform
Transforming print-1.0.0.aar (androidx.print:print:1.0.0) with ExtractAarTransform
Transforming print-1.0.0.aar (androidx.print:print:1.0.0) with LibrarySymbolTableTransform
Transforming annotation-experimental-1.3.0.aar (androidx.annotation:annotation-experimental:1.3.0) with ExtractAarTransform
Transforming annotation-experimental-1.3.0.aar (androidx.annotation:annotation-experimental:1.3.0) with LibrarySymbolTableTransform
Transforming viewbinding-8.6.0.aar (androidx.databinding:viewbinding:8.6.0) with ExtractAarTransform
Transforming viewbinding-8.6.0.aar (androidx.databinding:viewbinding:8.6.0) with AarTransform
Transforming material-1.11.0.aar (com.google.android.material:material:1.11.0) with ExtractAarTransform
Transforming material-1.11.0.aar (com.google.android.material:material:1.11.0) with AarTransform
Transforming preference-1.2.1.aar (androidx.preference:preference:1.2.1) with ExtractAarTransform
Transforming preference-1.2.1.aar (androidx.preference:preference:1.2.1) with AarTransform
Transforming appcompat-1.6.1.aar (androidx.appcompat:appcompat:1.6.1) with ExtractAarTransform
Transforming appcompat-1.6.1.aar (androidx.appcompat:appcompat:1.6.1) with AarTransform
Transforming constraintlayout-2.1.4.aar (androidx.constraintlayout:constraintlayout:2.1.4) with ExtractAarTransform
Transforming constraintlayout-2.1.4.aar (androidx.constraintlayout:constraintlayout:2.1.4) with AarTransform
Transforming dynamicanimation-1.0.0.aar (androidx.dynamicanimation:dynamicanimation:1.0.0) with ExtractAarTransform
Transforming dynamicanimation-1.0.0.aar (androidx.dynamicanimation:dynamicanimation:1.0.0) with AarTransform
Transforming legacy-support-core-utils-1.0.0.aar (androidx.legacy:legacy-support-core-utils:1.0.0) with ExtractAarTransform
Transforming legacy-support-core-utils-1.0.0.aar (androidx.legacy:legacy-support-core-utils:1.0.0) with AarTransform
Transforming documentfile-1.0.1.aar (androidx.documentfile:documentfile:1.0.1) with ExtractAarTransform
Transforming documentfile-1.0.1.aar (androidx.documentfile:documentfile:1.0.1) with AarTransform
Transforming documentfile-1.0.1.aar (androidx.documentfile:documentfile:1.0.1) with ExtractAarTransform
Transforming documentfile-1.0.1.aar (androidx.documentfile:documentfile:1.0.1) with AarTransform
Transforming viewpager2-1.0.0.aar (androidx.viewpager2:viewpager2:1.0.0) with ExtractAarTransform
Transforming viewpager2-1.0.0.aar (androidx.viewpager2:viewpager2:1.0.0) with AarTransform
Transforming fragment-ktx-1.3.6.aar (androidx.fragment:fragment-ktx:1.3.6) with ExtractAarTransform
Transforming fragment-ktx-1.3.6.aar (androidx.fragment:fragment-ktx:1.3.6) with AarTransform
Transforming fragment-1.3.6.aar (androidx.fragment:fragment:1.3.6) with ExtractAarTransform
Transforming fragment-1.3.6.aar (androidx.fragment:fragment:1.3.6) with AarTransform
Transforming fragment-1.3.6.aar (androidx.fragment:fragment:1.3.6) with ExtractAarTransform
Transforming fragment-1.3.6.aar (androidx.fragment:fragment:1.3.6) with AarTransform
Transforming activity-ktx-1.8.0.aar (androidx.activity:activity-ktx:1.8.0) with ExtractAarTransform
Transforming activity-ktx-1.8.0.aar (androidx.activity:activity-ktx:1.8.0) with AarTransform
Transforming activity-1.8.0.aar (androidx.activity:activity:1.8.0) with ExtractAarTransform
Transforming activity-1.8.0.aar (androidx.activity:activity:1.8.0) with AarTransform
Transforming appcompat-resources-1.6.1.aar (androidx.appcompat:appcompat-resources:1.6.1) with ExtractAarTransform
Transforming appcompat-resources-1.6.1.aar (androidx.appcompat:appcompat-resources:1.6.1) with AarTransform
Transforming drawerlayout-1.1.1.aar (androidx.drawerlayout:drawerlayout:1.1.1) with ExtractAarTransform
Transforming drawerlayout-1.1.1.aar (androidx.drawerlayout:drawerlayout:1.1.1) with AarTransform
Transforming coordinatorlayout-1.1.0.aar (androidx.coordinatorlayout:coordinatorlayout:1.1.0) with ExtractAarTransform
Transforming coordinatorlayout-1.1.0.aar (androidx.coordinatorlayout:coordinatorlayout:1.1.0) with AarTransform
Transforming recyclerview-1.1.0.aar (androidx.recyclerview:recyclerview:1.1.0) with ExtractAarTransform
Transforming recyclerview-1.1.0.aar (androidx.recyclerview:recyclerview:1.1.0) with AarTransform
Transforming recyclerview-1.1.0.aar (androidx.recyclerview:recyclerview:1.1.0) with ExtractAarTransform
Transforming recyclerview-1.1.0.aar (androidx.recyclerview:recyclerview:1.1.0) with AarTransform
Transforming transition-1.4.1.aar (androidx.transition:transition:1.4.1) with ExtractAarTransform
Transforming transition-1.4.1.aar (androidx.transition:transition:1.4.1) with AarTransform
Transforming vectordrawable-animated-1.1.0.aar (androidx.vectordrawable:vectordrawable-animated:1.1.0) with ExtractAarTransform
Transforming vectordrawable-animated-1.1.0.aar (androidx.vectordrawable:vectordrawable-animated:1.1.0) with AarTransform
Transforming vectordrawable-1.1.0.aar (androidx.vectordrawable:vectordrawable:1.1.0) with ExtractAarTransform
Transforming vectordrawable-1.1.0.aar (androidx.vectordrawable:vectordrawable:1.1.0) with AarTransform
Transforming vectordrawable-1.1.0.aar (androidx.vectordrawable:vectordrawable:1.1.0) with ExtractAarTransform
Transforming vectordrawable-1.1.0.aar (androidx.vectordrawable:vectordrawable:1.1.0) with AarTransform
Transforming slidingpanelayout-1.2.0.aar (androidx.slidingpanelayout:slidingpanelayout:1.2.0) with ExtractAarTransform
Transforming slidingpanelayout-1.2.0.aar (androidx.slidingpanelayout:slidingpanelayout:1.2.0) with AarTransform
Transforming viewpager-1.0.0.aar (androidx.viewpager:viewpager:1.0.0) with ExtractAarTransform
Transforming viewpager-1.0.0.aar (androidx.viewpager:viewpager:1.0.0) with AarTransform
Transforming customview-1.1.0.aar (androidx.customview:customview:1.1.0) with ExtractAarTransform
Transforming customview-1.1.0.aar (androidx.customview:customview:1.1.0) with AarTransform
Transforming customview-1.1.0.aar (androidx.customview:customview:1.1.0) with ExtractAarTransform
Transforming customview-1.1.0.aar (androidx.customview:customview:1.1.0) with AarTransform
Transforming loader-1.0.0.aar (androidx.loader:loader:1.0.0) with ExtractAarTransform
Transforming loader-1.0.0.aar (androidx.loader:loader:1.0.0) with AarTransform
Transforming loader-1.0.0.aar (androidx.loader:loader:1.0.0) with ExtractAarTransform
Transforming loader-1.0.0.aar (androidx.loader:loader:1.0.0) with AarTransform
Transforming lifecycle-livedata-2.6.1.aar (androidx.lifecycle:lifecycle-livedata:2.6.1) with ExtractAarTransform
Transforming lifecycle-livedata-2.6.1.aar (androidx.lifecycle:lifecycle-livedata:2.6.1) with AarTransform
Transforming lifecycle-livedata-core-ktx-2.6.1.aar (androidx.lifecycle:lifecycle-livedata-core-ktx:2.6.1) with ExtractAarTransform
Transforming lifecycle-livedata-core-ktx-2.6.1.aar (androidx.lifecycle:lifecycle-livedata-core-ktx:2.6.1) with AarTransform
Transforming lifecycle-viewmodel-ktx-2.6.1.aar (androidx.lifecycle:lifecycle-viewmodel-ktx:2.6.1) with ExtractAarTransform
Transforming lifecycle-viewmodel-ktx-2.6.1.aar (androidx.lifecycle:lifecycle-viewmodel-ktx:2.6.1) with AarTransform
Transforming lifecycle-runtime-ktx-2.6.1.aar (androidx.lifecycle:lifecycle-runtime-ktx:2.6.1) with ExtractAarTransform
Transforming lifecycle-runtime-ktx-2.6.1.aar (androidx.lifecycle:lifecycle-runtime-ktx:2.6.1) with AarTransform
Transforming lifecycle-livedata-core-2.6.1.aar (androidx.lifecycle:lifecycle-livedata-core:2.6.1) with ExtractAarTransform
Transforming lifecycle-livedata-core-2.6.1.aar (androidx.lifecycle:lifecycle-livedata-core:2.6.1) with AarTransform
Transforming lifecycle-viewmodel-2.6.1.aar (androidx.lifecycle:lifecycle-viewmodel:2.6.1) with ExtractAarTransform
Transforming lifecycle-viewmodel-2.6.1.aar (androidx.lifecycle:lifecycle-viewmodel:2.6.1) with AarTransform
Transforming lifecycle-viewmodel-2.6.1.aar (androidx.lifecycle:lifecycle-viewmodel:2.6.1) with ExtractAarTransform
Transforming lifecycle-viewmodel-2.6.1.aar (androidx.lifecycle:lifecycle-viewmodel:2.6.1) with AarTransform
Transforming lifecycle-runtime-2.6.1.aar (androidx.lifecycle:lifecycle-runtime:2.6.1) with ExtractAarTransform
Transforming lifecycle-runtime-2.6.1.aar (androidx.lifecycle:lifecycle-runtime:2.6.1) with AarTransform
Transforming lifecycle-viewmodel-savedstate-2.6.1.aar (androidx.lifecycle:lifecycle-viewmodel-savedstate:2.6.1) with ExtractAarTransform
Transforming lifecycle-viewmodel-savedstate-2.6.1.aar (androidx.lifecycle:lifecycle-viewmodel-savedstate:2.6.1) with AarTransform
Transforming core-ktx-1.9.0.aar (androidx.core:core-ktx:1.9.0) with ExtractAarTransform
Transforming core-ktx-1.9.0.aar (androidx.core:core-ktx:1.9.0) with AarTransform
Transforming core-1.9.0.aar (androidx.core:core:1.9.0) with ExtractAarTransform
Transforming core-1.9.0.aar (androidx.core:core:1.9.0) with AarTransform
Transforming core-1.9.0.aar (androidx.core:core:1.9.0) with ExtractAarTransform
Transforming core-1.9.0.aar (androidx.core:core:1.9.0) with AarTransform
Transforming cursoradapter-1.0.0.aar (androidx.cursoradapter:cursoradapter:1.0.0) with ExtractAarTransform
Transforming cursoradapter-1.0.0.aar (androidx.cursoradapter:cursoradapter:1.0.0) with AarTransform
Transforming savedstate-ktx-1.2.1.aar (androidx.savedstate:savedstate-ktx:1.2.1) with ExtractAarTransform
Transforming savedstate-ktx-1.2.1.aar (androidx.savedstate:savedstate-ktx:1.2.1) with AarTransform
Transforming savedstate-1.2.1.aar (androidx.savedstate:savedstate:1.2.1) with ExtractAarTransform
Transforming savedstate-1.2.1.aar (androidx.savedstate:savedstate:1.2.1) with AarTransform
Transforming cardview-1.0.0.aar (androidx.cardview:cardview:1.0.0) with ExtractAarTransform
Transforming cardview-1.0.0.aar (androidx.cardview:cardview:1.0.0) with AarTransform
Transforming versionedparcelable-1.1.1.aar (androidx.versionedparcelable:versionedparcelable:1.1.1) with ExtractAarTransform
Transforming versionedparcelable-1.1.1.aar (androidx.versionedparcelable:versionedparcelable:1.1.1) with AarTransform
Transforming core-runtime-2.2.0.aar (androidx.arch.core:core-runtime:2.2.0) with ExtractAarTransform
Transforming core-runtime-2.2.0.aar (androidx.arch.core:core-runtime:2.2.0) with AarTransform
Transforming interpolator-1.0.0.aar (androidx.interpolator:interpolator:1.0.0) with ExtractAarTransform
Transforming interpolator-1.0.0.aar (androidx.interpolator:interpolator:1.0.0) with AarTransform
Transforming localbroadcastmanager-1.0.0.aar (androidx.localbroadcastmanager:localbroadcastmanager:1.0.0) with ExtractAarTransform
Transforming localbroadcastmanager-1.0.0.aar (androidx.localbroadcastmanager:localbroadcastmanager:1.0.0) with AarTransform
Transforming print-1.0.0.aar (androidx.print:print:1.0.0) with ExtractAarTransform
Transforming print-1.0.0.aar (androidx.print:print:1.0.0) with AarTransform
Transforming annotation-experimental-1.3.0.aar (androidx.annotation:annotation-experimental:1.3.0) with ExtractAarTransform
Transforming annotation-experimental-1.3.0.aar (androidx.annotation:annotation-experimental:1.3.0) with AarTransform
Build cache key for task ':app:dataBindingGenBaseClassesRelease' is d0de7f6df918e30d69e23e38e9fb0e48
Task ':app:dataBindingGenBaseClassesRelease' is not up-to-date because:
  No history is available.
Loaded cache entry for task ':app:dataBindingGenBaseClassesRelease' with cache key d0de7f6df918e30d69e23e38e9fb0e48
Resolve mutations for :app:processReleaseResources (Thread[Execution worker Thread 3,5,main]) started.
:app:processReleaseResources (Thread[Execution worker Thread 3,5,main]) started.
Resolve mutations for :app:mergeReleaseArtProfile (Thread[Execution worker,5,main]) started.
:app:mergeReleaseArtProfile (Thread[Execution worker,5,main]) started.
Resolve mutations for :app:mergeReleaseShaders (Thread[Execution worker Thread 2,5,main]) started.
:app:mergeReleaseShaders (Thread[Execution worker Thread 2,5,main]) started.

> Task :app:mergeReleaseArtProfile
Transforming viewbinding-8.6.0.aar (androidx.databinding:viewbinding:8.6.0) with ExtractAarTransform
Transforming viewbinding-8.6.0.aar (androidx.databinding:viewbinding:8.6.0) with AarTransform
Transforming material-1.11.0.aar (com.google.android.material:material:1.11.0) with ExtractAarTransform
Transforming material-1.11.0.aar (com.google.android.material:material:1.11.0) with AarTransform
Transforming constraintlayout-2.1.4.aar (androidx.constraintlayout:constraintlayout:2.1.4) with ExtractAarTransform
Transforming constraintlayout-2.1.4.aar (androidx.constraintlayout:constraintlayout:2.1.4) with AarTransform
Transforming preference-1.2.1.aar (androidx.preference:preference:1.2.1) with ExtractAarTransform
Transforming preference-1.2.1.aar (androidx.preference:preference:1.2.1) with AarTransform
Transforming appcompat-resources-1.6.1.aar (androidx.appcompat:appcompat-resources:1.6.1) with ExtractAarTransform
Transforming appcompat-resources-1.6.1.aar (androidx.appcompat:appcompat-resources:1.6.1) with AarTransform
Transforming appcompat-1.6.1.aar (androidx.appcompat:appcompat:1.6.1) with ExtractAarTransform
Transforming appcompat-1.6.1.aar (androidx.appcompat:appcompat:1.6.1) with AarTransform
Transforming dynamicanimation-1.0.0.aar (androidx.dynamicanimation:dynamicanimation:1.0.0) with ExtractAarTransform
Transforming dynamicanimation-1.0.0.aar (androidx.dynamicanimation:dynamicanimation:1.0.0) with AarTransform
Transforming legacy-support-core-utils-1.0.0.aar (androidx.legacy:legacy-support-core-utils:1.0.0) with ExtractAarTransform
Transforming legacy-support-core-utils-1.0.0.aar (androidx.legacy:legacy-support-core-utils:1.0.0) with AarTransform
Transforming documentfile-1.0.1.aar (androidx.documentfile:documentfile:1.0.1) with ExtractAarTransform
Transforming documentfile-1.0.1.aar (androidx.documentfile:documentfile:1.0.1) with AarTransform
Transforming documentfile-1.0.1.aar (androidx.documentfile:documentfile:1.0.1) with ExtractAarTransform
Transforming documentfile-1.0.1.aar (androidx.documentfile:documentfile:1.0.1) with AarTransform
Transforming emoji2-views-helper-1.2.0.aar (androidx.emoji2:emoji2-views-helper:1.2.0) with ExtractAarTransform
Transforming emoji2-views-helper-1.2.0.aar (androidx.emoji2:emoji2-views-helper:1.2.0) with AarTransform
Transforming emoji2-1.2.0.aar (androidx.emoji2:emoji2:1.2.0) with ExtractAarTransform
Transforming emoji2-1.2.0.aar (androidx.emoji2:emoji2:1.2.0) with AarTransform
Transforming viewpager2-1.0.0.aar (androidx.viewpager2:viewpager2:1.0.0) with ExtractAarTransform
Transforming viewpager2-1.0.0.aar (androidx.viewpager2:viewpager2:1.0.0) with AarTransform
Transforming fragment-ktx-1.3.6.aar (androidx.fragment:fragment-ktx:1.3.6) with ExtractAarTransform
Transforming fragment-ktx-1.3.6.aar (androidx.fragment:fragment-ktx:1.3.6) with AarTransform
Transforming fragment-1.3.6.aar (androidx.fragment:fragment:1.3.6) with ExtractAarTransform
Transforming fragment-1.3.6.aar (androidx.fragment:fragment:1.3.6) with AarTransform
Transforming fragment-1.3.6.aar (androidx.fragment:fragment:1.3.6) with ExtractAarTransform
Transforming fragment-1.3.6.aar (androidx.fragment:fragment:1.3.6) with AarTransform
Transforming activity-ktx-1.8.0.aar (androidx.activity:activity-ktx:1.8.0) with ExtractAarTransform
Transforming activity-ktx-1.8.0.aar (androidx.activity:activity-ktx:1.8.0) with AarTransform
Transforming activity-1.8.0.aar (androidx.activity:activity:1.8.0) with ExtractAarTransform
Transforming activity-1.8.0.aar (androidx.activity:activity:1.8.0) with AarTransform
Transforming drawerlayout-1.1.1.aar (androidx.drawerlayout:drawerlayout:1.1.1) with ExtractAarTransform
Transforming drawerlayout-1.1.1.aar (androidx.drawerlayout:drawerlayout:1.1.1) with AarTransform
Transforming coordinatorlayout-1.1.0.aar (androidx.coordinatorlayout:coordinatorlayout:1.1.0) with ExtractAarTransform
Transforming coordinatorlayout-1.1.0.aar (androidx.coordinatorlayout:coordinatorlayout:1.1.0) with AarTransform
Transforming vectordrawable-animated-1.1.0.aar (androidx.vectordrawable:vectordrawable-animated:1.1.0) with ExtractAarTransform
Transforming vectordrawable-animated-1.1.0.aar (androidx.vectordrawable:vectordrawable-animated:1.1.0) with AarTransform
Transforming vectordrawable-1.1.0.aar (androidx.vectordrawable:vectordrawable:1.1.0) with ExtractAarTransform
Transforming vectordrawable-1.1.0.aar (androidx.vectordrawable:vectordrawable:1.1.0) with AarTransform
Transforming vectordrawable-1.1.0.aar (androidx.vectordrawable:vectordrawable:1.1.0) with ExtractAarTransform
Transforming vectordrawable-1.1.0.aar (androidx.vectordrawable:vectordrawable:1.1.0) with AarTransform
Transforming slidingpanelayout-1.2.0.aar (androidx.slidingpanelayout:slidingpanelayout:1.2.0) with ExtractAarTransform
Transforming slidingpanelayout-1.2.0.aar (androidx.slidingpanelayout:slidingpanelayout:1.2.0) with AarTransform
Transforming loader-1.0.0.aar (androidx.loader:loader:1.0.0) with ExtractAarTransform
Transforming loader-1.0.0.aar (androidx.loader:loader:1.0.0) with AarTransform
Transforming loader-1.0.0.aar (androidx.loader:loader:1.0.0) with ExtractAarTransform
Transforming loader-1.0.0.aar (androidx.loader:loader:1.0.0) with AarTransform
Transforming savedstate-ktx-1.2.1.aar (androidx.savedstate:savedstate-ktx:1.2.1) with ExtractAarTransform
Transforming savedstate-ktx-1.2.1.aar (androidx.savedstate:savedstate-ktx:1.2.1) with AarTransform
Transforming savedstate-1.2.1.aar (androidx.savedstate:savedstate:1.2.1) with ExtractAarTransform
Transforming savedstate-1.2.1.aar (androidx.savedstate:savedstate:1.2.1) with AarTransform
Transforming lifecycle-runtime-ktx-2.6.1.aar (androidx.lifecycle:lifecycle-runtime-ktx:2.6.1) with ExtractAarTransform
Transforming lifecycle-runtime-ktx-2.6.1.aar (androidx.lifecycle:lifecycle-runtime-ktx:2.6.1) with AarTransform
Transforming lifecycle-viewmodel-ktx-2.6.1.aar (androidx.lifecycle:lifecycle-viewmodel-ktx:2.6.1) with ExtractAarTransform
Transforming lifecycle-viewmodel-ktx-2.6.1.aar (androidx.lifecycle:lifecycle-viewmodel-ktx:2.6.1) with AarTransform
Transforming lifecycle-process-2.6.1.aar (androidx.lifecycle:lifecycle-process:2.6.1) with ExtractAarTransform
Transforming lifecycle-process-2.6.1.aar (androidx.lifecycle:lifecycle-process:2.6.1) with AarTransform
Transforming lifecycle-livedata-core-ktx-2.6.1.aar (androidx.lifecycle:lifecycle-livedata-core-ktx:2.6.1) with ExtractAarTransform
Transforming lifecycle-livedata-core-ktx-2.6.1.aar (androidx.lifecycle:lifecycle-livedata-core-ktx:2.6.1) with AarTransform
Transforming lifecycle-livedata-core-2.6.1.aar (androidx.lifecycle:lifecycle-livedata-core:2.6.1) with ExtractAarTransform
Transforming lifecycle-livedata-core-2.6.1.aar (androidx.lifecycle:lifecycle-livedata-core:2.6.1) with AarTransform
Transforming lifecycle-livedata-2.6.1.aar (androidx.lifecycle:lifecycle-livedata:2.6.1) with ExtractAarTransform
Transforming lifecycle-livedata-2.6.1.aar (androidx.lifecycle:lifecycle-livedata:2.6.1) with AarTransform
Transforming lifecycle-viewmodel-2.6.1.aar (androidx.lifecycle:lifecycle-viewmodel:2.6.1) with ExtractAarTransform
Transforming lifecycle-viewmodel-2.6.1.aar (androidx.lifecycle:lifecycle-viewmodel:2.6.1) with AarTransform
Transforming lifecycle-viewmodel-2.6.1.aar (androidx.lifecycle:lifecycle-viewmodel:2.6.1) with ExtractAarTransform
Transforming lifecycle-viewmodel-2.6.1.aar (androidx.lifecycle:lifecycle-viewmodel:2.6.1) with AarTransform
Transforming lifecycle-runtime-2.6.1.aar (androidx.lifecycle:lifecycle-runtime:2.6.1) with ExtractAarTransform
Transforming lifecycle-runtime-2.6.1.aar (androidx.lifecycle:lifecycle-runtime:2.6.1) with AarTransform
Transforming lifecycle-viewmodel-savedstate-2.6.1.aar (androidx.lifecycle:lifecycle-viewmodel-savedstate:2.6.1) with ExtractAarTransform
Transforming lifecycle-viewmodel-savedstate-2.6.1.aar (androidx.lifecycle:lifecycle-viewmodel-savedstate:2.6.1) with AarTransform
Transforming core-ktx-1.9.0.aar (androidx.core:core-ktx:1.9.0) with ExtractAarTransform
Transforming core-ktx-1.9.0.aar (androidx.core:core-ktx:1.9.0) with AarTransform
Transforming viewpager-1.0.0.aar (androidx.viewpager:viewpager:1.0.0) with ExtractAarTransform
Transforming viewpager-1.0.0.aar (androidx.viewpager:viewpager:1.0.0) with AarTransform
Transforming recyclerview-1.1.0.aar (androidx.recyclerview:recyclerview:1.1.0) with ExtractAarTransform
Transforming recyclerview-1.1.0.aar (androidx.recyclerview:recyclerview:1.1.0) with AarTransform
Transforming recyclerview-1.1.0.aar (androidx.recyclerview:recyclerview:1.1.0) with ExtractAarTransform
Transforming recyclerview-1.1.0.aar (androidx.recyclerview:recyclerview:1.1.0) with AarTransform
Transforming customview-1.1.0.aar (androidx.customview:customview:1.1.0) with ExtractAarTransform
Transforming customview-1.1.0.aar (androidx.customview:customview:1.1.0) with AarTransform
Transforming customview-1.1.0.aar (androidx.customview:customview:1.1.0) with ExtractAarTransform
Transforming customview-1.1.0.aar (androidx.customview:customview:1.1.0) with AarTransform
Transforming customview-1.1.0.aar (androidx.customview:customview:1.1.0) with ExtractAarTransform
Transforming customview-1.1.0.aar (androidx.customview:customview:1.1.0) with AarTransform
Transforming customview-1.1.0.aar (androidx.customview:customview:1.1.0) with ExtractAarTransform
Transforming customview-1.1.0.aar (androidx.customview:customview:1.1.0) with AarTransform
Transforming customview-1.1.0.aar (androidx.customview:customview:1.1.0) with ExtractAarTransform
Transforming customview-1.1.0.aar (androidx.customview:customview:1.1.0) with AarTransform
Transforming transition-1.4.1.aar (androidx.transition:transition:1.4.1) with ExtractAarTransform
Transforming transition-1.4.1.aar (androidx.transition:transition:1.4.1) with AarTransform
Transforming window-1.0.0.aar (androidx.window:window:1.0.0) with ExtractAarTransform
Transforming window-1.0.0.aar (androidx.window:window:1.0.0) with AarTransform
Transforming core-1.9.0.aar (androidx.core:core:1.9.0) with ExtractAarTransform
Transforming core-1.9.0.aar (androidx.core:core:1.9.0) with AarTransform
Transforming core-1.9.0.aar (androidx.core:core:1.9.0) with ExtractAarTransform
Transforming core-1.9.0.aar (androidx.core:core:1.9.0) with AarTransform
Transforming core-1.9.0.aar (androidx.core:core:1.9.0) with ExtractAarTransform
Transforming core-1.9.0.aar (androidx.core:core:1.9.0) with AarTransform
Transforming core-1.9.0.aar (androidx.core:core:1.9.0) with ExtractAarTransform
Caching disabled for AarTransform: /home/runner/.gradle/caches/transforms-4/5b0b1d407e94ac434f947d7f9f23b22f/transformed/viewbinding-8.6.0 because:
  Caching not enabled.
Transforming core-1.9.0.aar (androidx.core:core:1.9.0) with AarTransform
Transforming core-1.9.0.aar (androidx.core:core:1.9.0) with ExtractAarTransform
Transforming core-1.9.0.aar (androidx.core:core:1.9.0) with AarTransform
Transforming core-1.9.0.aar (androidx.core:core:1.9.0) with ExtractAarTransform
Transforming core-1.9.0.aar (androidx.core:core:1.9.0) with AarTransform
Transforming core-1.9.0.aar (androidx.core:core:1.9.0) with ExtractAarTransform
Transforming core-1.9.0.aar (androidx.core:core:1.9.0) with AarTransform
Transforming core-1.9.0.aar (androidx.core:core:1.9.0) with ExtractAarTransform
Transforming core-1.9.0.aar (androidx.core:core:1.9.0) with AarTransform
Transforming core-1.9.0.aar (androidx.core:core:1.9.0) with ExtractAarTransform
Transforming core-1.9.0.aar (androidx.core:core:1.9.0) with AarTransform
Transforming core-1.9.0.aar (androidx.core:core:1.9.0) with ExtractAarTransform
Transforming core-1.9.0.aar (androidx.core:core:1.9.0) with AarTransform
Transforming core-1.9.0.aar (androidx.core:core:1.9.0) with ExtractAarTransform
Transforming core-1.9.0.aar (androidx.core:core:1.9.0) with AarTransform
Transforming cursoradapter-1.0.0.aar (androidx.cursoradapter:cursoradapter:1.0.0) with ExtractAarTransform
Transforming cursoradapter-1.0.0.aar (androidx.cursoradapter:cursoradapter:1.0.0) with AarTransform
Transforming cardview-1.0.0.aar (androidx.cardview:cardview:1.0.0) with ExtractAarTransform
Transforming cardview-1.0.0.aar (androidx.cardview:cardview:1.0.0) with AarTransform
Transforming versionedparcelable-1.1.1.aar (androidx.versionedparcelable:versionedparcelable:1.1.1) with ExtractAarTransform
Transforming versionedparcelable-1.1.1.aar (androidx.versionedparcelable:versionedparcelable:1.1.1) with AarTransform
Transforming profileinstaller-1.3.0.aar (androidx.profileinstaller:profileinstaller:1.3.0) with ExtractAarTransform
Transforming profileinstaller-1.3.0.aar (androidx.profileinstaller:profileinstaller:1.3.0) with AarTransform
Transforming startup-runtime-1.1.1.aar (androidx.startup:startup-runtime:1.1.1) with ExtractAarTransform
Transforming startup-runtime-1.1.1.aar (androidx.startup:startup-runtime:1.1.1) with AarTransform
Transforming tracing-1.0.0.aar (androidx.tracing:tracing:1.0.0) with ExtractAarTransform
Transforming tracing-1.0.0.aar (androidx.tracing:tracing:1.0.0) with AarTransform
Transforming interpolator-1.0.0.aar (androidx.interpolator:interpolator:1.0.0) with ExtractAarTransform
Transforming interpolator-1.0.0.aar (androidx.interpolator:interpolator:1.0.0) with AarTransform
Transforming core-runtime-2.2.0.aar (androidx.arch.core:core-runtime:2.2.0) with ExtractAarTransform
Transforming core-runtime-2.2.0.aar (androidx.arch.core:core-runtime:2.2.0) with AarTransform
Transforming localbroadcastmanager-1.0.0.aar (androidx.localbroadcastmanager:localbroadcastmanager:1.0.0) with ExtractAarTransform
Transforming localbroadcastmanager-1.0.0.aar (androidx.localbroadcastmanager:localbroadcastmanager:1.0.0) with AarTransform
Transforming print-1.0.0.aar (androidx.print:print:1.0.0) with ExtractAarTransform
Transforming print-1.0.0.aar (androidx.print:print:1.0.0) with AarTransform
Transforming annotation-experimental-1.3.0.aar (androidx.annotation:annotation-experimental:1.3.0) with ExtractAarTransform
Transforming annotation-experimental-1.3.0.aar (androidx.annotation:annotation-experimental:1.3.0) with AarTransform
Caching disabled for AarTransform: /home/runner/.gradle/caches/transforms-4/abba2e931d7793c99a4b6b3b6d019638/transformed/preference-1.2.1 because:
  Caching not enabled.
Caching disabled for AarTransform: /home/runner/.gradle/caches/transforms-4/d4a01b4296d6f9f4bb271e1724d6f0e9/transformed/appcompat-resources-1.6.1 because:
  Caching not enabled.
Caching disabled for AarTransform: /home/runner/.gradle/caches/transforms-4/5f1dd89ad35488e4abd38f9bd9fd5158/transformed/dynamicanimation-1.0.0 because:
  Caching not enabled.
Caching disabled for AarTransform: /home/runner/.gradle/caches/transforms-4/126cfddaa9116b79ae4185cd33f21add/transformed/appcompat-1.6.1 because:
  Caching not enabled.
Caching disabled for AarTransform: /home/runner/.gradle/caches/transforms-4/a8b386c1b0dd93d0ac410cf4ee1aa70a/transformed/legacy-support-core-utils-1.0.0 because:
  Caching not enabled.
Caching disabled for AarTransform: /home/runner/.gradle/caches/transforms-4/eff25188b8c189ce284b083b7c83172f/transformed/documentfile-1.0.1 because:
  Caching not enabled.
Caching disabled for AarTransform: /home/runner/.gradle/caches/transforms-4/881d61918d820e326ff5bc99c34d64a9/transformed/emoji2-views-helper-1.2.0 because:
  Caching not enabled.
Caching disabled for AarTransform: /home/runner/.gradle/caches/transforms-4/6162ee6c1047aff73971de90e57735bd/transformed/emoji2-1.2.0 because:
  Caching not enabled.
Caching disabled for AarTransform: /home/runner/.gradle/caches/transforms-4/51c5abe7ea4024bc832a1b20ace108ec/transformed/viewpager2-1.0.0 because:
  Caching not enabled.
Caching disabled for AarTransform: /home/runner/.gradle/caches/transforms-4/a596e7738cc6825226dfc29473d7afdd/transformed/fragment-ktx-1.3.6 because:
  Caching not enabled.
Caching disabled for AarTransform: /home/runner/.gradle/caches/transforms-4/70423193c0515c908d6e8b92153805dc/transformed/fragment-1.3.6 because:
  Caching not enabled.
Caching disabled for AarTransform: /home/runner/.gradle/caches/transforms-4/f6a3092fa9c7956dd925cf1dd323773a/transformed/activity-ktx-1.8.0 because:
  Caching not enabled.
Caching disabled for AarTransform: /home/runner/.gradle/caches/transforms-4/ea19e8fd7ca30a5c34f32d0a66b58d2a/transformed/activity-1.8.0 because:
  Caching not enabled.
Caching disabled for AarTransform: /home/runner/.gradle/caches/transforms-4/46bbcf6305ff1ae94ba1cd57cd42dc42/transformed/drawerlayout-1.1.1 because:
  Caching not enabled.
Caching disabled for AarTransform: /home/runner/.gradle/caches/transforms-4/756cb4cf1ab7727eb675b365134f30c5/transformed/coordinatorlayout-1.1.0 because:
  Caching not enabled.
Caching disabled for AarTransform: /home/runner/.gradle/caches/transforms-4/3752e909bf648eebd25380fd30184124/transformed/vectordrawable-animated-1.1.0 because:
  Caching not enabled.
Caching disabled for AarTransform: /home/runner/.gradle/caches/transforms-4/79bee0e17dfc4e7b48f70546c07f5afd/transformed/vectordrawable-1.1.0 because:
  Caching not enabled.
Caching disabled for AarTransform: /home/runner/.gradle/caches/transforms-4/b48b2649e825c10c874d9e15b6a8992f/transformed/slidingpanelayout-1.2.0 because:
  Caching not enabled.
Caching disabled for AarTransform: /home/runner/.gradle/caches/transforms-4/5079eac20a31ed2e18a52d7506850322/transformed/loader-1.0.0 because:
  Caching not enabled.
Caching disabled for AarTransform: /home/runner/.gradle/caches/transforms-4/4b49a23be6e977a787000fd27d9f9fb0/transformed/savedstate-ktx-1.2.1 because:
  Caching not enabled.
Caching disabled for AarTransform: /home/runner/.gradle/caches/transforms-4/1cf707cc33a495dc11f5c8d2e64654fb/transformed/savedstate-1.2.1 because:
  Caching not enabled.
Caching disabled for AarTransform: /home/runner/.gradle/caches/transforms-4/c8f4079f5c67c1ba88281847d3bffd69/transformed/lifecycle-runtime-ktx-2.6.1 because:
  Caching not enabled.
Caching disabled for AarTransform: /home/runner/.gradle/caches/transforms-4/56b234506859889509ce5e91ae0cdb13/transformed/lifecycle-viewmodel-ktx-2.6.1 because:
  Caching not enabled.
Caching disabled for AarTransform: /home/runner/.gradle/caches/transforms-4/2b1665a840575883d559d7e50f810098/transformed/lifecycle-process-2.6.1 because:
  Caching not enabled.
Caching disabled for AarTransform: /home/runner/.gradle/caches/transforms-4/d6fdb4aa39dc57590e12b55a6658ecb7/transformed/lifecycle-livedata-core-ktx-2.6.1 because:
  Caching not enabled.
Caching disabled for AarTransform: /home/runner/.gradle/caches/transforms-4/1812e6cb685b8fcf9631e2b43e580d26/transformed/lifecycle-livedata-2.6.1 because:
  Caching not enabled.
Caching disabled for AarTransform: /home/runner/.gradle/caches/transforms-4/37dc40bf82ea1be52f454a6de40fe7b5/transformed/lifecycle-livedata-core-2.6.1 because:
  Caching not enabled.
Caching disabled for AarTransform: /home/runner/.gradle/caches/transforms-4/2485c67778741119e341ec2727ca3b86/transformed/lifecycle-viewmodel-2.6.1 because:
  Caching not enabled.
Caching disabled for AarTransform: /home/runner/.gradle/caches/transforms-4/e05ab6ff22584f1cde86bb8dc7f0668c/transformed/lifecycle-runtime-2.6.1 because:
  Caching not enabled.
Caching disabled for AarTransform: /home/runner/.gradle/caches/transforms-4/5202279075599ad626e0bde2af3a2d58/transformed/lifecycle-viewmodel-savedstate-2.6.1 because:
  Caching not enabled.
Caching disabled for AarTransform: /home/runner/.gradle/caches/transforms-4/53cc89d39359fbbb2b0afd0750b03918/transformed/core-ktx-1.9.0 because:
  Caching not enabled.
Caching disabled for AarTransform: /home/runner/.gradle/caches/transforms-4/1e5e1153bbd623e4c138a24882074a8d/transformed/viewpager-1.0.0 because:
  Caching not enabled.
Caching disabled for AarTransform: /home/runner/.gradle/caches/transforms-4/4c7797dda3dfe045e3f6c16a36f3a473/transformed/recyclerview-1.1.0 because:
  Caching not enabled.
Caching disabled for AarTransform: /home/runner/.gradle/caches/transforms-4/34521f5e014d8cf91e75fe60c9e33c23/transformed/customview-1.1.0 because:
  Caching not enabled.
Caching disabled for AarTransform: /home/runner/.gradle/caches/transforms-4/e140b2940a488f5216c361e5abc06b55/transformed/transition-1.4.1 because:
  Caching not enabled.
Caching disabled for AarTransform: /home/runner/.gradle/caches/transforms-4/77819546e935e67f40d4320f107e9e8c/transformed/window-1.0.0 because:
  Caching not enabled.
Caching disabled for AarTransform: /home/runner/.gradle/caches/transforms-4/8e041939abce0e710a826e57596ca780/transformed/core-1.9.0 because:
  Caching not enabled.
Caching disabled for AarTransform: /home/runner/.gradle/caches/transforms-4/9259544171e2d87590d3f24d4465491e/transformed/cardview-1.0.0 because:
  Caching not enabled.
Caching disabled for AarTransform: /home/runner/.gradle/caches/transforms-4/710b0ad1e9cc1807a4b49af0bcb93af9/transformed/cursoradapter-1.0.0 because:
  Caching not enabled.
Caching disabled for AarTransform: /home/runner/.gradle/caches/transforms-4/7223b39ed2f40dd83ad1d76938749e44/transformed/versionedparcelable-1.1.1 because:
  Caching not enabled.
Caching disabled for AarTransform: /home/runner/.gradle/caches/transforms-4/ffa2d5a5ecf3e2df1e3f9796917a8873/transformed/profileinstaller-1.3.0 because:
  Caching not enabled.
Caching disabled for AarTransform: /home/runner/.gradle/caches/transforms-4/bd10c00b9a57242f8ebf70bfdff34f10/transformed/startup-runtime-1.1.1 because:
  Caching not enabled.
Caching disabled for AarTransform: /home/runner/.gradle/caches/transforms-4/41e660498b84dcaaa29e1e0c378f0eea/transformed/tracing-1.0.0 because:
  Caching not enabled.
Caching disabled for AarTransform: /home/runner/.gradle/caches/transforms-4/ee6c7bbe42d73da06eaece812502d84a/transformed/interpolator-1.0.0 because:
  Caching not enabled.
Caching disabled for AarTransform: /home/runner/.gradle/caches/transforms-4/eb08e2e4d617c9c90d9b1318236e664c/transformed/localbroadcastmanager-1.0.0 because:
  Caching not enabled.
Caching disabled for AarTransform: /home/runner/.gradle/caches/transforms-4/eb70754f4bee5451e77378f4ca507fa5/transformed/core-runtime-2.2.0 because:
  Caching not enabled.
Caching disabled for AarTransform: /home/runner/.gradle/caches/transforms-4/db268430b12b2873bbb7dcd9c4512dfe/transformed/print-1.0.0 because:
  Caching not enabled.
Caching disabled for AarTransform: /home/runner/.gradle/caches/transforms-4/6c148c982a0f9826d52e9fe6864c005d/transformed/annotation-experimental-1.3.0 because:
  Caching not enabled.
Caching disabled for AarTransform: /home/runner/.gradle/caches/transforms-4/574cc3ef6ee85c615c639ae7252aece2/transformed/constraintlayout-2.1.4 because:
  Caching not enabled.
Caching disabled for AarTransform: /home/runner/.gradle/caches/transforms-4/fc8034e8a4b3a3f67243f0e3955594cf/transformed/material-1.11.0 because:
  Caching not enabled.
Caching disabled for task ':app:mergeReleaseArtProfile' because:
  Simple merging task
Task ':app:mergeReleaseArtProfile' is not up-to-date because:
  No history is available.
file or directory '/home/runner/work/NearChuckle-android-wip-edition/NearChuckle-android-wip-edition/android/app/src/main/baselineProfiles', not found
file or directory '/home/runner/work/NearChuckle-android-wip-edition/NearChuckle-android-wip-edition/android/app/src/release/baselineProfiles', not found

> Task :app:mergeReleaseShaders
Caching disabled for task ':app:mergeReleaseShaders' because:
  Simple merging task
Task ':app:mergeReleaseShaders' is not up-to-date because:
  No history is available.
The input changes require a full rebuild for incremental task ':app:mergeReleaseShaders'.
Resolve mutations for :app:compileReleaseShaders (Thread[Execution worker,5,main]) started.
:app:compileReleaseShaders (Thread[Execution worker,5,main]) started.

> Task :app:compileReleaseShaders NO-SOURCE
Skipping task ':app:compileReleaseShaders' as it has no source files and no previous output files.
Resolve mutations for :app:generateReleaseAssets (Thread[Execution worker,5,main]) started.
:app:generateReleaseAssets (Thread[Execution worker,5,main]) started.

> Task :app:generateReleaseAssets UP-TO-DATE
Skipping task ':app:generateReleaseAssets' as it has no actions.
Resolve mutations for :app:mergeReleaseAssets (Thread[Execution worker,5,main]) started.
:app:mergeReleaseAssets (Thread[Execution worker,5,main]) started.

> Task :app:mergeReleaseAssets
Transforming viewbinding-8.6.0.aar (androidx.databinding:viewbinding:8.6.0) with ExtractAarTransform
Transforming viewbinding-8.6.0.aar (androidx.databinding:viewbinding:8.6.0) with AarTransform
Transforming material-1.11.0.aar (com.google.android.material:material:1.11.0) with ExtractAarTransform
Transforming material-1.11.0.aar (com.google.android.material:material:1.11.0) with AarTransform
Transforming constraintlayout-2.1.4.aar (androidx.constraintlayout:constraintlayout:2.1.4) with ExtractAarTransform
Transforming constraintlayout-2.1.4.aar (androidx.constraintlayout:constraintlayout:2.1.4) with AarTransform
Transforming preference-1.2.1.aar (androidx.preference:preference:1.2.1) with ExtractAarTransform
Transforming preference-1.2.1.aar (androidx.preference:preference:1.2.1) with AarTransform
Transforming appcompat-resources-1.6.1.aar (androidx.appcompat:appcompat-resources:1.6.1) with ExtractAarTransform
Transforming appcompat-resources-1.6.1.aar (androidx.appcompat:appcompat-resources:1.6.1) with AarTransform
Transforming appcompat-1.6.1.aar (androidx.appcompat:appcompat:1.6.1) with ExtractAarTransform
Transforming appcompat-1.6.1.aar (androidx.appcompat:appcompat:1.6.1) with AarTransform
Transforming dynamicanimation-1.0.0.aar (androidx.dynamicanimation:dynamicanimation:1.0.0) with ExtractAarTransform
Transforming dynamicanimation-1.0.0.aar (androidx.dynamicanimation:dynamicanimation:1.0.0) with AarTransform
Transforming legacy-support-core-utils-1.0.0.aar (androidx.legacy:legacy-support-core-utils:1.0.0) with ExtractAarTransform
Transforming legacy-support-core-utils-1.0.0.aar (androidx.legacy:legacy-support-core-utils:1.0.0) with AarTransform
Transforming documentfile-1.0.1.aar (androidx.documentfile:documentfile:1.0.1) with ExtractAarTransform
Transforming documentfile-1.0.1.aar (androidx.documentfile:documentfile:1.0.1) with AarTransform
Transforming documentfile-1.0.1.aar (androidx.documentfile:documentfile:1.0.1) with ExtractAarTransform
Transforming documentfile-1.0.1.aar (androidx.documentfile:documentfile:1.0.1) with AarTransform
Transforming emoji2-views-helper-1.2.0.aar (androidx.emoji2:emoji2-views-helper:1.2.0) with ExtractAarTransform
Transforming emoji2-views-helper-1.2.0.aar (androidx.emoji2:emoji2-views-helper:1.2.0) with AarTransform
Transforming emoji2-1.2.0.aar (androidx.emoji2:emoji2:1.2.0) with ExtractAarTransform
Transforming emoji2-1.2.0.aar (androidx.emoji2:emoji2:1.2.0) with AarTransform
Transforming viewpager2-1.0.0.aar (androidx.viewpager2:viewpager2:1.0.0) with ExtractAarTransform
Transforming viewpager2-1.0.0.aar (androidx.viewpager2:viewpager2:1.0.0) with AarTransform
Transforming fragment-ktx-1.3.6.aar (androidx.fragment:fragment-ktx:1.3.6) with ExtractAarTransform
Transforming fragment-ktx-1.3.6.aar (androidx.fragment:fragment-ktx:1.3.6) with AarTransform
Transforming fragment-1.3.6.aar (androidx.fragment:fragment:1.3.6) with ExtractAarTransform
Transforming fragment-1.3.6.aar (androidx.fragment:fragment:1.3.6) with AarTransform
Transforming fragment-1.3.6.aar (androidx.fragment:fragment:1.3.6) with ExtractAarTransform
Transforming fragment-1.3.6.aar (androidx.fragment:fragment:1.3.6) with AarTransform
Transforming activity-ktx-1.8.0.aar (androidx.activity:activity-ktx:1.8.0) with ExtractAarTransform
Transforming activity-ktx-1.8.0.aar (androidx.activity:activity-ktx:1.8.0) with AarTransform
Transforming activity-1.8.0.aar (androidx.activity:activity:1.8.0) with ExtractAarTransform
Transforming activity-1.8.0.aar (androidx.activity:activity:1.8.0) with AarTransform
Transforming drawerlayout-1.1.1.aar (androidx.drawerlayout:drawerlayout:1.1.1) with ExtractAarTransform
Transforming drawerlayout-1.1.1.aar (androidx.drawerlayout:drawerlayout:1.1.1) with AarTransform
Transforming coordinatorlayout-1.1.0.aar (androidx.coordinatorlayout:coordinatorlayout:1.1.0) with ExtractAarTransform
Transforming coordinatorlayout-1.1.0.aar (androidx.coordinatorlayout:coordinatorlayout:1.1.0) with AarTransform
Transforming vectordrawable-animated-1.1.0.aar (androidx.vectordrawable:vectordrawable-animated:1.1.0) with ExtractAarTransform
Transforming vectordrawable-animated-1.1.0.aar (androidx.vectordrawable:vectordrawable-animated:1.1.0) with AarTransform
Transforming vectordrawable-1.1.0.aar (androidx.vectordrawable:vectordrawable:1.1.0) with ExtractAarTransform
Transforming vectordrawable-1.1.0.aar (androidx.vectordrawable:vectordrawable:1.1.0) with AarTransform
Transforming vectordrawable-1.1.0.aar (androidx.vectordrawable:vectordrawable:1.1.0) with ExtractAarTransform
Transforming vectordrawable-1.1.0.aar (androidx.vectordrawable:vectordrawable:1.1.0) with AarTransform
Transforming slidingpanelayout-1.2.0.aar (androidx.slidingpanelayout:slidingpanelayout:1.2.0) with ExtractAarTransform
Transforming slidingpanelayout-1.2.0.aar (androidx.slidingpanelayout:slidingpanelayout:1.2.0) with AarTransform
Transforming loader-1.0.0.aar (androidx.loader:loader:1.0.0) with ExtractAarTransform
Transforming loader-1.0.0.aar (androidx.loader:loader:1.0.0) with AarTransform
Transforming loader-1.0.0.aar (androidx.loader:loader:1.0.0) with ExtractAarTransform
Transforming loader-1.0.0.aar (androidx.loader:loader:1.0.0) with AarTransform
Transforming savedstate-ktx-1.2.1.aar (androidx.savedstate:savedstate-ktx:1.2.1) with ExtractAarTransform
Transforming savedstate-ktx-1.2.1.aar (androidx.savedstate:savedstate-ktx:1.2.1) with AarTransform
Transforming savedstate-1.2.1.aar (androidx.savedstate:savedstate:1.2.1) with ExtractAarTransform
Transforming savedstate-1.2.1.aar (androidx.savedstate:savedstate:1.2.1) with AarTransform
Transforming lifecycle-runtime-ktx-2.6.1.aar (androidx.lifecycle:lifecycle-runtime-ktx:2.6.1) with ExtractAarTransform
Transforming lifecycle-runtime-ktx-2.6.1.aar (androidx.lifecycle:lifecycle-runtime-ktx:2.6.1) with AarTransform
Transforming lifecycle-viewmodel-ktx-2.6.1.aar (androidx.lifecycle:lifecycle-viewmodel-ktx:2.6.1) with ExtractAarTransform
Transforming lifecycle-viewmodel-ktx-2.6.1.aar (androidx.lifecycle:lifecycle-viewmodel-ktx:2.6.1) with AarTransform
Transforming lifecycle-process-2.6.1.aar (androidx.lifecycle:lifecycle-process:2.6.1) with ExtractAarTransform
Transforming lifecycle-process-2.6.1.aar (androidx.lifecycle:lifecycle-process:2.6.1) with AarTransform
Transforming lifecycle-livedata-core-ktx-2.6.1.aar (androidx.lifecycle:lifecycle-livedata-core-ktx:2.6.1) with ExtractAarTransform
Transforming lifecycle-livedata-core-ktx-2.6.1.aar (androidx.lifecycle:lifecycle-livedata-core-ktx:2.6.1) with AarTransform
Transforming lifecycle-livedata-core-2.6.1.aar (androidx.lifecycle:lifecycle-livedata-core:2.6.1) with ExtractAarTransform
Transforming lifecycle-livedata-core-2.6.1.aar (androidx.lifecycle:lifecycle-livedata-core:2.6.1) with AarTransform
Transforming lifecycle-livedata-2.6.1.aar (androidx.lifecycle:lifecycle-livedata:2.6.1) with ExtractAarTransform
Transforming lifecycle-livedata-2.6.1.aar (androidx.lifecycle:lifecycle-livedata:2.6.1) with AarTransform
Transforming lifecycle-viewmodel-2.6.1.aar (androidx.lifecycle:lifecycle-viewmodel:2.6.1) with ExtractAarTransform
Transforming lifecycle-viewmodel-2.6.1.aar (androidx.lifecycle:lifecycle-viewmodel:2.6.1) with AarTransform
Transforming lifecycle-viewmodel-2.6.1.aar (androidx.lifecycle:lifecycle-viewmodel:2.6.1) with ExtractAarTransform
Transforming lifecycle-viewmodel-2.6.1.aar (androidx.lifecycle:lifecycle-viewmodel:2.6.1) with AarTransform
Transforming lifecycle-runtime-2.6.1.aar (androidx.lifecycle:lifecycle-runtime:2.6.1) with ExtractAarTransform
Transforming lifecycle-runtime-2.6.1.aar (androidx.lifecycle:lifecycle-runtime:2.6.1) with AarTransform
Transforming lifecycle-viewmodel-savedstate-2.6.1.aar (androidx.lifecycle:lifecycle-viewmodel-savedstate:2.6.1) with ExtractAarTransform
Transforming lifecycle-viewmodel-savedstate-2.6.1.aar (androidx.lifecycle:lifecycle-viewmodel-savedstate:2.6.1) with AarTransform
Transforming core-ktx-1.9.0.aar (androidx.core:core-ktx:1.9.0) with ExtractAarTransform
Transforming core-ktx-1.9.0.aar (androidx.core:core-ktx:1.9.0) with AarTransform
Transforming viewpager-1.0.0.aar (androidx.viewpager:viewpager:1.0.0) with ExtractAarTransform
Transforming viewpager-1.0.0.aar (androidx.viewpager:viewpager:1.0.0) with AarTransform
Transforming recyclerview-1.1.0.aar (androidx.recyclerview:recyclerview:1.1.0) with ExtractAarTransform
Transforming recyclerview-1.1.0.aar (androidx.recyclerview:recyclerview:1.1.0) with AarTransform
Transforming recyclerview-1.1.0.aar (androidx.recyclerview:recyclerview:1.1.0) with ExtractAarTransform
Transforming recyclerview-1.1.0.aar (androidx.recyclerview:recyclerview:1.1.0) with AarTransform
Transforming customview-1.1.0.aar (androidx.customview:customview:1.1.0) with ExtractAarTransform
Transforming customview-1.1.0.aar (androidx.customview:customview:1.1.0) with AarTransform
Transforming customview-1.1.0.aar (androidx.customview:customview:1.1.0) with ExtractAarTransform
Transforming customview-1.1.0.aar (androidx.customview:customview:1.1.0) with AarTransform
Transforming customview-1.1.0.aar (androidx.customview:customview:1.1.0) with ExtractAarTransform
Transforming customview-1.1.0.aar (androidx.customview:customview:1.1.0) with AarTransform
Transforming customview-1.1.0.aar (androidx.customview:customview:1.1.0) with ExtractAarTransform
Transforming customview-1.1.0.aar (androidx.customview:customview:1.1.0) with AarTransform
Transforming customview-1.1.0.aar (androidx.customview:customview:1.1.0) with ExtractAarTransform
Transforming customview-1.1.0.aar (androidx.customview:customview:1.1.0) with AarTransform
Transforming transition-1.4.1.aar (androidx.transition:transition:1.4.1) with ExtractAarTransform
Transforming transition-1.4.1.aar (androidx.transition:transition:1.4.1) with AarTransform
Transforming window-1.0.0.aar (androidx.window:window:1.0.0) with ExtractAarTransform
Transforming window-1.0.0.aar (androidx.window:window:1.0.0) with AarTransform
Transforming core-1.9.0.aar (androidx.core:core:1.9.0) with ExtractAarTransform
Transforming core-1.9.0.aar (androidx.core:core:1.9.0) with AarTransform
Transforming core-1.9.0.aar (androidx.core:core:1.9.0) with ExtractAarTransform
Transforming core-1.9.0.aar (androidx.core:core:1.9.0) with AarTransform
Transforming core-1.9.0.aar (androidx.core:core:1.9.0) with ExtractAarTransform
Transforming core-1.9.0.aar (androidx.core:core:1.9.0) with AarTransform
Transforming core-1.9.0.aar (androidx.core:core:1.9.0) with ExtractAarTransform
Transforming core-1.9.0.aar (androidx.core:core:1.9.0) with AarTransform
Transforming core-1.9.0.aar (androidx.core:core:1.9.0) with ExtractAarTransform
Transforming core-1.9.0.aar (androidx.core:core:1.9.0) with AarTransform
Transforming core-1.9.0.aar (androidx.core:core:1.9.0) with ExtractAarTransform
Transforming core-1.9.0.aar (androidx.core:core:1.9.0) with AarTransform
Transforming core-1.9.0.aar (androidx.core:core:1.9.0) with ExtractAarTransform
Transforming core-1.9.0.aar (androidx.core:core:1.9.0) with AarTransform
Transforming core-1.9.0.aar (androidx.core:core:1.9.0) with ExtractAarTransform
Transforming core-1.9.0.aar (androidx.core:core:1.9.0) with AarTransform
Transforming core-1.9.0.aar (androidx.core:core:1.9.0) with ExtractAarTransform
Transforming core-1.9.0.aar (androidx.core:core:1.9.0) with AarTransform
Transforming core-1.9.0.aar (androidx.core:core:1.9.0) with ExtractAarTransform
Transforming core-1.9.0.aar (androidx.core:core:1.9.0) with AarTransform
Transforming core-1.9.0.aar (androidx.core:core:1.9.0) with ExtractAarTransform
Transforming core-1.9.0.aar (androidx.core:core:1.9.0) with AarTransform
Transforming cursoradapter-1.0.0.aar (androidx.cursoradapter:cursoradapter:1.0.0) with ExtractAarTransform
Transforming cursoradapter-1.0.0.aar (androidx.cursoradapter:cursoradapter:1.0.0) with AarTransform
Transforming cardview-1.0.0.aar (androidx.cardview:cardview:1.0.0) with ExtractAarTransform
Transforming cardview-1.0.0.aar (androidx.cardview:cardview:1.0.0) with AarTransform
Transforming versionedparcelable-1.1.1.aar (androidx.versionedparcelable:versionedparcelable:1.1.1) with ExtractAarTransform
Transforming versionedparcelable-1.1.1.aar (androidx.versionedparcelable:versionedparcelable:1.1.1) with AarTransform
Transforming profileinstaller-1.3.0.aar (androidx.profileinstaller:profileinstaller:1.3.0) with ExtractAarTransform
Transforming profileinstaller-1.3.0.aar (androidx.profileinstaller:profileinstaller:1.3.0) with AarTransform
Transforming startup-runtime-1.1.1.aar (androidx.startup:startup-runtime:1.1.1) with ExtractAarTransform
Transforming startup-runtime-1.1.1.aar (androidx.startup:startup-runtime:1.1.1) with AarTransform
Transforming tracing-1.0.0.aar (androidx.tracing:tracing:1.0.0) with ExtractAarTransform
Transforming tracing-1.0.0.aar (androidx.tracing:tracing:1.0.0) with AarTransform
Transforming interpolator-1.0.0.aar (androidx.interpolator:interpolator:1.0.0) with ExtractAarTransform
Transforming interpolator-1.0.0.aar (androidx.interpolator:interpolator:1.0.0) with AarTransform
Transforming core-runtime-2.2.0.aar (androidx.arch.core:core-runtime:2.2.0) with ExtractAarTransform
Transforming core-runtime-2.2.0.aar (androidx.arch.core:core-runtime:2.2.0) with AarTransform
Transforming localbroadcastmanager-1.0.0.aar (androidx.localbroadcastmanager:localbroadcastmanager:1.0.0) with ExtractAarTransform
Transforming localbroadcastmanager-1.0.0.aar (androidx.localbroadcastmanager:localbroadcastmanager:1.0.0) with AarTransform
Transforming print-1.0.0.aar (androidx.print:print:1.0.0) with ExtractAarTransform
Transforming print-1.0.0.aar (androidx.print:print:1.0.0) with AarTransform
Transforming annotation-experimental-1.3.0.aar (androidx.annotation:annotation-experimental:1.3.0) with ExtractAarTransform
Transforming annotation-experimental-1.3.0.aar (androidx.annotation:annotation-experimental:1.3.0) with AarTransform
Caching disabled for task ':app:mergeReleaseAssets' because:
  Simple merging task
Task ':app:mergeReleaseAssets' is not up-to-date because:
  No history is available.
The input changes require a full rebuild for incremental task ':app:mergeReleaseAssets'.
Resolve mutations for :app:compressReleaseAssets (Thread[Execution worker,5,main]) started.
:app:compressReleaseAssets (Thread[Execution worker,5,main]) started.
Resolve mutations for :app:extractReleaseVersionControlInfo (Thread[Execution worker Thread 2,5,main]) started.
:app:extractReleaseVersionControlInfo (Thread[Execution worker Thread 2,5,main]) started.

> Task :app:compressReleaseAssets
Build cache key for task ':app:compressReleaseAssets' is a913af6fb1f313037006958ee495d18a
Task ':app:compressReleaseAssets' is not up-to-date because:
  No history is available.
The input changes require a full rebuild for incremental task ':app:compressReleaseAssets'.
Stored cache entry for task ':app:compressReleaseAssets' with cache key a913af6fb1f313037006958ee495d18a

> Task :app:extractReleaseVersionControlInfo
Caching disabled for task ':app:extractReleaseVersionControlInfo' because:
  Caching has been disabled for the task
Task ':app:extractReleaseVersionControlInfo' is not up-to-date because:
  No history is available.
Resolve mutations for :app:processReleaseJavaRes (Thread[Execution worker,5,main]) started.
:app:processReleaseJavaRes (Thread[Execution worker,5,main]) started.

> Task :app:processReleaseJavaRes NO-SOURCE
file or directory '/home/runner/work/NearChuckle-android-wip-edition/NearChuckle-android-wip-edition/android/app/src/main/resources', not found
file or directory '/home/runner/work/NearChuckle-android-wip-edition/NearChuckle-android-wip-edition/android/app/src/release/resources', not found
Skipping task ':app:processReleaseJavaRes' as it has no source files and no previous output files.
Resolve mutations for :app:mergeReleaseJavaResource (Thread[Execution worker Thread 2,5,main]) started.
:app:mergeReleaseJavaResource (Thread[Execution worker Thread 2,5,main]) started.
Resolve mutations for :app:collectReleaseDependencies (Thread[Execution worker,5,main]) started.
:app:collectReleaseDependencies (Thread[Execution worker,5,main]) started.

> Task :app:collectReleaseDependencies
Caching disabled for task ':app:collectReleaseDependencies' because:
  Caching has been disabled for the task
Task ':app:collectReleaseDependencies' is not up-to-date because:
  No history is available.
Resolve mutations for :app:sdkReleaseDependencyData (Thread[Execution worker,5,main]) started.
:app:sdkReleaseDependencyData (Thread[Execution worker,5,main]) started.

> Task :app:sdkReleaseDependencyData
Caching disabled for task ':app:sdkReleaseDependencyData' because:
  Caching has been disabled for the task
Task ':app:sdkReleaseDependencyData' is not up-to-date because:
  No history is available.
Resolve mutations for :app:writeReleaseAppMetadata (Thread[Execution worker,5,main]) started.
:app:writeReleaseAppMetadata (Thread[Execution worker,5,main]) started.

> Task :app:writeReleaseAppMetadata
Caching disabled for task ':app:writeReleaseAppMetadata' because:
  Caching has been disabled for the task
Task ':app:writeReleaseAppMetadata' is not up-to-date because:
  No history is available.
Resolve mutations for :app:writeReleaseSigningConfigVersions (Thread[Execution worker,5,main]) started.
:app:writeReleaseSigningConfigVersions (Thread[Execution worker,5,main]) started.

> Task :app:writeReleaseSigningConfigVersions
Caching disabled for task ':app:writeReleaseSigningConfigVersions' because:
  Caching has been disabled for the task
Task ':app:writeReleaseSigningConfigVersions' is not up-to-date because:
  No history is available.

> Task :app:processReleaseResources
Transforming viewbinding-8.6.0.aar (androidx.databinding:viewbinding:8.6.0) with ExtractAarTransform
Transforming viewbinding-8.6.0.aar (androidx.databinding:viewbinding:8.6.0) with AarResourcesCompilerTransform
Transforming material-1.11.0.aar (com.google.android.material:material:1.11.0) with ExtractAarTransform
Transforming material-1.11.0.aar (com.google.android.material:material:1.11.0) with AarResourcesCompilerTransform
Transforming constraintlayout-2.1.4.aar (androidx.constraintlayout:constraintlayout:2.1.4) with ExtractAarTransform
Transforming constraintlayout-2.1.4.aar (androidx.constraintlayout:constraintlayout:2.1.4) with AarResourcesCompilerTransform
Transforming preference-1.2.1.aar (androidx.preference:preference:1.2.1) with ExtractAarTransform
Transforming preference-1.2.1.aar (androidx.preference:preference:1.2.1) with AarResourcesCompilerTransform
Transforming appcompat-resources-1.6.1.aar (androidx.appcompat:appcompat-resources:1.6.1) with ExtractAarTransform
Transforming appcompat-resources-1.6.1.aar (androidx.appcompat:appcompat-resources:1.6.1) with AarResourcesCompilerTransform
Transforming appcompat-1.6.1.aar (androidx.appcompat:appcompat:1.6.1) with ExtractAarTransform
Transforming appcompat-1.6.1.aar (androidx.appcompat:appcompat:1.6.1) with AarResourcesCompilerTransform
Transforming dynamicanimation-1.0.0.aar (androidx.dynamicanimation:dynamicanimation:1.0.0) with ExtractAarTransform
Transforming dynamicanimation-1.0.0.aar (androidx.dynamicanimation:dynamicanimation:1.0.0) with AarResourcesCompilerTransform
Transforming legacy-support-core-utils-1.0.0.aar (androidx.legacy:legacy-support-core-utils:1.0.0) with ExtractAarTransform
Transforming legacy-support-core-utils-1.0.0.aar (androidx.legacy:legacy-support-core-utils:1.0.0) with AarResourcesCompilerTransform
Transforming documentfile-1.0.1.aar (androidx.documentfile:documentfile:1.0.1) with ExtractAarTransform
Transforming documentfile-1.0.1.aar (androidx.documentfile:documentfile:1.0.1) with AarResourcesCompilerTransform
Transforming documentfile-1.0.1.aar (androidx.documentfile:documentfile:1.0.1) with ExtractAarTransform
Transforming documentfile-1.0.1.aar (androidx.documentfile:documentfile:1.0.1) with AarResourcesCompilerTransform
Transforming emoji2-views-helper-1.2.0.aar (androidx.emoji2:emoji2-views-helper:1.2.0) with ExtractAarTransform
Transforming emoji2-views-helper-1.2.0.aar (androidx.emoji2:emoji2-views-helper:1.2.0) with AarResourcesCompilerTransform
Transforming emoji2-1.2.0.aar (androidx.emoji2:emoji2:1.2.0) with ExtractAarTransform
Transforming emoji2-1.2.0.aar (androidx.emoji2:emoji2:1.2.0) with AarResourcesCompilerTransform
Transforming viewpager2-1.0.0.aar (androidx.viewpager2:viewpager2:1.0.0) with ExtractAarTransform
Transforming viewpager2-1.0.0.aar (androidx.viewpager2:viewpager2:1.0.0) with AarResourcesCompilerTransform
Transforming fragment-ktx-1.3.6.aar (androidx.fragment:fragment-ktx:1.3.6) with ExtractAarTransform
Transforming fragment-ktx-1.3.6.aar (androidx.fragment:fragment-ktx:1.3.6) with AarResourcesCompilerTransform
Transforming fragment-1.3.6.aar (androidx.fragment:fragment:1.3.6) with ExtractAarTransform
Transforming fragment-1.3.6.aar (androidx.fragment:fragment:1.3.6) with AarResourcesCompilerTransform
Transforming fragment-1.3.6.aar (androidx.fragment:fragment:1.3.6) with ExtractAarTransform
Transforming fragment-1.3.6.aar (androidx.fragment:fragment:1.3.6) with AarResourcesCompilerTransform
Transforming activity-ktx-1.8.0.aar (androidx.activity:activity-ktx:1.8.0) with ExtractAarTransform
Transforming activity-ktx-1.8.0.aar (androidx.activity:activity-ktx:1.8.0) with AarResourcesCompilerTransform
Transforming activity-1.8.0.aar (androidx.activity:activity:1.8.0) with ExtractAarTransform
Transforming activity-1.8.0.aar (androidx.activity:activity:1.8.0) with AarResourcesCompilerTransform
Transforming drawerlayout-1.1.1.aar (androidx.drawerlayout:drawerlayout:1.1.1) with ExtractAarTransform
Transforming drawerlayout-1.1.1.aar (androidx.drawerlayout:drawerlayout:1.1.1) with AarResourcesCompilerTransform
Transforming coordinatorlayout-1.1.0.aar (androidx.coordinatorlayout:coordinatorlayout:1.1.0) with ExtractAarTransform
Transforming coordinatorlayout-1.1.0.aar (androidx.coordinatorlayout:coordinatorlayout:1.1.0) with AarResourcesCompilerTransform
Transforming vectordrawable-animated-1.1.0.aar (androidx.vectordrawable:vectordrawable-animated:1.1.0) with ExtractAarTransform
Transforming vectordrawable-animated-1.1.0.aar (androidx.vectordrawable:vectordrawable-animated:1.1.0) with AarResourcesCompilerTransform
Transforming vectordrawable-1.1.0.aar (androidx.vectordrawable:vectordrawable:1.1.0) with ExtractAarTransform
Transforming vectordrawable-1.1.0.aar (androidx.vectordrawable:vectordrawable:1.1.0) with AarResourcesCompilerTransform
Transforming vectordrawable-1.1.0.aar (androidx.vectordrawable:vectordrawable:1.1.0) with ExtractAarTransform
Transforming vectordrawable-1.1.0.aar (androidx.vectordrawable:vectordrawable:1.1.0) with AarResourcesCompilerTransform
Transforming slidingpanelayout-1.2.0.aar (androidx.slidingpanelayout:slidingpanelayout:1.2.0) with ExtractAarTransform
Transforming slidingpanelayout-1.2.0.aar (androidx.slidingpanelayout:slidingpanelayout:1.2.0) with AarResourcesCompilerTransform
Transforming loader-1.0.0.aar (androidx.loader:loader:1.0.0) with ExtractAarTransform
Transforming loader-1.0.0.aar (androidx.loader:loader:1.0.0) with AarResourcesCompilerTransform
Transforming loader-1.0.0.aar (androidx.loader:loader:1.0.0) with ExtractAarTransform
Transforming loader-1.0.0.aar (androidx.loader:loader:1.0.0) with AarResourcesCompilerTransform
Transforming savedstate-ktx-1.2.1.aar (androidx.savedstate:savedstate-ktx:1.2.1) with ExtractAarTransform
Transforming savedstate-ktx-1.2.1.aar (androidx.savedstate:savedstate-ktx:1.2.1) with AarResourcesCompilerTransform
Transforming savedstate-1.2.1.aar (androidx.savedstate:savedstate:1.2.1) with ExtractAarTransform
Transforming savedstate-1.2.1.aar (androidx.savedstate:savedstate:1.2.1) with AarResourcesCompilerTransform
Transforming lifecycle-runtime-ktx-2.6.1.aar (androidx.lifecycle:lifecycle-runtime-ktx:2.6.1) with ExtractAarTransform
Transforming lifecycle-runtime-ktx-2.6.1.aar (androidx.lifecycle:lifecycle-runtime-ktx:2.6.1) with AarResourcesCompilerTransform
Transforming lifecycle-viewmodel-ktx-2.6.1.aar (androidx.lifecycle:lifecycle-viewmodel-ktx:2.6.1) with ExtractAarTransform
Transforming lifecycle-viewmodel-ktx-2.6.1.aar (androidx.lifecycle:lifecycle-viewmodel-ktx:2.6.1) with AarResourcesCompilerTransform
Transforming lifecycle-process-2.6.1.aar (androidx.lifecycle:lifecycle-process:2.6.1) with ExtractAarTransform
Transforming lifecycle-process-2.6.1.aar (androidx.lifecycle:lifecycle-process:2.6.1) with AarResourcesCompilerTransform
Transforming lifecycle-livedata-core-ktx-2.6.1.aar (androidx.lifecycle:lifecycle-livedata-core-ktx:2.6.1) with ExtractAarTransform
Transforming lifecycle-livedata-core-ktx-2.6.1.aar (androidx.lifecycle:lifecycle-livedata-core-ktx:2.6.1) with AarResourcesCompilerTransform
Transforming lifecycle-livedata-core-2.6.1.aar (androidx.lifecycle:lifecycle-livedata-core:2.6.1) with ExtractAarTransform
Transforming lifecycle-livedata-core-2.6.1.aar (androidx.lifecycle:lifecycle-livedata-core:2.6.1) with AarResourcesCompilerTransform
Transforming lifecycle-livedata-2.6.1.aar (androidx.lifecycle:lifecycle-livedata:2.6.1) with ExtractAarTransform
Transforming lifecycle-livedata-2.6.1.aar (androidx.lifecycle:lifecycle-livedata:2.6.1) with AarResourcesCompilerTransform
Transforming lifecycle-viewmodel-2.6.1.aar (androidx.lifecycle:lifecycle-viewmodel:2.6.1) with ExtractAarTransform
Transforming lifecycle-viewmodel-2.6.1.aar (androidx.lifecycle:lifecycle-viewmodel:2.6.1) with AarResourcesCompilerTransform
Transforming lifecycle-viewmodel-2.6.1.aar (androidx.lifecycle:lifecycle-viewmodel:2.6.1) with ExtractAarTransform
Transforming lifecycle-viewmodel-2.6.1.aar (androidx.lifecycle:lifecycle-viewmodel:2.6.1) with AarResourcesCompilerTransform
Transforming lifecycle-runtime-2.6.1.aar (androidx.lifecycle:lifecycle-runtime:2.6.1) with ExtractAarTransform
Transforming lifecycle-runtime-2.6.1.aar (androidx.lifecycle:lifecycle-runtime:2.6.1) with AarResourcesCompilerTransform
Transforming lifecycle-viewmodel-savedstate-2.6.1.aar (androidx.lifecycle:lifecycle-viewmodel-savedstate:2.6.1) with ExtractAarTransform
Transforming lifecycle-viewmodel-savedstate-2.6.1.aar (androidx.lifecycle:lifecycle-viewmodel-savedstate:2.6.1) with AarResourcesCompilerTransform
Transforming core-ktx-1.9.0.aar (androidx.core:core-ktx:1.9.0) with ExtractAarTransform
Transforming core-ktx-1.9.0.aar (androidx.core:core-ktx:1.9.0) with AarResourcesCompilerTransform
Transforming viewpager-1.0.0.aar (androidx.viewpager:viewpager:1.0.0) with ExtractAarTransform
Transforming viewpager-1.0.0.aar (androidx.viewpager:viewpager:1.0.0) with AarResourcesCompilerTransform
Transforming recyclerview-1.1.0.aar (androidx.recyclerview:recyclerview:1.1.0) with ExtractAarTransform
Transforming recyclerview-1.1.0.aar (androidx.recyclerview:recyclerview:1.1.0) with AarResourcesCompilerTransform
Transforming recyclerview-1.1.0.aar (androidx.recyclerview:recyclerview:1.1.0) with ExtractAarTransform
Transforming recyclerview-1.1.0.aar (androidx.recyclerview:recyclerview:1.1.0) with AarResourcesCompilerTransform
Transforming customview-1.1.0.aar (androidx.customview:customview:1.1.0) with ExtractAarTransform
Transforming customview-1.1.0.aar (androidx.customview:customview:1.1.0) with AarResourcesCompilerTransform
Transforming customview-1.1.0.aar (androidx.customview:customview:1.1.0) with ExtractAarTransform
Transforming customview-1.1.0.aar (androidx.customview:customview:1.1.0) with AarResourcesCompilerTransform
Transforming transition-1.4.1.aar (androidx.transition:transition:1.4.1) with ExtractAarTransform
Transforming transition-1.4.1.aar (androidx.transition:transition:1.4.1) with AarResourcesCompilerTransform
Transforming window-1.0.0.aar (androidx.window:window:1.0.0) with ExtractAarTransform
Transforming window-1.0.0.aar (androidx.window:window:1.0.0) with AarResourcesCompilerTransform
Transforming core-1.9.0.aar (androidx.core:core:1.9.0) with ExtractAarTransform
Transforming core-1.9.0.aar (androidx.core:core:1.9.0) with AarResourcesCompilerTransform
Transforming core-1.9.0.aar (androidx.core:core:1.9.0) with ExtractAarTransform
Transforming core-1.9.0.aar (androidx.core:core:1.9.0) with AarResourcesCompilerTransform
Transforming cursoradapter-1.0.0.aar (androidx.cursoradapter:cursoradapter:1.0.0) with ExtractAarTransform
Transforming cursoradapter-1.0.0.aar (androidx.cursoradapter:cursoradapter:1.0.0) with AarResourcesCompilerTransform
Transforming cardview-1.0.0.aar (androidx.cardview:cardview:1.0.0) with ExtractAarTransform
Transforming cardview-1.0.0.aar (androidx.cardview:cardview:1.0.0) with AarResourcesCompilerTransform
Transforming versionedparcelable-1.1.1.aar (androidx.versionedparcelable:versionedparcelable:1.1.1) with ExtractAarTransform
Transforming versionedparcelable-1.1.1.aar (androidx.versionedparcelable:versionedparcelable:1.1.1) with AarResourcesCompilerTransform
Transforming profileinstaller-1.3.0.aar (androidx.profileinstaller:profileinstaller:1.3.0) with ExtractAarTransform
Transforming profileinstaller-1.3.0.aar (androidx.profileinstaller:profileinstaller:1.3.0) with AarResourcesCompilerTransform
Transforming startup-runtime-1.1.1.aar (androidx.startup:startup-runtime:1.1.1) with ExtractAarTransform
Transforming startup-runtime-1.1.1.aar (androidx.startup:startup-runtime:1.1.1) with AarResourcesCompilerTransform
Transforming tracing-1.0.0.aar (androidx.tracing:tracing:1.0.0) with ExtractAarTransform
Transforming tracing-1.0.0.aar (androidx.tracing:tracing:1.0.0) with AarResourcesCompilerTransform
Transforming interpolator-1.0.0.aar (androidx.interpolator:interpolator:1.0.0) with ExtractAarTransform
Transforming interpolator-1.0.0.aar (androidx.interpolator:interpolator:1.0.0) with AarResourcesCompilerTransform
Transforming core-runtime-2.2.0.aar (androidx.arch.core:core-runtime:2.2.0) with ExtractAarTransform
Transforming core-runtime-2.2.0.aar (androidx.arch.core:core-runtime:2.2.0) with AarResourcesCompilerTransform
Transforming localbroadcastmanager-1.0.0.aar (androidx.localbroadcastmanager:localbroadcastmanager:1.0.0) with ExtractAarTransform
Transforming localbroadcastmanager-1.0.0.aar (androidx.localbroadcastmanager:localbroadcastmanager:1.0.0) with AarResourcesCompilerTransform
Transforming print-1.0.0.aar (androidx.print:print:1.0.0) with ExtractAarTransform
Transforming print-1.0.0.aar (androidx.print:print:1.0.0) with AarResourcesCompilerTransform
Transforming annotation-experimental-1.3.0.aar (androidx.annotation:annotation-experimental:1.3.0) with ExtractAarTransform
Transforming annotation-experimental-1.3.0.aar (androidx.annotation:annotation-experimental:1.3.0) with AarResourcesCompilerTransform
Build cache key for task ':app:processReleaseResources' is ddb4dc6cd134b0e0caeff92cca9714d2
Task ':app:processReleaseResources' is not up-to-date because:
  No history is available.
The input changes require a full rebuild for incremental task ':app:processReleaseResources'.
Aapt output file /home/runner/work/NearChuckle-android-wip-edition/NearChuckle-android-wip-edition/android/app/build/intermediates/linked_resources_binary_format/release/processReleaseResources/linked-resources-binary-format-release.ap_
Stored cache entry for task ':app:processReleaseResources' with cache key ddb4dc6cd134b0e0caeff92cca9714d2
Resolve mutations for :app:compileReleaseJavaWithJavac (Thread[Execution worker Thread 3,5,main]) started.
:app:compileReleaseJavaWithJavac (Thread[Execution worker Thread 3,5,main]) started.

> Task :app:mergeReleaseJavaResource
Transforming viewbinding-8.6.0.aar (androidx.databinding:viewbinding:8.6.0) with ExtractAarTransform
Transforming viewbinding-8.6.0.aar (androidx.databinding:viewbinding:8.6.0) with AarTransform
Transforming material-1.11.0.aar (com.google.android.material:material:1.11.0) with ExtractAarTransform
Transforming material-1.11.0.aar (com.google.android.material:material:1.11.0) with AarTransform
Transforming constraintlayout-2.1.4.aar (androidx.constraintlayout:constraintlayout:2.1.4) with ExtractAarTransform
Transforming constraintlayout-2.1.4.aar (androidx.constraintlayout:constraintlayout:2.1.4) with AarTransform
Transforming preference-1.2.1.aar (androidx.preference:preference:1.2.1) with ExtractAarTransform
Transforming preference-1.2.1.aar (androidx.preference:preference:1.2.1) with AarTransform
Transforming appcompat-resources-1.6.1.aar (androidx.appcompat:appcompat-resources:1.6.1) with ExtractAarTransform
Transforming appcompat-resources-1.6.1.aar (androidx.appcompat:appcompat-resources:1.6.1) with AarTransform
Transforming appcompat-1.6.1.aar (androidx.appcompat:appcompat:1.6.1) with ExtractAarTransform
Transforming appcompat-1.6.1.aar (androidx.appcompat:appcompat:1.6.1) with AarTransform
Transforming dynamicanimation-1.0.0.aar (androidx.dynamicanimation:dynamicanimation:1.0.0) with ExtractAarTransform
Transforming dynamicanimation-1.0.0.aar (androidx.dynamicanimation:dynamicanimation:1.0.0) with AarTransform
Transforming legacy-support-core-utils-1.0.0.aar (androidx.legacy:legacy-support-core-utils:1.0.0) with ExtractAarTransform
Transforming legacy-support-core-utils-1.0.0.aar (androidx.legacy:legacy-support-core-utils:1.0.0) with AarTransform
Transforming documentfile-1.0.1.aar (androidx.documentfile:documentfile:1.0.1) with ExtractAarTransform
Transforming documentfile-1.0.1.aar (androidx.documentfile:documentfile:1.0.1) with AarTransform
Transforming documentfile-1.0.1.aar (androidx.documentfile:documentfile:1.0.1) with ExtractAarTransform
Transforming documentfile-1.0.1.aar (androidx.documentfile:documentfile:1.0.1) with AarTransform
Transforming emoji2-views-helper-1.2.0.aar (androidx.emoji2:emoji2-views-helper:1.2.0) with ExtractAarTransform
Transforming emoji2-views-helper-1.2.0.aar (androidx.emoji2:emoji2-views-helper:1.2.0) with AarTransform
Transforming emoji2-1.2.0.aar (androidx.emoji2:emoji2:1.2.0) with ExtractAarTransform
Transforming emoji2-1.2.0.aar (androidx.emoji2:emoji2:1.2.0) with AarTransform
Transforming viewpager2-1.0.0.aar (androidx.viewpager2:viewpager2:1.0.0) with ExtractAarTransform
Transforming viewpager2-1.0.0.aar (androidx.viewpager2:viewpager2:1.0.0) with AarTransform
Transforming fragment-ktx-1.3.6.aar (androidx.fragment:fragment-ktx:1.3.6) with ExtractAarTransform
Transforming fragment-ktx-1.3.6.aar (androidx.fragment:fragment-ktx:1.3.6) with AarTransform
Transforming fragment-1.3.6.aar (androidx.fragment:fragment:1.3.6) with ExtractAarTransform
Transforming fragment-1.3.6.aar (androidx.fragment:fragment:1.3.6) with AarTransform
Transforming fragment-1.3.6.aar (androidx.fragment:fragment:1.3.6) with ExtractAarTransform
Transforming fragment-1.3.6.aar (androidx.fragment:fragment:1.3.6) with AarTransform
Transforming activity-ktx-1.8.0.aar (androidx.activity:activity-ktx:1.8.0) with ExtractAarTransform
Transforming activity-ktx-1.8.0.aar (androidx.activity:activity-ktx:1.8.0) with AarTransform
Transforming activity-1.8.0.aar (androidx.activity:activity:1.8.0) with ExtractAarTransform
Transforming activity-1.8.0.aar (androidx.activity:activity:1.8.0) with AarTransform
Transforming drawerlayout-1.1.1.aar (androidx.drawerlayout:drawerlayout:1.1.1) with ExtractAarTransform
Transforming drawerlayout-1.1.1.aar (androidx.drawerlayout:drawerlayout:1.1.1) with AarTransform
Transforming coordinatorlayout-1.1.0.aar (androidx.coordinatorlayout:coordinatorlayout:1.1.0) with ExtractAarTransform
Transforming coordinatorlayout-1.1.0.aar (androidx.coordinatorlayout:coordinatorlayout:1.1.0) with AarTransform
Transforming vectordrawable-animated-1.1.0.aar (androidx.vectordrawable:vectordrawable-animated:1.1.0) with ExtractAarTransform
Transforming vectordrawable-animated-1.1.0.aar (androidx.vectordrawable:vectordrawable-animated:1.1.0) with AarTransform
Transforming vectordrawable-1.1.0.aar (androidx.vectordrawable:vectordrawable:1.1.0) with ExtractAarTransform
Transforming vectordrawable-1.1.0.aar (androidx.vectordrawable:vectordrawable:1.1.0) with AarTransform
Transforming vectordrawable-1.1.0.aar (androidx.vectordrawable:vectordrawable:1.1.0) with ExtractAarTransform
Transforming vectordrawable-1.1.0.aar (androidx.vectordrawable:vectordrawable:1.1.0) with AarTransform
Transforming slidingpanelayout-1.2.0.aar (androidx.slidingpanelayout:slidingpanelayout:1.2.0) with ExtractAarTransform
Transforming slidingpanelayout-1.2.0.aar (androidx.slidingpanelayout:slidingpanelayout:1.2.0) with AarTransform
Transforming loader-1.0.0.aar (androidx.loader:loader:1.0.0) with ExtractAarTransform
Transforming loader-1.0.0.aar (androidx.loader:loader:1.0.0) with AarTransform
Transforming loader-1.0.0.aar (androidx.loader:loader:1.0.0) with ExtractAarTransform
Transforming loader-1.0.0.aar (androidx.loader:loader:1.0.0) with AarTransform
Transforming savedstate-ktx-1.2.1.aar (androidx.savedstate:savedstate-ktx:1.2.1) with ExtractAarTransform
Transforming savedstate-ktx-1.2.1.aar (androidx.savedstate:savedstate-ktx:1.2.1) with AarTransform
Transforming savedstate-1.2.1.aar (androidx.savedstate:savedstate:1.2.1) with ExtractAarTransform
Transforming savedstate-1.2.1.aar (androidx.savedstate:savedstate:1.2.1) with AarTransform
Transforming lifecycle-runtime-ktx-2.6.1.aar (androidx.lifecycle:lifecycle-runtime-ktx:2.6.1) with ExtractAarTransform
Transforming lifecycle-runtime-ktx-2.6.1.aar (androidx.lifecycle:lifecycle-runtime-ktx:2.6.1) with AarTransform
Transforming lifecycle-viewmodel-ktx-2.6.1.aar (androidx.lifecycle:lifecycle-viewmodel-ktx:2.6.1) with ExtractAarTransform
Transforming lifecycle-viewmodel-ktx-2.6.1.aar (androidx.lifecycle:lifecycle-viewmodel-ktx:2.6.1) with AarTransform
Transforming lifecycle-process-2.6.1.aar (androidx.lifecycle:lifecycle-process:2.6.1) with ExtractAarTransform
Transforming lifecycle-process-2.6.1.aar (androidx.lifecycle:lifecycle-process:2.6.1) with AarTransform
Transforming lifecycle-livedata-core-ktx-2.6.1.aar (androidx.lifecycle:lifecycle-livedata-core-ktx:2.6.1) with ExtractAarTransform
Transforming lifecycle-livedata-core-ktx-2.6.1.aar (androidx.lifecycle:lifecycle-livedata-core-ktx:2.6.1) with AarTransform
Transforming lifecycle-livedata-core-2.6.1.aar (androidx.lifecycle:lifecycle-livedata-core:2.6.1) with ExtractAarTransform
Transforming lifecycle-livedata-core-2.6.1.aar (androidx.lifecycle:lifecycle-livedata-core:2.6.1) with AarTransform
Transforming lifecycle-livedata-2.6.1.aar (androidx.lifecycle:lifecycle-livedata:2.6.1) with ExtractAarTransform
Transforming lifecycle-livedata-2.6.1.aar (androidx.lifecycle:lifecycle-livedata:2.6.1) with AarTransform
Transforming lifecycle-common-2.6.1.jar (androidx.lifecycle:lifecycle-common:2.6.1) with IdentityTransform
Transforming lifecycle-viewmodel-2.6.1.aar (androidx.lifecycle:lifecycle-viewmodel:2.6.1) with ExtractAarTransform
Transforming lifecycle-viewmodel-2.6.1.aar (androidx.lifecycle:lifecycle-viewmodel:2.6.1) with AarTransform
Transforming lifecycle-viewmodel-2.6.1.aar (androidx.lifecycle:lifecycle-viewmodel:2.6.1) with ExtractAarTransform
Transforming lifecycle-viewmodel-2.6.1.aar (androidx.lifecycle:lifecycle-viewmodel:2.6.1) with AarTransform
Transforming lifecycle-runtime-2.6.1.aar (androidx.lifecycle:lifecycle-runtime:2.6.1) with ExtractAarTransform
Transforming lifecycle-runtime-2.6.1.aar (androidx.lifecycle:lifecycle-runtime:2.6.1) with AarTransform
Transforming lifecycle-viewmodel-savedstate-2.6.1.aar (androidx.lifecycle:lifecycle-viewmodel-savedstate:2.6.1) with ExtractAarTransform
Transforming lifecycle-viewmodel-savedstate-2.6.1.aar (androidx.lifecycle:lifecycle-viewmodel-savedstate:2.6.1) with AarTransform
Transforming core-ktx-1.9.0.aar (androidx.core:core-ktx:1.9.0) with ExtractAarTransform
Transforming core-ktx-1.9.0.aar (androidx.core:core-ktx:1.9.0) with AarTransform
Transforming viewpager-1.0.0.aar (androidx.viewpager:viewpager:1.0.0) with ExtractAarTransform
Transforming viewpager-1.0.0.aar (androidx.viewpager:viewpager:1.0.0) with AarTransform
Transforming recyclerview-1.1.0.aar (androidx.recyclerview:recyclerview:1.1.0) with ExtractAarTransform
Transforming recyclerview-1.1.0.aar (androidx.recyclerview:recyclerview:1.1.0) with AarTransform
Transforming recyclerview-1.1.0.aar (androidx.recyclerview:recyclerview:1.1.0) with ExtractAarTransform
Transforming recyclerview-1.1.0.aar (androidx.recyclerview:recyclerview:1.1.0) with AarTransform
Transforming customview-1.1.0.aar (androidx.customview:customview:1.1.0) with ExtractAarTransform
Transforming customview-1.1.0.aar (androidx.customview:customview:1.1.0) with AarTransform
Transforming customview-1.1.0.aar (androidx.customview:customview:1.1.0) with ExtractAarTransform
Transforming customview-1.1.0.aar (androidx.customview:customview:1.1.0) with AarTransform
Transforming customview-1.1.0.aar (androidx.customview:customview:1.1.0) with ExtractAarTransform
Transforming customview-1.1.0.aar (androidx.customview:customview:1.1.0) with AarTransform
Transforming customview-1.1.0.aar (androidx.customview:customview:1.1.0) with ExtractAarTransform
Transforming customview-1.1.0.aar (androidx.customview:customview:1.1.0) with AarTransform
Transforming customview-1.1.0.aar (androidx.customview:customview:1.1.0) with ExtractAarTransform
Transforming customview-1.1.0.aar (androidx.customview:customview:1.1.0) with AarTransform
Transforming transition-1.4.1.aar (androidx.transition:transition:1.4.1) with ExtractAarTransform
Transforming transition-1.4.1.aar (androidx.transition:transition:1.4.1) with AarTransform
Transforming window-1.0.0.aar (androidx.window:window:1.0.0) with ExtractAarTransform
Transforming window-1.0.0.aar (androidx.window:window:1.0.0) with AarTransform
Transforming core-1.9.0.aar (androidx.core:core:1.9.0) with ExtractAarTransform
Transforming core-1.9.0.aar (androidx.core:core:1.9.0) with AarTransform
Transforming core-1.9.0.aar (androidx.core:core:1.9.0) with ExtractAarTransform
Transforming core-1.9.0.aar (androidx.core:core:1.9.0) with AarTransform
Transforming core-1.9.0.aar (androidx.core:core:1.9.0) with ExtractAarTransform
Transforming core-1.9.0.aar (androidx.core:core:1.9.0) with AarTransform
Transforming core-1.9.0.aar (androidx.core:core:1.9.0) with ExtractAarTransform
Transforming core-1.9.0.aar (androidx.core:core:1.9.0) with AarTransform
Transforming core-1.9.0.aar (androidx.core:core:1.9.0) with ExtractAarTransform
Transforming core-1.9.0.aar (androidx.core:core:1.9.0) with AarTransform
Transforming core-1.9.0.aar (androidx.core:core:1.9.0) with ExtractAarTransform
Transforming core-1.9.0.aar (androidx.core:core:1.9.0) with AarTransform
Transforming core-1.9.0.aar (androidx.core:core:1.9.0) with ExtractAarTransform
Transforming core-1.9.0.aar (androidx.core:core:1.9.0) with AarTransform
Transforming core-1.9.0.aar (androidx.core:core:1.9.0) with ExtractAarTransform
Transforming core-1.9.0.aar (androidx.core:core:1.9.0) with AarTransform
Transforming core-1.9.0.aar (androidx.core:core:1.9.0) with ExtractAarTransform
Transforming core-1.9.0.aar (androidx.core:core:1.9.0) with AarTransform
Transforming core-1.9.0.aar (androidx.core:core:1.9.0) with ExtractAarTransform
Transforming core-1.9.0.aar (androidx.core:core:1.9.0) with AarTransform
Transforming core-1.9.0.aar (androidx.core:core:1.9.0) with ExtractAarTransform
Transforming core-1.9.0.aar (androidx.core:core:1.9.0) with AarTransform
Transforming cursoradapter-1.0.0.aar (androidx.cursoradapter:cursoradapter:1.0.0) with ExtractAarTransform
Transforming cursoradapter-1.0.0.aar (androidx.cursoradapter:cursoradapter:1.0.0) with AarTransform
Transforming resourceinspection-annotation-1.0.1.jar (androidx.resourceinspection:resourceinspection-annotation:1.0.1) with IdentityTransform
Transforming cardview-1.0.0.aar (androidx.cardview:cardview:1.0.0) with ExtractAarTransform
Transforming cardview-1.0.0.aar (androidx.cardview:cardview:1.0.0) with AarTransform
Transforming versionedparcelable-1.1.1.aar (androidx.versionedparcelable:versionedparcelable:1.1.1) with ExtractAarTransform
Transforming versionedparcelable-1.1.1.aar (androidx.versionedparcelable:versionedparcelable:1.1.1) with AarTransform
Transforming collection-ktx-1.1.0.jar (androidx.collection:collection-ktx:1.1.0) with IdentityTransform
Transforming collection-1.1.0.jar (androidx.collection:collection:1.1.0) with IdentityTransform
Transforming profileinstaller-1.3.0.aar (androidx.profileinstaller:profileinstaller:1.3.0) with ExtractAarTransform
Transforming profileinstaller-1.3.0.aar (androidx.profileinstaller:profileinstaller:1.3.0) with AarTransform
Transforming startup-runtime-1.1.1.aar (androidx.startup:startup-runtime:1.1.1) with ExtractAarTransform
Transforming startup-runtime-1.1.1.aar (androidx.startup:startup-runtime:1.1.1) with AarTransform
Transforming tracing-1.0.0.aar (androidx.tracing:tracing:1.0.0) with ExtractAarTransform
Transforming tracing-1.0.0.aar (androidx.tracing:tracing:1.0.0) with AarTransform
Transforming interpolator-1.0.0.aar (androidx.interpolator:interpolator:1.0.0) with ExtractAarTransform
Transforming interpolator-1.0.0.aar (androidx.interpolator:interpolator:1.0.0) with AarTransform
Transforming core-runtime-2.2.0.aar (androidx.arch.core:core-runtime:2.2.0) with ExtractAarTransform
Transforming core-runtime-2.2.0.aar (androidx.arch.core:core-runtime:2.2.0) with AarTransform
Transforming core-common-2.2.0.jar (androidx.arch.core:core-common:2.2.0) with IdentityTransform
Transforming concurrent-futures-1.1.0.jar (androidx.concurrent:concurrent-futures:1.1.0) with IdentityTransform
Transforming localbroadcastmanager-1.0.0.aar (androidx.localbroadcastmanager:localbroadcastmanager:1.0.0) with ExtractAarTransform
Transforming localbroadcastmanager-1.0.0.aar (androidx.localbroadcastmanager:localbroadcastmanager:1.0.0) with AarTransform
Transforming print-1.0.0.aar (androidx.print:print:1.0.0) with ExtractAarTransform
Transforming print-1.0.0.aar (androidx.print:print:1.0.0) with AarTransform
Transforming annotation-1.3.0.jar (androidx.annotation:annotation:1.3.0) with IdentityTransform
Transforming annotation-experimental-1.3.0.aar (androidx.annotation:annotation-experimental:1.3.0) with ExtractAarTransform
Transforming annotation-experimental-1.3.0.aar (androidx.annotation:annotation-experimental:1.3.0) with AarTransform
Transforming kotlinx-coroutines-core-jvm-1.6.4.jar (org.jetbrains.kotlinx:kotlinx-coroutines-core-jvm:1.6.4) with IdentityTransform
Transforming kotlinx-coroutines-android-1.6.4.jar (org.jetbrains.kotlinx:kotlinx-coroutines-android:1.6.4) with IdentityTransform
Transforming kotlin-stdlib-jdk8-1.8.22.jar (org.jetbrains.kotlin:kotlin-stdlib-jdk8:1.8.22) with IdentityTransform
Transforming kotlin-stdlib-jdk7-1.8.22.jar (org.jetbrains.kotlin:kotlin-stdlib-jdk7:1.8.22) with IdentityTransform
Transforming kotlin-stdlib-1.8.22.jar (org.jetbrains.kotlin:kotlin-stdlib:1.8.22) with IdentityTransform
Transforming error_prone_annotations-2.15.0.jar (com.google.errorprone:error_prone_annotations:2.15.0) with IdentityTransform
Transforming constraintlayout-core-1.0.4.jar (androidx.constraintlayout:constraintlayout-core:1.0.4) with IdentityTransform
Transforming kotlin-stdlib-common-1.8.22.jar (org.jetbrains.kotlin:kotlin-stdlib-common:1.8.22) with IdentityTransform
Transforming annotations-13.0.jar (org.jetbrains:annotations:13.0) with IdentityTransform
Transforming listenablefuture-1.0.jar (com.google.guava:listenablefuture:1.0) with IdentityTransform
Caching disabled for task ':app:mergeReleaseJavaResource' because:
  Caching has been disabled for the task
Task ':app:mergeReleaseJavaResource' is not up-to-date because:
  No history is available.
The input changes require a full rebuild for incremental task ':app:mergeReleaseJavaResource'.

> Task :app:mergeExtDexRelease
Merging to '/home/runner/work/NearChuckle-android-wip-edition/NearChuckle-android-wip-edition/android/app/build/intermediates/external_libs_dex/release/mergeExtDexRelease' with D8 from all or a subset of dex files in /home/runner/.gradle/caches/transforms-4/d426925768025693a47c005e0957f1a8/transformed/viewbinding-8.6.0-runtime/viewbinding-8.6.0-runtime_dex, /home/runner/.gradle/caches/transforms-4/d5428990c8c0becb2f8520ff30c0abd2/transformed/material-1.11.0-runtime/material-1.11.0-runtime_dex, /home/runner/.gradle/caches/transforms-4/1116e11671c37306ac7194842cc866bd/transformed/constraintlayout-2.1.4-runtime/constraintlayout-2.1.4-runtime_dex, /home/runner/.gradle/caches/transforms-4/6c63c46b709d617aee9183796bfef266/transformed/preference-1.2.1-runtime/preference-1.2.1-runtime_dex, /home/runner/.gradle/caches/transforms-4/e061526fc691b5dec8ca88094f8b43bf/transformed/appcompat-resources-1.6.1-runtime/appcompat-resources-1.6.1-runtime_dex, /home/runner/.gradle/caches/transforms-4/dd562a0d0218af4ed6aa6adc02d82d0e/transformed/appcompat-1.6.1-runtime/appcompat-1.6.1-runtime_dex, /home/runner/.gradle/caches/transforms-4/62f7b23d2369462c277b53355acc40d9/transformed/dynamicanimation-1.0.0-runtime/dynamicanimation-1.0.0-runtime_dex, /home/runner/.gradle/caches/transforms-4/5d9556a2d446ff379d5e4e47ce829579/transformed/legacy-support-core-utils-1.0.0-runtime/legacy-support-core-utils-1.0.0-runtime_dex, /home/runner/.gradle/caches/transforms-4/edef36a1656b3f76131f7fbbf63b1238/transformed/documentfile-1.0.1-runtime/documentfile-1.0.1-runtime_dex, /home/runner/.gradle/caches/transforms-4/a789c245f569af326e7bb9280b251e13/transformed/emoji2-views-helper-1.2.0-runtime/emoji2-views-helper-1.2.0-runtime_dex, /home/runner/.gradle/caches/transforms-4/6f84d26a07047b4928e22670d12b89ba/transformed/emoji2-1.2.0-runtime/emoji2-1.2.0-runtime_dex, /home/runner/.gradle/caches/transforms-4/bf4da03f1be4b553998ee261e8f8507a/transformed/viewpager2-1.0.0-runtime/viewpager2-1.0.0-runtime_dex, /home/runner/.gradle/caches/transforms-4/295788f86d6d89003a4419d609ebdb32/transformed/fragment-ktx-1.3.6-runtime/fragment-ktx-1.3.6-runtime_dex, /home/runner/.gradle/caches/transforms-4/6ae88f965e8ea6580f3e11540470e17e/transformed/fragment-1.3.6-runtime/fragment-1.3.6-runtime_dex, /home/runner/.gradle/caches/transforms-4/5ffe7167bf400320c309c15d3098b3b9/transformed/activity-ktx-1.8.0-runtime/activity-ktx-1.8.0-runtime_dex, /home/runner/.gradle/caches/transforms-4/d39adc7058c73f692582f1c6502e7536/transformed/activity-1.8.0-runtime/activity-1.8.0-runtime_dex, /home/runner/.gradle/caches/transforms-4/68211f624f25c9875c42c2941d490500/transformed/drawerlayout-1.1.1-runtime/drawerlayout-1.1.1-runtime_dex, /home/runner/.gradle/caches/transforms-4/80f48dd9c0e0691b5b0f503cc9952f62/transformed/coordinatorlayout-1.1.0-runtime/coordinatorlayout-1.1.0-runtime_dex, /home/runner/.gradle/caches/transforms-4/8e9263d17c1afc3e2fcca97fdc8080bb/transformed/vectordrawable-animated-1.1.0-runtime/vectordrawable-animated-1.1.0-runtime_dex, /home/runner/.gradle/caches/transforms-4/8e0c194ff783b72f2e3c15ea60ae3770/transformed/vectordrawable-1.1.0-runtime/vectordrawable-1.1.0-runtime_dex, /home/runner/.gradle/caches/transforms-4/0a201d97865776a50359e9bd910f6862/transformed/slidingpanelayout-1.2.0-runtime/slidingpanelayout-1.2.0-runtime_dex, /home/runner/.gradle/caches/transforms-4/5434434cd8eb5caa961779ba7f316510/transformed/loader-1.0.0-runtime/loader-1.0.0-runtime_dex, /home/runner/.gradle/caches/transforms-4/3de37fbf03c9f2f46dff7f6b26ef4815/transformed/savedstate-ktx-1.2.1-runtime/savedstate-ktx-1.2.1-runtime_dex, /home/runner/.gradle/caches/transforms-4/0962abf539bda38d02d5a7fc093ac964/transformed/savedstate-1.2.1-runtime/savedstate-1.2.1-runtime_dex, /home/runner/.gradle/caches/transforms-4/56118c37c3bb67ce321b8245a786181a/transformed/lifecycle-runtime-ktx-2.6.1-runtime/lifecycle-runtime-ktx-2.6.1-runtime_dex, /home/runner/.gradle/caches/transforms-4/1fe5106e2964af90b9f8e5cdaf0ea199/transformed/lifecycle-viewmodel-ktx-2.6.1-runtime/lifecycle-viewmodel-ktx-2.6.1-runtime_dex, /home/runner/.gradle/caches/transforms-4/160e63acfd3e4bcbd7be62638d5f8bb5/transformed/lifecycle-process-2.6.1-runtime/lifecycle-process-2.6.1-runtime_dex, /home/runner/.gradle/caches/transforms-4/f53adb3dacfe897a829265818a608458/transformed/lifecycle-livedata-core-ktx-2.6.1-runtime/lifecycle-livedata-core-ktx-2.6.1-runtime_dex, /home/runner/.gradle/caches/transforms-4/5a5b674195ca10a898927bf11c018d3d/transformed/lifecycle-livedata-core-2.6.1-runtime/lifecycle-livedata-core-2.6.1-runtime_dex, /home/runner/.gradle/caches/transforms-4/64eb0b53620e7ed90f7d8bba111ff467/transformed/lifecycle-livedata-2.6.1-runtime/lifecycle-livedata-2.6.1-runtime_dex, /home/runner/.gradle/caches/transforms-4/777260190af5349cf84937a0fcb7391b/transformed/lifecycle-common-2.6.1/lifecycle-common-2.6.1_dex, /home/runner/.gradle/caches/transforms-4/18a00328500ace02824b6efe86d2464e/transformed/lifecycle-viewmodel-2.6.1-runtime/lifecycle-viewmodel-2.6.1-runtime_dex, /home/runner/.gradle/caches/transforms-4/8e506a625c30f7e6f1b33e343b091ac5/transformed/lifecycle-runtime-2.6.1-runtime/lifecycle-runtime-2.6.1-runtime_dex, /home/runner/.gradle/caches/transforms-4/e34a7eda146e119c81538cf0955ff89a/transformed/lifecycle-viewmodel-savedstate-2.6.1-runtime/lifecycle-viewmodel-savedstate-2.6.1-runtime_dex, /home/runner/.gradle/caches/transforms-4/c44860a8258861f1d42a5d3221239476/transformed/core-ktx-1.9.0-runtime/core-ktx-1.9.0-runtime_dex, /home/runner/.gradle/caches/transforms-4/8217c24db5b6d66ae4e00753c7a30a7e/transformed/viewpager-1.0.0-runtime/viewpager-1.0.0-runtime_dex, /home/runner/.gradle/caches/transforms-4/a40fd6c3e4472b197fba2e359fd54005/transformed/recyclerview-1.1.0-runtime/recyclerview-1.1.0-runtime_dex, /home/runner/.gradle/caches/transforms-4/17215b0ceff733f2d95cb3a1d6db0d28/transformed/customview-1.1.0-runtime/customview-1.1.0-runtime_dex, /home/runner/.gradle/caches/transforms-4/057228e9781591df0b5480fd3de833e1/transformed/transition-1.4.1-runtime/transition-1.4.1-runtime_dex, /home/runner/.gradle/caches/transforms-4/30515da7f7f286bf69a61821fa36b4ef/transformed/window-1.0.0-runtime/window-1.0.0-runtime_dex, /home/runner/.gradle/caches/transforms-4/dc97dc9fd49491b542c1472a300f50cd/transformed/core-1.9.0-runtime/core-1.9.0-runtime_dex, /home/runner/.gradle/caches/transforms-4/efea09f368a02aacfd2d6442f88d3a31/transformed/cursoradapter-1.0.0-runtime/cursoradapter-1.0.0-runtime_dex, /home/runner/.gradle/caches/transforms-4/7d4d950086188cb741a5c5c7d4667cea/transformed/resourceinspection-annotation-1.0.1/resourceinspection-annotation-1.0.1_dex, /home/runner/.gradle/caches/transforms-4/825bf517cca4a661181df27608573fce/transformed/cardview-1.0.0-runtime/cardview-1.0.0-runtime_dex, /home/runner/.gradle/caches/transforms-4/927ec14c27c3af8aa1d90d2b7308ad4a/transformed/versionedparcelable-1.1.1-runtime/versionedparcelable-1.1.1-runtime_dex, /home/runner/.gradle/caches/transforms-4/a0df8bcf3fc14fcb133bfcf829d7d410/transformed/collection-ktx-1.1.0/collection-ktx-1.1.0_dex, /home/runner/.gradle/caches/transforms-4/5e18c4184c97fe91612ba770985703bc/transformed/collection-1.1.0/collection-1.1.0_dex, /home/runner/.gradle/caches/transforms-4/b53feebcca4bb8ada49bdc01850d3598/transformed/profileinstaller-1.3.0-runtime/profileinstaller-1.3.0-runtime_dex, /home/runner/.gradle/caches/transforms-4/9150e5f2cba0443b69c26ff44ecb4786/transformed/startup-runtime-1.1.1-runtime/startup-runtime-1.1.1-runtime_dex, /home/runner/.gradle/caches/transforms-4/dd6a3befd3d3eaffa72af759a783778b/transformed/tracing-1.0.0-runtime/tracing-1.0.0-runtime_dex, /home/runner/.gradle/caches/transforms-4/f6a767aaafa3726e16c2ab2884ccdd08/transformed/interpolator-1.0.0-runtime/interpolator-1.0.0-runtime_dex, /home/runner/.gradle/caches/transforms-4/6ddf8318c457de5895a224e7150ae584/transformed/core-runtime-2.2.0-runtime/core-runtime-2.2.0-runtime_dex, /home/runner/.gradle/caches/transforms-4/c898239e5dfd629446cb62a1af22f9e6/transformed/core-common-2.2.0/core-common-2.2.0_dex, /home/runner/.gradle/caches/transforms-4/ac7a9ad0a45d19f3f8260237e7bd0306/transformed/concurrent-futures-1.1.0/concurrent-futures-1.1.0_dex, /home/runner/.gradle/caches/transforms-4/3ec47fa1c9cc41bd978d4900aba56101/transformed/localbroadcastmanager-1.0.0-runtime/localbroadcastmanager-1.0.0-runtime_dex, /home/runner/.gradle/caches/transforms-4/d15331714f733cdd619091eb101f471e/transformed/print-1.0.0-runtime/print-1.0.0-runtime_dex, /home/runner/.gradle/caches/transforms-4/f527829b7a513872c950a61f907d4e96/transformed/annotation-1.3.0/annotation-1.3.0_dex, /home/runner/.gradle/caches/transforms-4/a99c8509e6ba3717e42fe821e059b183/transformed/annotation-experimental-1.3.0-runtime/annotation-experimental-1.3.0-runtime_dex, /home/runner/.gradle/caches/transforms-4/feea344d497819460eaf019c2528374d/transformed/kotlinx-coroutines-core-jvm-1.6.4/kotlinx-coroutines-core-jvm-1.6.4_dex, /home/runner/.gradle/caches/transforms-4/78cba99b2734cdcb1ebd661d54e05217/transformed/kotlinx-coroutines-android-1.6.4/kotlinx-coroutines-android-1.6.4_dex, /home/runner/.gradle/caches/transforms-4/acf500f7c5d72f1b29d2ba38be65f901/transformed/kotlin-stdlib-1.8.22/kotlin-stdlib-1.8.22_dex, /home/runner/.gradle/caches/transforms-4/a95607e5edd796b438f0477b1d8b8fff/transformed/error_prone_annotations-2.15.0/error_prone_annotations-2.15.0_dex, /home/runner/.gradle/caches/transforms-4/06573e56d54e24e2905f49653253508f/transformed/constraintlayout-core-1.0.4/constraintlayout-core-1.0.4_dex, /home/runner/.gradle/caches/transforms-4/ae2f223577ac09142a53161a3c2d3cbf/transformed/annotations-13.0/annotations-13.0_dex, /home/runner/.gradle/caches/transforms-4/ffb44b3c46b89989e3e259b5c4cae33d/transformed/listenablefuture-1.0/listenablefuture-1.0_dex, and from all global synthetics files in 

> Task :app:compileReleaseJavaWithJavac
Transforming viewbinding-8.6.0.aar (androidx.databinding:viewbinding:8.6.0) with AarToClassTransform
Transforming material-1.11.0.aar (com.google.android.material:material:1.11.0) with AarToClassTransform
Transforming preference-1.2.1.aar (androidx.preference:preference:1.2.1) with AarToClassTransform
Transforming appcompat-1.6.1.aar (androidx.appcompat:appcompat:1.6.1) with AarToClassTransform
Transforming constraintlayout-2.1.4.aar (androidx.constraintlayout:constraintlayout:2.1.4) with AarToClassTransform
Transforming dynamicanimation-1.0.0.aar (androidx.dynamicanimation:dynamicanimation:1.0.0) with AarToClassTransform
Transforming legacy-support-core-utils-1.0.0.aar (androidx.legacy:legacy-support-core-utils:1.0.0) with AarToClassTransform
Transforming documentfile-1.0.1.aar (androidx.documentfile:documentfile:1.0.1) with AarToClassTransform
Transforming documentfile-1.0.1.aar (androidx.documentfile:documentfile:1.0.1) with AarToClassTransform
Transforming viewpager2-1.0.0.aar (androidx.viewpager2:viewpager2:1.0.0) with AarToClassTransform
Transforming fragment-ktx-1.3.6.aar (androidx.fragment:fragment-ktx:1.3.6) with AarToClassTransform
Transforming fragment-1.3.6.aar (androidx.fragment:fragment:1.3.6) with AarToClassTransform
Transforming fragment-1.3.6.aar (androidx.fragment:fragment:1.3.6) with AarToClassTransform
Transforming activity-ktx-1.8.0.aar (androidx.activity:activity-ktx:1.8.0) with AarToClassTransform
Transforming activity-1.8.0.aar (androidx.activity:activity:1.8.0) with AarToClassTransform
Transforming appcompat-resources-1.6.1.aar (androidx.appcompat:appcompat-resources:1.6.1) with AarToClassTransform
Transforming drawerlayout-1.1.1.aar (androidx.drawerlayout:drawerlayout:1.1.1) with AarToClassTransform
Transforming coordinatorlayout-1.1.0.aar (androidx.coordinatorlayout:coordinatorlayout:1.1.0) with AarToClassTransform
Transforming recyclerview-1.1.0.aar (androidx.recyclerview:recyclerview:1.1.0) with AarToClassTransform
Transforming recyclerview-1.1.0.aar (androidx.recyclerview:recyclerview:1.1.0) with AarToClassTransform
Transforming transition-1.4.1.aar (androidx.transition:transition:1.4.1) with AarToClassTransform
Transforming vectordrawable-animated-1.1.0.aar (androidx.vectordrawable:vectordrawable-animated:1.1.0) with AarToClassTransform
Transforming vectordrawable-1.1.0.aar (androidx.vectordrawable:vectordrawable:1.1.0) with AarToClassTransform
Transforming vectordrawable-1.1.0.aar (androidx.vectordrawable:vectordrawable:1.1.0) with AarToClassTransform
Transforming slidingpanelayout-1.2.0.aar (androidx.slidingpanelayout:slidingpanelayout:1.2.0) with AarToClassTransform
Transforming viewpager-1.0.0.aar (androidx.viewpager:viewpager:1.0.0) with AarToClassTransform
Transforming customview-1.1.0.aar (androidx.customview:customview:1.1.0) with AarToClassTransform
Transforming customview-1.1.0.aar (androidx.customview:customview:1.1.0) with AarToClassTransform
Transforming loader-1.0.0.aar (androidx.loader:loader:1.0.0) with AarToClassTransform
Transforming loader-1.0.0.aar (androidx.loader:loader:1.0.0) with AarToClassTransform
Transforming lifecycle-livedata-2.6.1.aar (androidx.lifecycle:lifecycle-livedata:2.6.1) with AarToClassTransform
Transforming lifecycle-livedata-core-ktx-2.6.1.aar (androidx.lifecycle:lifecycle-livedata-core-ktx:2.6.1) with AarToClassTransform
Transforming lifecycle-viewmodel-ktx-2.6.1.aar (androidx.lifecycle:lifecycle-viewmodel-ktx:2.6.1) with AarToClassTransform
Transforming lifecycle-runtime-ktx-2.6.1.aar (androidx.lifecycle:lifecycle-runtime-ktx:2.6.1) with AarToClassTransform
Transforming lifecycle-common-2.6.1.jar (androidx.lifecycle:lifecycle-common:2.6.1) with IdentityTransform
Transforming lifecycle-livedata-core-2.6.1.aar (androidx.lifecycle:lifecycle-livedata-core:2.6.1) with AarToClassTransform
Transforming lifecycle-viewmodel-2.6.1.aar (androidx.lifecycle:lifecycle-viewmodel:2.6.1) with AarToClassTransform
Transforming lifecycle-viewmodel-2.6.1.aar (androidx.lifecycle:lifecycle-viewmodel:2.6.1) with AarToClassTransform
Transforming lifecycle-runtime-2.6.1.aar (androidx.lifecycle:lifecycle-runtime:2.6.1) with AarToClassTransform
Transforming lifecycle-viewmodel-savedstate-2.6.1.aar (androidx.lifecycle:lifecycle-viewmodel-savedstate:2.6.1) with AarToClassTransform
Transforming core-ktx-1.9.0.aar (androidx.core:core-ktx:1.9.0) with AarToClassTransform
Transforming core-1.9.0.aar (androidx.core:core:1.9.0) with AarToClassTransform
Transforming core-1.9.0.aar (androidx.core:core:1.9.0) with AarToClassTransform
Transforming cursoradapter-1.0.0.aar (androidx.cursoradapter:cursoradapter:1.0.0) with AarToClassTransform
Transforming savedstate-ktx-1.2.1.aar (androidx.savedstate:savedstate-ktx:1.2.1) with AarToClassTransform
Transforming savedstate-1.2.1.aar (androidx.savedstate:savedstate:1.2.1) with AarToClassTransform
Transforming cardview-1.0.0.aar (androidx.cardview:cardview:1.0.0) with AarToClassTransform
Transforming versionedparcelable-1.1.1.aar (androidx.versionedparcelable:versionedparcelable:1.1.1) with AarToClassTransform
Transforming collection-ktx-1.1.0.jar (androidx.collection:collection-ktx:1.1.0) with IdentityTransform
Transforming collection-1.1.0.jar (androidx.collection:collection:1.1.0) with IdentityTransform
Transforming core-runtime-2.2.0.aar (androidx.arch.core:core-runtime:2.2.0) with AarToClassTransform
Transforming core-common-2.2.0.jar (androidx.arch.core:core-common:2.2.0) with IdentityTransform
Transforming interpolator-1.0.0.aar (androidx.interpolator:interpolator:1.0.0) with AarToClassTransform
Transforming localbroadcastmanager-1.0.0.aar (androidx.localbroadcastmanager:localbroadcastmanager:1.0.0) with AarToClassTransform
Transforming print-1.0.0.aar (androidx.print:print:1.0.0) with AarToClassTransform
Transforming annotation-1.3.0.jar (androidx.annotation:annotation:1.3.0) with IdentityTransform
Transforming annotation-experimental-1.3.0.aar (androidx.annotation:annotation-experimental:1.3.0) with AarToClassTransform
Transforming kotlinx-coroutines-core-jvm-1.6.4.jar (org.jetbrains.kotlinx:kotlinx-coroutines-core-jvm:1.6.4) with IdentityTransform
Transforming kotlinx-coroutines-android-1.6.4.jar (org.jetbrains.kotlinx:kotlinx-coroutines-android:1.6.4) with IdentityTransform
Transforming kotlin-stdlib-jdk8-1.8.22.jar (org.jetbrains.kotlin:kotlin-stdlib-jdk8:1.8.22) with IdentityTransform
Transforming kotlin-stdlib-jdk7-1.8.22.jar (org.jetbrains.kotlin:kotlin-stdlib-jdk7:1.8.22) with IdentityTransform
Transforming kotlin-stdlib-1.8.22.jar (org.jetbrains.kotlin:kotlin-stdlib:1.8.22) with IdentityTransform
Transforming kotlin-stdlib-common-1.8.22.jar (org.jetbrains.kotlin:kotlin-stdlib-common:1.8.22) with IdentityTransform
Transforming annotations-13.0.jar (org.jetbrains:annotations:13.0) with IdentityTransform
Transforming resourceinspection-annotation-1.0.1.jar (androidx.resourceinspection:resourceinspection-annotation:1.0.1) with IdentityTransform
Transforming core-for-system-modules.jar with JdkImageTransform
Transforming core-for-system-modules.jar with JdkImageTransform
Transforming core-for-system-modules.jar with JdkImageTransform
Transforming core-for-system-modules.jar with JdkImageTransform
Transforming core-for-system-modules.jar with JdkImageTransform
Transforming core-for-system-modules.jar with JdkImageTransform
Custom actions are attached to task ':app:compileReleaseJavaWithJavac'.
Build cache key for task ':app:compileReleaseJavaWithJavac' is ad9f3ff77434b8efe8cc6b835215330a
Task ':app:compileReleaseJavaWithJavac' is not up-to-date because:
  No history is available.
The input changes require a full rebuild for incremental task ':app:compileReleaseJavaWithJavac'.
Transforming core-for-system-modules.jar with JdkImageTransform
Full recompilation is required because no incremental change information is available. This is usually caused by clean builds or changing compiler arguments.
Compiling with toolchain '/usr/lib/jvm/temurin-17-jdk-amd64'.
file or directory '/home/runner/work/NearChuckle-android-wip-edition/NearChuckle-android-wip-edition/android/app/src/release/java', not found
Compiling with JDK Java compiler API.
Note: /home/runner/work/NearChuckle-android-wip-edition/NearChuckle-android-wip-edition/android/app/src/main/java/com/nearchuckle/farcry/GameActivity.java uses or overrides a deprecated API.
Note: Recompile with -Xlint:deprecation for details.
Class dependency analysis for incremental compilation took 0.004 secs.
Created classpath snapshot for incremental compilation in 0.01 secs.
Stored cache entry for task ':app:compileReleaseJavaWithJavac' with cache key ad9f3ff77434b8efe8cc6b835215330a
Resolve mutations for :app:dexBuilderRelease (Thread[Execution worker Thread 3,5,main]) started.
:app:dexBuilderRelease (Thread[Execution worker Thread 3,5,main]) started.

> Task :app:dexBuilderRelease
Build cache key for task ':app:dexBuilderRelease' is 4b544df0bba52cf90d943efe5f3f87d4
Task ':app:dexBuilderRelease' is not up-to-date because:
  No history is available.
The input changes require a full rebuild for incremental task ':app:dexBuilderRelease'.
Dex builder is incremental : false 
Processing input /home/runner/work/NearChuckle-android-wip-edition/NearChuckle-android-wip-edition/android/app/build/intermediates/javac/release/compileReleaseJavaWithJavac/classes
Dexing /home/runner/work/NearChuckle-android-wip-edition/NearChuckle-android-wip-edition/android/app/build/intermediates/javac/release/compileReleaseJavaWithJavac/classes
Processing input /home/runner/work/NearChuckle-android-wip-edition/NearChuckle-android-wip-edition/android/app/build/intermediates/compile_and_runtime_not_namespaced_r_class_jar/release/processReleaseResources/R.jar
Dexing /home/runner/work/NearChuckle-android-wip-edition/NearChuckle-android-wip-edition/android/app/build/intermediates/compile_and_runtime_not_namespaced_r_class_jar/release/processReleaseResources/R.jar
Dexing '/home/runner/work/NearChuckle-android-wip-edition/NearChuckle-android-wip-edition/android/app/build/intermediates/javac/release/compileReleaseJavaWithJavac/classes' to '/home/runner/work/NearChuckle-android-wip-edition/NearChuckle-android-wip-edition/android/app/build/intermediates/project_dex_archive/release/dexBuilderRelease/out'
Dexing '/home/runner/work/NearChuckle-android-wip-edition/NearChuckle-android-wip-edition/android/app/build/intermediates/compile_and_runtime_not_namespaced_r_class_jar/release/processReleaseResources/R.jar' to '/home/runner/work/NearChuckle-android-wip-edition/NearChuckle-android-wip-edition/android/app/build/intermediates/project_dex_archive/release/dexBuilderRelease/out/2e75b517abfcfc3dd5a4ca90338a9d9a068736d6b4fdc65db918ee34a1d9223e_0.jar'
Dexing '/home/runner/work/NearChuckle-android-wip-edition/NearChuckle-android-wip-edition/android/app/build/intermediates/javac/release/compileReleaseJavaWithJavac/classes' to '/home/runner/work/NearChuckle-android-wip-edition/NearChuckle-android-wip-edition/android/app/build/intermediates/project_dex_archive/release/dexBuilderRelease/out'
Dexing '/home/runner/work/NearChuckle-android-wip-edition/NearChuckle-android-wip-edition/android/app/build/intermediates/compile_and_runtime_not_namespaced_r_class_jar/release/processReleaseResources/R.jar' to '/home/runner/work/NearChuckle-android-wip-edition/NearChuckle-android-wip-edition/android/app/build/intermediates/project_dex_archive/release/dexBuilderRelease/out/2e75b517abfcfc3dd5a4ca90338a9d9a068736d6b4fdc65db918ee34a1d9223e_1.jar'
Done with all dex archive conversions
Stored cache entry for task ':app:dexBuilderRelease' with cache key 4b544df0bba52cf90d943efe5f3f87d4
Resolve mutations for :app:mergeReleaseGlobalSynthetics (Thread[Execution worker Thread 3,5,main]) started.
:app:mergeReleaseGlobalSynthetics (Thread[Execution worker Thread 3,5,main]) started.
Resolve mutations for :app:optimizeReleaseResources (Thread[Execution worker Thread 2,5,main]) started.
:app:optimizeReleaseResources (Thread[Execution worker,5,main]) started.

> Task :app:mergeReleaseGlobalSynthetics
Transforming viewbinding-8.6.0.aar (androidx.databinding:viewbinding:8.6.0) with AarToClassTransform
Transforming viewbinding-8.6.0.aar (androidx.databinding:viewbinding:8.6.0) with IdentityTransform
Transforming viewbinding-8.6.0.aar (androidx.databinding:viewbinding:8.6.0) with DexingNoClasspathTransform
Transforming viewbinding-8.6.0.aar (androidx.databinding:viewbinding:8.6.0) with DexingOutputSplitTransform
Transforming material-1.11.0.aar (com.google.android.material:material:1.11.0) with AarToClassTransform
Transforming material-1.11.0.aar (com.google.android.material:material:1.11.0) with IdentityTransform
Transforming material-1.11.0.aar (com.google.android.material:material:1.11.0) with DexingNoClasspathTransform
Transforming material-1.11.0.aar (com.google.android.material:material:1.11.0) with DexingOutputSplitTransform
Caching disabled for DexingOutputSplitTransform: /home/runner/.gradle/caches/transforms-4/d426925768025693a47c005e0957f1a8/transformed/viewbinding-8.6.0-runtime because:
  Caching not enabled.
Transforming constraintlayout-2.1.4.aar (androidx.constraintlayout:constraintlayout:2.1.4) with AarToClassTransform
Transforming constraintlayout-2.1.4.aar (androidx.constraintlayout:constraintlayout:2.1.4) with IdentityTransform
Transforming constraintlayout-2.1.4.aar (androidx.constraintlayout:constraintlayout:2.1.4) with DexingNoClasspathTransform
Transforming constraintlayout-2.1.4.aar (androidx.constraintlayout:constraintlayout:2.1.4) with DexingOutputSplitTransform
Caching disabled for DexingOutputSplitTransform: /home/runner/.gradle/caches/transforms-4/d5428990c8c0becb2f8520ff30c0abd2/transformed/material-1.11.0-runtime because:
  Caching not enabled.
Transforming preference-1.2.1.aar (androidx.preference:preference:1.2.1) with AarToClassTransform
Transforming preference-1.2.1.aar (androidx.preference:preference:1.2.1) with IdentityTransform
Transforming preference-1.2.1.aar (androidx.preference:preference:1.2.1) with DexingNoClasspathTransform
Transforming preference-1.2.1.aar (androidx.preference:preference:1.2.1) with DexingOutputSplitTransform
Transforming appcompat-resources-1.6.1.aar (androidx.appcompat:appcompat-resources:1.6.1) with AarToClassTransform
Transforming appcompat-resources-1.6.1.aar (androidx.appcompat:appcompat-resources:1.6.1) with IdentityTransform
Caching disabled for DexingOutputSplitTransform: /home/runner/.gradle/caches/transforms-4/1116e11671c37306ac7194842cc866bd/transformed/constraintlayout-2.1.4-runtime because:
  Caching not enabled.
Transforming appcompat-resources-1.6.1.aar (androidx.appcompat:appcompat-resources:1.6.1) with DexingNoClasspathTransform
Transforming appcompat-resources-1.6.1.aar (androidx.appcompat:appcompat-resources:1.6.1) with DexingOutputSplitTransform
Transforming appcompat-1.6.1.aar (androidx.appcompat:appcompat:1.6.1) with AarToClassTransform
Transforming appcompat-1.6.1.aar (androidx.appcompat:appcompat:1.6.1) with IdentityTransform
Transforming appcompat-1.6.1.aar (androidx.appcompat:appcompat:1.6.1) with DexingNoClasspathTransform
Transforming appcompat-1.6.1.aar (androidx.appcompat:appcompat:1.6.1) with DexingOutputSplitTransform
Transforming dynamicanimation-1.0.0.aar (androidx.dynamicanimation:dynamicanimation:1.0.0) with AarToClassTransform
Transforming dynamicanimation-1.0.0.aar (androidx.dynamicanimation:dynamicanimation:1.0.0) with IdentityTransform
Transforming dynamicanimation-1.0.0.aar (androidx.dynamicanimation:dynamicanimation:1.0.0) with DexingNoClasspathTransform
Transforming dynamicanimation-1.0.0.aar (androidx.dynamicanimation:dynamicanimation:1.0.0) with DexingOutputSplitTransform
Transforming legacy-support-core-utils-1.0.0.aar (androidx.legacy:legacy-support-core-utils:1.0.0) with AarToClassTransform
Transforming legacy-support-core-utils-1.0.0.aar (androidx.legacy:legacy-support-core-utils:1.0.0) with IdentityTransform
Transforming legacy-support-core-utils-1.0.0.aar (androidx.legacy:legacy-support-core-utils:1.0.0) with DexingNoClasspathTransform
Transforming legacy-support-core-utils-1.0.0.aar (androidx.legacy:legacy-support-core-utils:1.0.0) with DexingOutputSplitTransform
Transforming documentfile-1.0.1.aar (androidx.documentfile:documentfile:1.0.1) with AarToClassTransform
Transforming documentfile-1.0.1.aar (androidx.documentfile:documentfile:1.0.1) with IdentityTransform
Transforming documentfile-1.0.1.aar (androidx.documentfile:documentfile:1.0.1) with DexingNoClasspathTransform
Transforming documentfile-1.0.1.aar (androidx.documentfile:documentfile:1.0.1) with DexingOutputSplitTransform
Transforming documentfile-1.0.1.aar (androidx.documentfile:documentfile:1.0.1) with AarToClassTransform
Transforming documentfile-1.0.1.aar (androidx.documentfile:documentfile:1.0.1) with IdentityTransform
Transforming documentfile-1.0.1.aar (androidx.documentfile:documentfile:1.0.1) with DexingNoClasspathTransform
Transforming documentfile-1.0.1.aar (androidx.documentfile:documentfile:1.0.1) with DexingOutputSplitTransform
Transforming emoji2-views-helper-1.2.0.aar (androidx.emoji2:emoji2-views-helper:1.2.0) with AarToClassTransform
Caching disabled for DexingOutputSplitTransform: /home/runner/.gradle/caches/transforms-4/e061526fc691b5dec8ca88094f8b43bf/transformed/appcompat-resources-1.6.1-runtime because:
  Caching not enabled.
Caching disabled for DexingOutputSplitTransform: /home/runner/.gradle/caches/transforms-4/dd562a0d0218af4ed6aa6adc02d82d0e/transformed/appcompat-1.6.1-runtime because:
  Caching not enabled.
Transforming emoji2-views-helper-1.2.0.aar (androidx.emoji2:emoji2-views-helper:1.2.0) with IdentityTransform
Transforming emoji2-views-helper-1.2.0.aar (androidx.emoji2:emoji2-views-helper:1.2.0) with DexingNoClasspathTransform
Transforming emoji2-views-helper-1.2.0.aar (androidx.emoji2:emoji2-views-helper:1.2.0) with DexingOutputSplitTransform
Transforming emoji2-1.2.0.aar (androidx.emoji2:emoji2:1.2.0) with AarToClassTransform
Transforming emoji2-1.2.0.aar (androidx.emoji2:emoji2:1.2.0) with IdentityTransform
Transforming emoji2-1.2.0.aar (androidx.emoji2:emoji2:1.2.0) with DexingNoClasspathTransform
Transforming emoji2-1.2.0.aar (androidx.emoji2:emoji2:1.2.0) with DexingOutputSplitTransform
Transforming viewpager2-1.0.0.aar (androidx.viewpager2:viewpager2:1.0.0) with AarToClassTransform
Transforming viewpager2-1.0.0.aar (androidx.viewpager2:viewpager2:1.0.0) with IdentityTransform
Transforming viewpager2-1.0.0.aar (androidx.viewpager2:viewpager2:1.0.0) with DexingNoClasspathTransform
Transforming viewpager2-1.0.0.aar (androidx.viewpager2:viewpager2:1.0.0) with DexingOutputSplitTransform
Transforming fragment-ktx-1.3.6.aar (androidx.fragment:fragment-ktx:1.3.6) with AarToClassTransform
Transforming fragment-ktx-1.3.6.aar (androidx.fragment:fragment-ktx:1.3.6) with IdentityTransform
Transforming fragment-ktx-1.3.6.aar (androidx.fragment:fragment-ktx:1.3.6) with DexingNoClasspathTransform
Transforming fragment-ktx-1.3.6.aar (androidx.fragment:fragment-ktx:1.3.6) with DexingOutputSplitTransform
Transforming fragment-1.3.6.aar (androidx.fragment:fragment:1.3.6) with AarToClassTransform
Transforming fragment-1.3.6.aar (androidx.fragment:fragment:1.3.6) with IdentityTransform
Transforming fragment-1.3.6.aar (androidx.fragment:fragment:1.3.6) with DexingNoClasspathTransform
Caching disabled for DexingOutputSplitTransform: /home/runner/.gradle/caches/transforms-4/62f7b23d2369462c277b53355acc40d9/transformed/dynamicanimation-1.0.0-runtime because:
  Caching not enabled.
Caching disabled for DexingOutputSplitTransform: /home/runner/.gradle/caches/transforms-4/5d9556a2d446ff379d5e4e47ce829579/transformed/legacy-support-core-utils-1.0.0-runtime because:
  Caching not enabled.
Transforming fragment-1.3.6.aar (androidx.fragment:fragment:1.3.6) with DexingOutputSplitTransform
Transforming fragment-1.3.6.aar (androidx.fragment:fragment:1.3.6) with AarToClassTransform
Transforming fragment-1.3.6.aar (androidx.fragment:fragment:1.3.6) with IdentityTransform
Transforming fragment-1.3.6.aar (androidx.fragment:fragment:1.3.6) with DexingNoClasspathTransform
Transforming fragment-1.3.6.aar (androidx.fragment:fragment:1.3.6) with DexingOutputSplitTransform
Transforming activity-ktx-1.8.0.aar (androidx.activity:activity-ktx:1.8.0) with AarToClassTransform
Transforming activity-ktx-1.8.0.aar (androidx.activity:activity-ktx:1.8.0) with IdentityTransform
Transforming activity-ktx-1.8.0.aar (androidx.activity:activity-ktx:1.8.0) with DexingNoClasspathTransform
Transforming activity-ktx-1.8.0.aar (androidx.activity:activity-ktx:1.8.0) with DexingOutputSplitTransform
Transforming activity-1.8.0.aar (androidx.activity:activity:1.8.0) with AarToClassTransform
Transforming activity-1.8.0.aar (androidx.activity:activity:1.8.0) with IdentityTransform
Transforming activity-1.8.0.aar (androidx.activity:activity:1.8.0) with DexingNoClasspathTransform
Transforming activity-1.8.0.aar (androidx.activity:activity:1.8.0) with DexingOutputSplitTransform
Transforming drawerlayout-1.1.1.aar (androidx.drawerlayout:drawerlayout:1.1.1) with AarToClassTransform
Transforming drawerlayout-1.1.1.aar (androidx.drawerlayout:drawerlayout:1.1.1) with IdentityTransform
Transforming drawerlayout-1.1.1.aar (androidx.drawerlayout:drawerlayout:1.1.1) with DexingNoClasspathTransform
Transforming drawerlayout-1.1.1.aar (androidx.drawerlayout:drawerlayout:1.1.1) with DexingOutputSplitTransform
Transforming coordinatorlayout-1.1.0.aar (androidx.coordinatorlayout:coordinatorlayout:1.1.0) with AarToClassTransform
Transforming coordinatorlayout-1.1.0.aar (androidx.coordinatorlayout:coordinatorlayout:1.1.0) with IdentityTransform
Transforming coordinatorlayout-1.1.0.aar (androidx.coordinatorlayout:coordinatorlayout:1.1.0) with DexingNoClasspathTransform
Caching disabled for DexingOutputSplitTransform: /home/runner/.gradle/caches/transforms-4/edef36a1656b3f76131f7fbbf63b1238/transformed/documentfile-1.0.1-runtime because:
  Caching not enabled.
Transforming coordinatorlayout-1.1.0.aar (androidx.coordinatorlayout:coordinatorlayout:1.1.0) with DexingOutputSplitTransform
Transforming vectordrawable-animated-1.1.0.aar (androidx.vectordrawable:vectordrawable-animated:1.1.0) with AarToClassTransform
Transforming vectordrawable-animated-1.1.0.aar (androidx.vectordrawable:vectordrawable-animated:1.1.0) with IdentityTransform
Transforming vectordrawable-animated-1.1.0.aar (androidx.vectordrawable:vectordrawable-animated:1.1.0) with DexingNoClasspathTransform
Transforming vectordrawable-animated-1.1.0.aar (androidx.vectordrawable:vectordrawable-animated:1.1.0) with DexingOutputSplitTransform
Transforming vectordrawable-1.1.0.aar (androidx.vectordrawable:vectordrawable:1.1.0) with AarToClassTransform
Transforming vectordrawable-1.1.0.aar (androidx.vectordrawable:vectordrawable:1.1.0) with IdentityTransform
Transforming vectordrawable-1.1.0.aar (androidx.vectordrawable:vectordrawable:1.1.0) with DexingNoClasspathTransform
Transforming vectordrawable-1.1.0.aar (androidx.vectordrawable:vectordrawable:1.1.0) with DexingOutputSplitTransform
Transforming vectordrawable-1.1.0.aar (androidx.vectordrawable:vectordrawable:1.1.0) with AarToClassTransform
Transforming vectordrawable-1.1.0.aar (androidx.vectordrawable:vectordrawable:1.1.0) with IdentityTransform
Transforming vectordrawable-1.1.0.aar (androidx.vectordrawable:vectordrawable:1.1.0) with DexingNoClasspathTransform
Transforming vectordrawable-1.1.0.aar (androidx.vectordrawable:vectordrawable:1.1.0) with DexingOutputSplitTransform
Transforming slidingpanelayout-1.2.0.aar (androidx.slidingpanelayout:slidingpanelayout:1.2.0) with AarToClassTransform
Transforming slidingpanelayout-1.2.0.aar (androidx.slidingpanelayout:slidingpanelayout:1.2.0) with IdentityTransform
Transforming slidingpanelayout-1.2.0.aar (androidx.slidingpanelayout:slidingpanelayout:1.2.0) with DexingNoClasspathTransform
Transforming slidingpanelayout-1.2.0.aar (androidx.slidingpanelayout:slidingpanelayout:1.2.0) with DexingOutputSplitTransform
Transforming loader-1.0.0.aar (androidx.loader:loader:1.0.0) with AarToClassTransform
Transforming loader-1.0.0.aar (androidx.loader:loader:1.0.0) with IdentityTransform
Transforming loader-1.0.0.aar (androidx.loader:loader:1.0.0) with DexingNoClasspathTransform
Transforming loader-1.0.0.aar (androidx.loader:loader:1.0.0) with DexingOutputSplitTransform
Transforming loader-1.0.0.aar (androidx.loader:loader:1.0.0) with AarToClassTransform
Transforming loader-1.0.0.aar (androidx.loader:loader:1.0.0) with IdentityTransform
Transforming loader-1.0.0.aar (androidx.loader:loader:1.0.0) with DexingNoClasspathTransform
Transforming loader-1.0.0.aar (androidx.loader:loader:1.0.0) with DexingOutputSplitTransform
Transforming savedstate-ktx-1.2.1.aar (androidx.savedstate:savedstate-ktx:1.2.1) with AarToClassTransform
Transforming savedstate-ktx-1.2.1.aar (androidx.savedstate:savedstate-ktx:1.2.1) with IdentityTransform
Transforming savedstate-ktx-1.2.1.aar (androidx.savedstate:savedstate-ktx:1.2.1) with DexingNoClasspathTransform
Transforming savedstate-ktx-1.2.1.aar (androidx.savedstate:savedstate-ktx:1.2.1) with DexingOutputSplitTransform
Transforming savedstate-1.2.1.aar (androidx.savedstate:savedstate:1.2.1) with AarToClassTransform
Transforming savedstate-1.2.1.aar (androidx.savedstate:savedstate:1.2.1) with IdentityTransform
Transforming savedstate-1.2.1.aar (androidx.savedstate:savedstate:1.2.1) with DexingNoClasspathTransform
Transforming savedstate-1.2.1.aar (androidx.savedstate:savedstate:1.2.1) with DexingOutputSplitTransform
Transforming lifecycle-runtime-ktx-2.6.1.aar (androidx.lifecycle:lifecycle-runtime-ktx:2.6.1) with AarToClassTransform
Transforming lifecycle-runtime-ktx-2.6.1.aar (androidx.lifecycle:lifecycle-runtime-ktx:2.6.1) with IdentityTransform
Transforming lifecycle-runtime-ktx-2.6.1.aar (androidx.lifecycle:lifecycle-runtime-ktx:2.6.1) with DexingNoClasspathTransform
Transforming lifecycle-runtime-ktx-2.6.1.aar (androidx.lifecycle:lifecycle-runtime-ktx:2.6.1) with DexingOutputSplitTransform
Transforming lifecycle-viewmodel-ktx-2.6.1.aar (androidx.lifecycle:lifecycle-viewmodel-ktx:2.6.1) with AarToClassTransform
Transforming lifecycle-viewmodel-ktx-2.6.1.aar (androidx.lifecycle:lifecycle-viewmodel-ktx:2.6.1) with IdentityTransform
Transforming lifecycle-viewmodel-ktx-2.6.1.aar (androidx.lifecycle:lifecycle-viewmodel-ktx:2.6.1) with DexingNoClasspathTransform
Transforming lifecycle-viewmodel-ktx-2.6.1.aar (androidx.lifecycle:lifecycle-viewmodel-ktx:2.6.1) with DexingOutputSplitTransform
Transforming lifecycle-process-2.6.1.aar (androidx.lifecycle:lifecycle-process:2.6.1) with AarToClassTransform
Transforming lifecycle-process-2.6.1.aar (androidx.lifecycle:lifecycle-process:2.6.1) with IdentityTransform
Transforming lifecycle-process-2.6.1.aar (androidx.lifecycle:lifecycle-process:2.6.1) with DexingNoClasspathTransform
Transforming lifecycle-process-2.6.1.aar (androidx.lifecycle:lifecycle-process:2.6.1) with DexingOutputSplitTransform
Transforming lifecycle-livedata-core-ktx-2.6.1.aar (androidx.lifecycle:lifecycle-livedata-core-ktx:2.6.1) with AarToClassTransform
Transforming lifecycle-livedata-core-ktx-2.6.1.aar (androidx.lifecycle:lifecycle-livedata-core-ktx:2.6.1) with IdentityTransform
Transforming lifecycle-livedata-core-ktx-2.6.1.aar (androidx.lifecycle:lifecycle-livedata-core-ktx:2.6.1) with DexingNoClasspathTransform
Transforming lifecycle-livedata-core-ktx-2.6.1.aar (androidx.lifecycle:lifecycle-livedata-core-ktx:2.6.1) with DexingOutputSplitTransform
Transforming lifecycle-livedata-core-2.6.1.aar (androidx.lifecycle:lifecycle-livedata-core:2.6.1) with AarToClassTransform
Transforming lifecycle-livedata-core-2.6.1.aar (androidx.lifecycle:lifecycle-livedata-core:2.6.1) with IdentityTransform
Caching disabled for DexingOutputSplitTransform: /home/runner/.gradle/caches/transforms-4/6f84d26a07047b4928e22670d12b89ba/transformed/emoji2-1.2.0-runtime because:
  Caching not enabled.
Transforming lifecycle-livedata-core-2.6.1.aar (androidx.lifecycle:lifecycle-livedata-core:2.6.1) with DexingNoClasspathTransform
Transforming lifecycle-livedata-core-2.6.1.aar (androidx.lifecycle:lifecycle-livedata-core:2.6.1) with DexingOutputSplitTransform
Transforming lifecycle-livedata-2.6.1.aar (androidx.lifecycle:lifecycle-livedata:2.6.1) with AarToClassTransform
Transforming lifecycle-livedata-2.6.1.aar (androidx.lifecycle:lifecycle-livedata:2.6.1) with IdentityTransform
Transforming lifecycle-livedata-2.6.1.aar (androidx.lifecycle:lifecycle-livedata:2.6.1) with DexingNoClasspathTransform
Transforming lifecycle-livedata-2.6.1.aar (androidx.lifecycle:lifecycle-livedata:2.6.1) with DexingOutputSplitTransform
Transforming lifecycle-common-2.6.1.jar (androidx.lifecycle:lifecycle-common:2.6.1) with IdentityTransform
Transforming lifecycle-common-2.6.1.jar (androidx.lifecycle:lifecycle-common:2.6.1) with IdentityTransform
Caching disabled for DexingOutputSplitTransform: /home/runner/.gradle/caches/transforms-4/a789c245f569af326e7bb9280b251e13/transformed/emoji2-views-helper-1.2.0-runtime because:
  Caching not enabled.
Transforming lifecycle-common-2.6.1.jar (androidx.lifecycle:lifecycle-common:2.6.1) with DexingNoClasspathTransform
Transforming lifecycle-common-2.6.1.jar (androidx.lifecycle:lifecycle-common:2.6.1) with DexingOutputSplitTransform
Transforming lifecycle-viewmodel-2.6.1.aar (androidx.lifecycle:lifecycle-viewmodel:2.6.1) with AarToClassTransform
Transforming lifecycle-viewmodel-2.6.1.aar (androidx.lifecycle:lifecycle-viewmodel:2.6.1) with IdentityTransform
Transforming lifecycle-viewmodel-2.6.1.aar (androidx.lifecycle:lifecycle-viewmodel:2.6.1) with DexingNoClasspathTransform
Transforming lifecycle-viewmodel-2.6.1.aar (androidx.lifecycle:lifecycle-viewmodel:2.6.1) with DexingOutputSplitTransform
Transforming lifecycle-viewmodel-2.6.1.aar (androidx.lifecycle:lifecycle-viewmodel:2.6.1) with AarToClassTransform
Transforming lifecycle-viewmodel-2.6.1.aar (androidx.lifecycle:lifecycle-viewmodel:2.6.1) with IdentityTransform
Transforming lifecycle-viewmodel-2.6.1.aar (androidx.lifecycle:lifecycle-viewmodel:2.6.1) with DexingNoClasspathTransform
Transforming lifecycle-viewmodel-2.6.1.aar (androidx.lifecycle:lifecycle-viewmodel:2.6.1) with DexingOutputSplitTransform
Transforming lifecycle-runtime-2.6.1.aar (androidx.lifecycle:lifecycle-runtime:2.6.1) with AarToClassTransform
Transforming lifecycle-runtime-2.6.1.aar (androidx.lifecycle:lifecycle-runtime:2.6.1) with IdentityTransform
Transforming lifecycle-runtime-2.6.1.aar (androidx.lifecycle:lifecycle-runtime:2.6.1) with DexingNoClasspathTransform
Transforming lifecycle-runtime-2.6.1.aar (androidx.lifecycle:lifecycle-runtime:2.6.1) with DexingOutputSplitTransform
Transforming lifecycle-viewmodel-savedstate-2.6.1.aar (androidx.lifecycle:lifecycle-viewmodel-savedstate:2.6.1) with AarToClassTransform
Transforming lifecycle-viewmodel-savedstate-2.6.1.aar (androidx.lifecycle:lifecycle-viewmodel-savedstate:2.6.1) with IdentityTransform
Transforming lifecycle-viewmodel-savedstate-2.6.1.aar (androidx.lifecycle:lifecycle-viewmodel-savedstate:2.6.1) with DexingNoClasspathTransform
Transforming lifecycle-viewmodel-savedstate-2.6.1.aar (androidx.lifecycle:lifecycle-viewmodel-savedstate:2.6.1) with DexingOutputSplitTransform
Transforming core-ktx-1.9.0.aar (androidx.core:core-ktx:1.9.0) with AarToClassTransform
Transforming core-ktx-1.9.0.aar (androidx.core:core-ktx:1.9.0) with IdentityTransform
Transforming core-ktx-1.9.0.aar (androidx.core:core-ktx:1.9.0) with DexingNoClasspathTransform
Transforming core-ktx-1.9.0.aar (androidx.core:core-ktx:1.9.0) with DexingOutputSplitTransform
Caching disabled for DexingOutputSplitTransform: /home/runner/.gradle/caches/transforms-4/bf4da03f1be4b553998ee261e8f8507a/transformed/viewpager2-1.0.0-runtime because:
  Caching not enabled.
Transforming viewpager-1.0.0.aar (androidx.viewpager:viewpager:1.0.0) with AarToClassTransform
Transforming viewpager-1.0.0.aar (androidx.viewpager:viewpager:1.0.0) with IdentityTransform
Transforming viewpager-1.0.0.aar (androidx.viewpager:viewpager:1.0.0) with DexingNoClasspathTransform
Transforming viewpager-1.0.0.aar (androidx.viewpager:viewpager:1.0.0) with DexingOutputSplitTransform
Transforming recyclerview-1.1.0.aar (androidx.recyclerview:recyclerview:1.1.0) with AarToClassTransform
Transforming recyclerview-1.1.0.aar (androidx.recyclerview:recyclerview:1.1.0) with IdentityTransform
Transforming recyclerview-1.1.0.aar (androidx.recyclerview:recyclerview:1.1.0) with DexingNoClasspathTransform
Transforming recyclerview-1.1.0.aar (androidx.recyclerview:recyclerview:1.1.0) with DexingOutputSplitTransform
Transforming recyclerview-1.1.0.aar (androidx.recyclerview:recyclerview:1.1.0) with AarToClassTransform
Transforming recyclerview-1.1.0.aar (androidx.recyclerview:recyclerview:1.1.0) with IdentityTransform
Transforming recyclerview-1.1.0.aar (androidx.recyclerview:recyclerview:1.1.0) with DexingNoClasspathTransform
Transforming recyclerview-1.1.0.aar (androidx.recyclerview:recyclerview:1.1.0) with DexingOutputSplitTransform
Transforming customview-1.1.0.aar (androidx.customview:customview:1.1.0) with AarToClassTransform
Transforming customview-1.1.0.aar (androidx.customview:customview:1.1.0) with IdentityTransform
Transforming customview-1.1.0.aar (androidx.customview:customview:1.1.0) with DexingNoClasspathTransform
Transforming customview-1.1.0.aar (androidx.customview:customview:1.1.0) with DexingOutputSplitTransform
Transforming customview-1.1.0.aar (androidx.customview:customview:1.1.0) with AarToClassTransform
Transforming customview-1.1.0.aar (androidx.customview:customview:1.1.0) with IdentityTransform
Transforming customview-1.1.0.aar (androidx.customview:customview:1.1.0) with DexingNoClasspathTransform
Caching disabled for DexingOutputSplitTransform: /home/runner/.gradle/caches/transforms-4/295788f86d6d89003a4419d609ebdb32/transformed/fragment-ktx-1.3.6-runtime because:
  Caching not enabled.
Transforming customview-1.1.0.aar (androidx.customview:customview:1.1.0) with DexingOutputSplitTransform
Transforming customview-1.1.0.aar (androidx.customview:customview:1.1.0) with AarToClassTransform
Transforming customview-1.1.0.aar (androidx.customview:customview:1.1.0) with IdentityTransform
Caching disabled for DexingOutputSplitTransform: /home/runner/.gradle/caches/transforms-4/6ae88f965e8ea6580f3e11540470e17e/transformed/fragment-1.3.6-runtime because:
  Caching not enabled.
Transforming customview-1.1.0.aar (androidx.customview:customview:1.1.0) with DexingNoClasspathTransform
Transforming customview-1.1.0.aar (androidx.customview:customview:1.1.0) with DexingOutputSplitTransform
Transforming customview-1.1.0.aar (androidx.customview:customview:1.1.0) with AarToClassTransform
Transforming customview-1.1.0.aar (androidx.customview:customview:1.1.0) with IdentityTransform
Transforming customview-1.1.0.aar (androidx.customview:customview:1.1.0) with DexingNoClasspathTransform
Transforming customview-1.1.0.aar (androidx.customview:customview:1.1.0) with DexingOutputSplitTransform
Transforming customview-1.1.0.aar (androidx.customview:customview:1.1.0) with AarToClassTransform
Transforming customview-1.1.0.aar (androidx.customview:customview:1.1.0) with IdentityTransform
Transforming customview-1.1.0.aar (androidx.customview:customview:1.1.0) with DexingNoClasspathTransform
Transforming customview-1.1.0.aar (androidx.customview:customview:1.1.0) with DexingOutputSplitTransform
Transforming transition-1.4.1.aar (androidx.transition:transition:1.4.1) with AarToClassTransform
Transforming transition-1.4.1.aar (androidx.transition:transition:1.4.1) with IdentityTransform
Transforming transition-1.4.1.aar (androidx.transition:transition:1.4.1) with DexingNoClasspathTransform
Transforming transition-1.4.1.aar (androidx.transition:transition:1.4.1) with DexingOutputSplitTransform
Transforming window-1.0.0.aar (androidx.window:window:1.0.0) with AarToClassTransform
Transforming window-1.0.0.aar (androidx.window:window:1.0.0) with IdentityTransform
Transforming window-1.0.0.aar (androidx.window:window:1.0.0) with DexingNoClasspathTransform
Transforming window-1.0.0.aar (androidx.window:window:1.0.0) with DexingOutputSplitTransform
Caching disabled for DexingOutputSplitTransform: /home/runner/.gradle/caches/transforms-4/5ffe7167bf400320c309c15d3098b3b9/transformed/activity-ktx-1.8.0-runtime because:
  Caching not enabled.
Transforming core-1.9.0.aar (androidx.core:core:1.9.0) with AarToClassTransform
Transforming core-1.9.0.aar (androidx.core:core:1.9.0) with IdentityTransform
Transforming core-1.9.0.aar (androidx.core:core:1.9.0) with DexingNoClasspathTransform
Transforming core-1.9.0.aar (androidx.core:core:1.9.0) with DexingOutputSplitTransform
Transforming core-1.9.0.aar (androidx.core:core:1.9.0) with AarToClassTransform
Transforming core-1.9.0.aar (androidx.core:core:1.9.0) with IdentityTransform
Caching disabled for DexingOutputSplitTransform: /home/runner/.gradle/caches/transforms-4/d39adc7058c73f692582f1c6502e7536/transformed/activity-1.8.0-runtime because:
  Caching not enabled.
Transforming core-1.9.0.aar (androidx.core:core:1.9.0) with DexingNoClasspathTransform
Transforming core-1.9.0.aar (androidx.core:core:1.9.0) with DexingOutputSplitTransform
Transforming core-1.9.0.aar (androidx.core:core:1.9.0) with AarToClassTransform
Transforming core-1.9.0.aar (androidx.core:core:1.9.0) with IdentityTransform
Transforming core-1.9.0.aar (androidx.core:core:1.9.0) with DexingNoClasspathTransform
Transforming core-1.9.0.aar (androidx.core:core:1.9.0) with DexingOutputSplitTransform
Transforming core-1.9.0.aar (androidx.core:core:1.9.0) with AarToClassTransform
Transforming core-1.9.0.aar (androidx.core:core:1.9.0) with IdentityTransform
Transforming core-1.9.0.aar (androidx.core:core:1.9.0) with DexingNoClasspathTransform
Transforming core-1.9.0.aar (androidx.core:core:1.9.0) with DexingOutputSplitTransform
Transforming core-1.9.0.aar (androidx.core:core:1.9.0) with AarToClassTransform
Transforming core-1.9.0.aar (androidx.core:core:1.9.0) with IdentityTransform
Transforming core-1.9.0.aar (androidx.core:core:1.9.0) with DexingNoClasspathTransform
Transforming core-1.9.0.aar (androidx.core:core:1.9.0) with DexingOutputSplitTransform
Transforming core-1.9.0.aar (androidx.core:core:1.9.0) with AarToClassTransform
Transforming core-1.9.0.aar (androidx.core:core:1.9.0) with IdentityTransform
Transforming core-1.9.0.aar (androidx.core:core:1.9.0) with DexingNoClasspathTransform
Transforming core-1.9.0.aar (androidx.core:core:1.9.0) with DexingOutputSplitTransform
Transforming core-1.9.0.aar (androidx.core:core:1.9.0) with AarToClassTransform
Transforming core-1.9.0.aar (androidx.core:core:1.9.0) with IdentityTransform
Transforming core-1.9.0.aar (androidx.core:core:1.9.0) with DexingNoClasspathTransform
Transforming core-1.9.0.aar (androidx.core:core:1.9.0) with DexingOutputSplitTransform
Transforming core-1.9.0.aar (androidx.core:core:1.9.0) with AarToClassTransform
Transforming core-1.9.0.aar (androidx.core:core:1.9.0) with IdentityTransform
Transforming core-1.9.0.aar (androidx.core:core:1.9.0) with DexingNoClasspathTransform
Transforming core-1.9.0.aar (androidx.core:core:1.9.0) with DexingOutputSplitTransform
Transforming core-1.9.0.aar (androidx.core:core:1.9.0) with AarToClassTransform
Transforming core-1.9.0.aar (androidx.core:core:1.9.0) with IdentityTransform
Transforming core-1.9.0.aar (androidx.core:core:1.9.0) with DexingNoClasspathTransform
Transforming core-1.9.0.aar (androidx.core:core:1.9.0) with DexingOutputSplitTransform
Transforming core-1.9.0.aar (androidx.core:core:1.9.0) with AarToClassTransform
Transforming core-1.9.0.aar (androidx.core:core:1.9.0) with IdentityTransform
Transforming core-1.9.0.aar (androidx.core:core:1.9.0) with DexingNoClasspathTransform
Transforming core-1.9.0.aar (androidx.core:core:1.9.0) with DexingOutputSplitTransform
Transforming core-1.9.0.aar (androidx.core:core:1.9.0) with AarToClassTransform
Transforming core-1.9.0.aar (androidx.core:core:1.9.0) with IdentityTransform
Transforming core-1.9.0.aar (androidx.core:core:1.9.0) with DexingNoClasspathTransform
Transforming core-1.9.0.aar (androidx.core:core:1.9.0) with DexingOutputSplitTransform
Caching disabled for DexingOutputSplitTransform: /home/runner/.gradle/caches/transforms-4/68211f624f25c9875c42c2941d490500/transformed/drawerlayout-1.1.1-runtime because:
  Caching not enabled.
Transforming cursoradapter-1.0.0.aar (androidx.cursoradapter:cursoradapter:1.0.0) with AarToClassTransform
Transforming cursoradapter-1.0.0.aar (androidx.cursoradapter:cursoradapter:1.0.0) with IdentityTransform
Transforming cursoradapter-1.0.0.aar (androidx.cursoradapter:cursoradapter:1.0.0) with DexingNoClasspathTransform
Transforming cursoradapter-1.0.0.aar (androidx.cursoradapter:cursoradapter:1.0.0) with DexingOutputSplitTransform
Transforming resourceinspection-annotation-1.0.1.jar (androidx.resourceinspection:resourceinspection-annotation:1.0.1) with IdentityTransform
Transforming resourceinspection-annotation-1.0.1.jar (androidx.resourceinspection:resourceinspection-annotation:1.0.1) with IdentityTransform
Transforming resourceinspection-annotation-1.0.1.jar (androidx.resourceinspection:resourceinspection-annotation:1.0.1) with DexingNoClasspathTransform
Transforming resourceinspection-annotation-1.0.1.jar (androidx.resourceinspection:resourceinspection-annotation:1.0.1) with DexingOutputSplitTransform
Transforming cardview-1.0.0.aar (androidx.cardview:cardview:1.0.0) with AarToClassTransform
Transforming cardview-1.0.0.aar (androidx.cardview:cardview:1.0.0) with IdentityTransform
Transforming cardview-1.0.0.aar (androidx.cardview:cardview:1.0.0) with DexingNoClasspathTransform
Transforming cardview-1.0.0.aar (androidx.cardview:cardview:1.0.0) with DexingOutputSplitTransform
Transforming versionedparcelable-1.1.1.aar (androidx.versionedparcelable:versionedparcelable:1.1.1) with AarToClassTransform
Transforming versionedparcelable-1.1.1.aar (androidx.versionedparcelable:versionedparcelable:1.1.1) with IdentityTransform
Transforming versionedparcelable-1.1.1.aar (androidx.versionedparcelable:versionedparcelable:1.1.1) with DexingNoClasspathTransform
Transforming versionedparcelable-1.1.1.aar (androidx.versionedparcelable:versionedparcelable:1.1.1) with DexingOutputSplitTransform
Transforming collection-ktx-1.1.0.jar (androidx.collection:collection-ktx:1.1.0) with IdentityTransform
Transforming collection-ktx-1.1.0.jar (androidx.collection:collection-ktx:1.1.0) with IdentityTransform
Transforming collection-ktx-1.1.0.jar (androidx.collection:collection-ktx:1.1.0) with DexingNoClasspathTransform
Transforming collection-ktx-1.1.0.jar (androidx.collection:collection-ktx:1.1.0) with DexingOutputSplitTransform
Transforming collection-1.1.0.jar (androidx.collection:collection:1.1.0) with IdentityTransform
Transforming collection-1.1.0.jar (androidx.collection:collection:1.1.0) with IdentityTransform
Transforming collection-1.1.0.jar (androidx.collection:collection:1.1.0) with DexingNoClasspathTransform
Transforming collection-1.1.0.jar (androidx.collection:collection:1.1.0) with DexingOutputSplitTransform
Transforming profileinstaller-1.3.0.aar (androidx.profileinstaller:profileinstaller:1.3.0) with AarToClassTransform
Transforming profileinstaller-1.3.0.aar (androidx.profileinstaller:profileinstaller:1.3.0) with IdentityTransform
Transforming profileinstaller-1.3.0.aar (androidx.profileinstaller:profileinstaller:1.3.0) with DexingNoClasspathTransform
Transforming profileinstaller-1.3.0.aar (androidx.profileinstaller:profileinstaller:1.3.0) with DexingOutputSplitTransform
Transforming startup-runtime-1.1.1.aar (androidx.startup:startup-runtime:1.1.1) with AarToClassTransform
Transforming startup-runtime-1.1.1.aar (androidx.startup:startup-runtime:1.1.1) with IdentityTransform
Caching disabled for DexingOutputSplitTransform: /home/runner/.gradle/caches/transforms-4/8e9263d17c1afc3e2fcca97fdc8080bb/transformed/vectordrawable-animated-1.1.0-runtime because:
  Caching not enabled.
Transforming startup-runtime-1.1.1.aar (androidx.startup:startup-runtime:1.1.1) with DexingNoClasspathTransform
Transforming startup-runtime-1.1.1.aar (androidx.startup:startup-runtime:1.1.1) with DexingOutputSplitTransform
Transforming tracing-1.0.0.aar (androidx.tracing:tracing:1.0.0) with AarToClassTransform
Transforming tracing-1.0.0.aar (androidx.tracing:tracing:1.0.0) with IdentityTransform
Transforming tracing-1.0.0.aar (androidx.tracing:tracing:1.0.0) with DexingNoClasspathTransform
Transforming tracing-1.0.0.aar (androidx.tracing:tracing:1.0.0) with DexingOutputSplitTransform
Transforming interpolator-1.0.0.aar (androidx.interpolator:interpolator:1.0.0) with AarToClassTransform
Transforming interpolator-1.0.0.aar (androidx.interpolator:interpolator:1.0.0) with IdentityTransform
Transforming interpolator-1.0.0.aar (androidx.interpolator:interpolator:1.0.0) with DexingNoClasspathTransform
Transforming interpolator-1.0.0.aar (androidx.interpolator:interpolator:1.0.0) with DexingOutputSplitTransform
Transforming core-runtime-2.2.0.aar (androidx.arch.core:core-runtime:2.2.0) with AarToClassTransform
Transforming core-runtime-2.2.0.aar (androidx.arch.core:core-runtime:2.2.0) with IdentityTransform
Transforming core-runtime-2.2.0.aar (androidx.arch.core:core-runtime:2.2.0) with DexingNoClasspathTransform
Transforming core-runtime-2.2.0.aar (androidx.arch.core:core-runtime:2.2.0) with DexingOutputSplitTransform
Caching disabled for DexingOutputSplitTransform: /home/runner/.gradle/caches/transforms-4/80f48dd9c0e0691b5b0f503cc9952f62/transformed/coordinatorlayout-1.1.0-runtime because:
  Caching not enabled.
Transforming core-common-2.2.0.jar (androidx.arch.core:core-common:2.2.0) with IdentityTransform
Transforming core-common-2.2.0.jar (androidx.arch.core:core-common:2.2.0) with IdentityTransform
Transforming core-common-2.2.0.jar (androidx.arch.core:core-common:2.2.0) with DexingNoClasspathTransform
Transforming core-common-2.2.0.jar (androidx.arch.core:core-common:2.2.0) with DexingOutputSplitTransform
Transforming concurrent-futures-1.1.0.jar (androidx.concurrent:concurrent-futures:1.1.0) with IdentityTransform
Transforming concurrent-futures-1.1.0.jar (androidx.concurrent:concurrent-futures:1.1.0) with IdentityTransform
Transforming concurrent-futures-1.1.0.jar (androidx.concurrent:concurrent-futures:1.1.0) with DexingNoClasspathTransform
Transforming concurrent-futures-1.1.0.jar (androidx.concurrent:concurrent-futures:1.1.0) with DexingOutputSplitTransform
Transforming localbroadcastmanager-1.0.0.aar (androidx.localbroadcastmanager:localbroadcastmanager:1.0.0) with AarToClassTransform
Transforming localbroadcastmanager-1.0.0.aar (androidx.localbroadcastmanager:localbroadcastmanager:1.0.0) with IdentityTransform
Transforming localbroadcastmanager-1.0.0.aar (androidx.localbroadcastmanager:localbroadcastmanager:1.0.0) with DexingNoClasspathTransform
Transforming localbroadcastmanager-1.0.0.aar (androidx.localbroadcastmanager:localbroadcastmanager:1.0.0) with DexingOutputSplitTransform
Transforming print-1.0.0.aar (androidx.print:print:1.0.0) with AarToClassTransform
Transforming print-1.0.0.aar (androidx.print:print:1.0.0) with IdentityTransform
Transforming print-1.0.0.aar (androidx.print:print:1.0.0) with DexingNoClasspathTransform
Transforming print-1.0.0.aar (androidx.print:print:1.0.0) with DexingOutputSplitTransform
Transforming annotation-1.3.0.jar (androidx.annotation:annotation:1.3.0) with IdentityTransform
Transforming annotation-1.3.0.jar (androidx.annotation:annotation:1.3.0) with IdentityTransform
Transforming annotation-1.3.0.jar (androidx.annotation:annotation:1.3.0) with DexingNoClasspathTransform
Transforming annotation-1.3.0.jar (androidx.annotation:annotation:1.3.0) with DexingOutputSplitTransform
Transforming annotation-experimental-1.3.0.aar (androidx.annotation:annotation-experimental:1.3.0) with AarToClassTransform
Transforming annotation-experimental-1.3.0.aar (androidx.annotation:annotation-experimental:1.3.0) with IdentityTransform
Transforming annotation-experimental-1.3.0.aar (androidx.annotation:annotation-experimental:1.3.0) with DexingNoClasspathTransform
Transforming annotation-experimental-1.3.0.aar (androidx.annotation:annotation-experimental:1.3.0) with DexingOutputSplitTransform
Transforming kotlinx-coroutines-core-jvm-1.6.4.jar (org.jetbrains.kotlinx:kotlinx-coroutines-core-jvm:1.6.4) with IdentityTransform
Transforming kotlinx-coroutines-core-jvm-1.6.4.jar (org.jetbrains.kotlinx:kotlinx-coroutines-core-jvm:1.6.4) with IdentityTransform
Transforming kotlinx-coroutines-core-jvm-1.6.4.jar (org.jetbrains.kotlinx:kotlinx-coroutines-core-jvm:1.6.4) with DexingNoClasspathTransform
Transforming kotlinx-coroutines-core-jvm-1.6.4.jar (org.jetbrains.kotlinx:kotlinx-coroutines-core-jvm:1.6.4) with DexingOutputSplitTransform
Transforming kotlinx-coroutines-android-1.6.4.jar (org.jetbrains.kotlinx:kotlinx-coroutines-android:1.6.4) with IdentityTransform
Transforming kotlinx-coroutines-android-1.6.4.jar (org.jetbrains.kotlinx:kotlinx-coroutines-android:1.6.4) with IdentityTransform
Transforming kotlinx-coroutines-android-1.6.4.jar (org.jetbrains.kotlinx:kotlinx-coroutines-android:1.6.4) with DexingNoClasspathTransform
Transforming kotlinx-coroutines-android-1.6.4.jar (org.jetbrains.kotlinx:kotlinx-coroutines-android:1.6.4) with DexingOutputSplitTransform
Transforming kotlin-stdlib-jdk8-1.8.22.jar (org.jetbrains.kotlin:kotlin-stdlib-jdk8:1.8.22) with IdentityTransform
Transforming kotlin-stdlib-jdk8-1.8.22.jar (org.jetbrains.kotlin:kotlin-stdlib-jdk8:1.8.22) with IdentityTransform
Transforming kotlin-stdlib-jdk8-1.8.22.jar (org.jetbrains.kotlin:kotlin-stdlib-jdk8:1.8.22) with DexingNoClasspathTransform
Transforming kotlin-stdlib-jdk8-1.8.22.jar (org.jetbrains.kotlin:kotlin-stdlib-jdk8:1.8.22) with DexingOutputSplitTransform
Transforming kotlin-stdlib-jdk7-1.8.22.jar (org.jetbrains.kotlin:kotlin-stdlib-jdk7:1.8.22) with IdentityTransform
Transforming kotlin-stdlib-jdk7-1.8.22.jar (org.jetbrains.kotlin:kotlin-stdlib-jdk7:1.8.22) with IdentityTransform
Transforming kotlin-stdlib-jdk7-1.8.22.jar (org.jetbrains.kotlin:kotlin-stdlib-jdk7:1.8.22) with DexingNoClasspathTransform
Transforming kotlin-stdlib-jdk7-1.8.22.jar (org.jetbrains.kotlin:kotlin-stdlib-jdk7:1.8.22) with DexingOutputSplitTransform
Transforming kotlin-stdlib-1.8.22.jar (org.jetbrains.kotlin:kotlin-stdlib:1.8.22) with IdentityTransform
Transforming kotlin-stdlib-1.8.22.jar (org.jetbrains.kotlin:kotlin-stdlib:1.8.22) with IdentityTransform
Transforming kotlin-stdlib-1.8.22.jar (org.jetbrains.kotlin:kotlin-stdlib:1.8.22) with DexingNoClasspathTransform
Transforming kotlin-stdlib-1.8.22.jar (org.jetbrains.kotlin:kotlin-stdlib:1.8.22) with DexingOutputSplitTransform
Transforming error_prone_annotations-2.15.0.jar (com.google.errorprone:error_prone_annotations:2.15.0) with IdentityTransform
Transforming error_prone_annotations-2.15.0.jar (com.google.errorprone:error_prone_annotations:2.15.0) with IdentityTransform
Transforming error_prone_annotations-2.15.0.jar (com.google.errorprone:error_prone_annotations:2.15.0) with DexingNoClasspathTransform
Transforming error_prone_annotations-2.15.0.jar (com.google.errorprone:error_prone_annotations:2.15.0) with DexingOutputSplitTransform
Transforming constraintlayout-core-1.0.4.jar (androidx.constraintlayout:constraintlayout-core:1.0.4) with IdentityTransform
Caching disabled for DexingOutputSplitTransform: /home/runner/.gradle/caches/transforms-4/8e0c194ff783b72f2e3c15ea60ae3770/transformed/vectordrawable-1.1.0-runtime because:
  Caching not enabled.
Transforming constraintlayout-core-1.0.4.jar (androidx.constraintlayout:constraintlayout-core:1.0.4) with IdentityTransform
Transforming constraintlayout-core-1.0.4.jar (androidx.constraintlayout:constraintlayout-core:1.0.4) with DexingNoClasspathTransform
Transforming constraintlayout-core-1.0.4.jar (androidx.constraintlayout:constraintlayout-core:1.0.4) with DexingOutputSplitTransform
Transforming kotlin-stdlib-common-1.8.22.jar (org.jetbrains.kotlin:kotlin-stdlib-common:1.8.22) with IdentityTransform
Transforming kotlin-stdlib-common-1.8.22.jar (org.jetbrains.kotlin:kotlin-stdlib-common:1.8.22) with IdentityTransform
Transforming kotlin-stdlib-common-1.8.22.jar (org.jetbrains.kotlin:kotlin-stdlib-common:1.8.22) with DexingNoClasspathTransform
Transforming kotlin-stdlib-common-1.8.22.jar (org.jetbrains.kotlin:kotlin-stdlib-common:1.8.22) with DexingOutputSplitTransform
Transforming annotations-13.0.jar (org.jetbrains:annotations:13.0) with IdentityTransform
Transforming annotations-13.0.jar (org.jetbrains:annotations:13.0) with IdentityTransform
Transforming annotations-13.0.jar (org.jetbrains:annotations:13.0) with DexingNoClasspathTransform
Transforming annotations-13.0.jar (org.jetbrains:annotations:13.0) with DexingOutputSplitTransform
Transforming listenablefuture-1.0.jar (com.google.guava:listenablefuture:1.0) with IdentityTransform
Transforming listenablefuture-1.0.jar (com.google.guava:listenablefuture:1.0) with IdentityTransform
Transforming listenablefuture-1.0.jar (com.google.guava:listenablefuture:1.0) with DexingNoClasspathTransform
Transforming listenablefuture-1.0.jar (com.google.guava:listenablefuture:1.0) with DexingOutputSplitTransform
Caching disabled for DexingOutputSplitTransform: /home/runner/.gradle/caches/transforms-4/0a201d97865776a50359e9bd910f6862/transformed/slidingpanelayout-1.2.0-runtime because:
  Caching not enabled.
Caching disabled for DexingOutputSplitTransform: /home/runner/.gradle/caches/transforms-4/3de37fbf03c9f2f46dff7f6b26ef4815/transformed/savedstate-ktx-1.2.1-runtime because:
  Caching not enabled.
Caching disabled for DexingOutputSplitTransform: /home/runner/.gradle/caches/transforms-4/5434434cd8eb5caa961779ba7f316510/transformed/loader-1.0.0-runtime because:
  Caching not enabled.
Caching disabled for DexingOutputSplitTransform: /home/runner/.gradle/caches/transforms-4/1fe5106e2964af90b9f8e5cdaf0ea199/transformed/lifecycle-viewmodel-ktx-2.6.1-runtime because:
  Caching not enabled.
Caching disabled for DexingOutputSplitTransform: /home/runner/.gradle/caches/transforms-4/56118c37c3bb67ce321b8245a786181a/transformed/lifecycle-runtime-ktx-2.6.1-runtime because:
  Caching not enabled.
Caching disabled for DexingOutputSplitTransform: /home/runner/.gradle/caches/transforms-4/0962abf539bda38d02d5a7fc093ac964/transformed/savedstate-1.2.1-runtime because:
  Caching not enabled.
Caching disabled for DexingOutputSplitTransform: /home/runner/.gradle/caches/transforms-4/160e63acfd3e4bcbd7be62638d5f8bb5/transformed/lifecycle-process-2.6.1-runtime because:
  Caching not enabled.
Caching disabled for DexingOutputSplitTransform: /home/runner/.gradle/caches/transforms-4/f53adb3dacfe897a829265818a608458/transformed/lifecycle-livedata-core-ktx-2.6.1-runtime because:
  Caching not enabled.
Caching disabled for DexingOutputSplitTransform: /home/runner/.gradle/caches/transforms-4/5a5b674195ca10a898927bf11c018d3d/transformed/lifecycle-livedata-core-2.6.1-runtime because:
  Caching not enabled.
Caching disabled for DexingOutputSplitTransform: /home/runner/.gradle/caches/transforms-4/64eb0b53620e7ed90f7d8bba111ff467/transformed/lifecycle-livedata-2.6.1-runtime because:
  Caching not enabled.
Caching disabled for DexingOutputSplitTransform: /home/runner/.gradle/caches/transforms-4/777260190af5349cf84937a0fcb7391b/transformed/lifecycle-common-2.6.1 because:
  Caching not enabled.
Caching disabled for DexingOutputSplitTransform: /home/runner/.gradle/caches/transforms-4/18a00328500ace02824b6efe86d2464e/transformed/lifecycle-viewmodel-2.6.1-runtime because:
  Caching not enabled.
Caching disabled for DexingOutputSplitTransform: /home/runner/.gradle/caches/transforms-4/8e506a625c30f7e6f1b33e343b091ac5/transformed/lifecycle-runtime-2.6.1-runtime because:
  Caching not enabled.
Caching disabled for DexingOutputSplitTransform: /home/runner/.gradle/caches/transforms-4/e34a7eda146e119c81538cf0955ff89a/transformed/lifecycle-viewmodel-savedstate-2.6.1-runtime because:
  Caching not enabled.
Caching disabled for DexingOutputSplitTransform: /home/runner/.gradle/caches/transforms-4/c44860a8258861f1d42a5d3221239476/transformed/core-ktx-1.9.0-runtime because:
  Caching not enabled.
Caching disabled for DexingOutputSplitTransform: /home/runner/.gradle/caches/transforms-4/a40fd6c3e4472b197fba2e359fd54005/transformed/recyclerview-1.1.0-runtime because:
  Caching not enabled.
Caching disabled for DexingOutputSplitTransform: /home/runner/.gradle/caches/transforms-4/8217c24db5b6d66ae4e00753c7a30a7e/transformed/viewpager-1.0.0-runtime because:
  Caching not enabled.
Caching disabled for DexingOutputSplitTransform: /home/runner/.gradle/caches/transforms-4/17215b0ceff733f2d95cb3a1d6db0d28/transformed/customview-1.1.0-runtime because:
  Caching not enabled.
Caching disabled for DexingOutputSplitTransform: /home/runner/.gradle/caches/transforms-4/057228e9781591df0b5480fd3de833e1/transformed/transition-1.4.1-runtime because:
  Caching not enabled.
Caching disabled for DexingOutputSplitTransform: /home/runner/.gradle/caches/transforms-4/30515da7f7f286bf69a61821fa36b4ef/transformed/window-1.0.0-runtime because:
  Caching not enabled.
Caching disabled for DexingOutputSplitTransform: /home/runner/.gradle/caches/transforms-4/dc97dc9fd49491b542c1472a300f50cd/transformed/core-1.9.0-runtime because:
  Caching not enabled.
Caching disabled for DexingOutputSplitTransform: /home/runner/.gradle/caches/transforms-4/efea09f368a02aacfd2d6442f88d3a31/transformed/cursoradapter-1.0.0-runtime because:
  Caching not enabled.
Caching disabled for DexingOutputSplitTransform: /home/runner/.gradle/caches/transforms-4/7d4d950086188cb741a5c5c7d4667cea/transformed/resourceinspection-annotation-1.0.1 because:
  Caching not enabled.
Caching disabled for DexingOutputSplitTransform: /home/runner/.gradle/caches/transforms-4/825bf517cca4a661181df27608573fce/transformed/cardview-1.0.0-runtime because:
  Caching not enabled.
Caching disabled for DexingOutputSplitTransform: /home/runner/.gradle/caches/transforms-4/927ec14c27c3af8aa1d90d2b7308ad4a/transformed/versionedparcelable-1.1.1-runtime because:
  Caching not enabled.
Caching disabled for DexingOutputSplitTransform: /home/runner/.gradle/caches/transforms-4/a0df8bcf3fc14fcb133bfcf829d7d410/transformed/collection-ktx-1.1.0 because:
  Caching not enabled.
Caching disabled for DexingOutputSplitTransform: /home/runner/.gradle/caches/transforms-4/5e18c4184c97fe91612ba770985703bc/transformed/collection-1.1.0 because:
  Caching not enabled.
Caching disabled for DexingOutputSplitTransform: /home/runner/.gradle/caches/transforms-4/b53feebcca4bb8ada49bdc01850d3598/transformed/profileinstaller-1.3.0-runtime because:
  Caching not enabled.
Caching disabled for DexingOutputSplitTransform: /home/runner/.gradle/caches/transforms-4/9150e5f2cba0443b69c26ff44ecb4786/transformed/startup-runtime-1.1.1-runtime because:
  Caching not enabled.
Caching disabled for DexingOutputSplitTransform: /home/runner/.gradle/caches/transforms-4/dd6a3befd3d3eaffa72af759a783778b/transformed/tracing-1.0.0-runtime because:
  Caching not enabled.
Caching disabled for DexingOutputSplitTransform: /home/runner/.gradle/caches/transforms-4/6ddf8318c457de5895a224e7150ae584/transformed/core-runtime-2.2.0-runtime because:
  Caching not enabled.
Caching disabled for DexingOutputSplitTransform: /home/runner/.gradle/caches/transforms-4/f6a767aaafa3726e16c2ab2884ccdd08/transformed/interpolator-1.0.0-runtime because:
  Caching not enabled.
Caching disabled for DexingOutputSplitTransform: /home/runner/.gradle/caches/transforms-4/c898239e5dfd629446cb62a1af22f9e6/transformed/core-common-2.2.0 because:
  Caching not enabled.
Caching disabled for DexingOutputSplitTransform: /home/runner/.gradle/caches/transforms-4/ac7a9ad0a45d19f3f8260237e7bd0306/transformed/concurrent-futures-1.1.0 because:
  Caching not enabled.
Caching disabled for DexingOutputSplitTransform: /home/runner/.gradle/caches/transforms-4/3ec47fa1c9cc41bd978d4900aba56101/transformed/localbroadcastmanager-1.0.0-runtime because:
  Caching not enabled.
Caching disabled for DexingOutputSplitTransform: /home/runner/.gradle/caches/transforms-4/d15331714f733cdd619091eb101f471e/transformed/print-1.0.0-runtime because:
  Caching not enabled.
Caching disabled for DexingOutputSplitTransform: /home/runner/.gradle/caches/transforms-4/f527829b7a513872c950a61f907d4e96/transformed/annotation-1.3.0 because:
  Caching not enabled.
Caching disabled for DexingOutputSplitTransform: /home/runner/.gradle/caches/transforms-4/a99c8509e6ba3717e42fe821e059b183/transformed/annotation-experimental-1.3.0-runtime because:
  Caching not enabled.
Caching disabled for DexingOutputSplitTransform: /home/runner/.gradle/caches/transforms-4/feea344d497819460eaf019c2528374d/transformed/kotlinx-coroutines-core-jvm-1.6.4 because:
  Caching not enabled.
Caching disabled for DexingOutputSplitTransform: /home/runner/.gradle/caches/transforms-4/78cba99b2734cdcb1ebd661d54e05217/transformed/kotlinx-coroutines-android-1.6.4 because:
  Caching not enabled.
Caching disabled for DexingOutputSplitTransform: /home/runner/.gradle/caches/transforms-4/acf500f7c5d72f1b29d2ba38be65f901/transformed/kotlin-stdlib-1.8.22 because:
  Caching not enabled.
Caching disabled for DexingOutputSplitTransform: /home/runner/.gradle/caches/transforms-4/a95607e5edd796b438f0477b1d8b8fff/transformed/error_prone_annotations-2.15.0 because:
  Caching not enabled.
Caching disabled for DexingOutputSplitTransform: /home/runner/.gradle/caches/transforms-4/06573e56d54e24e2905f49653253508f/transformed/constraintlayout-core-1.0.4 because:
  Caching not enabled.
Caching disabled for DexingOutputSplitTransform: /home/runner/.gradle/caches/transforms-4/ae2f223577ac09142a53161a3c2d3cbf/transformed/annotations-13.0 because:
  Caching not enabled.
Caching disabled for DexingOutputSplitTransform: /home/runner/.gradle/caches/transforms-4/ffb44b3c46b89989e3e259b5c4cae33d/transformed/listenablefuture-1.0 because:
  Caching not enabled.
Caching disabled for DexingOutputSplitTransform: /home/runner/.gradle/caches/transforms-4/6c63c46b709d617aee9183796bfef266/transformed/preference-1.2.1-runtime because:
  Caching not enabled.
Build cache key for task ':app:mergeReleaseGlobalSynthetics' is 0e8b24c35293d4e8c31a020b0b5e9f96
Task ':app:mergeReleaseGlobalSynthetics' is not up-to-date because:
  No history is available.
Stored cache entry for task ':app:mergeReleaseGlobalSynthetics' with cache key 0e8b24c35293d4e8c31a020b0b5e9f96

> Task :app:optimizeReleaseResources
Custom actions are attached to task ':app:optimizeReleaseResources'.
Build cache key for task ':app:optimizeReleaseResources' is da8a9285d8e9e8d710505003133331a3
Task ':app:optimizeReleaseResources' is not up-to-date because:
  No history is available.
Stored cache entry for task ':app:optimizeReleaseResources' with cache key da8a9285d8e9e8d710505003133331a3

> Task :app:mergeExtDexRelease
Stored cache entry for task ':app:mergeExtDexRelease' with cache key 0dbf2f55389200555e0ff739eae8f6c0
Resolve mutations for :app:mergeDexRelease (Thread[included builds,5,main]) started.
:app:mergeDexRelease (Thread[included builds,5,main]) started.

> Task :app:mergeDexRelease
Build cache key for task ':app:mergeDexRelease' is 2b3e04b3c987a54274d2f71a8eec7209
Task ':app:mergeDexRelease' is not up-to-date because:
  No history is available.
The input changes require a full rebuild for incremental task ':app:mergeDexRelease'.
Merging to '/home/runner/work/NearChuckle-android-wip-edition/NearChuckle-android-wip-edition/android/app/build/intermediates/dex/release/mergeDexRelease' with D8 from all or a subset of dex files in /home/runner/work/NearChuckle-android-wip-edition/NearChuckle-android-wip-edition/android/app/build/intermediates/project_dex_archive/release/dexBuilderRelease/out, /home/runner/work/NearChuckle-android-wip-edition/NearChuckle-android-wip-edition/android/app/build/intermediates/project_dex_archive/release/dexBuilderRelease/out, /home/runner/work/NearChuckle-android-wip-edition/NearChuckle-android-wip-edition/android/app/build/intermediates/project_dex_archive/release/dexBuilderRelease/out, /home/runner/work/NearChuckle-android-wip-edition/NearChuckle-android-wip-edition/android/app/build/intermediates/project_dex_archive/release/dexBuilderRelease/out, /home/runner/work/NearChuckle-android-wip-edition/NearChuckle-android-wip-edition/android/app/build/intermediates/project_dex_archive/release/dexBuilderRelease/out, /home/runner/work/NearChuckle-android-wip-edition/NearChuckle-android-wip-edition/android/app/build/intermediates/project_dex_archive/release/dexBuilderRelease/out, /home/runner/work/NearChuckle-android-wip-edition/NearChuckle-android-wip-edition/android/app/build/intermediates/project_dex_archive/release/dexBuilderRelease/out, /home/runner/work/NearChuckle-android-wip-edition/NearChuckle-android-wip-edition/android/app/build/intermediates/project_dex_archive/release/dexBuilderRelease/out, /home/runner/work/NearChuckle-android-wip-edition/NearChuckle-android-wip-edition/android/app/build/intermediates/project_dex_archive/release/dexBuilderRelease/out, /home/runner/work/NearChuckle-android-wip-edition/NearChuckle-android-wip-edition/android/app/build/intermediates/project_dex_archive/release/dexBuilderRelease/out, /home/runner/work/NearChuckle-android-wip-edition/NearChuckle-android-wip-edition/android/app/build/intermediates/project_dex_archive/release/dexBuilderRelease/out, /home/runner/work/NearChuckle-android-wip-edition/NearChuckle-android-wip-edition/android/app/build/intermediates/project_dex_archive/release/dexBuilderRelease/out, /home/runner/work/NearChuckle-android-wip-edition/NearChuckle-android-wip-edition/android/app/build/intermediates/external_libs_dex/release/mergeExtDexRelease, /home/runner/work/NearChuckle-android-wip-edition/NearChuckle-android-wip-edition/android/app/build/intermediates/project_dex_archive/release/dexBuilderRelease/out/2e75b517abfcfc3dd5a4ca90338a9d9a068736d6b4fdc65db918ee34a1d9223e_0.jar, /home/runner/work/NearChuckle-android-wip-edition/NearChuckle-android-wip-edition/android/app/build/intermediates/project_dex_archive/release/dexBuilderRelease/out/2e75b517abfcfc3dd5a4ca90338a9d9a068736d6b4fdc65db918ee34a1d9223e_1.jar, and from all global synthetics files in 
Stored cache entry for task ':app:mergeDexRelease' with cache key 2b3e04b3c987a54274d2f71a8eec7209
Resolve mutations for :app:compileReleaseArtProfile (Thread[Execution worker Thread 2,5,main]) started.
:app:compileReleaseArtProfile (Thread[Execution worker Thread 2,5,main]) started.

> Task :app:compileReleaseArtProfile
Build cache key for task ':app:compileReleaseArtProfile' is c30abefbba8c0e3f95249b729fbe6c1f
Task ':app:compileReleaseArtProfile' is not up-to-date because:
  No history is available.
Stored cache entry for task ':app:compileReleaseArtProfile' with cache key c30abefbba8c0e3f95249b729fbe6c1f
Resolve mutations for :app:packageRelease (Thread[Execution worker Thread 2,5,main]) started.
:app:packageRelease (Thread[Execution worker Thread 2,5,main]) started.

> Task :app:packageRelease
Custom actions are attached to task ':app:packageRelease'.
Caching disabled for task ':app:packageRelease' because:
  Caching has been disabled for the task
Task ':app:packageRelease' is not up-to-date because:
  No history is available.
The input changes require a full rebuild for incremental task ':app:packageRelease'.
Resolve mutations for :app:createReleaseApkListingFileRedirect (Thread[Execution worker Thread 2,5,main]) started.
:app:createReleaseApkListingFileRedirect (Thread[Execution worker Thread 2,5,main]) started.

> Task :app:createReleaseApkListingFileRedirect
Caching disabled for task ':app:createReleaseApkListingFileRedirect' because:
  Caching has been disabled for the task
Task ':app:createReleaseApkListingFileRedirect' is not up-to-date because:
  No history is available.
Resolve mutations for :app:assembleRelease (Thread[Execution worker Thread 2,5,main]) started.
:app:assembleRelease (Thread[Execution worker Thread 2,5,main]) started.

> Task :app:assembleRelease
Skipping task ':app:assembleRelease' as it has no actions.
AAPT2 aapt2-8.6.0-11315950-linux Daemon #0: shutdown
AAPT2 aapt2-8.6.0-11315950-linux Daemon #1: shutdown

BUILD SUCCESSFUL in 34s
49 actionable tasks: 44 executed, 5 from cache
