offline mode
ninja: Entering directory `out/Android_arm'


disable fast local for non-interactive: fastlocal=1->0
 use `--fast_local` to enable fast local with non-interactive mode
schedule pending:1+ready:0 (node:5701 edge:2)
build start: Ready 1 Pending 1
rebuild manifest finished

loading build.ninja... done 87.543814ms
load siso config done 395.769098ms
schedule pending:1+ready:0 (node:19597 edge:2)
build start: Ready 1 Pending 1
rebuild manifest finished
schedule pending:1+ready:0 (node:19597 edge:6)
build start: Ready 243 Pending 2010
[0/2251] 0.57s S CXX clang_x64/obj/third_party/abseil-cpp/absl/random/seed_sequences/seed_sequences.o
[0/2251] 0.57s S CXX clang_x64/obj/third_party/abseil-cpp/absl/log/internal/structured_proto/structured_proto.o
[0/2251] 0.57s S CXX clang_x64/obj/third_party/abseil-cpp/absl/random/internal/platform/randen_round_keys.o
[0/2251] 0.57s S CXX obj/libEGL_egl_loader/egl_loader_autogen.o
[0/2249] 0.57s S CXX clang_x64/obj/third_party/abseil-cpp/absl/crc/crc_cord_state/crc_cord_state.o
[0/2249] 0.57s S CXX clang_x64/obj/third_party/abseil-cpp/absl/hash/hash/hash.o
[0/2249] 0.57s S CXX clang_x64/obj/third_party/abseil-cpp/absl/random/distributions/gaussian_distribution.o
[0/2248] 0.57s S CXX clang_x64/obj/third_party/abseil-cpp/absl/log/internal/proto/proto.o
[0/2248] 0.57s S CXX clang_x64/obj/third_party/abseil-cpp/absl/log/initialize/initialize.o
[0/2248] 0.57s S CC clang_x64/obj/third_party/protobuf/utf8_range/utf8_range.o
[0/2248] 0.57s S CXX clang_x64/obj/third_party/abseil-cpp/absl/log/log_sink/log_sink.o
[0/2248] 0.57s S CXX clang_x64/obj/third_party/abseil-cpp/absl/log/die_if_null/die_if_null.o
[0/2248] 0.57s S CXX clang_x64/obj/third_party/abseil-cpp/absl/time/clock_interface/clock_interface.o
[0/2248] 0.57s S CXX clang_x64/obj/third_party/abseil-cpp/absl/log/log_entry/log_entry.o
[0/2247] 0.57s S CXX clang_x64/obj/third_party/abseil-cpp/absl/log/internal/conditions/conditions.o
[0/2247] 0.57s S CXX clang_x64/obj/third_party/abseil-cpp/absl/random/internal/entropy_pool/entropy_pool.o
[0/2247] 0.57s S CXX clang_x64/obj/third_party/abseil-cpp/absl/status/statusor/statusor.o
[0/2247] 0.57s S CXX clang_x64/obj/third_party/abseil-cpp/absl/log/internal/fnmatch/fnmatch.o
[0/2245] 0.57s S CXX clang_x64/obj/third_party/abseil-cpp/absl/strings/internal/ostringstream.o
[0/2245] 0.57s S CXX clang_x64/obj/third_party/abseil-cpp/absl/status/status_builder/status_builder.o
[0/2245] 0.57s S CXX clang_x64/obj/third_party/abseil-cpp/absl/random/seed_gen_exception/seed_gen_exception.o
[0/2245] 0.57s S CXX clang_x64/obj/third_party/abseil-cpp/absl/strings/str_format_internal/bind.o
[0/2245] 0.57s S CXX clang_x64/obj/third_party/abseil-cpp/absl/random/internal/randen/randen.o
[0/2244] 0.57s S CXX clang_x64/obj/third_party/abseil-cpp/absl/base/strerror/strerror.o
[0/2244] 0.57s S CXX clang_x64/obj/third_party/abseil-cpp/absl/log/internal/vlog_config/vlog_config.o
[0/2244] 0.57s S CXX clang_x64/obj/third_party/abseil-cpp/absl/random/internal/seed_material/seed_material.o
[0/2244] 0.57s S CXX clang_x64/obj/third_party/abseil-cpp/absl/status/status/status.o
[0/2244] 0.57s S CXX clang_x64/obj/third_party/abseil-cpp/absl/strings/internal/escaping.o
[0/2244] 0.57s S CXX clang_x64/obj/third_party/abseil-cpp/absl/random/internal/randen_slow/randen_slow.o
[0/2244] 0.57s S CXX clang_x64/obj/third_party/abseil-cpp/absl/random/distributions/discrete_distribution.o
[0/2243] 0.57s S CXX clang_x64/obj/third_party/abseil-cpp/absl/log/globals/globals.o
[0/2243] 0.57s S CXX clang_x64/obj/third_party/abseil-cpp/absl/random/internal/randen_hwaes_impl/randen_hwaes.o
[0/2243] 0.57s S CXX clang_x64/obj/third_party/protobuf/protoc_java/doc_comment.o
[0/2242] 0.57s S CXX clang_x64/obj/third_party/abseil-cpp/absl/base/raw_logging_internal/raw_logging.o
[0/2242] 0.57s S CXX clang_x64/obj/third_party/abseil-cpp/absl/log/internal/globals/globals.o
[0/2242] 0.57s S CXX clang_x64/obj/third_party/protobuf/protoc_cpp/extension.o
[0/2241] 0.57s S CXX clang_x64/obj/third_party/abseil-cpp/absl/log/internal/log_sink_set/log_sink_set.o
[0/2241] 0.57s S CXX clang_x64/obj/third_party/abseil-cpp/absl/log/internal/format/log_format.o
[0/2241] 0.57s S CXX clang_x64/obj/third_party/protobuf/protoc/main.o
[0/2241] 0.57s S CXX clang_x64/obj/third_party/abseil-cpp/absl/random/internal/randen_hwaes/randen_detect.o
[0/2241] 0.57s S CXX clang_x64/obj/third_party/abseil-cpp/absl/log/internal/log_message/log_message.o
[0/2240] 0.57s S CXX clang_x64/obj/third_party/protobuf/protobuf_lite_library/any_lite.o
[0/2240] 0.57s S CXX clang_x64/obj/third_party/protobuf/protobuf_lite_library/arena.o
[0/2240] 0.57s S CXX clang_x64/obj/third_party/protobuf/protobuf_lite_library/unknown_field_set_lite.o
[0/2240] 0.57s S CXX clang_x64/obj/third_party/protobuf/protobuf_lite_library/arena_align.o
[0/2240] 0.57s S CXX clang_x64/obj/third_party/protobuf/protobuf_lite_library/arena_allocation_policy.o
[0/2240] 0.57s S CXX clang_x64/obj/third_party/protobuf/protobuf_lite_library/arenastring.o
[0/2240] 0.57s S CXX clang_x64/obj/third_party/abseil-cpp/absl/log/internal/nullguard/nullguard.o
[0/2240] 0.57s S CXX clang_x64/obj/third_party/protobuf/protobuf_lite_library/repeated_field.o
[0/2240] 0.57s S CXX clang_x64/obj/third_party/abseil-cpp/absl/log/internal/check_op/check_op.o
[0/2240] 0.57s S CXX clang_x64/obj/third_party/protobuf/protobuf_lite_library/arenaz_sampler.o
[0/2240] 0.57s S CXX clang_x64/obj/third_party/protobuf/protobuf_lite_library/extension_set.o
[0/2240] 0.57s S CXX clang_x64/obj/third_party/abseil-cpp/absl/debugging/leak_check/leak_check.o
[0/2240] 0.58s S CXX clang_x64/obj/third_party/protobuf/protobuf_lite_library/generated_enum_util.o
[0/2240] 0.58s S CXX clang_x64/obj/third_party/protobuf/protobuf_lite_library/micro_string.o
[0/2240] 0.58s S CXX clang_x64/obj/third_party/abseil-cpp/absl/debugging/examine_stack/examine_stack.o
[0/2240] 0.58s S CXX clang_x64/obj/third_party/protobuf/protobuf_lite_library/generated_message_tctable_lite.o
[0/2240] 0.58s S CXX clang_x64/obj/third_party/protobuf/protobuf_lite_library/generated_message_util.o
[0/2240] 0.58s S CXX clang_x64/obj/third_party/protobuf/protobuf_lite_library/implicit_weak_message.o
[0/2240] 0.58s S CXX clang_x64/obj/third_party/protobuf/protobuf_lite_library/inlined_string_field.o
[0/2240] 0.58s S CXX clang_x64/obj/third_party/abseil-cpp/absl/strings/internal/utf8.o
[0/2240] 0.58s S CXX clang_x64/obj/third_party/abseil-cpp/absl/base/tracing_internal/tracing.o
[0/2240] 0.58s S CXX clang_x64/obj/third_party/abseil-cpp/absl/debugging/failure_signal_handler/failure_signal_handler.o
[0/2239] 0.58s S CXX clang_x64/obj/third_party/abseil-cpp/absl/container/hashtablez_sampler/hashtablez_sampler_force_weak_definition.o
[0/2234] 0.58s S CXX clang_x64/obj/third_party/abseil-cpp/absl/container/raw_hash_set/raw_hash_set.o
[0/2230] 0.58s S CXX clang_x64/obj/third_party/protobuf/protobuf_lite_library/coded_stream.o
[0/2212] 0.58s S CXX clang_x64/obj/third_party/abseil-cpp/absl/debugging/symbolize/symbolize.o
[0/2192] 0.58s S CXX clang_x64/obj/third_party/protobuf/protobuf_lite_library/zero_copy_sink.o
[0/2202] 0.58s S CXX clang_x64/obj/third_party/protobuf/protobuf_lite_library/printer.o
[0/2211] 0.58s S CXX clang_x64/obj/third_party/protobuf/protobuf_lite_library/io_win32.o
[0/2196] 0.58s S CXX clang_x64/obj/third_party/protobuf/protobuf_lite_library/strtod.o
[0/2195] 0.58s S CXX clang_x64/obj/third_party/protobuf/protobuf_lite_library/tokenizer.o
[0/2195] 0.58s S CXX clang_x64/obj/buildtools/third_party/libc++abi/libc++abi/stdlib_exception.o
[0/2194] 0.58s S CXX clang_x64/obj/third_party/abseil-cpp/absl/debugging/debugging_internal/elf_mem_image.o
[0/2192] 0.58s S CXX clang_x64/obj/third_party/abseil-cpp/absl/time/internal/cctz/time_zone/time_zone_format.o
[0/2192] 0.59s S CXX clang_x64/obj/buildtools/third_party/libc++abi/libc++abi/private_typeinfo.o
[0/2193] 0.58s S CXX clang_x64/obj/third_party/abseil-cpp/absl/debugging/stacktrace/stacktrace.o
[0/2192] 0.59s S CXX clang_x64/obj/third_party/abseil-cpp/absl/synchronization/kernel_timeout_internal/kernel_timeout.o
[0/2190] 0.59s S CXX clang_x64/obj/third_party/protobuf/protobuf_lite_library/zero_copy_stream.o
[0/2182] 0.59s S CXX clang_x64/obj/third_party/protobuf/protobuf_lite_library/zero_copy_stream_impl.o
[0/2177] 0.59s S CXX clang_x64/obj/third_party/abseil-cpp/absl/strings/str_format_internal/arg.o
[0/2177] 0.59s S CXX clang_x64/obj/third_party/protobuf/protobuf_lite_library/zero_copy_stream_impl_lite.o
[0/2177] 0.59s S CXX clang_x64/obj/third_party/abseil-cpp/absl/strings/str_format_internal/parser.o
[0/2177] 0.59s S CXX clang_x64/obj/third_party/protobuf/protobuf_lite_library/map.o
[0/2177] 0.59s S CXX clang_x64/obj/third_party/abseil-cpp/absl/strings/str_format_internal/output.o
[0/2177] 0.59s S CXX clang_x64/obj/third_party/protobuf/protobuf_lite_library/message_lite.o
[0/2177] 0.59s S CXX clang_x64/obj/third_party/protobuf/protobuf_lite_library/parse_context.o
[0/2177] 0.59s S CXX clang_x64/obj/third_party/abseil-cpp/absl/time/internal/cctz/civil_time/civil_time_detail.o
[0/2177] 0.59s S CXX clang_x64/obj/buildtools/third_party/libc++abi/libc++abi/fallback_malloc.o
[0/2176] 0.59s S CXX clang_x64/obj/third_party/protobuf/protobuf_lite_library/port.o
[0/2176] 0.59s S CXX clang_x64/obj/third_party/abseil-cpp/absl/time/time/clock.o
[0/2176] 0.59s S CXX clang_x64/obj/third_party/protobuf/protobuf_lite_library/raw_ptr.o
[0/2176] 0.59s S CXX clang_x64/obj/third_party/abseil-cpp/absl/base/malloc_internal/low_level_alloc.o
[0/2176] 0.59s S CXX clang_x64/obj/third_party/abseil-cpp/absl/synchronization/graphcycles_internal/graphcycles.o
[0/2176] 0.59s S CXX clang_x64/obj/third_party/protobuf/protobuf_lite_library/repeated_ptr_field.o
[0/2175] 0.59s S CXX clang_x64/obj/third_party/protobuf/protobuf_lite_library/common.o
[0/2175] 0.59s S CXX clang_x64/obj/third_party/abseil-cpp/absl/synchronization/synchronization/blocking_counter.o
[0/2175] 0.59s S CXX clang_x64/obj/third_party/protobuf/protobuf_lite_library/type_id.o
[0/2175] 0.59s S CXX clang_x64/obj/third_party/protobuf/protobuf_lite_library/wire_format_lite.o
[0/2174] 0.59s S CXX clang_x64/obj/third_party/abseil-cpp/absl/strings/cordz_handle/cordz_handle.o
[0/2174] 0.59s S ACTION //third_party/spirv-tools/src:spvtools_generators_inc(//build/toolchain/android:android_clang_arm)
[0/2174] 0.59s S ACTION //third_party/spirv-tools/src:spvtools_language_header_armexperimentalmloperations(//build/toolchain/android:android_clang_arm)
[0/2174] 0.59s S CXX clang_x64/obj/buildtools/third_party/libc++abi/libc++abi/cxa_virtual.o
[0/2174] 0.59s S ACTION //third_party/spirv-tools/src:spvtools_core_tables(//build/toolchain/android:android_clang_arm)
[0/2174] 0.59s S CXX clang_x64/obj/third_party/abseil-cpp/absl/strings/str_format_internal/float_conversion.o
[0/2174] 0.59s S CXX clang_x64/obj/buildtools/third_party/libc++abi/libc++abi/cxa_vector.o
[0/2174] 0.59s S CXX clang_x64/obj/buildtools/third_party/libc++abi/libc++abi/cxa_personality.o
[0/2174] 0.59s S CXX clang_x64/obj/third_party/abseil-cpp/absl/strings/str_format_internal/extension.o
[0/2174] 0.59s S ACTION //third_party/spirv-tools/src:spvtools_language_header_debuginfo(//build/toolchain/android:android_clang_arm)
[0/2172] 0.59s S CXX clang_x64/obj/buildtools/third_party/libc++abi/libc++abi/cxa_handlers.o
[0/2171] 0.60s S CXX clang_x64/obj/buildtools/third_party/libc++abi/libc++abi/cxa_exception_storage.o
[0/2171] 0.60s S CXX clang_x64/obj/third_party/protobuf/protoc_cpp/enum.o
[0/2171] 0.60s S ACTION //third_party/spirv-tools/src:spvtools_language_header_vkdebuginfo(//build/toolchain/android:android_clang_arm)
[0/2171] 0.60s S ACTION //third_party/spirv-tools/src:spvtools_language_header_debugprintf(//build/toolchain/android:android_clang_arm)
[0/2171] 0.60s S ACTION //third_party/spirv-tools/src:spvtools_language_header_graphdebuginfo(//build/toolchain/android:android_clang_arm)
[0/2171] 0.60s S CXX clang_x64/obj/third_party/protobuf/protoc_cpp/tracker.o
[0/2171] 0.60s S CXX clang_x64/obj/buildtools/third_party/libc++abi/libc++abi/cxa_exception.o
[0/2171] 0.60s S ACTION //third_party/spirv-tools/src:spvtools_language_header_cldebuginfo100(//build/toolchain/android:android_clang_arm)
[0/2167] 0.60s S CXX clang_x64/obj/third_party/abseil-cpp/absl/strings/cordz_functions/cordz_functions.o
[0/2167] 0.60s S CXX clang_x64/obj/buildtools/third_party/libc++abi/libc++abi/cxa_default_handlers.o
[0/2131] 0.62s S CC obj/xxhash/xxhash.o
[0/2165] 0.60s S CXX clang_x64/obj/third_party/protobuf/protoc_cpp/parse_function_generator.o
[0/2164] 0.60s S CXX clang_x64/obj/third_party/abseil-cpp/absl/profiling/exponential_biased/exponential_biased.o
[0/2164] 0.60s S CXX clang_x64/obj/third_party/abseil-cpp/absl/crc/crc32c/crc_memcpy_fallback.o
[0/2116] 0.65s S CXX obj/src/libANGLE/renderer/vulkan/angle_vk_mem_alloc_wrapper/vk_mem_alloc_wrapper.o
[0/2163] 0.60s S CXX clang_x64/obj/third_party/abseil-cpp/absl/crc/crc_internal/crc_x86_arm_combined.o
[0/2163] 0.60s S CXX clang_x64/obj/third_party/abseil-cpp/absl/base/cpu_detect/cpu_detect.o
[0/2162] 0.60s S CXX clang_x64/obj/third_party/abseil-cpp/absl/strings/cord/cord_analysis.o
[0/2161] 0.60s S CXX obj/third_party/abseil-cpp/absl/profiling/exponential_biased/exponential_biased.o
[0/2146] 0.60s S CXX clang_x64/obj/third_party/protobuf/protoc_cpp/namespace_printer.o
[0/2122] 0.62s S CXX clang_x64/obj/buildtools/third_party/libc++abi/libc++abi/cxa_aux_runtime.o
[0/2122] 0.62s S CXX clang_x64/obj/third_party/abseil-cpp/absl/types/source_location/source_location.o
[0/2167] 0.60s S CXX clang_x64/obj/third_party/abseil-cpp/absl/strings/cordz_info/cordz_info.o
[0/2122] 0.62s S CXX clang_x64/obj/third_party/abseil-cpp/absl/strings/strings/charconv.o
[0/2122] 0.62s S CXX clang_x64/obj/buildtools/third_party/libc++abi/libc++abi/abort_message.o
[0/2122] 0.62s S CXX clang_x64/obj/third_party/abseil-cpp/absl/time/time/format.o
[0/2122] 0.62s S CXX obj/third_party/abseil-cpp/absl/debugging/demangle_internal/demangle.o
[0/2122] 0.62s S CXX clang_x64/obj/third_party/abseil-cpp/absl/debugging/utf8_for_code_point/utf8_for_code_point.o
[0/2122] 0.62s S CXX clang_x64/obj/third_party/abseil-cpp/absl/debugging/decode_rust_punycode/decode_rust_punycode.o
[0/2122] 0.62s S CXX clang_x64/obj/third_party/protobuf/protobuf_full_library/service.o
[0/2122] 0.62s S CXX clang_x64/obj/third_party/protobuf/protobuf_full_library/importer.o
[0/2122] 0.62s S CXX clang_x64/obj/buildtools/third_party/libc++abi/libc++abi/cxa_thread_atexit.o
[0/2122] 0.62s S CXX clang_x64/obj/third_party/abseil-cpp/absl/debugging/demangle_rust/demangle_rust.o
[0/2122] 0.62s S CXX clang_x64/obj/buildtools/third_party/libc++abi/libc++abi/cxa_demangle.o
[0/2122] 0.62s S CXX obj/third_party/abseil-cpp/absl/debugging/debugging_internal/elf_mem_image.o
[0/2122] 0.62s S CXX clang_x64/obj/buildtools/third_party/libc++/libc++/vector.o
[0/2122] 0.62s S CXX clang_x64/obj/third_party/abseil-cpp/absl/debugging/demangle_internal/demangle.o
[0/2122] 0.62s S CXX clang_x64/obj/third_party/abseil-cpp/absl/numeric/int128/int128.o
[0/2122] 0.62s S CXX obj/third_party/abseil-cpp/absl/strings/strings/charconv.o
[0/2122] 0.62s S CXX clang_x64/obj/third_party/abseil-cpp/absl/base/throw_delegate/throw_delegate.o
[0/2122] 0.62s S CXX obj/third_party/abseil-cpp/absl/base/raw_logging_internal/raw_logging.o
[0/2122] 0.62s S CXX obj/third_party/abseil-cpp/absl/container/hashtablez_sampler/hashtablez_sampler_force_weak_definition.o
[0/2122] 0.62s S CXX clang_x64/obj/third_party/protobuf/protoc_lib/code_generator_lite.o
[0/2122] 0.62s S CXX clang_x64/obj/third_party/protobuf/protoc_java_full/enum_field.o
[0/2122] 0.62s S CXX clang_x64/obj/third_party/protobuf/protoc_python/helpers.o
[0/2122] 0.62s S CXX clang_x64/obj/third_party/protobuf/protoc_java_lite/enum_field.o
[0/2122] 0.62s S CXX clang_x64/obj/third_party/protobuf/protoc_java/context.o
[0/2122] 0.62s S CXX clang_x64/obj/third_party/protobuf/protoc_java/shared_code_generator.o
[0/2122] 0.62s S CXX clang_x64/obj/third_party/protobuf/protoc_java/names.o
[0/2122] 0.62s S CXX clang_x64/obj/third_party/protobuf/protoc_java/message_serialization.o
[0/2122] 0.62s S CXX clang_x64/obj/third_party/protobuf/protoc_java/internal_helpers.o
[0/2122] 0.62s S CXX clang_x64/obj/third_party/protobuf/protoc_java/name_resolver.o
[0/2122] 0.62s S CXX clang_x64/obj/third_party/protobuf/protoc_java/java_features.pb.o
[0/2122] 0.62s S CXX clang_x64/obj/third_party/protobuf/protoc_java/helpers.o
[0/2122] 0.62s S CXX clang_x64/obj/third_party/protobuf/protoc_java/file.o
[0/2122] 0.62s S CXX clang_x64/obj/third_party/protobuf/protoc_java/generator.o
[0/2122] 0.62s S CXX clang_x64/obj/third_party/protobuf/protoc_java/field_common.o
[0/2122] 0.62s S CXX clang_x64/obj/third_party/abseil-cpp/absl/container/hashtablez_sampler/hashtablez_sampler.o
[0/2122] 0.62s S CXX obj/third_party/abseil-cpp/absl/debugging/stacktrace/stacktrace.o
[0/2122] 0.62s S CXX clang_x64/obj/third_party/protobuf/protobuf_full_library/any.o
[0/2122] 0.62s S CXX clang_x64/obj/third_party/protobuf/protobuf_full_library/wire_format.o
[0/2122] 0.62s S CXX clang_x64/obj/third_party/protobuf/protobuf_full_library/message_differencer.o
[0/2122] 0.62s S CXX clang_x64/obj/third_party/protobuf/protobuf_full_library/field_comparator.o
[0/2122] 0.62s S CXX clang_x64/obj/third_party/protobuf/protobuf_full_library/delimited_message_util.o
[0/2122] 0.62s S CXX clang_x64/obj/third_party/protobuf/protobuf_full_library/unknown_field_set.o
[0/2122] 0.62s S CXX clang_x64/obj/third_party/protobuf/protobuf_full_library/text_format.o
[0/2122] 0.62s S CXX clang_x64/obj/third_party/protobuf/protobuf_full_library/symbol_checker.o
[0/2122] 0.62s S CXX clang_x64/obj/third_party/protobuf/protobuf_full_library/symbol.o
[0/2122] 0.62s S CXX clang_x64/obj/third_party/protobuf/protoc_cpp/message_layout_helper.o
[0/2122] 0.62s S CXX clang_x64/obj/third_party/protobuf/protoc_cpp/message.o
[0/2122] 0.62s S CXX clang_x64/obj/third_party/protobuf/protoc_cpp/ifndef_guard.o
[0/2122] 0.62s S CXX clang_x64/obj/third_party/protobuf/protoc_cpp/helpers.o
[0/2122] 0.63s S CXX clang_x64/obj/third_party/protobuf/protoc_cpp/file.o
[0/2122] 0.63s S CXX clang_x64/obj/third_party/protobuf/protoc_cpp/primitive_field.o
[0/2122] 0.63s S CXX clang_x64/obj/third_party/protobuf/protoc_cpp/message_field.o
[0/2122] 0.63s S CXX clang_x64/obj/third_party/protobuf/protoc_cpp/map_field.o
[0/2122] 0.63s S CXX clang_x64/obj/third_party/protobuf/protoc_cpp/enum_field.o
[0/2122] 0.63s S CXX clang_x64/obj/third_party/protobuf/protoc_cpp/cord_field.o
[0/2122] 0.63s S CXX clang_x64/obj/third_party/protobuf/protoc_cpp/field_chunk.o
[0/2122] 0.63s S CXX clang_x64/obj/third_party/protobuf/protoc_cpp/field.o
[0/2122] 0.63s S CXX clang_x64/obj/buildtools/third_party/libc++/libc++/algorithm.o
[0/2122] 0.63s S CXX clang_x64/obj/buildtools/third_party/libc++/libc++/directory_entry.o
[0/2122] 0.63s S CXX clang_x64/obj/buildtools/third_party/libc++/libc++/new.o
[0/2122] 0.63s S CXX clang_x64/obj/buildtools/third_party/libc++/libc++/verbose_abort.o
[0/2122] 0.63s S CXX clang_x64/obj/buildtools/third_party/libc++/libc++/variant.o
[0/2122] 0.63s S CXX obj/third_party/abseil-cpp/absl/base/tracing_internal/tracing.o
[0/2122] 0.63s S CXX clang_x64/obj/buildtools/third_party/libc++/libc++/valarray.o
[0/2122] 0.63s S CXX clang_x64/obj/buildtools/third_party/libc++/libc++/typeinfo.o
[0/2122] 0.63s S CXX obj/third_party/abseil-cpp/absl/base/throw_delegate/throw_delegate.o
[0/2116] 0.69s S CXX clang_x64/obj/third_party/abseil-cpp/absl/strings/strings/damerau_levenshtein_distance.o
[0/2122] 0.63s S CXX clang_x64/obj/buildtools/third_party/libc++/libc++/thread.o
[0/2122] 0.62s S CXX clang_x64/obj/third_party/protobuf/protoc_java_full/extension.o
[0/2122] 0.63s S CXX obj/third_party/abseil-cpp/absl/container/raw_hash_set/raw_hash_set.o
[0/2122] 0.63s S CXX clang_x64/obj/buildtools/third_party/libc++/libc++/system_error.o
[0/2122] 0.63s S CXX clang_x64/obj/third_party/protobuf/protoc_cpp/string_view_field.o
[0/2122] 0.63s S CXX obj/third_party/abseil-cpp/absl/strings/cordz_functions/cordz_functions.o
[0/2122] 0.63s S CXX clang_x64/obj/buildtools/third_party/libc++/libc++/strstream.o
[0/2122] 0.63s S CXX clang_x64/obj/buildtools/third_party/libc++/libc++/string.o
[0/2122] 0.63s S CXX obj/third_party/abseil-cpp/absl/crc/crc32c/crc_memcpy_fallback.o
[0/2122] 0.63s S CXX clang_x64/obj/buildtools/third_party/libc++/libc++/stdexcept.o
[0/2122] 0.63s S CXX clang_x64/obj/buildtools/third_party/libc++/libc++/shared_mutex.o
[0/2122] 0.63s S CXX obj/third_party/abseil-cpp/absl/base/spinlock_wait/spinlock_wait.o
[0/2122] 0.63s S CXX obj/third_party/abseil-cpp/absl/strings/cord/cord_analysis.o
[0/2122] 0.63s S CXX obj/third_party/abseil-cpp/absl/time/internal/cctz/civil_time/civil_time_detail.o
[0/2122] 0.63s S CXX clang_x64/obj/buildtools/third_party/libc++/libc++/d2fixed.o
[0/2122] 0.63s S CXX clang_x64/obj/buildtools/third_party/libc++/libc++/f2s.o
[0/2116] 0.70s S CXX obj/third_party/abseil-cpp/absl/synchronization/synchronization/pthread_waiter.o
[0/2116] 0.70s S CXX clang_x64/obj/third_party/abseil-cpp/absl/strings/strings/charconv_bigint.o
[0/2122] 0.63s S CXX clang_x64/obj/buildtools/third_party/libc++/libc++/random.o
[0/2116] 0.70s S CXX obj/third_party/abseil-cpp/absl/synchronization/synchronization/per_thread_sem.o
[0/2122] 0.63s S CXX clang_x64/obj/buildtools/third_party/libc++/libc++/optional.o
[0/2122] 0.63s S CXX obj/third_party/abseil-cpp/absl/base/malloc_internal/low_level_alloc.o
[0/2122] 0.63s S CXX clang_x64/obj/buildtools/third_party/libc++/libc++/new_handler.o
[0/2122] 0.63s S CXX obj/third_party/abseil-cpp/absl/strings/cord_internal/cord_rep_btree.o
[0/2122] 0.63s S CXX clang_x64/obj/buildtools/third_party/libc++/libc++/mutex_destructor.o
[0/2122] 0.63s S CXX clang_x64/obj/buildtools/third_party/libc++/libc++/mutex.o
[0/2122] 0.63s S CXX clang_x64/obj/third_party/abseil-cpp/absl/base/spinlock_wait/spinlock_wait.o
[0/2122] 0.63s S CXX obj/third_party/abseil-cpp/absl/numeric/int128/int128.o
[0/2122] 0.63s S CXX clang_x64/obj/buildtools/third_party/libc++/libc++/d2s.o
[0/2122] 0.63s S CXX clang_x64/obj/third_party/abseil-cpp/absl/base/log_severity/log_severity.o
[0/2122] 0.63s S CXX clang_x64/obj/buildtools/third_party/libc++/libc++/locale.o
[0/2122] 0.63s S CXX obj/third_party/abseil-cpp/absl/hash/city/city.o
[0/2122] 0.63s S CXX clang_x64/obj/buildtools/third_party/libc++/libc++/iostream.o
[0/2122] 0.63s S CXX obj/third_party/abseil-cpp/absl/debugging/utf8_for_code_point/utf8_for_code_point.o
[0/2122] 0.62s S CXX clang_x64/obj/third_party/abseil-cpp/absl/hash/city/city.o
[0/2122] 0.62s S CXX clang_x64/obj/third_party/protobuf/protoc_cpp/generator.o
[0/2122] 0.63s S CXX clang_x64/obj/third_party/protobuf/protoc_cpp/string_field.o
[0/2122] 0.63s S CXX clang_x64/obj/third_party/protobuf/protoc_cpp/field_layout.o
[0/2122] 0.63s S CXX obj/third_party/abseil-cpp/absl/synchronization/graphcycles_internal/graphcycles.o
[0/2122] 0.63s S CXX clang_x64/obj/buildtools/third_party/libc++/libc++/ios.o
[0/2122] 0.63s S CXX clang_x64/obj/buildtools/third_party/libc++abi/libc++abi/cxa_guard.o
[0/2122] 0.63s S CXX obj/third_party/abseil-cpp/absl/debugging/decode_rust_punycode/decode_rust_punycode.o
[0/2122] 0.63s S CXX clang_x64/obj/buildtools/third_party/libc++/libc++/hash.o
[0/2122] 0.63s S CXX clang_x64/obj/buildtools/third_party/libc++abi/libc++abi/stdlib_typeinfo.o
[0/2122] 0.63s S CXX clang_x64/obj/buildtools/third_party/libc++/libc++/future.o
[0/2122] 0.63s S CXX clang_x64/obj/buildtools/third_party/libc++abi/libc++abi/stdlib_stdexcept.o
[0/2122] 0.63s S CXX clang_x64/obj/buildtools/third_party/libc++/libc++/functional.o
[0/2122] 0.63s S CXX clang_x64/obj/buildtools/third_party/libc++/libc++/new_helpers.o
[0/2122] 0.63s S CXX clang_x64/obj/buildtools/third_party/libc++/libc++/path.o
[0/2122] 0.63s S CXX clang_x64/obj/third_party/abseil-cpp/absl/debugging/debugging_internal/vdso_support.o
[0/2122] 0.63s S CXX clang_x64/obj/buildtools/third_party/libc++/libc++/operations.o
[0/2122] 0.63s S CXX clang_x64/obj/buildtools/third_party/libc++/libc++/any.o
[0/2122] 0.63s S CXX clang_x64/obj/third_party/abseil-cpp/absl/time/internal/cctz/time_zone/time_zone_fixed.o
[0/2122] 0.63s S CXX clang_x64/obj/third_party/abseil-cpp/absl/debugging/debugging_internal/address_is_readable.o
[0/2122] 0.63s S CXX clang_x64/obj/buildtools/third_party/libc++/libc++/filesystem_clock.o
[0/2122] 0.63s S CXX clang_x64/obj/buildtools/third_party/libc++/libc++/directory_iterator.o
[0/2122] 0.63s S CXX clang_x64/obj/buildtools/third_party/libc++/libc++/exception.o
[0/2122] 0.63s S CXX clang_x64/obj/buildtools/third_party/libc++/libc++/error_category.o
[0/2122] 0.63s S CXX clang_x64/obj/buildtools/third_party/libc++/libc++/condition_variable_destructor.o
[0/2122] 0.63s S CXX clang_x64/obj/buildtools/third_party/libc++/libc++/chrono.o
[0/2122] 0.63s S CXX clang_x64/obj/buildtools/third_party/libc++/libc++/regex.o
[0/2122] 0.63s S CXX obj/third_party/abseil-cpp/absl/synchronization/synchronization/blocking_counter.o
[0/2122] 0.63s F CXX clang_x64/obj/third_party/abseil-cpp/absl/random/internal/platform/randen_round_keys.o
[0/2120] 0.64s S CXX clang_x64/obj/buildtools/third_party/libc++/libc++/bind.o
[1/2116] 0.71s S CXX clang_x64/obj/third_party/abseil-cpp/absl/status/status/status_internal.o
[0/2120] 0.64s S CXX obj/third_party/abseil-cpp/absl/container/hashtablez_sampler/hashtablez_sampler.o
[0/2120] 0.64s S CXX clang_x64/obj/third_party/protobuf/protoc_lib/code_generator.o
[0/2120] 0.64s S CXX clang_x64/obj/third_party/protobuf/protoc_lib/zip_writer.o
[1/2116] 0.72s S CXX clang_x64/obj/third_party/protobuf/protobuf_full_library/reflection_ops.o
[0/2120] 0.64s S CXX clang_x64/obj/third_party/protobuf/protoc_lib/versions.o
[0/2120] 0.64s S CXX clang_x64/obj/third_party/protobuf/protoc_lib/subprocess.o
[0/2120] 0.64s S CXX clang_x64/obj/third_party/protobuf/protoc_lib/retention.o
[0/2120] 0.64s S CXX clang_x64/obj/third_party/protobuf/protoc_lib/plugin.pb.o
[0/2120] 0.64s S CXX clang_x64/obj/third_party/protobuf/protoc_lib/plugin.o
[0/2120] 0.64s S CXX clang_x64/obj/third_party/protobuf/protoc_lib/command_line_interface.o
[0/2120] 0.64s S CXX clang_x64/obj/third_party/abseil-cpp/absl/time/internal/cctz/time_zone/zone_info_source.o
[0/2120] 0.64s S CXX clang_x64/obj/third_party/abseil-cpp/absl/time/internal/cctz/time_zone/time_zone_posix.o
[0/2120] 0.64s S CXX clang_x64/obj/third_party/abseil-cpp/absl/time/internal/cctz/time_zone/time_zone_lookup.o
[0/2120] 0.64s S CXX clang_x64/obj/third_party/abseil-cpp/absl/time/internal/cctz/time_zone/time_zone_libc.o
[0/2120] 0.64s S CXX clang_x64/obj/third_party/abseil-cpp/absl/time/internal/cctz/time_zone/time_zone_info.o
[0/2120] 0.64s S CXX clang_x64/obj/buildtools/third_party/libc++/libc++/atomic.o
[0/2120] 0.64s S CXX clang_x64/obj/third_party/abseil-cpp/absl/time/time/civil_time.o
[0/2120] 0.64s S CXX clang_x64/obj/third_party/abseil-cpp/absl/time/time/time.o
[1/2116] 0.72s S CXX clang_x64/obj/third_party/protobuf/protobuf_full_library/message.o
[0/2120] 0.64s S CXX clang_x64/obj/third_party/abseil-cpp/absl/time/internal/cctz/time_zone/time_zone_if.o
[0/2120] 0.64s S CXX clang_x64/obj/third_party/protobuf/protoc_java_full/service.o
[0/2120] 0.65s S ACTION //:angle_program_version_id(//build/toolchain/android:android_clang_arm)
[0/2120] 0.64s S CXX clang_x64/obj/third_party/abseil-cpp/absl/time/internal/cctz/time_zone/time_zone_impl.o
[0/2120] 0.65s S CXX clang_x64/obj/buildtools/third_party/libc++/libc++/condition_variable.o
[0/2120] 0.65s S CXX clang_x64/obj/third_party/abseil-cpp/absl/base/base/cycleclock.o
[0/2116] 0.65s S CXX clang_x64/obj/third_party/protobuf/protoc_java_full/primitive_field.o
[0/2116] 0.65s S CXX clang_x64/obj/third_party/protobuf/protoc_java_full/message_builder.o
[0/2163] 0.60s S CXX clang_x64/obj/third_party/abseil-cpp/absl/strings/cord_internal/cord_rep_btree.o
[0/2116] 0.66s S CXX clang_x64/obj/third_party/protobuf/protoc_python/pyi_generator.o
[0/2116] 0.66s S CXX clang_x64/obj/third_party/protobuf/protoc_java_full/generator_factory.o
[0/2116] 0.66s S CXX obj/third_party/abseil-cpp/absl/debugging/demangle_rust/demangle_rust.o
[0/2116] 0.66s S CXX obj/third_party/abseil-cpp/absl/crc/crc_internal/crc_x86_arm_combined.o
[0/2120] 0.64s S CXX clang_x64/obj/third_party/protobuf/protoc_java_full/enum.o
[0/2116] 0.66s S CXX obj/third_party/abseil-cpp/absl/base/cpu_detect/cpu_detect.o
[1/2116] 0.74s S CXX obj/third_party/abseil-cpp/absl/strings/strings/substitute.o
[0/2116] 0.66s S CXX obj/third_party/abseil-cpp/absl/time/internal/cctz/time_zone/time_zone_format.o
[0/2116] 0.66s S CXX obj/third_party/abseil-cpp/absl/synchronization/kernel_timeout_internal/kernel_timeout.o
[0/2116] 0.66s S CXX clang_x64/obj/third_party/protobuf/protoc_cpp/service.o
[0/2116] 0.66s S CXX obj/third_party/abseil-cpp/absl/base/log_severity/log_severity.o
[0/2116] 0.66s S CXX obj/third_party/abseil-cpp/absl/base/base/cycleclock.o
[0/2116] 0.66s S CXX obj/third_party/abseil-cpp/absl/strings/internal/ostringstream.o
[0/2116] 0.66s S CXX obj/third_party/abseil-cpp/absl/crc/crc_cord_state/crc_cord_state.o
[0/2116] 0.66s S CXX obj/third_party/abseil-cpp/absl/types/source_location/source_location.o
[0/2116] 0.66s S CXX obj/third_party/abseil-cpp/absl/debugging/symbolize/symbolize.o
[0/2116] 0.66s S CXX obj/third_party/abseil-cpp/absl/hash/hash/hash.o
[0/2116] 0.66s S CC obj/third_party/cpu_features/cpuinfo/hwcaps.o
[0/2116] 0.66s S CXX obj/buildtools/third_party/libc++abi/libc++abi/cxa_aux_runtime.o
[1/2116] 0.75s S CXX clang_x64/obj/buildtools/third_party/libc++/libc++/ios.instantiations.o
[0/2116] 0.66s S CXX obj/buildtools/third_party/libunwind/libunwind/libunwind.o
[0/2116] 0.66s S CC obj/third_party/cpu_features/ndk_compat/cpu-features.o
[0/2116] 0.66s S CXX clang_x64/obj/buildtools/third_party/libc++/libc++/barrier.o
[0/2116] 0.66s S CXX clang_x64/obj/third_party/protobuf/protoc_java_full/message.o
[0/2116] 0.66s S CXX clang_x64/obj/third_party/protobuf/protoc_python/generator.o
[0/2116] 0.66s S ACTION //:angle_commit_id(//build/toolchain/android:android_clang_arm)
[0/2116] 0.66s S CXX clang_x64/obj/third_party/abseil-cpp/absl/synchronization/synchronization/barrier.o
[0/2116] 0.66s S CXX clang_x64/obj/third_party/abseil-cpp/absl/synchronization/synchronization/notification.o
[0/2116] 0.66s S CXX clang_x64/obj/third_party/abseil-cpp/absl/synchronization/synchronization/mutex.o
[0/2116] 0.66s S CXX clang_x64/obj/third_party/abseil-cpp/absl/synchronization/synchronization/win32_waiter.o
[0/2116] 0.66s S CXX clang_x64/obj/third_party/abseil-cpp/absl/synchronization/synchronization/waiter_base.o
[0/2116] 0.66s S CXX clang_x64/obj/third_party/abseil-cpp/absl/synchronization/synchronization/stdcpp_waiter.o
[0/2116] 0.66s S CXX clang_x64/obj/third_party/abseil-cpp/absl/synchronization/synchronization/sem_waiter.o
[0/2116] 0.66s S CXX clang_x64/obj/buildtools/third_party/libc++/libc++/charconv.o
[0/2116] 0.66s S CXX clang_x64/obj/third_party/abseil-cpp/absl/synchronization/synchronization/per_thread_sem.o
[0/2116] 0.66s S CXX obj/third_party/abseil-cpp/absl/strings/str_format_internal/bind.o
[0/2116] 0.66s S CXX clang_x64/obj/third_party/abseil-cpp/absl/synchronization/synchronization/create_thread_identity.o
[0/2116] 0.66s S CXX clang_x64/obj/third_party/abseil-cpp/absl/crc/crc_internal/crc.o
[0/2116] 0.66s S CXX clang_x64/obj/third_party/abseil-cpp/absl/crc/crc32c/crc_non_temporal_memcpy.o
[0/2116] 0.66s S CXX clang_x64/obj/third_party/abseil-cpp/absl/crc/crc32c/crc_memcpy_x86_arm_combined.o
[0/2116] 0.66s S CXX clang_x64/obj/third_party/abseil-cpp/absl/strings/cord_internal/cord_internal.o
[0/2116] 0.66s S CXX clang_x64/obj/third_party/abseil-cpp/absl/strings/cord_internal/cord_rep_crc.o
[0/2116] 0.66s S CXX clang_x64/obj/third_party/abseil-cpp/absl/strings/cord_internal/cord_rep_consume.o
[0/2116] 0.66s S CXX clang_x64/obj/third_party/abseil-cpp/absl/strings/cord_internal/cord_rep_btree_reader.o
[0/2116] 0.66s S CXX clang_x64/obj/third_party/abseil-cpp/absl/strings/cord_internal/cord_rep_btree_navigator.o
[0/2116] 0.66s S CXX clang_x64/obj/third_party/abseil-cpp/absl/strings/cord/cord.o
[0/2116] 0.66s S CXX clang_x64/obj/third_party/abseil-cpp/absl/strings/strings/ascii.o
[1/2115] 0.77s S CXX obj/third_party/abseil-cpp/absl/strings/cord_internal/cord_rep_crc.o
[0/2116] 0.66s S CXX clang_x64/obj/third_party/abseil-cpp/absl/strings/strings/str_split.o
[0/2116] 0.66s S CXX clang_x64/obj/third_party/abseil-cpp/absl/strings/strings/str_replace.o
[0/2116] 0.66s S CXX clang_x64/obj/third_party/abseil-cpp/absl/synchronization/synchronization/pthread_waiter.o
[0/2116] 0.66s S CXX clang_x64/obj/third_party/abseil-cpp/absl/strings/strings/str_cat.o
[0/2116] 0.66s S CXX clang_x64/obj/third_party/abseil-cpp/absl/crc/crc32c/crc32c.o
[0/2116] 0.66s S CXX clang_x64/obj/third_party/abseil-cpp/absl/strings/strings/numbers.o
[0/2116] 0.66s S CXX clang_x64/obj/third_party/abseil-cpp/absl/strings/strings/match.o
[0/2116] 0.66s S CXX clang_x64/obj/third_party/abseil-cpp/absl/strings/strings/stringify_sink.o
[0/2116] 0.66s S CXX clang_x64/obj/third_party/abseil-cpp/absl/strings/strings/memutil.o
[0/2116] 0.66s S CXX clang_x64/obj/third_party/abseil-cpp/absl/strings/strings/charconv_parse.o
[0/2116] 0.66s S CXX clang_x64/obj/third_party/abseil-cpp/absl/strings/strings/escaping.o
[0/2116] 0.66s S CXX clang_x64/obj/third_party/abseil-cpp/absl/base/base/casts.o
[0/2116] 0.66s S CXX clang_x64/obj/third_party/abseil-cpp/absl/base/base/unscaledcycleclock.o
[0/2116] 0.66s S CXX clang_x64/obj/third_party/abseil-cpp/absl/base/base/thread_identity.o
[0/2116] 0.66s S CXX clang_x64/obj/third_party/abseil-cpp/absl/base/base/sysinfo.o
[0/2116] 0.67s S CXX clang_x64/obj/third_party/abseil-cpp/absl/base/base/spinlock.o
[0/2116] 0.67s S CXX clang_x64/obj/third_party/protobuf/protoc_java_lite/enum.o
[1/2115] 0.79s S CXX clang_x64/obj/third_party/protobuf/protobuf_full_library/naming_style.o
[0/2116] 0.67s S CXX clang_x64/obj/third_party/protobuf/protoc_java_lite/string_field.o
[0/2116] 0.67s S CXX clang_x64/obj/third_party/protobuf/protoc_java_lite/primitive_field.o
[0/2116] 0.67s S CXX clang_x64/obj/third_party/protobuf/protoc_java_lite/message_field.o
[0/2116] 0.67s S CXX clang_x64/obj/third_party/protobuf/protoc_java_full/message_field.o
[0/2116] 0.67s S CXX clang_x64/obj/third_party/protobuf/protoc_java_lite/message_builder.o
[0/2116] 0.67s S CXX clang_x64/obj/third_party/protobuf/protoc_java_lite/message.o
[0/2116] 0.67s S CXX clang_x64/obj/third_party/protobuf/protoc_java_lite/map_field.o
[0/2116] 0.67s S CXX obj/third_party/abseil-cpp/absl/time/time/clock.o
[0/2116] 0.67s S CXX clang_x64/obj/third_party/protobuf/protoc_java_lite/make_field_gens.o
[0/2116] 0.67s S CXX clang_x64/obj/third_party/protobuf/protoc_java_lite/extension.o
[0/2116] 0.67s S CXX obj/third_party/vulkan_memory_allocator/vulkan_memory_allocator/vma.o
[0/2116] 0.67s S CXX clang_x64/obj/third_party/protobuf/protoc_java_lite/generator_factory.o
[0/2116] 0.67s S CXX clang_x64/obj/third_party/protobuf/protoc_java_full/map_field.o
[0/2122] 0.63s S CXX obj/third_party/abseil-cpp/absl/strings/cordz_info/cordz_info.o
[1/2116] 0.73s S CXX clang_x64/obj/third_party/protobuf/protobuf_full_library/map_field.o
[1/2116] 0.73s S CXX clang_x64/obj/third_party/protobuf/protobuf_full_library/internal_feature_helper.o
[0/2120] 0.65s S CXX clang_x64/obj/buildtools/third_party/libc++/libc++/call_once.o
[0/2116] 0.66s S CXX obj/third_party/abseil-cpp/absl/strings/cordz_handle/cordz_handle.o
[0/2122] 0.63s S CXX clang_x64/obj/buildtools/third_party/libc++/libc++/random_shuffle.o
[0/2122] 0.63s S CXX clang_x64/obj/buildtools/third_party/libc++/libc++/filesystem_error.o
[1/2116] 0.74s S CXX clang_x64/obj/third_party/protobuf/protobuf_full_library/generated_message_tctable_gen.o
[1/2116] 0.74s S CXX clang_x64/obj/third_party/protobuf/protobuf_full_library/generated_message_tctable_full.o
[1/2116] 0.74s S CXX clang_x64/obj/third_party/protobuf/protobuf_full_library/generated_message_reflection.o
[1/2116] 0.74s S CXX clang_x64/obj/third_party/protobuf/protobuf_full_library/generated_message_bases.o
[1/2116] 0.74s S CXX clang_x64/obj/third_party/protobuf/protobuf_full_library/feature_resolver.o
[0/2120] 0.64s S CXX clang_x64/obj/third_party/protobuf/protoc_java_full/string_field.o
[1/2116] 0.74s S CXX clang_x64/obj/third_party/protobuf/protobuf_full_library/dynamic_message.o
[1/2116] 0.74s S CXX clang_x64/obj/third_party/protobuf/protobuf_full_library/descriptor_database.o
[1/2116] 0.74s S CXX clang_x64/obj/third_party/protobuf/protobuf_full_library/descriptor.pb.o
[1/2116] 0.74s S CXX clang_x64/obj/third_party/protobuf/protobuf_full_library/descriptor.o
[1/2115] 0.81s S ACTION //third_party/perfetto/gn:gen_buildflags(//build/toolchain/linux:clang_x64)
[1/2116] 0.74s S CXX clang_x64/obj/third_party/protobuf/protobuf_full_library/cpp_file_options.pb.o
[1/2116] 0.74s S CXX clang_x64/obj/third_party/protobuf/protobuf_full_library/parser.o
[1/2116] 0.74s S CXX obj/third_party/abseil-cpp/absl/debugging/debugging_internal/address_is_readable.o
[1/2116] 0.74s S CXX obj/third_party/abseil-cpp/absl/debugging/debugging_internal/vdso_support.o
[1/2116] 0.74s S CXX obj/third_party/abseil-cpp/absl/strings/strings/ascii.o
[1/2116] 0.74s S CC obj/third_party/cpu_features/cpuinfo/hwcaps_freebsd_or_openbsd.o
[1/2116] 0.74s S CXX obj/third_party/abseil-cpp/absl/strings/strings/str_replace.o
[1/2116] 0.74s S CXX obj/third_party/abseil-cpp/absl/strings/strings/str_cat.o
[1/2116] 0.74s S CXX obj/third_party/abseil-cpp/absl/strings/strings/numbers.o
[1/2116] 0.74s S CXX obj/third_party/abseil-cpp/absl/strings/strings/match.o
[1/2116] 0.74s S CXX obj/third_party/abseil-cpp/absl/strings/strings/stringify_sink.o
[1/2116] 0.74s S CXX obj/third_party/abseil-cpp/absl/strings/strings/memutil.o
[1/2116] 0.74s S CXX obj/third_party/abseil-cpp/absl/strings/strings/damerau_levenshtein_distance.o
[1/2116] 0.74s S CXX obj/third_party/abseil-cpp/absl/strings/strings/charconv_parse.o
[1/2116] 0.74s S CXX obj/third_party/abseil-cpp/absl/strings/strings/charconv_bigint.o
[1/2116] 0.74s S CXX obj/third_party/abseil-cpp/absl/strings/strings/escaping.o
[1/2116] 0.74s S CXX obj/third_party/abseil-cpp/absl/crc/crc32c/crc32c.o
[1/2116] 0.74s S CXX obj/third_party/abseil-cpp/absl/crc/crc32c/crc_non_temporal_memcpy.o
[1/2115] 0.84s S CXX obj/third_party/abseil-cpp/absl/strings/cord_internal/cord_rep_consume.o
[1/2116] 0.74s S CXX obj/third_party/abseil-cpp/absl/crc/crc32c/crc_memcpy_x86_arm_combined.o
[1/2116] 0.74s S CXX obj/third_party/abseil-cpp/absl/strings/cord/cord.o
[1/2116] 0.74s S CXX obj/third_party/abseil-cpp/absl/synchronization/synchronization/barrier.o
[1/2116] 0.74s S CXX obj/third_party/abseil-cpp/absl/synchronization/synchronization/notification.o
[1/2116] 0.74s S CXX obj/third_party/abseil-cpp/absl/synchronization/synchronization/mutex.o
[1/2115] 0.84s S ACTION //third_party/perfetto/gn:gen_buildflags(//build/toolchain/android:android_clang_arm)
[1/2116] 0.74s S CXX obj/third_party/abseil-cpp/absl/synchronization/synchronization/waiter_base.o
[1/2116] 0.74s S CXX obj/third_party/abseil-cpp/absl/synchronization/synchronization/win32_waiter.o
[1/2116] 0.74s S CXX obj/third_party/abseil-cpp/absl/synchronization/synchronization/futex_waiter.o
[1/2116] 0.74s S CXX obj/third_party/abseil-cpp/absl/synchronization/synchronization/create_thread_identity.o
[1/2116] 0.74s S CXX obj/third_party/abseil-cpp/absl/strings/cord_internal/cord_internal.o
[0/2116] 0.66s S CXX clang_x64/obj/third_party/abseil-cpp/absl/synchronization/synchronization/futex_waiter.o
[0/2122] 0.63s S CXX clang_x64/obj/buildtools/third_party/libc++/libc++/memory.o
[0/2116] 0.66s S CXX clang_x64/obj/third_party/abseil-cpp/absl/time/time/duration.o
[1/2116] 0.74s S CXX obj/third_party/abseil-cpp/absl/synchronization/synchronization/stdcpp_waiter.o
[1/2115] 0.87s S CXX obj/third_party/abseil-cpp/absl/base/base/unscaledcycleclock.o
[1/2116] 0.74s S CXX obj/third_party/abseil-cpp/absl/synchronization/synchronization/sem_waiter.o
[0/2116] 0.66s S CXX clang_x64/obj/third_party/abseil-cpp/absl/strings/strings/substitute.o
[1/2115] 0.88s S CXX obj/third_party/abseil-cpp/absl/base/base/thread_identity.o
[1/2115] 0.85s S CXX obj/third_party/abseil-cpp/absl/strings/cord_internal/cord_rep_btree_reader.o
[1/2115] 0.88s S CXX obj/third_party/abseil-cpp/absl/base/base/sysinfo.o
[1/2115] 0.85s S CXX obj/third_party/abseil-cpp/absl/strings/cord_internal/cord_rep_btree_navigator.o
[1/2116] 0.74s S CXX clang_x64/obj/third_party/protobuf/protobuf_full_library/extension_set_heavy.o
[1/2115] 0.85s S CXX obj/third_party/abseil-cpp/absl/time/time/format.o
[1/2115] 0.86s S CXX obj/third_party/abseil-cpp/absl/time/time/duration.o
[1/2116] 0.74s S CXX clang_x64/obj/third_party/protobuf/protobuf_full_library/cpp_features.pb.o
[1/2115] 0.86s S CXX obj/third_party/abseil-cpp/absl/crc/crc_internal/crc.o
[1/2115] 0.85s S CXX clang_x64/obj/third_party/protobuf/protobuf_full_library/json_enumvalue_options.pb.o
[1/2115] 0.90s S CXX obj/third_party/abseil-cpp/absl/base/base/spinlock.o
[1/2115] 0.86s S CXX obj/third_party/abseil-cpp/absl/time/internal/cctz/time_zone/time_zone_fixed.o
[1/2115] 0.86s S CXX obj/third_party/abseil-cpp/absl/time/internal/cctz/time_zone/time_zone_lookup.o
[1/2115] 0.86s S CXX obj/third_party/abseil-cpp/absl/time/internal/cctz/time_zone/time_zone_libc.o
[1/2115] 0.86s S CXX obj/third_party/abseil-cpp/absl/time/internal/cctz/time_zone/time_zone_info.o
[1/2115] 0.86s S CXX obj/third_party/abseil-cpp/absl/time/internal/cctz/time_zone/time_zone_impl.o
[1/2115] 0.86s S CXX obj/third_party/abseil-cpp/absl/time/internal/cctz/time_zone/time_zone_if.o
[1/2115] 0.85s S CXX obj/third_party/abseil-cpp/absl/time/time/civil_time.o
[1/2115] 0.85s S CXX obj/third_party/abseil-cpp/absl/time/time/time.o
[1/2115] 0.91s S CXX obj/third_party/abseil-cpp/absl/base/base/casts.o
[1/2115] 0.86s S CXX obj/third_party/abseil-cpp/absl/time/internal/cctz/time_zone/zone_info_source.o
[1/2115] 0.91s S CXX obj/third_party/abseil-cpp/absl/strings/internal/escaping.o
[1/2115] 0.86s S CXX obj/third_party/abseil-cpp/absl/time/internal/cctz/time_zone/time_zone_posix.o
[1/2115] 0.92s S CXX obj/third_party/abseil-cpp/absl/strings/internal/utf8.o
[1/2115] 0.92s S CXX obj/third_party/abseil-cpp/absl/strings/str_format_internal/arg.o
[1/2115] 0.92s S CXX obj/third_party/abseil-cpp/absl/strings/str_format_internal/parser.o
[1/2115] 0.92s S CXX obj/third_party/abseil-cpp/absl/strings/str_format_internal/output.o
[1/2115] 0.93s S CXX obj/third_party/abseil-cpp/absl/strings/str_format_internal/float_conversion.o
[1/2115] 0.93s S CXX obj/third_party/abseil-cpp/absl/strings/str_format_internal/extension.o
[1/2115] 0.93s S CC obj/third_party/cpu_features/cpuinfo/filesystem.o
[1/2115] 0.93s S CC obj/third_party/cpu_features/cpuinfo/impl_arm_linux_or_android.o
[1/2115] 0.93s S CC obj/third_party/cpu_features/cpuinfo/string_view.o
[1/2115] 0.93s S CC obj/third_party/cpu_features/cpuinfo/stack_line_reader.o
[1/2115] 0.93s S CC obj/third_party/cpu_features/cpuinfo/hwcaps_linux_or_android.o
[1/2115] 0.95s S CXX clang_x64/obj/third_party/protobuf/protobuf_full_library/reflection_mode.o
[1/2115] 0.95s S CXX obj/buildtools/third_party/libc++abi/libc++abi/abort_message.o
[1/2115] 0.95s S CXX obj/buildtools/third_party/libc++abi/libc++abi/cxa_thread_atexit.o
[1/2115] 0.96s S CXX obj/buildtools/third_party/libc++abi/libc++abi/cxa_demangle_stub.o
[1/2115] 0.96s S CXX obj/buildtools/third_party/libc++abi/libc++abi/cxa_guard.o
[1/2115] 0.96s S CXX obj/buildtools/third_party/libc++abi/libc++abi/stdlib_typeinfo.o
[1/2115] 0.96s S CXX obj/buildtools/third_party/libc++abi/libc++abi/stdlib_stdexcept.o
[1/2115] 0.96s F ACTION //third_party/spirv-tools/src:spvtools_language_header_armexperimentalmloperations(//build/toolchain/android:android_clang_arm)
[2/2115] 0.96s S CXX obj/buildtools/third_party/libc++abi/libc++abi/stdlib_exception.o
[2/2115] 0.96s S CXX obj/buildtools/third_party/libc++abi/libc++abi/private_typeinfo.o
[2/2115] 0.96s S CXX obj/buildtools/third_party/libc++abi/libc++abi/fallback_malloc.o
[2/2115] 0.96s S CXX obj/buildtools/third_party/libc++abi/libc++abi/cxa_virtual.o
[2/2115] 0.97s S CXX obj/buildtools/third_party/libc++abi/libc++abi/cxa_vector.o
[2/2115] 0.97s S CXX obj/buildtools/third_party/libc++abi/libc++abi/cxa_personality.o
[2/2115] 0.97s S CXX obj/buildtools/third_party/libc++abi/libc++abi/cxa_handlers.o
[2/2115] 0.97s S CXX obj/buildtools/third_party/libc++abi/libc++abi/cxa_exception_storage.o
[2/2115] 0.97s S CXX obj/buildtools/third_party/libc++abi/libc++abi/cxa_exception.o
[2/2114] 0.98s S CXX obj/buildtools/third_party/libc++abi/libc++abi/cxa_default_handlers.o
[2/2114] 0.98s S CXX obj/buildtools/third_party/libunwind/libunwind/Unwind-EHABI.o
[2/2114] 0.98s S ASM obj/buildtools/third_party/libunwind/libunwind/UnwindRegistersSave.o
[2/2114] 0.98s S ASM obj/buildtools/third_party/libunwind/libunwind/UnwindRegistersRestore.o
[2/2114] 0.98s S CC obj/buildtools/third_party/libunwind/libunwind/UnwindLevel1.o
[2/2114] 0.99s S CC obj/buildtools/third_party/libunwind/libunwind/UnwindLevel1-gcc-ext.o
[2/2114] 0.99s S CC obj/buildtools/third_party/libunwind/libunwind/Unwind-sjlj.o
[2/2114] 1.00s S CXX obj/buildtools/third_party/libc++/libc++/strstream.o
[2/2114] 1.00s S CXX clang_x64/obj/third_party/protobuf/protoc_java_full/make_field_gens.o
[2/2114] 1.00s S CC obj/third_party/zlib/zlib/inffast.o
[2/2114] 1.00s S CXX clang_x64/obj/third_party/abseil-cpp/absl/status/status/status_payload_printer.o
[2/2114] 1.00s S CC obj/third_party/zlib/zlib_data_chunk_simd/inffast_chunk.o
[2/2114] 1.00s S CC obj/third_party/zlib/zlib/inftrees.o
[2/2114] 1.00s S CC obj/third_party/zlib/zlib_data_chunk_simd/inflate.o
[2/2114] 1.00s S CC obj/third_party/zlib/zlib/gzclose.o
[2/2114] 1.00s S CC obj/third_party/zlib/zlib/adler32.o
[2/2114] 1.01s S CC obj/third_party/zlib/zlib/trees.o
[2/2114] 1.01s S CXX obj/buildtools/third_party/libc++/libc++/mutex.o
[2/2114] 1.01s S CC obj/third_party/zlib/zlib/uncompr.o
[2/2114] 1.01s S CXX obj/buildtools/third_party/libc++/libc++/locale.o
[2/2114] 1.01s S CXX obj/buildtools/third_party/libc++/libc++/random_shuffle.o
[2/2114] 1.01s S CXX obj/buildtools/third_party/libc++/libc++/optional.o
[2/2114] 1.01s S CXX obj/buildtools/third_party/libc++/libc++/new_helpers.o
[2/2114] 1.02s S CC obj/third_party/zlib/zlib/cpu_features.o
[2/2114] 1.01s S CXX obj/buildtools/third_party/libc++/libc++/mutex_destructor.o
[2/2114] 1.02s S CC obj/third_party/zlib/zlib/gzlib.o
[2/2114] 1.01s S CXX obj/buildtools/third_party/libc++/libc++/new_handler.o
[2/2114] 1.02s S CC obj/third_party/zlib/zlib/zutil.o
[2/2114] 1.02s S CC obj/third_party/zlib/zlib_adler32_simd/adler32_simd.o
[2/2114] 1.02s S CC obj/third_party/zlib/zlib/gzread.o
[2/2114] 1.02s S CC obj/third_party/zlib/zlib_arm_crc32/crc32_simd.o
[2/2114] 1.01s S CXX obj/buildtools/third_party/libc++/libc++/random.o
[2/2114] 1.02s S CXX obj/buildtools/third_party/libc++/libc++/iostream.o
[2/2114] 1.02s S CXX obj/buildtools/third_party/libc++/libc++/memory.o
[2/2114] 1.02s S CXX obj/buildtools/third_party/libc++/libc++/ios.instantiations.o
[2/2114] 1.02s S CXX obj/buildtools/third_party/libc++/libc++/ios.o
[2/2114] 1.02s S CXX obj/buildtools/third_party/libc++/libc++/hash.o
[2/2114] 1.02s F ACTION //third_party/spirv-tools/src:spvtools_language_header_debuginfo(//build/toolchain/android:android_clang_arm)
[3/2113] 1.03s S CC obj/third_party/zlib/zlib/crc32.o
[3/2113] 1.03s S CC obj/third_party/zlib/zlib/gzwrite.o
[3/2113] 1.03s S CC obj/third_party/zlib/zlib/infback.o
[3/2113] 1.03s S CC obj/third_party/zlib/zlib/compress.o
[3/2113] 1.03s S CXX obj/buildtools/third_party/libc++/libc++/future.o
[3/2113] 1.03s S CC obj/third_party/zlib/zlib/deflate.o
[3/2113] 1.03s S CXX obj/buildtools/third_party/libc++/libc++/functional.o
[3/2113] 1.03s S CXX obj/buildtools/third_party/libc++/libc++/path.o
[3/2113] 1.03s S CXX obj/buildtools/third_party/libc++/libc++/operations.o
[3/2113] 1.04s S CXX obj/buildtools/third_party/libc++/libc++/filesystem_error.o
[3/2113] 1.04s S CXX obj/buildtools/third_party/libc++/libc++/filesystem_clock.o
[3/2113] 1.04s S CXX obj/buildtools/third_party/libc++/libc++/directory_iterator.o
[3/2113] 1.04s S CXX obj/buildtools/third_party/libc++/libc++/exception.o
[3/2113] 1.04s S CXX obj/buildtools/third_party/libc++/libc++/error_category.o
[3/2113] 1.04s S CXX obj/buildtools/third_party/libc++/libc++/condition_variable_destructor.o
[3/2113] 1.04s S CXX obj/buildtools/third_party/libc++/libc++/condition_variable.o
[3/2113] 1.05s S CXX obj/buildtools/third_party/libc++/libc++/chrono.o
[3/2113] 1.05s S CXX obj/buildtools/third_party/libc++/libc++/charconv.o
[3/2113] 1.05s S CXX obj/buildtools/third_party/libc++/libc++/bind.o
[3/2113] 1.05s S CXX obj/buildtools/third_party/libc++/libc++/barrier.o
[3/2113] 1.05s S CC obj/src/third_party/volk/volk/volk.o
[3/2113] 1.05s S CXX obj/buildtools/third_party/libc++/libc++/atomic.o
[3/2113] 1.05s S CXX obj/buildtools/third_party/libc++/libc++/any.o
[3/2113] 1.05s S CXX obj/third_party/zlib/google/compression_utils_portable/compression_utils_portable.o
[3/2113] 1.05s S CXX obj/buildtools/third_party/libc++/libc++/algorithm.o
[3/2113] 1.05s S CXX obj/third_party/abseil-cpp/absl/strings/strings/str_split.o
[3/2113] 1.05s S CXX obj/buildtools/third_party/libc++/libc++/new.o
[3/2113] 1.05s S CXX obj/buildtools/third_party/libc++/libc++/vector.o
[3/2113] 1.05s S CXX obj/buildtools/third_party/libc++/libc++/call_once.o
[3/2113] 1.06s S CXX obj/buildtools/third_party/libc++/libc++/d2s.o
[3/2113] 1.06s S CXX obj/buildtools/third_party/libc++/libc++/f2s.o
[3/2113] 1.06s S CXX obj/buildtools/third_party/libc++/libc++/stdexcept.o
[3/2113] 1.07s S CXX obj/buildtools/third_party/libc++/libc++/string.o
[3/2113] 1.07s S CXX obj/buildtools/third_party/libc++/libc++/thread.o
[3/2113] 1.08s S CXX obj/buildtools/third_party/libc++/libc++/typeinfo.o
[3/2113] 1.08s S CXX obj/buildtools/third_party/libc++/libc++/variant.o
[3/2113] 1.08s S CXX obj/buildtools/third_party/libc++/libc++/verbose_abort.o
[3/2113] 1.08s S CXX obj/buildtools/third_party/libc++/libc++/d2fixed.o
[3/2113] 1.08s S CXX obj/buildtools/third_party/libc++/libc++/shared_mutex.o
[3/2113] 1.09s F ACTION //third_party/spirv-tools/src:spvtools_generators_inc(//build/toolchain/android:android_clang_arm)
[4/2112] 1.09s S CXX obj/buildtools/third_party/libc++/libc++/regex.o
[4/2112] 1.09s S CXX obj/buildtools/third_party/libc++/libc++/valarray.o
[4/2112] 1.09s S CXX obj/buildtools/third_party/libc++/libc++/system_error.o
[4/2112] 1.24s F ACTION //third_party/spirv-tools/src:spvtools_core_tables(//build/toolchain/android:android_clang_arm)
[5/2111] 1.36s F ACTION //third_party/spirv-tools/src:spvtools_language_header_vkdebuginfo(//build/toolchain/android:android_clang_arm)
[6/2110] 1.38s F ACTION //third_party/perfetto/gn:gen_buildflags(//build/toolchain/linux:clang_x64)
[7/2109] 1.38s S CXX clang_x64/obj/third_party/perfetto/src/base/base/string_view.o
[7/2109] 1.38s S CXX clang_x64/obj/third_party/perfetto/src/base/base/string_utils.o
[7/2109] 1.38s S CXX clang_x64/obj/third_party/perfetto/src/protozero/protoc_plugin/cppgen_plugin/cppgen_plugin.o
[7/2109] 1.38s S CXX clang_x64/obj/third_party/perfetto/src/base/base/intrusive_tree.o
[7/2109] 1.38s S CXX clang_x64/obj/third_party/perfetto/src/base/base/android_utils.o
[7/2109] 1.38s S CXX clang_x64/obj/third_party/perfetto/src/base/base/string_splitter.o
[7/2109] 1.38s S CXX clang_x64/obj/third_party/perfetto/src/base/base/status.o
[7/2109] 1.38s S CXX clang_x64/obj/third_party/perfetto/src/base/perfetto_base_default_platform/default_platform.o
[7/2109] 1.38s S CXX clang_x64/obj/third_party/perfetto/src/base/base/scoped_sched_boost.o
[7/2109] 1.38s S CXX clang_x64/obj/third_party/perfetto/src/base/check_cpu_optimizations/check_cpu_optimizations.o
[7/2109] 1.38s S CXX clang_x64/obj/third_party/perfetto/src/base/base/scoped_mmap.o
[7/2109] 1.38s S CXX clang_x64/obj/third_party/perfetto/src/base/base/intrusive_list.o
[7/2109] 1.38s S CXX clang_x64/obj/third_party/perfetto/src/base/base/subprocess_posix.o
[7/2109] 1.38s S CXX clang_x64/obj/third_party/perfetto/src/base/base/rt_mutex.o
[7/2109] 1.38s S CXX clang_x64/obj/third_party/perfetto/src/base/base/getopt_compat.o
[7/2109] 1.38s S CXX clang_x64/obj/third_party/perfetto/src/base/base/file_utils.o
[7/2109] 1.38s S CXX clang_x64/obj/third_party/perfetto/src/base/base/periodic_task.o
[7/2109] 1.38s S CXX clang_x64/obj/third_party/perfetto/src/base/base/dynamic_string_writer.o
[7/2109] 1.38s S CXX clang_x64/obj/third_party/perfetto/src/base/base/subprocess_windows.o
[7/2109] 1.38s S CXX clang_x64/obj/third_party/perfetto/src/base/base/crash_keys.o
[7/2109] 1.38s S CXX clang_x64/obj/third_party/perfetto/src/base/base/virtual_destructors.o
[7/2109] 1.38s S CXX clang_x64/obj/third_party/perfetto/src/base/base/base64.o
[7/2109] 1.39s S CXX clang_x64/obj/third_party/perfetto/src/base/base/subprocess.o
[7/2109] 1.39s S CXX clang_x64/obj/third_party/perfetto/src/base/base/pipe.o
[7/2109] 1.39s S CXX clang_x64/obj/third_party/perfetto/src/base/base/event_fd.o
[7/2109] 1.39s S CXX clang_x64/obj/third_party/perfetto/src/base/base/paged_memory.o
[7/2109] 1.39s S CXX clang_x64/obj/third_party/perfetto/src/base/base/metatrace.o
[7/2109] 1.39s S CXX clang_x64/obj/third_party/perfetto/src/base/base/logging.o
[7/2109] 1.39s S CXX clang_x64/obj/third_party/perfetto/src/protozero/protoc_plugin/protozero_plugin/protozero_plugin.o
[7/2109] 1.39s S CXX clang_x64/obj/third_party/perfetto/src/base/base/cpu_info.o
[7/2109] 1.39s S CXX clang_x64/obj/third_party/perfetto/src/base/base/unix_task_runner.o
[7/2109] 1.39s S CXX clang_x64/obj/third_party/perfetto/src/base/base/thread_task_runner.o
[7/2109] 1.39s S CXX clang_x64/obj/third_party/perfetto/src/base/base/lock_free_task_runner.o
[7/2109] 1.39s S CXX clang_x64/obj/third_party/perfetto/src/base/base/weak_runner.o
[7/2109] 1.39s S CXX clang_x64/obj/third_party/perfetto/src/base/base/watchdog_posix.o
[7/2109] 1.40s S CXX clang_x64/obj/third_party/perfetto/src/base/base/thread_utils.o
[7/2109] 1.40s S CXX clang_x64/obj/third_party/perfetto/src/base/base/uuid.o
[7/2109] 1.40s S CXX clang_x64/obj/third_party/perfetto/src/base/base/thread_checker.o
[7/2109] 1.40s S CXX clang_x64/obj/third_party/perfetto/src/base/base/waitable_event.o
[7/2109] 1.40s S CXX clang_x64/obj/third_party/perfetto/src/base/base/utils.o
[7/2109] 1.38s S CXX clang_x64/obj/third_party/perfetto/src/base/base/ctrl_c_handler.o
[7/2109] 1.40s S CXX clang_x64/obj/third_party/perfetto/src/base/base/temp_file.o
[7/2109] 1.40s S CXX clang_x64/obj/third_party/perfetto/src/base/base/time.o
[7/2109] 1.40s S CXX clang_x64/obj/third_party/perfetto/src/base/base/string_view_splitter.o
[7/2108] 1.45s S CXX obj/third_party/perfetto/src/base/base/subprocess_posix.o
[7/2108] 1.45s S CXX obj/third_party/perfetto/src/base/base/waitable_event.o
[7/2108] 1.45s S CXX obj/third_party/perfetto/src/base/base/subprocess.o
[7/2108] 1.45s S CXX obj/third_party/perfetto/src/base/base/unix_task_runner.o
[7/2108] 1.45s S CXX obj/third_party/perfetto/src/base/base/thread_task_runner.o
[7/2108] 1.45s S CXX obj/third_party/perfetto/src/base/base/lock_free_task_runner.o
[7/2108] 1.46s S CXX obj/third_party/perfetto/src/protozero/protozero/field.o
[7/2107] 1.46s S CXX obj/third_party/perfetto/src/base/base/status.o
[7/2108] 1.46s S CXX obj/third_party/perfetto/src/base/base/string_utils.o
[7/2108] 1.46s S CXX obj/third_party/perfetto/src/base/base/watchdog_posix.o
[7/2108] 1.46s S CXX obj/third_party/perfetto/src/protozero/protozero/gen_field_helpers.o
[7/2108] 1.46s S CXX obj/third_party/perfetto/src/protozero/protozero/message_arena.o
[7/2108] 1.46s S CXX obj/third_party/perfetto/src/protozero/protozero/scattered_stream_null_delegate.o
[7/2107] 1.46s S CXX obj/third_party/perfetto/src/base/base/virtual_destructors.o
[7/2107] 1.46s S CXX obj/third_party/perfetto/src/base/base/uuid.o
[7/2107] 1.46s S CXX obj/third_party/perfetto/src/base/base/utils.o
[7/2107] 1.46s S CXX obj/third_party/perfetto/src/base/base/time.o
[7/2107] 1.46s S CXX obj/third_party/perfetto/src/base/base/thread_utils.o
[7/2107] 1.46s S CXX obj/third_party/perfetto/src/protozero/protozero/message.o
[7/2107] 1.46s S CXX obj/third_party/perfetto/src/base/perfetto_base_default_platform/default_platform.o
[7/2107] 1.46s S CXX obj/third_party/perfetto/src/base/base/string_splitter.o
[7/2107] 1.46s S CXX obj/third_party/perfetto/src/base/base/string_view_splitter.o
[7/2107] 1.46s S CXX obj/third_party/perfetto/src/base/base/dynamic_string_writer.o
[7/2107] 1.46s S CXX obj/third_party/perfetto/src/protozero/protozero/scattered_stream_writer.o
[7/2107] 1.46s S CXX obj/third_party/perfetto/src/base/base/string_view.o
[7/2107] 1.46s S CXX obj/third_party/perfetto/src/base/base/event_fd.o
[7/2107] 1.46s S CXX obj/third_party/perfetto/src/base/base/getopt_compat.o
[7/2107] 1.46s S CXX obj/third_party/perfetto/src/base/base/crash_keys.o
[7/2107] 1.46s S CXX obj/third_party/perfetto/src/protozero/protozero/virtual_destructors.o
[7/2107] 1.46s S CXX obj/third_party/perfetto/src/base/base/temp_file.o
[7/2107] 1.46s S CXX obj/third_party/perfetto/src/base/base/ctrl_c_handler.o
[7/2107] 1.46s S CXX obj/third_party/perfetto/src/base/base/file_utils.o
[7/2107] 1.46s S CXX obj/third_party/perfetto/src/base/base/subprocess_windows.o
[7/2107] 1.46s S CXX obj/third_party/perfetto/src/base/base/cpu_info.o
[7/2107] 1.46s F ACTION //third_party/perfetto/gn:gen_buildflags(//build/toolchain/android:android_clang_arm)
[7/2107] 1.46s S CXX obj/third_party/perfetto/src/base/base/scoped_sched_boost.o
[7/2107] 1.46s S CXX obj/third_party/perfetto/src/base/base/base64.o
[8/2107] 1.46s S CXX obj/third_party/perfetto/src/base/base/scoped_mmap.o
[8/2107] 1.46s S CXX obj/third_party/perfetto/src/protozero/protozero/proto_decoder.o
[8/2107] 1.47s S CXX obj/third_party/perfetto/src/base/base/rt_mutex.o
[7/2107] 1.46s S CXX obj/third_party/perfetto/src/base/base/thread_checker.o
[8/2107] 1.47s S CXX obj/third_party/perfetto/src/base/base/weak_runner.o
[8/2107] 1.47s S CXX obj/third_party/perfetto/src/base/version/version.o
[8/2107] 1.47s S CXX obj/third_party/perfetto/src/protozero/protozero/scattered_heap_buffer.o
[8/2107] 1.47s S CXX obj/third_party/perfetto/src/protozero/filtering/message_filter/message_filter.o
[8/2107] 1.47s S CXX obj/third_party/perfetto/src/protozero/filtering/bytecode_parser/filter_bytecode_parser.o
[8/2107] 1.47s S CXX obj/third_party/perfetto/src/android_stats/android_stats/statsd_logging_helper.o
[8/2107] 1.47s S CXX obj/third_party/perfetto/src/protozero/filtering/string_filter/string_filter.o
[8/2106] 1.47s S CXX obj/third_party/perfetto/src/base/base/android_utils.o
[7/2107] 1.46s S CXX obj/third_party/perfetto/src/base/check_cpu_optimizations/check_cpu_optimizations.o
[8/2106] 1.48s S CXX obj/third_party/perfetto/src/base/base/pipe.o
[8/2106] 1.48s S CXX obj/third_party/perfetto/src/base/regex/regex/regex.o
[8/2106] 1.48s S CXX obj/third_party/perfetto/src/base/base/intrusive_tree.o
[8/2106] 1.48s S CXX obj/third_party/perfetto/src/base/base/logging.o
[8/2106] 1.48s S CXX obj/third_party/perfetto/src/base/base/periodic_task.o
[8/2106] 1.48s S CXX obj/third_party/perfetto/src/base/base/intrusive_list.o
[8/2106] 1.48s S CXX obj/third_party/perfetto/src/base/base/paged_memory.o
[8/2106] 1.49s S CXX obj/third_party/perfetto/src/protozero/protozero/packed_repeated_fields.o
[8/2106] 1.49s S CXX obj/third_party/perfetto/src/base/base/metatrace.o
[8/2106] 1.49s S CXX obj/third_party/perfetto/src/protozero/protozero/static_buffer.o
[8/2106] 1.54s F ACTION //third_party/spirv-tools/src:spvtools_language_header_debugprintf(//build/toolchain/android:android_clang_arm)
[9/2105] 1.66s F ACTION //third_party/spirv-tools/src:spvtools_language_header_graphdebuginfo(//build/toolchain/android:android_clang_arm)
[10/2104] 1.67s F ACTION //third_party/spirv-tools/src:spvtools_language_header_cldebuginfo100(//build/toolchain/android:android_clang_arm)
[10/2102] 1.67s S CXX obj/third_party/spirv-tools/src/spvtools_val/validate_image.o
[10/2102] 1.67s S CXX obj/third_party/spirv-tools/src/spvtools_val/construct.o
[10/2102] 1.67s S CXX obj/third_party/spirv-tools/src/spvtools_val/validate_id.o
[10/2102] 1.67s S CXX obj/third_party/spirv-tools/src/spvtools_val/validate_group.o
[10/2102] 1.67s S CXX obj/third_party/spirv-tools/src/spvtools_val/validate_graph.o
[10/2102] 1.67s S CXX obj/third_party/spirv-tools/src/spvtools_val/validate_function.o
[10/2102] 1.67s S CXX obj/third_party/spirv-tools/src/spvtools_val/validate_primitives.o
[10/2101] 1.67s S CXX obj/third_party/spirv-tools/src/spvtools/binary.o
[10/2101] 1.67s S CXX obj/third_party/spirv-tools/src/spvtools_val/basic_block.o
[10/2101] 1.67s S CXX obj/third_party/spirv-tools/src/spvtools_val/validation_state.o
[10/2101] 1.67s S CXX obj/third_party/spirv-tools/src/spvtools_val/validate_pipe.o
[10/2101] 1.67s S CXX obj/third_party/spirv-tools/src/spvtools_val/validate_invalid_type.o
[10/2101] 1.67s S CXX obj/third_party/spirv-tools/src/spvtools_val/validate_non_uniform.o
[10/2101] 1.67s S CXX obj/third_party/spirv-tools/src/spvtools_val/validate_mode_setting.o
[11/2101] 1.67s S CXX obj/third_party/spirv-tools/src/spvtools/table.o
[11/2101] 1.67s S CXX obj/third_party/spirv-tools/src/spvtools_val/validate_misc.o
[11/2101] 1.67s S CXX obj/third_party/spirv-tools/src/spvtools_val/validate_tensor_layout.o
[11/2101] 1.67s S CXX obj/third_party/spirv-tools/src/spvtools_val/validate_mesh_shading.o
[11/2101] 1.67s S CXX obj/third_party/spirv-tools/src/spvtools_val/validate_tensor.o
[11/2101] 1.67s S CXX obj/third_party/spirv-tools/src/spvtools_val/validate_memory_semantics.o
[11/2101] 1.68s S CXX obj/third_party/spirv-tools/src/spvtools_val/validate_small_type_uses.o
[11/2101] 1.68s S CXX obj/third_party/spirv-tools/src/spvtools_val/validate_memory.o
[11/2101] 1.68s S CXX obj/third_party/spirv-tools/src/spvtools_val/validate_scopes.o
[11/2101] 1.68s S CXX obj/third_party/spirv-tools/src/spvtools_val/validate_logicals.o
[11/2101] 1.68s S CXX obj/third_party/spirv-tools/src/spvtools_val/validate_ray_tracing_reorder.o
[11/2101] 1.68s S CXX obj/third_party/spirv-tools/src/spvtools_val/validate_logical_pointers.o
[11/2101] 1.68s S CXX obj/third_party/spirv-tools/src/spvtools_val/validate_literals.o
[11/2101] 1.68s S CXX obj/third_party/spirv-tools/src/spvtools_val/validate_extensions.o
[11/2101] 1.68s S CXX obj/third_party/spirv-tools/src/spvtools_val/validate_layout.o
[11/2101] 1.68s S CXX obj/third_party/spirv-tools/src/spvtools_val/validate_ray_tracing.o
[11/2101] 1.68s S CXX obj/third_party/spirv-tools/src/spvtools_val/validate_interfaces.o
[11/2101] 1.68s S CXX obj/third_party/spirv-tools/src/spvtools_val/validate_instruction.o
[11/2101] 1.68s S CXX obj/third_party/spirv-tools/src/spvtools_val/validate_explicit_layout.o
[11/2101] 1.68s S CXX obj/third_party/spirv-tools/src/spvtools_val/validate_ray_query.o
[11/2101] 1.68s S CXX obj/third_party/spirv-tools/src/spvtools/bit_vector.o
[11/2101] 1.68s S CXX obj/third_party/spirv-tools/src/spvtools/assembly_grammar.o
[11/2101] 1.68s S CXX obj/third_party/spirv-tools/src/spvtools/timer.o
[11/2101] 1.68s S CXX obj/third_party/spirv-tools/src/spvtools/string_utils.o
[11/2101] 1.68s S CXX obj/third_party/spirv-tools/src/spvtools_val/validate_type.o
[11/2101] 1.68s S CXX obj/third_party/spirv-tools/src/spvtools_val/validate_execution_limitations.o
[11/2101] 1.68s S CXX obj/third_party/spirv-tools/src/spvtools_val/validate_dot_product.o
[11/2101] 1.68s S CXX obj/third_party/spirv-tools/src/spvtools/text.o
[11/2101] 1.68s S CXX obj/third_party/spirv-tools/src/spvtools/spirv_validator_options.o
[11/2101] 1.68s S CXX obj/third_party/spirv-tools/src/spvtools_val/validate_decorations.o
[11/2101] 1.68s S CXX obj/third_party/spirv-tools/src/spvtools_val/validate_debug.o
[11/2101] 1.68s S CXX obj/third_party/spirv-tools/src/spvtools_val/validate_conversion.o
[11/2101] 1.68s S CXX obj/third_party/spirv-tools/src/spvtools/to_string.o
[11/2101] 1.69s S CXX obj/third_party/spirv-tools/src/spvtools_val/validate_derivatives.o
[11/2101] 1.69s S CXX obj/third_party/spirv-tools/src/spvtools/parse_number.o
[11/2101] 1.69s S CXX obj/third_party/spirv-tools/src/spvtools_val/validate_cfg.o
[11/2101] 1.69s S CXX obj/third_party/spirv-tools/src/spvtools/text_handler.o
[11/2101] 1.69s S CXX obj/third_party/spirv-tools/src/spvtools_val/validate_capability.o
[11/2101] 1.69s S CXX obj/third_party/spirv-tools/src/spvtools_val/validate_builtins.o
[11/2101] 1.69s S CXX obj/third_party/spirv-tools/src/spvtools_val/validate_constants.o
[11/2101] 1.69s S CXX obj/third_party/spirv-tools/src/spvtools/spirv_target_env.o
[11/2101] 1.69s S CXX obj/third_party/spirv-tools/src/spvtools/table2.o
[11/2101] 1.69s S CXX obj/third_party/spirv-tools/src/spvtools/spirv_optimizer_options.o
[11/2101] 1.69s S CXX obj/third_party/spirv-tools/src/spvtools_val/validate_bitwise.o
[11/2101] 1.69s S CXX obj/third_party/spirv-tools/src/spvtools/spirv_reducer_options.o
[11/2101] 1.69s S CXX obj/third_party/spirv-tools/src/spvtools/spirv_fuzzer_options.o
[11/2101] 1.69s S CXX obj/third_party/spirv-tools/src/spvtools/spirv_endian.o
[11/2101] 1.69s S CXX obj/third_party/spirv-tools/src/spvtools_val/validate_barriers.o
[11/2101] 1.69s S CXX obj/third_party/spirv-tools/src/spvtools/print.o
[11/2101] 1.69s S CXX obj/third_party/spirv-tools/src/spvtools_val/validate_atomics.o
[11/2101] 1.70s S CXX obj/third_party/spirv-tools/src/spvtools/diagnostic.o
[11/2101] 1.69s S CXX obj/third_party/spirv-tools/src/spvtools_val/validate_arithmetics.o
[11/2101] 1.69s S CXX obj/third_party/spirv-tools/src/spvtools/operand.o
[11/2101] 1.70s S CXX obj/third_party/spirv-tools/src/spvtools_val/function.o
[11/2101] 1.69s S CXX obj/third_party/spirv-tools/src/spvtools_val/validate_annotation.o
[11/2101] 1.69s S CXX obj/third_party/spirv-tools/src/spvtools/opcode.o
[11/2101] 1.69s S CXX obj/third_party/spirv-tools/src/spvtools_val/validate_adjacency.o
[11/2101] 1.69s S CXX obj/third_party/spirv-tools/src/spvtools_val/validate.o
[11/2101] 1.69s S CXX obj/third_party/spirv-tools/src/spvtools/name_mapper.o
[11/2101] 1.70s S CXX obj/third_party/spirv-tools/src/spvtools/disassemble.o
[11/2101] 1.69s S CXX obj/third_party/spirv-tools/src/spvtools_val/instruction.o
[11/2101] 1.69s S CXX obj/third_party/spirv-tools/src/spvtools/extensions.o
[11/2101] 1.70s S CXX obj/third_party/spirv-tools/src/spvtools/ext_inst.o
[11/2101] 1.70s S CXX obj/third_party/spirv-tools/src/spvtools_val/validate_composites.o
[11/2101] 1.69s S CXX obj/third_party/spirv-tools/src/spvtools/parsed_operand.o
[11/2101] 1.69s S CXX obj/third_party/spirv-tools/src/spvtools/libspirv.o
[11/2101] 1.79s F ACTION //:angle_commit_id(//build/toolchain/android:android_clang_arm)
[12/2100] 1.90s F CXX clang_x64/obj/third_party/abseil-cpp/absl/random/distributions/gaussian_distribution.o
[13/2100] 1.93s F CXX clang_x64/obj/third_party/abseil-cpp/absl/log/internal/structured_proto/structured_proto.o
[14/2100] 1.96s F CC clang_x64/obj/third_party/protobuf/utf8_range/utf8_range.o
[15/2100] 1.96s F ACTION //:angle_program_version_id(//build/toolchain/android:android_clang_arm)
[16/2097] 1.96s S CXX obj/angle_version_info/angle_version_info.o
[16/2097] 2.02s F CXX clang_x64/obj/third_party/abseil-cpp/absl/random/seed_sequences/seed_sequences.o
[17/2097] 2.37s F CXX clang_x64/obj/third_party/abseil-cpp/absl/crc/crc_cord_state/crc_cord_state.o
[18/2097] 2.83s F CXX clang_x64/obj/third_party/abseil-cpp/absl/log/log_sink/log_sink.o
[19/2097] 3.04s F CXX clang_x64/obj/third_party/abseil-cpp/absl/log/internal/log_sink_set/log_sink_set.o
[20/2097] 3.06s F CXX clang_x64/obj/third_party/abseil-cpp/absl/debugging/utf8_for_code_point/utf8_for_code_point.o
[21/2096] 3.28s F CXX clang_x64/obj/third_party/abseil-cpp/absl/debugging/symbolize/symbolize.o
[22/2096] 3.41s F CXX clang_x64/obj/third_party/abseil-cpp/absl/status/status_builder/status_builder.o
[23/2096] 3.43s F CXX clang_x64/obj/third_party/protobuf/protobuf_lite_library/io_win32.o
[24/2096] 3.53s F CXX clang_x64/obj/third_party/abseil-cpp/absl/debugging/decode_rust_punycode/decode_rust_punycode.o
[25/2096] 3.80s F CXX clang_x64/obj/third_party/abseil-cpp/absl/strings/strings/damerau_levenshtein_distance.o
[26/2096] 3.86s F CXX clang_x64/obj/third_party/abseil-cpp/absl/hash/city/city.o
[27/2096] 4.17s F CXX clang_x64/obj/third_party/abseil-cpp/absl/random/seed_gen_exception/seed_gen_exception.o
[28/2096] 4.64s F CXX clang_x64/obj/third_party/protobuf/protobuf_lite_library/strtod.o
[29/2096] 4.91s F CXX clang_x64/obj/third_party/abseil-cpp/absl/log/internal/format/log_format.o
[30/2096] 5.05s F CXX clang_x64/obj/third_party/abseil-cpp/absl/debugging/debugging_internal/elf_mem_image.o
[31/2096] 5.74s F CXX clang_x64/obj/third_party/abseil-cpp/absl/time/internal/cctz/time_zone/time_zone_libc.o
[32/2096] 5.81s F CXX clang_x64/obj/third_party/protobuf/protobuf_lite_library/printer.o
[33/2096] 5.88s F CXX clang_x64/obj/third_party/protobuf/protobuf_lite_library/tokenizer.o
[34/2096] 6.50s F CXX clang_x64/obj/third_party/abseil-cpp/absl/time/internal/cctz/time_zone/time_zone_info.o
[35/2095] 6.58s F CXX clang_x64/obj/third_party/abseil-cpp/absl/random/internal/randen_hwaes/randen_detect.o
[36/2095] 6.67s F CXX clang_x64/obj/third_party/abseil-cpp/absl/time/clock_interface/clock_interface.o
[37/2095] 6.71s F CXX clang_x64/obj/third_party/abseil-cpp/absl/time/internal/cctz/time_zone/time_zone_format.o
[38/2095] 6.85s F CXX clang_x64/obj/third_party/abseil-cpp/absl/strings/str_format_internal/bind.o
[39/2095] 7.04s F CXX clang_x64/obj/third_party/abseil-cpp/absl/debugging/stacktrace/stacktrace.o
[40/2095] 7.33s F CXX clang_x64/obj/third_party/abseil-cpp/absl/synchronization/kernel_timeout_internal/kernel_timeout.o
[41/2095] 7.83s F CXX clang_x64/obj/third_party/abseil-cpp/absl/strings/strings/charconv_bigint.o
[42/2095] 8.28s F CXX clang_x64/obj/third_party/protobuf/protobuf_lite_library/zero_copy_stream.o
[43/2095] 8.31s F CXX clang_x64/obj/third_party/abseil-cpp/absl/random/internal/randen/randen.o
[44/2095] 8.45s F CXX clang_x64/obj/third_party/protobuf/protobuf_lite_library/any_lite.o
[45/2095] 8.68s F CXX clang_x64/obj/third_party/abseil-cpp/absl/synchronization/synchronization/barrier.o
[46/2095] 8.76s F CXX clang_x64/obj/third_party/protobuf/protobuf_lite_library/zero_copy_stream_impl.o
[47/2095] 9.47s F CXX clang_x64/obj/third_party/abseil-cpp/absl/strings/str_format_internal/arg.o
[48/2095] 9.54s F CXX clang_x64/obj/third_party/abseil-cpp/absl/synchronization/synchronization/notification.o
[49/2095] 9.66s F CXX clang_x64/obj/third_party/protobuf/protobuf_lite_library/arena.o
[50/2095] 9.91s F CXX clang_x64/obj/third_party/abseil-cpp/absl/synchronization/synchronization/mutex.o
[51/2095] 10.28s F CXX clang_x64/obj/third_party/abseil-cpp/absl/synchronization/synchronization/waiter_base.o
[52/2095] 10.29s F CXX clang_x64/obj/third_party/abseil-cpp/absl/synchronization/synchronization/win32_waiter.o
[53/2095] 10.37s F CXX clang_x64/obj/third_party/abseil-cpp/absl/container/hashtablez_sampler/hashtablez_sampler.o
[54/2095] 10.47s F CXX clang_x64/obj/third_party/abseil-cpp/absl/synchronization/synchronization/stdcpp_waiter.o
[55/2095] 11.04s F CXX clang_x64/obj/third_party/abseil-cpp/absl/synchronization/synchronization/sem_waiter.o
[56/2095] 11.35s F CXX clang_x64/obj/third_party/abseil-cpp/absl/strings/str_format_internal/parser.o
[57/2095] 11.49s F CXX clang_x64/obj/third_party/protobuf/protobuf_lite_library/zero_copy_stream_impl_lite.o
[58/2095] 11.81s F CXX clang_x64/obj/third_party/abseil-cpp/absl/synchronization/synchronization/create_thread_identity.o
[59/2095] 11.98s F CXX clang_x64/obj/third_party/abseil-cpp/absl/crc/crc_internal/crc.o
[60/2095] 12.16s F CXX clang_x64/obj/third_party/protobuf/protobuf_lite_library/unknown_field_set_lite.o
[61/2095] 12.52s F CXX clang_x64/obj/third_party/abseil-cpp/absl/crc/crc32c/crc_non_temporal_memcpy.o
[62/2095] 12.61s F CXX clang_x64/obj/third_party/abseil-cpp/absl/crc/crc32c/crc_memcpy_x86_arm_combined.o
[63/2095] 13.25s F CXX clang_x64/obj/third_party/abseil-cpp/absl/strings/cord_internal/cord_internal.o
[64/2095] 13.52s F CXX clang_x64/obj/third_party/abseil-cpp/absl/strings/cord_internal/cord_rep_consume.o
[65/2095] 13.56s F CXX clang_x64/obj/third_party/abseil-cpp/absl/strings/cord_internal/cord_rep_crc.o
[66/2095] 14.16s F CXX clang_x64/obj/third_party/abseil-cpp/absl/log/internal/proto/proto.o
[67/2095] 14.17s F CXX clang_x64/obj/third_party/abseil-cpp/absl/strings/cord_internal/cord_rep_btree_reader.o
[68/2095] 14.18s F CXX clang_x64/obj/third_party/protobuf/protobuf_lite_library/map.o
[69/2095] 14.40s F CXX clang_x64/obj/third_party/abseil-cpp/absl/base/strerror/strerror.o
[70/2094] 14.60s F CXX clang_x64/obj/third_party/abseil-cpp/absl/strings/str_format_internal/output.o
[71/2094] 14.65s F CXX clang_x64/obj/third_party/abseil-cpp/absl/log/log_entry/log_entry.o
[72/2094] 15.12s F CXX clang_x64/obj/third_party/protobuf/protobuf_lite_library/arena_align.o
[73/2094] 15.16s F CXX clang_x64/obj/third_party/abseil-cpp/absl/strings/strings/ascii.o
[74/2094] 15.34s F CXX clang_x64/obj/third_party/abseil-cpp/absl/strings/cord_internal/cord_rep_btree_navigator.o
[75/2094] 15.91s F CXX clang_x64/obj/third_party/abseil-cpp/absl/synchronization/synchronization/per_thread_sem.o
[76/2094] 16.06s F CXX clang_x64/obj/third_party/abseil-cpp/absl/strings/strings/str_split.o
[77/2094] 16.61s F CXX clang_x64/obj/third_party/abseil-cpp/absl/strings/strings/str_replace.o
[78/2094] 16.65s F CXX clang_x64/obj/third_party/abseil-cpp/absl/strings/cord/cord.o
[79/2094] 16.70s F CXX clang_x64/obj/third_party/protobuf/protobuf_lite_library/arena_allocation_policy.o
[80/2094] 16.75s F CXX clang_x64/obj/third_party/abseil-cpp/absl/base/spinlock_wait/spinlock_wait.o
[81/2093] 16.82s F CXX clang_x64/obj/third_party/abseil-cpp/absl/synchronization/synchronization/pthread_waiter.o
[82/2093] 17.31s F CXX clang_x64/obj/third_party/protobuf/protobuf_lite_library/message_lite.o
[83/2093] 17.53s F CXX clang_x64/obj/third_party/abseil-cpp/absl/strings/strings/str_cat.o
[84/2093] 17.55s F CXX clang_x64/obj/third_party/abseil-cpp/absl/crc/crc32c/crc32c.o
[85/2093] 17.85s F CXX clang_x64/obj/third_party/abseil-cpp/absl/strings/strings/numbers.o
[86/2093] 17.92s F CXX clang_x64/obj/third_party/abseil-cpp/absl/strings/strings/match.o
[87/2093] 18.14s F CXX clang_x64/obj/third_party/abseil-cpp/absl/strings/strings/stringify_sink.o
[88/2093] 18.28s F CXX clang_x64/obj/third_party/abseil-cpp/absl/strings/strings/memutil.o
[89/2093] 18.41s F CXX clang_x64/obj/third_party/abseil-cpp/absl/strings/strings/charconv_parse.o
[90/2093] 19.29s F CXX clang_x64/obj/third_party/abseil-cpp/absl/strings/strings/escaping.o
[91/2093] 19.61s F CXX clang_x64/obj/third_party/abseil-cpp/absl/log/internal/vlog_config/vlog_config.o
[92/2093] 19.67s F CXX clang_x64/obj/third_party/abseil-cpp/absl/log/internal/log_message/log_message.o
[93/2093] 19.73s F CXX clang_x64/obj/third_party/abseil-cpp/absl/base/base/unscaledcycleclock.o
[94/2093] 19.74s F CXX clang_x64/obj/third_party/abseil-cpp/absl/time/internal/cctz/civil_time/civil_time_detail.o
[95/2092] 19.85s F CXX clang_x64/obj/third_party/protobuf/protobuf_lite_library/parse_context.o
[96/2092] 20.12s F CXX clang_x64/obj/third_party/abseil-cpp/absl/base/base/casts.o
[97/2092] 20.33s F CXX clang_x64/obj/third_party/abseil-cpp/absl/base/base/thread_identity.o
[98/2092] 20.51s F CXX clang_x64/obj/third_party/abseil-cpp/absl/base/base/sysinfo.o
[99/2092] 20.54s F CXX clang_x64/obj/third_party/abseil-cpp/absl/debugging/demangle_rust/demangle_rust.o
[100/2092] 20.71s F CXX clang_x64/obj/third_party/abseil-cpp/absl/base/base/spinlock.o
[101/2092] 21.19s F CXX clang_x64/obj/third_party/protobuf/protobuf_lite_library/port.o
[102/2092] 21.31s F CXX clang_x64/obj/third_party/abseil-cpp/absl/time/time/clock.o
[103/2092] 21.39s F CXX clang_x64/obj/third_party/abseil-cpp/absl/base/malloc_internal/low_level_alloc.o
[104/2092] 21.42s F CXX clang_x64/obj/third_party/abseil-cpp/absl/log/internal/conditions/conditions.o
[105/2091] 21.52s F CXX clang_x64/obj/third_party/abseil-cpp/absl/log/internal/nullguard/nullguard.o
[106/2091] 21.83s F CXX clang_x64/obj/third_party/protobuf/protobuf_lite_library/raw_ptr.o
[107/2091] 22.07s F CXX clang_x64/obj/third_party/abseil-cpp/absl/debugging/demangle_internal/demangle.o
[108/2091] 22.19s F CXX clang_x64/obj/third_party/abseil-cpp/absl/random/internal/seed_material/seed_material.o
[109/2091] 22.25s F CXX clang_x64/obj/third_party/protobuf/protobuf_lite_library/arenastring.o
[110/2091] 22.54s F CXX clang_x64/obj/third_party/abseil-cpp/absl/numeric/int128/int128.o
[111/2091] 22.64s F CXX clang_x64/obj/third_party/abseil-cpp/absl/base/throw_delegate/throw_delegate.o
[112/2091] 22.99s F CXX clang_x64/obj/third_party/abseil-cpp/absl/synchronization/graphcycles_internal/graphcycles.o
[113/2091] 23.52s F CXX clang_x64/obj/third_party/abseil-cpp/absl/strings/internal/escaping.o
[114/2091] 23.69s F CXX clang_x64/obj/third_party/protobuf/protobuf_lite_library/arenaz_sampler.o
[115/2091] 23.83s F CXX clang_x64/obj/third_party/protobuf/protobuf_lite_library/repeated_field.o
[116/2091] 24.07s F CXX clang_x64/obj/third_party/protobuf/protobuf_lite_library/common.o
[117/2091] 24.18s F CXX clang_x64/obj/third_party/protobuf/protobuf_lite_library/repeated_ptr_field.o
[118/2091] 24.54s F CXX clang_x64/obj/third_party/abseil-cpp/absl/synchronization/synchronization/blocking_counter.o
[119/2091] 24.93s F CXX clang_x64/obj/third_party/abseil-cpp/absl/debugging/debugging_internal/vdso_support.o
[120/2091] 25.18s F CXX clang_x64/obj/third_party/protobuf/protobuf_lite_library/type_id.o
[121/2091] 25.72s F CXX clang_x64/obj/third_party/protobuf/protobuf_lite_library/wire_format_lite.o
[122/2091] 25.78s F CXX clang_x64/obj/third_party/abseil-cpp/absl/hash/hash/hash.o
[123/2091] 25.91s F CXX clang_x64/obj/third_party/abseil-cpp/absl/log/initialize/initialize.o
[124/2091] 25.93s F CXX clang_x64/obj/third_party/abseil-cpp/absl/debugging/leak_check/leak_check.o
[125/2090] 26.51s F CXX clang_x64/obj/third_party/abseil-cpp/absl/random/internal/entropy_pool/entropy_pool.o
[126/2090] 27.25s F CXX clang_x64/obj/third_party/abseil-cpp/absl/status/status/status.o
[127/2090] 27.50s F CXX clang_x64/obj/third_party/abseil-cpp/absl/strings/str_format_internal/float_conversion.o
[128/2090] 27.53s F CXX clang_x64/obj/third_party/protobuf/protobuf_lite_library/extension_set.o
[129/2090] 27.72s F CXX clang_x64/obj/third_party/abseil-cpp/absl/strings/str_format_internal/extension.o
[130/2090] 28.03s F CXX clang_x64/obj/third_party/abseil-cpp/absl/random/internal/randen_slow/randen_slow.o
[131/2090] 28.41s F CXX clang_x64/obj/third_party/protobuf/protobuf_lite_library/generated_enum_util.o
[132/2090] 28.44s F CXX clang_x64/obj/third_party/abseil-cpp/absl/time/internal/cctz/time_zone/time_zone_fixed.o
[133/2090] 28.78s F CXX clang_x64/obj/third_party/abseil-cpp/absl/synchronization/synchronization/futex_waiter.o
[134/2090] 29.02s F CXX clang_x64/obj/third_party/protobuf/protobuf_lite_library/micro_string.o
[135/2090] 29.36s F CXX clang_x64/obj/third_party/abseil-cpp/absl/strings/cordz_handle/cordz_handle.o
[136/2090] 29.53s F CXX clang_x64/obj/third_party/abseil-cpp/absl/time/time/duration.o
[137/2090] 29.70s F CXX clang_x64/obj/third_party/abseil-cpp/absl/log/internal/fnmatch/fnmatch.o
[138/2089] 29.88s F CXX clang_x64/obj/third_party/abseil-cpp/absl/strings/strings/substitute.o
[139/2089] 30.25s F CXX clang_x64/obj/third_party/abseil-cpp/absl/random/distributions/discrete_distribution.o
[140/2089] 30.62s F CXX clang_x64/obj/third_party/abseil-cpp/absl/debugging/debugging_internal/address_is_readable.o
[141/2089] 31.12s F CXX clang_x64/obj/third_party/abseil-cpp/absl/strings/cordz_functions/cordz_functions.o
[142/2089] 31.50s F CXX clang_x64/obj/third_party/protobuf/protobuf_lite_library/generated_message_util.o
[143/2089] 31.58s F CXX clang_x64/obj/third_party/protobuf/protobuf_lite_library/implicit_weak_message.o
[144/2089] 32.05s F CXX clang_x64/obj/third_party/abseil-cpp/absl/log/globals/globals.o
[145/2089] 32.16s F CXX clang_x64/obj/third_party/abseil-cpp/absl/debugging/examine_stack/examine_stack.o
[146/2089] 32.40s F CXX clang_x64/obj/third_party/abseil-cpp/absl/profiling/exponential_biased/exponential_biased.o
[147/2088] 32.96s F CXX clang_x64/obj/third_party/abseil-cpp/absl/crc/crc32c/crc_memcpy_fallback.o
[148/2088] 33.19s F CXX clang_x64/obj/third_party/protobuf/protobuf_lite_library/inlined_string_field.o
[149/2088] 33.21s F CXX clang_x64/obj/third_party/protobuf/protobuf_lite_library/generated_message_tctable_lite.o
[150/2088] 33.68s F CXX clang_x64/obj/third_party/abseil-cpp/absl/random/internal/randen_hwaes_impl/randen_hwaes.o
[151/2088] 33.70s F CXX clang_x64/obj/third_party/abseil-cpp/absl/base/tracing_internal/tracing.o
[152/2087] 33.93s F CXX clang_x64/obj/third_party/abseil-cpp/absl/base/cpu_detect/cpu_detect.o
[153/2086] 33.95s F CXX clang_x64/obj/third_party/abseil-cpp/absl/log/die_if_null/die_if_null.o
[154/2086] 34.01s F CXX clang_x64/obj/third_party/abseil-cpp/absl/status/status/status_internal.o
[155/2086] 34.43s F CXX clang_x64/obj/third_party/abseil-cpp/absl/debugging/failure_signal_handler/failure_signal_handler.o
[156/2086] 34.60s F CXX clang_x64/obj/third_party/abseil-cpp/absl/status/statusor/statusor.o
[157/2086] 34.87s F CXX clang_x64/obj/third_party/abseil-cpp/absl/container/hashtablez_sampler/hashtablez_sampler_force_weak_definition.o
[158/2086] 34.90s F CXX clang_x64/obj/third_party/abseil-cpp/absl/time/internal/cctz/time_zone/zone_info_source.o
[159/2086] 34.96s F CXX clang_x64/obj/third_party/abseil-cpp/absl/crc/crc_internal/crc_x86_arm_combined.o
[160/2086] 34.99s F CXX clang_x64/obj/third_party/abseil-cpp/absl/strings/internal/utf8.o
[161/2086] 35.07s F CXX clang_x64/obj/third_party/abseil-cpp/absl/strings/cord/cord_analysis.o
[162/2086] 35.11s F CXX clang_x64/obj/third_party/abseil-cpp/absl/types/source_location/source_location.o
[163/2085] 35.14s F CXX clang_x64/obj/third_party/abseil-cpp/absl/time/internal/cctz/time_zone/time_zone_posix.o
[164/2085] 35.47s F CXX clang_x64/obj/third_party/abseil-cpp/absl/strings/internal/ostringstream.o
[165/2085] 35.72s F CXX clang_x64/obj/third_party/abseil-cpp/absl/time/internal/cctz/time_zone/time_zone_lookup.o
[166/2085] 35.86s F CXX clang_x64/obj/third_party/abseil-cpp/absl/base/raw_logging_internal/raw_logging.o
[167/2085] 36.14s F CXX clang_x64/obj/third_party/abseil-cpp/absl/status/status/status_payload_printer.o
[168/2085] 36.21s F CXX clang_x64/obj/third_party/abseil-cpp/absl/time/time/civil_time.o
[169/2085] 36.73s F CXX clang_x64/obj/third_party/abseil-cpp/absl/time/time/time.o
[170/2085] 36.88s F CXX clang_x64/obj/third_party/abseil-cpp/absl/log/internal/check_op/check_op.o
[171/2085] 36.94s F CXX clang_x64/obj/third_party/abseil-cpp/absl/time/internal/cctz/time_zone/time_zone_if.o
[172/2085] 37.45s F CXX clang_x64/obj/third_party/abseil-cpp/absl/strings/cordz_info/cordz_info.o
[173/2085] 37.52s F CXX clang_x64/obj/third_party/abseil-cpp/absl/base/base/cycleclock.o
[174/2085] 37.82s F CXX clang_x64/obj/third_party/abseil-cpp/absl/time/internal/cctz/time_zone/time_zone_impl.o
[175/2084] 38.29s F CXX clang_x64/obj/third_party/abseil-cpp/absl/log/internal/globals/globals.o
[176/2084] 38.35s F CXX clang_x64/obj/third_party/abseil-cpp/absl/strings/strings/charconv.o
[177/2084] 38.49s F CXX clang_x64/obj/third_party/abseil-cpp/absl/container/raw_hash_set/raw_hash_set.o
[178/2084] 39.29s F CXX clang_x64/obj/third_party/abseil-cpp/absl/time/time/format.o
[179/2084] 39.49s F CXX clang_x64/obj/third_party/protobuf/protobuf_lite_library/coded_stream.o
[180/1988] 39.64s F CXX clang_x64/obj/third_party/abseil-cpp/absl/base/log_severity/log_severity.o
[181/1988] 39.64s F CXX clang_x64/obj/buildtools/third_party/libc++abi/libc++abi/cxa_default_handlers.o
[182/1988] 39.65s F CXX clang_x64/obj/third_party/protobuf/protobuf_lite_library/zero_copy_sink.o
[183/1988] 39.66s F CXX clang_x64/obj/buildtools/third_party/libc++abi/libc++abi/stdlib_typeinfo.o
[184/1966] 39.72s S AR clang_x64/obj/third_party/protobuf/libprotobuf_lite_library.a
[184/1966] 39.72s F CXX clang_x64/obj/third_party/abseil-cpp/absl/strings/cord_internal/cord_rep_btree.o
[185/1966] 39.75s F CXX clang_x64/obj/buildtools/third_party/libc++abi/libc++abi/stdlib_exception.o
[186/1966] 39.79s F CXX clang_x64/obj/buildtools/third_party/libc++abi/libc++abi/stdlib_stdexcept.o
[187/1966] 39.83s F CXX clang_x64/obj/buildtools/third_party/libc++abi/libc++abi/cxa_guard.o
[188/1966] 39.83s F AR clang_x64/obj/third_party/protobuf/libprotobuf_lite_library.a
[189/1966] 40.25s F CXX clang_x64/obj/third_party/protobuf/protobuf_full_library/service.o
[190/1966] 41.67s F CXX clang_x64/obj/third_party/protobuf/protobuf_full_library/any.o
[191/1966] 42.51s F CXX clang_x64/obj/third_party/protobuf/protobuf_full_library/field_comparator.o
[192/1966] 42.62s F CXX clang_x64/obj/buildtools/third_party/libc++abi/libc++abi/private_typeinfo.o
[193/1966] 43.14s F CXX clang_x64/obj/third_party/protobuf/protobuf_full_library/delimited_message_util.o
[194/1966] 43.17s F CXX clang_x64/obj/third_party/protobuf/protobuf_full_library/wire_format.o
[195/1966] 44.64s F CXX clang_x64/obj/third_party/protobuf/protobuf_full_library/message_differencer.o
[196/1966] 44.72s F CXX clang_x64/obj/buildtools/third_party/libc++abi/libc++abi/cxa_thread_atexit.o
[197/1966] 44.74s F CXX clang_x64/obj/third_party/protobuf/protobuf_full_library/unknown_field_set.o
[198/1966] 46.07s F CXX clang_x64/obj/third_party/protobuf/protobuf_full_library/naming_style.o
[199/1966] 46.10s F CXX clang_x64/obj/third_party/protobuf/protobuf_full_library/importer.o
[200/1966] 46.84s F CXX clang_x64/obj/buildtools/third_party/libc++abi/libc++abi/cxa_demangle.o
[201/1966] 47.91s F CXX clang_x64/obj/third_party/protobuf/protobuf_full_library/text_format.o
[202/1966] 48.48s F CXX clang_x64/obj/third_party/protobuf/protobuf_full_library/map_field.o
[203/1966] 48.83s F CXX clang_x64/obj/third_party/protobuf/protobuf_full_library/generated_message_tctable_full.o
[204/1966] 48.92s F CXX clang_x64/obj/third_party/protobuf/protobuf_full_library/generated_message_tctable_gen.o
[205/1966] 50.41s F CXX clang_x64/obj/third_party/protobuf/protobuf_full_library/generated_message_bases.o
[206/1966] 51.18s F CXX clang_x64/obj/third_party/protobuf/protobuf_full_library/internal_feature_helper.o
[207/1966] 51.54s F CXX clang_x64/obj/third_party/protobuf/protobuf_full_library/dynamic_message.o
[208/1966] 53.82s F CXX clang_x64/obj/third_party/protobuf/protobuf_full_library/cpp_file_options.pb.o
[209/1966] 54.40s F CXX clang_x64/obj/third_party/protobuf/protobuf_full_library/generated_message_reflection.o
[210/1966] 54.50s F CXX clang_x64/obj/buildtools/third_party/libc++abi/libc++abi/fallback_malloc.o
[211/1966] 54.56s F CXX clang_x64/obj/buildtools/third_party/libc++abi/libc++abi/cxa_vector.o
[212/1966] 55.28s F CXX clang_x64/obj/third_party/protobuf/protobuf_full_library/descriptor.pb.o
[213/1966] 55.28s F CXX clang_x64/obj/third_party/protobuf/protobuf_full_library/descriptor_database.o
[214/1966] 55.43s F CXX clang_x64/obj/buildtools/third_party/libc++abi/libc++abi/cxa_handlers.o
[215/1966] 55.50s F CXX clang_x64/obj/buildtools/third_party/libc++abi/libc++abi/cxa_exception_storage.o
[216/1966] 55.52s F CXX clang_x64/obj/buildtools/third_party/libc++abi/libc++abi/cxa_virtual.o
[217/1966] 55.61s F CXX clang_x64/obj/buildtools/third_party/libc++abi/libc++abi/cxa_personality.o
[218/1966] 57.73s F CXX clang_x64/obj/third_party/protobuf/protobuf_full_library/feature_resolver.o
[219/1966] 58.12s F CXX clang_x64/obj/third_party/protobuf/protobuf_full_library/parser.o
[220/1966] 58.37s F CXX clang_x64/obj/third_party/protobuf/protobuf_full_library/extension_set_heavy.o
[221/1966] 58.54s F CXX clang_x64/obj/buildtools/third_party/libc++abi/libc++abi/cxa_exception.o
[222/1966] 58.66s F CXX clang_x64/obj/third_party/protobuf/protobuf_full_library/reflection_mode.o
[223/1966] 1m00.01s F CXX clang_x64/obj/third_party/protobuf/protobuf_full_library/cpp_features.pb.o
[224/1966] 1m00.04s F CXX clang_x64/obj/buildtools/third_party/libc++abi/libc++abi/cxa_aux_runtime.o
[225/1966] 1m00.42s F CXX clang_x64/obj/third_party/protobuf/protobuf_full_library/json_enumvalue_options.pb.o
[226/1966] 1m01.11s F CXX clang_x64/obj/third_party/protobuf/protobuf_full_library/reflection_ops.o
[227/1966] 1m01.14s F CXX clang_x64/obj/buildtools/third_party/libc++abi/libc++abi/abort_message.o
[228/1966] 1m01.14s S AR clang_x64/obj/buildtools/third_party/libc++abi/libc++abi.a
[228/1966] 1m02.36s F CXX clang_x64/obj/third_party/protobuf/protobuf_full_library/symbol.o
[229/1966] 1m03.59s F CXX clang_x64/obj/third_party/protobuf/protobuf_full_library/symbol_checker.o
[230/1966] 1m04.36s F CXX clang_x64/obj/buildtools/third_party/libc++/libc++/iostream.o
[231/1966] 1m04.63s F CXX clang_x64/obj/third_party/protobuf/protobuf_full_library/message.o
[232/1966] 1m05.38s F CXX clang_x64/obj/third_party/protobuf/protoc_java/generator.o
[233/1966] 1m05.39s F CXX clang_x64/obj/buildtools/third_party/libc++/libc++/typeinfo.o
[234/1966] 1m07.80s S AR clang_x64/obj/third_party/protobuf/libprotobuf_full_library.a
[234/1966] 1m07.81s F CXX clang_x64/obj/third_party/protobuf/protobuf_full_library/descriptor.o
[235/1966] 1m08.14s F CXX clang_x64/obj/third_party/protobuf/protoc_cpp/string_field.o
[236/1966] 1m08.26s F CXX clang_x64/obj/third_party/protobuf/protoc_cpp/generator.o
[237/1966] 1m08.41s F CXX clang_x64/obj/third_party/protobuf/protoc_cpp/field_layout.o
[238/1966] 1m08.48s F CXX clang_x64/obj/buildtools/third_party/libc++/libc++/ios.o
[239/1966] 1m08.61s F CXX clang_x64/obj/buildtools/third_party/libc++/libc++/hash.o
[240/1966] 1m08.70s F CXX clang_x64/obj/buildtools/third_party/libc++/libc++/d2fixed.o
[241/1966] 1m08.94s F CXX clang_x64/obj/buildtools/third_party/libc++/libc++/functional.o
[242/1966] 1m09.13s F CXX clang_x64/obj/buildtools/third_party/libc++/libc++/valarray.o
[243/1966] 1m09.17s F CXX clang_x64/obj/buildtools/third_party/libc++/libc++/thread.o
[244/1966] 1m09.24s F CXX clang_x64/obj/buildtools/third_party/libc++/libc++/variant.o
[245/1966] 1m09.53s F CXX clang_x64/obj/buildtools/third_party/libc++/libc++/system_error.o
[246/1966] 1m11.89s F CXX clang_x64/obj/third_party/protobuf/protoc_java_full/extension.o
[247/1966] 1m12.08s F CXX clang_x64/obj/third_party/protobuf/protoc_cpp/extension.o
[248/1966] 1m12.54s F CXX clang_x64/obj/third_party/protobuf/protoc_cpp/primitive_field.o
[249/1966] 1m13.23s F CXX clang_x64/obj/buildtools/third_party/libc++/libc++/strstream.o
[250/1966] 1m13.39s F CXX clang_x64/obj/third_party/protobuf/protoc_java/file.o
[251/1966] 1m13.74s F CXX clang_x64/obj/buildtools/third_party/libc++/libc++/future.o
[252/1966] 1m13.78s F CXX clang_x64/obj/buildtools/third_party/libc++/libc++/condition_variable.o
[253/1966] 1m14.65s F CXX clang_x64/obj/buildtools/third_party/libc++/libc++/string.o
[254/1966] 1m14.92s F CXX clang_x64/obj/buildtools/third_party/libc++/libc++/stdexcept.o
[255/1966] 1m15.36s F CXX clang_x64/obj/third_party/protobuf/protoc_java/field_common.o
[256/1966] 1m15.49s F CXX clang_x64/obj/buildtools/third_party/libc++/libc++/shared_mutex.o
[257/1966] 1m15.54s F CXX clang_x64/obj/third_party/protobuf/protoc_cpp/string_view_field.o
[258/1966] 1m15.66s F CXX clang_x64/obj/buildtools/third_party/libc++/libc++/f2s.o
[259/1966] 1m16.18s F CXX clang_x64/obj/buildtools/third_party/libc++/libc++/barrier.o
[260/1966] 1m17.00s F CXX clang_x64/obj/buildtools/third_party/libc++/libc++/ios.instantiations.o
[261/1966] 1m17.23s F CXX clang_x64/obj/third_party/protobuf/protoc_java_full/enum.o
[262/1966] 1m17.71s F CXX clang_x64/obj/buildtools/third_party/libc++/libc++/random.o
[263/1966] 1m18.05s F CXX clang_x64/obj/third_party/protobuf/protoc_cpp/service.o
[264/1966] 1m18.19s F CXX clang_x64/obj/buildtools/third_party/libc++/libc++/new_handler.o
[265/1966] 1m18.25s F CXX clang_x64/obj/buildtools/third_party/libc++/libc++/mutex_destructor.o
[266/1966] 1m18.28s F CXX clang_x64/obj/buildtools/third_party/libc++/libc++/charconv.o
[267/1966] 1m18.45s F CXX clang_x64/obj/buildtools/third_party/libc++/libc++/mutex.o
[268/1966] 1m20.32s F CXX clang_x64/obj/third_party/protobuf/protoc_java_full/message.o
[269/1966] 1m21.61s F CXX clang_x64/obj/third_party/protobuf/protoc_java_lite/enum.o
[270/1966] 1m21.83s F CXX clang_x64/obj/third_party/protobuf/protoc_python/generator.o
[271/1966] 1m21.95s F CXX clang_x64/obj/third_party/protobuf/protoc_java_lite/string_field.o
[272/1966] 1m22.24s F CXX clang_x64/obj/buildtools/third_party/libc++/libc++/vector.o
[273/1966] 1m23.96s F CXX clang_x64/obj/third_party/protobuf/protoc_java_lite/primitive_field.o
[274/1966] 1m24.93s F CXX clang_x64/obj/third_party/protobuf/protoc_java_lite/message_field.o
[275/1966] 1m25.23s F CXX clang_x64/obj/third_party/protobuf/protoc_java_lite/message_builder.o
[276/1966] 1m25.97s F CXX clang_x64/obj/third_party/protobuf/protoc_java_lite/message.o
[277/1966] 1m27.50s F CXX clang_x64/obj/third_party/protobuf/protoc_java_full/message_field.o
[278/1966] 1m27.58s F CXX clang_x64/obj/buildtools/third_party/libc++/libc++/optional.o
[279/1966] 1m27.91s F CXX clang_x64/obj/third_party/protobuf/protoc_java_lite/make_field_gens.o
[280/1966] 1m28.39s F CXX clang_x64/obj/third_party/protobuf/protoc_java_lite/map_field.o
[281/1966] 1m28.56s F CXX clang_x64/obj/buildtools/third_party/libc++/libc++/call_once.o
[282/1966] 1m28.88s F CXX clang_x64/obj/third_party/protobuf/protoc_java_lite/extension.o
[283/1966] 1m28.90s F CXX clang_x64/obj/buildtools/third_party/libc++/libc++/new_helpers.o
[284/1966] 1m29.13s F CXX clang_x64/obj/buildtools/third_party/libc++/libc++/random_shuffle.o
[285/1966] 1m29.45s F CXX clang_x64/obj/buildtools/third_party/libc++/libc++/filesystem_error.o
[286/1966] 1m30.25s F CXX clang_x64/obj/third_party/protobuf/protoc_java_lite/generator_factory.o
[287/1966] 1m31.13s F CXX clang_x64/obj/buildtools/third_party/libc++/libc++/path.o
[288/1966] 1m31.52s F CXX clang_x64/obj/third_party/protobuf/protoc_lib/code_generator_lite.o
[289/1966] 1m31.68s F CXX clang_x64/obj/third_party/protobuf/protoc_java_full/map_field.o
[290/1966] 1m33.11s F CXX clang_x64/obj/third_party/protobuf/protoc_java_full/enum_field.o
[291/1966] 1m33.54s F CXX clang_x64/obj/third_party/protobuf/protoc_python/helpers.o
[292/1966] 1m34.67s F CXX clang_x64/obj/third_party/protobuf/protoc_java/context.o
[293/1966] 1m34.99s F CXX clang_x64/obj/third_party/protobuf/protoc_java_lite/enum_field.o
[294/1966] 1m36.14s F CXX clang_x64/obj/third_party/protobuf/protoc_java/shared_code_generator.o
[295/1966] 1m36.29s F CXX clang_x64/obj/third_party/protobuf/protoc_java/names.o
[296/1966] 1m36.33s F CXX clang_x64/obj/buildtools/third_party/libc++/libc++/operations.o
[297/1966] 1m36.37s F CXX clang_x64/obj/buildtools/third_party/libc++/libc++/any.o
[298/1966] 1m37.79s F CXX clang_x64/obj/third_party/protobuf/protoc_java/message_serialization.o
[299/1966] 1m38.68s F CXX clang_x64/obj/third_party/protobuf/protoc_java/java_features.pb.o
[300/1966] 1m39.23s F CXX clang_x64/obj/third_party/protobuf/protoc_java/name_resolver.o
[301/1966] 1m39.78s F CXX clang_x64/obj/buildtools/third_party/libc++/libc++/memory.o
[302/1966] 1m39.86s F CXX clang_x64/obj/third_party/protobuf/protoc_java/internal_helpers.o
[303/1966] 1m40.66s F CXX clang_x64/obj/third_party/protobuf/protoc_cpp/ifndef_guard.o
[304/1966] 1m41.37s F CXX clang_x64/obj/third_party/protobuf/protoc_java/helpers.o
[305/1966] 1m44.50s F CXX clang_x64/obj/third_party/protobuf/protoc_cpp/message_field.o
[306/1966] 1m44.75s F CXX clang_x64/obj/third_party/protobuf/protoc_cpp/enum_field.o
[307/1966] 1m45.49s F CXX clang_x64/obj/third_party/protobuf/protoc_cpp/helpers.o
[308/1966] 1m46.72s F CXX clang_x64/obj/third_party/protobuf/protoc_cpp/file.o
[309/1966] 1m48.12s F CXX clang_x64/obj/third_party/protobuf/protoc_cpp/cord_field.o
[310/1966] 1m48.32s F CXX clang_x64/obj/third_party/protobuf/protoc_cpp/field_chunk.o
[311/1966] 1m48.39s F CXX clang_x64/obj/third_party/protobuf/protoc_java_full/string_field.o
[312/1966] 1m49.57s F CXX clang_x64/obj/buildtools/third_party/libc++/libc++/directory_entry.o
[313/1966] 1m50.20s F CXX clang_x64/obj/third_party/protobuf/protoc_cpp/field.o
[314/1966] 1m50.21s F CXX clang_x64/obj/buildtools/third_party/libc++/libc++/algorithm.o
[315/1966] 1m50.23s F CXX clang_x64/obj/buildtools/third_party/libc++/libc++/verbose_abort.o
[316/1966] 1m50.24s F CXX clang_x64/obj/buildtools/third_party/libc++/libc++/new.o
[317/1966] 1m51.27s F CXX clang_x64/obj/buildtools/third_party/libc++/libc++/filesystem_clock.o
[318/1966] 1m51.31s F CXX clang_x64/obj/buildtools/third_party/libc++/libc++/exception.o
[319/1966] 1m51.52s F CXX clang_x64/obj/buildtools/third_party/libc++/libc++/error_category.o
[320/1966] 1m51.58s F CXX clang_x64/obj/buildtools/third_party/libc++/libc++/condition_variable_destructor.o
[321/1966] 1m51.67s F CXX clang_x64/obj/buildtools/third_party/libc++/libc++/directory_iterator.o
[322/1966] 1m52.62s F CXX clang_x64/obj/buildtools/third_party/libc++/libc++/chrono.o
[323/1966] 1m52.76s F CXX clang_x64/obj/third_party/protobuf/protoc_cpp/enum.o
[323/1966] 1m52.76s F CXX clang_x64/obj/third_party/protobuf/protoc_cpp/tracker.o
[325/1966] 1m53.39s F CXX clang_x64/obj/buildtools/third_party/libc++/libc++/regex.o
[326/1966] 1m54.86s F CXX clang_x64/obj/third_party/protobuf/protoc_lib/zip_writer.o
[327/1966] 1m55.17s F CXX clang_x64/obj/third_party/protobuf/protoc_lib/code_generator.o
[328/1966] 1m55.83s F CXX clang_x64/obj/third_party/protobuf/protoc_cpp/parse_function_generator.o
[329/1966] 1m56.50s F CXX clang_x64/obj/third_party/protobuf/protoc_cpp/map_field.o
[330/1966] 1m57.30s F CXX clang_x64/obj/third_party/protobuf/protoc_lib/versions.o
[331/1966] 1m57.32s F CXX clang_x64/obj/third_party/protobuf/protoc_lib/subprocess.o
[332/1966] 1m57.87s F CXX clang_x64/obj/third_party/protobuf/protoc_cpp/namespace_printer.o
[333/1966] 1m59.57s F CXX clang_x64/obj/third_party/protobuf/protoc_lib/retention.o
[334/1966] 1m59.84s F CXX clang_x64/obj/third_party/protobuf/protoc_lib/plugin.pb.o
[335/1966] 2m00.30s F CXX clang_x64/obj/third_party/protobuf/protoc_lib/plugin.o
[336/1966] 2m00.41s F CXX clang_x64/obj/third_party/protobuf/protoc_java/doc_comment.o
[337/1966] 2m00.52s F CXX clang_x64/obj/buildtools/third_party/libc++/libc++/bind.o
[338/1966] 2m01.06s F CXX clang_x64/obj/buildtools/third_party/libc++/libc++/atomic.o
[339/1966] 2m02.51s F CXX clang_x64/obj/third_party/protobuf/protoc_java_full/make_field_gens.o
[340/1966] 2m03.76s F CXX clang_x64/obj/third_party/protobuf/protoc_java_full/service.o
[341/1966] 2m05.06s F CXX clang_x64/obj/third_party/protobuf/protoc_cpp/message_layout_helper.o
[342/1966] 2m06.15s F CXX clang_x64/obj/third_party/protobuf/protoc_lib/command_line_interface.o
[343/1966] 2m06.32s F CXX clang_x64/obj/third_party/protobuf/protoc_java_full/primitive_field.o
[344/1966] 2m07.58s F CXX clang_x64/obj/third_party/protobuf/protoc_java_full/message_builder.o
[345/1966] 2m07.59s F AR clang_x64/obj/third_party/protobuf/libprotobuf_full_library.a
[346/1963] 2m07.82s F CXX clang_x64/obj/buildtools/third_party/libc++/libc++/d2s.o
[347/1962] 2m08.97s F CXX clang_x64/obj/third_party/protobuf/protoc_java_full/generator_factory.o
[348/1962] 2m08.98s F AR clang_x64/obj/buildtools/third_party/libc++abi/libc++abi.a
[349/1962] 2m09.38s F CXX clang_x64/obj/third_party/perfetto/src/base/base/rt_mutex.o
[350/1962] 2m09.69s F CXX clang_x64/obj/third_party/protobuf/protoc_python/pyi_generator.o
[351/1961] 2m09.80s F CXX clang_x64/obj/third_party/perfetto/src/base/base/string_view.o
[352/1961] 2m10.34s F CXX clang_x64/obj/third_party/perfetto/src/base/base/status.o
[353/1961] 2m10.36s F CXX clang_x64/obj/third_party/perfetto/src/base/perfetto_base_default_platform/default_platform.o
[354/1960] 2m10.49s F CXX clang_x64/obj/third_party/perfetto/src/base/base/string_utils.o
[355/1960] 2m11.16s F CXX clang_x64/obj/third_party/perfetto/src/base/base/scoped_sched_boost.o
[356/1960] 2m11.47s F CXX clang_x64/obj/third_party/perfetto/src/base/base/getopt_compat.o
[357/1960] 2m11.65s F CXX clang_x64/obj/third_party/perfetto/src/base/base/subprocess_posix.o
[358/1960] 2m12.14s S AR clang_x64/obj/buildtools/third_party/libc++/libc++.a
[358/1960] 2m12.15s F CXX clang_x64/obj/buildtools/third_party/libc++/libc++/locale.o
[359/1960] 2m12.15s F CXX clang_x64/obj/third_party/perfetto/src/base/base/subprocess_windows.o
[360/1960] 2m12.26s F CXX clang_x64/obj/third_party/perfetto/src/base/base/periodic_task.o
[361/1960] 2m12.37s F CXX clang_x64/obj/third_party/perfetto/src/base/base/virtual_destructors.o
[362/1960] 2m12.68s F CXX clang_x64/obj/third_party/perfetto/src/base/base/crash_keys.o
[363/1960] 2m13.58s F CXX clang_x64/obj/third_party/perfetto/src/base/base/unix_task_runner.o
[364/1960] 2m13.97s F CXX clang_x64/obj/third_party/perfetto/src/base/base/lock_free_task_runner.o
[365/1960] 2m14.10s F CXX clang_x64/obj/third_party/perfetto/src/base/base/watchdog_posix.o
[366/1959] 2m14.30s S AR clang_x64/obj/third_party/protobuf/libprotoc_lib.a
[366/1959] 2m14.31s F CXX clang_x64/obj/third_party/protobuf/protoc_cpp/message.o
[367/1959] 2m14.36s F CXX clang_x64/obj/third_party/perfetto/src/base/base/weak_runner.o
[368/1959] 2m14.51s F CXX clang_x64/obj/third_party/perfetto/src/base/base/waitable_event.o
[369/1959] 2m14.73s F CXX clang_x64/obj/third_party/protobuf/protoc/main.o
[370/1959] 2m14.83s F CXX clang_x64/obj/third_party/perfetto/src/base/base/ctrl_c_handler.o
[371/1959] 2m14.84s F CXX clang_x64/obj/third_party/perfetto/src/base/base/uuid.o
[372/1959] 2m14.93s F CXX clang_x64/obj/third_party/perfetto/src/base/base/dynamic_string_writer.o
[373/1959] 2m15.11s F CXX clang_x64/obj/third_party/perfetto/src/base/base/temp_file.o
[374/1959] 2m15.34s F CXX clang_x64/obj/third_party/perfetto/src/base/base/string_view_splitter.o
[375/1959] 2m15.50s F CXX clang_x64/obj/third_party/perfetto/src/base/base/utils.o
[376/1959] 2m15.51s F CXX clang_x64/obj/third_party/perfetto/src/base/check_cpu_optimizations/check_cpu_optimizations.o
[377/1958] 2m15.61s F CXX clang_x64/obj/third_party/perfetto/src/base/base/intrusive_tree.o
[378/1958] 2m15.66s F CXX clang_x64/obj/third_party/perfetto/src/base/base/time.o
[379/1958] 2m15.69s F CXX clang_x64/obj/third_party/perfetto/src/base/base/intrusive_list.o
[380/1958] 2m15.92s F CXX clang_x64/obj/third_party/perfetto/src/base/base/scoped_mmap.o
[381/1958] 2m16.12s F CXX clang_x64/obj/third_party/perfetto/src/base/base/file_utils.o
[382/1958] 2m16.17s F CXX clang_x64/obj/third_party/perfetto/src/base/base/string_splitter.o
[383/1958] 2m16.17s F AR clang_x64/obj/buildtools/third_party/libc++/libc++.a
[384/1958] 2m16.18s F AR clang_x64/obj/third_party/protobuf/libprotoc_lib.a
[385/1958] 2m16.20s S LINK clang_x64/protoc
[385/1958] 2m16.25s F CXX clang_x64/obj/third_party/perfetto/src/base/base/base64.o
[386/1958] 2m16.51s F LINK clang_x64/protoc
[387/1958] 2m16.65s F CXX clang_x64/obj/third_party/perfetto/src/base/base/android_utils.o
[388/1958] 2m16.74s F CXX clang_x64/obj/third_party/perfetto/src/base/base/thread_checker.o
[389/1958] 2m16.90s F CXX clang_x64/obj/third_party/perfetto/src/base/base/pipe.o
[390/1958] 2m17.23s F CXX clang_x64/obj/third_party/perfetto/src/base/base/thread_task_runner.o
[391/1958] 2m17.33s F CXX clang_x64/obj/third_party/perfetto/src/base/base/subprocess.o
[392/1958] 2m17.38s F CXX clang_x64/obj/third_party/perfetto/src/base/base/thread_utils.o
[393/1958] 2m17.64s F CXX clang_x64/obj/third_party/perfetto/src/base/base/event_fd.o
[394/1958] 2m18.04s F CXX clang_x64/obj/third_party/perfetto/src/base/base/cpu_info.o
[395/1958] 2m18.17s F CXX clang_x64/obj/third_party/perfetto/src/base/base/paged_memory.o
[396/1958] 2m18.23s F CXX clang_x64/obj/third_party/perfetto/src/base/base/logging.o
[397/1958] 2m18.37s F CXX obj/third_party/perfetto/src/base/base/waitable_event.o
[398/1958] 2m18.81s F CXX obj/third_party/perfetto/src/base/base/subprocess.o
[399/1958] 2m18.86s F CXX clang_x64/obj/third_party/perfetto/src/base/base/metatrace.o
[400/1957] 2m19.39s F CXX obj/third_party/perfetto/src/base/base/status.o
[401/1957] 2m19.55s F CXX obj/third_party/perfetto/src/base/base/unix_task_runner.o
[402/1957] 2m19.75s F CXX obj/third_party/perfetto/src/protozero/protozero/field.o
[403/1957] 2m20.04s F CXX obj/third_party/perfetto/src/base/base/watchdog_posix.o
[404/1957] 2m20.05s F CXX obj/third_party/perfetto/src/base/base/lock_free_task_runner.o
[405/1957] 2m20.27s F CXX obj/third_party/perfetto/src/base/base/virtual_destructors.o
[406/1957] 2m20.27s F CXX clang_x64/obj/third_party/perfetto/src/protozero/protoc_plugin/cppgen_plugin/cppgen_plugin.o
[407/1957] 2m20.29s S LINK clang_x64/cppgen_plugin
[407/1957] 2m20.55s F CXX obj/third_party/perfetto/src/protozero/protozero/message_arena.o
[408/1957] 2m20.55s F CXX obj/third_party/perfetto/src/protozero/protozero/gen_field_helpers.o
[409/1957] 2m20.58s F CXX obj/third_party/perfetto/src/base/perfetto_base_default_platform/default_platform.o
[410/1956] 2m20.74s F LINK clang_x64/cppgen_plugin
[411/1956] 2m20.78s S ACTION //third_party/perfetto/protos/perfetto/config/statsd:cpp_gen(//build/toolchain/android:android_clang_arm)
[411/1956] 2m20.79s S ACTION //third_party/perfetto/protos/perfetto/config/process_stats:cpp_gen(//build/toolchain/android:android_clang_arm)
[411/1956] 2m20.80s S ACTION //third_party/perfetto/protos/perfetto/config/track_event:cpp_gen(//build/toolchain/android:android_clang_arm)
[411/1956] 2m20.81s S ACTION //third_party/perfetto/protos/perfetto/config/gpu:cpp_gen(//build/toolchain/android:android_clang_arm)
[411/1956] 2m20.81s S ACTION //third_party/perfetto/protos/perfetto/protovm:cpp_gen(//build/toolchain/android:android_clang_arm)
[411/1956] 2m20.82s S ACTION //third_party/perfetto/protos/perfetto/config/system_info:cpp_gen(//build/toolchain/android:android_clang_arm)
[411/1956] 2m20.83s S ACTION //third_party/perfetto/protos/perfetto/config/protovm:cpp_gen(//build/toolchain/android:android_clang_arm)
[411/1956] 2m20.85s S ACTION //third_party/perfetto/protos/perfetto/config/power:cpp_gen(//build/toolchain/android:android_clang_arm)
[411/1956] 2m20.86s S ACTION //third_party/perfetto/protos/perfetto/trace/track_event:cpp_gen(//build/toolchain/android:android_clang_arm)
[411/1956] 2m20.88s S ACTION //third_party/perfetto/protos/perfetto/common:semantic_type_cpp_gen(//build/toolchain/android:android_clang_arm)
[411/1956] 2m20.89s S ACTION //third_party/perfetto/protos/perfetto/config/linux:cpp_gen(//build/toolchain/android:android_clang_arm)
[411/1956] 2m20.91s S ACTION //third_party/perfetto/protos/perfetto/config/priority_boost:cpp_gen(//build/toolchain/android:android_clang_arm)
[411/1956] 2m20.91s S ACTION //third_party/perfetto/protos/perfetto/config/inode_file:cpp_gen(//build/toolchain/android:android_clang_arm)
[411/1956] 2m20.94s S ACTION //third_party/perfetto/protos/perfetto/config/ftrace:cpp_gen(//build/toolchain/android:android_clang_arm)
[411/1956] 2m20.96s F CXX obj/third_party/perfetto/src/base/base/string_splitter.o
[412/1956] 2m21.22s F CXX obj/third_party/perfetto/src/base/base/utils.o
[413/1956] 2m21.23s F ACTION //third_party/perfetto/protos/perfetto/config/statsd:cpp_gen(//build/toolchain/android:android_clang_arm)
[413/1954] 2m21.23s S CXX obj/third_party/perfetto/protos/perfetto/config/statsd/cpp/atom_ids.gen.o
[413/1954] 2m21.23s S CXX obj/third_party/perfetto/protos/perfetto/config/statsd/cpp/statsd_tracing_config.gen.o
[414/1954] 2m21.23s F CXX obj/third_party/perfetto/src/base/base/string_view_splitter.o
[415/1954] 2m21.26s F ACTION //third_party/perfetto/protos/perfetto/config/process_stats:cpp_gen(//build/toolchain/android:android_clang_arm)
[416/1952] 2m21.26s S CXX obj/third_party/perfetto/protos/perfetto/config/process_stats/cpp/process_stats_config.gen.o
[416/1952] 2m21.31s F ACTION //third_party/perfetto/protos/perfetto/config/power:cpp_gen(//build/toolchain/android:android_clang_arm)
[417/1950] 2m21.31s S CXX obj/third_party/perfetto/protos/perfetto/config/power/cpp/android_power_config.gen.o
[417/1950] 2m21.34s F ACTION //third_party/perfetto/protos/perfetto/config/protovm:cpp_gen(//build/toolchain/android:android_clang_arm)
[418/1948] 2m21.34s S CXX obj/third_party/perfetto/protos/perfetto/config/protovm/cpp/protovm_config.gen.o
[418/1948] 2m21.38s F CXX obj/third_party/perfetto/src/base/base/uuid.o
[419/1948] 2m21.47s F CXX obj/third_party/perfetto/src/base/base/ctrl_c_handler.o
[420/1948] 2m21.56s F CXX obj/third_party/perfetto/src/base/base/getopt_compat.o
[421/1948] 2m21.61s F ACTION //third_party/perfetto/protos/perfetto/protovm:cpp_gen(//build/toolchain/android:android_clang_arm)
[421/1946] 2m21.61s S CXX obj/third_party/perfetto/protos/perfetto/protovm/cpp/vm_program.gen.o
[422/1946] 2m21.67s F ACTION //third_party/perfetto/protos/perfetto/config/inode_file:cpp_gen(//build/toolchain/android:android_clang_arm)
[422/1944] 2m21.67s S CXX obj/third_party/perfetto/protos/perfetto/config/inode_file/cpp/inode_file_config.gen.o
[423/1944] 2m21.78s F ACTION //third_party/perfetto/protos/perfetto/config/system_info:cpp_gen(//build/toolchain/android:android_clang_arm)
[424/1942] 2m21.78s S CXX obj/third_party/perfetto/protos/perfetto/config/system_info/cpp/system_info_config.gen.o
[424/1942] 2m21.82s F ACTION //third_party/perfetto/protos/perfetto/config/ftrace:cpp_gen(//build/toolchain/android:android_clang_arm)
[424/1940] 2m21.82s S CXX obj/third_party/perfetto/protos/perfetto/config/ftrace/cpp/frozen_ftrace_config.gen.o
[424/1940] 2m21.82s S CXX obj/third_party/perfetto/protos/perfetto/config/ftrace/cpp/ftrace_config.gen.o
[425/1940] 2m21.98s F ACTION //third_party/perfetto/protos/perfetto/config/linux:cpp_gen(//build/toolchain/android:android_clang_arm)
[426/1938] 2m21.98s S CXX obj/third_party/perfetto/protos/perfetto/config/linux/cpp/journald_config.gen.o
[426/1938] 2m22.05s F ACTION //third_party/perfetto/protos/perfetto/config/priority_boost:cpp_gen(//build/toolchain/android:android_clang_arm)
[427/1936] 2m22.05s S CXX obj/third_party/perfetto/protos/perfetto/config/priority_boost/cpp/priority_boost_config.gen.o
[427/1936] 2m22.14s F ACTION //third_party/perfetto/protos/perfetto/common:semantic_type_cpp_gen(//build/toolchain/android:android_clang_arm)
[428/1934] 2m22.14s S CXX obj/third_party/perfetto/protos/perfetto/common/semantic_type_cpp/semantic_type.gen.o
[428/1934] 2m22.17s F CXX obj/third_party/perfetto/src/protozero/protozero/virtual_destructors.o
[429/1934] 2m22.21s F ACTION //third_party/perfetto/protos/perfetto/config/gpu:cpp_gen(//build/toolchain/android:android_clang_arm)
[430/1932] 2m22.21s S CXX obj/third_party/perfetto/protos/perfetto/config/gpu/cpp/gpu_renderstages_config.gen.o
[430/1932] 2m22.21s S CXX obj/third_party/perfetto/protos/perfetto/config/gpu/cpp/gpu_counter_config.gen.o
[430/1932] 2m22.22s S CXX obj/third_party/perfetto/protos/perfetto/config/gpu/cpp/vulkan_memory_config.gen.o
[430/1932] 2m22.31s F CXX obj/third_party/perfetto/src/base/base/subprocess_windows.o
[431/1932] 2m22.32s F ACTION //third_party/perfetto/protos/perfetto/config/track_event:cpp_gen(//build/toolchain/android:android_clang_arm)
[432/1930] 2m22.32s S CXX obj/third_party/perfetto/protos/perfetto/config/track_event/cpp/track_event_config.gen.o
[432/1930] 2m22.35s F ACTION //third_party/perfetto/protos/perfetto/trace/track_event:cpp_gen(//build/toolchain/android:android_clang_arm)
[433/1928] 2m22.35s S CXX obj/third_party/perfetto/protos/perfetto/trace/track_event/cpp/chrome_application_state_info.gen.o
[433/1928] 2m22.35s S CXX obj/third_party/perfetto/protos/perfetto/trace/track_event/cpp/chrome_active_processes.gen.o
[433/1928] 2m22.35s S CXX obj/third_party/perfetto/protos/perfetto/trace/track_event/cpp/track_event.gen.o
[433/1928] 2m22.35s S CXX obj/third_party/perfetto/protos/perfetto/trace/track_event/cpp/chrome_user_event.gen.o
[433/1928] 2m22.35s S CXX obj/third_party/perfetto/protos/perfetto/trace/track_event/cpp/track_descriptor.gen.o
[433/1928] 2m22.35s S CXX obj/third_party/perfetto/protos/perfetto/trace/track_event/cpp/chrome_legacy_ipc.gen.o
[433/1928] 2m22.35s S CXX obj/third_party/perfetto/protos/perfetto/trace/track_event/cpp/chrome_thread_descriptor.gen.o
[433/1928] 2m22.35s S CXX obj/third_party/perfetto/protos/perfetto/trace/track_event/cpp/chrome_renderer_scheduler_state.gen.o
[433/1928] 2m22.35s S CXX obj/third_party/perfetto/protos/perfetto/trace/track_event/cpp/chrome_mojo_event_info.gen.o
[433/1928] 2m22.35s S CXX obj/third_party/perfetto/protos/perfetto/trace/track_event/cpp/chrome_message_pump.gen.o
[433/1928] 2m22.35s S CXX obj/third_party/perfetto/protos/perfetto/trace/track_event/cpp/chrome_latency_info.gen.o
[433/1928] 2m22.35s S CXX obj/third_party/perfetto/protos/perfetto/trace/track_event/cpp/thread_descriptor.gen.o
[433/1928] 2m22.35s S CXX obj/third_party/perfetto/protos/perfetto/trace/track_event/cpp/range_of_interest.gen.o
[433/1928] 2m22.35s S CXX obj/third_party/perfetto/protos/perfetto/trace/track_event/cpp/chrome_frame_reporter.gen.o
[433/1928] 2m22.35s S CXX obj/third_party/perfetto/protos/perfetto/trace/track_event/cpp/process_descriptor.gen.o
[433/1928] 2m22.35s S CXX obj/third_party/perfetto/protos/perfetto/trace/track_event/cpp/log_message.gen.o
[433/1928] 2m22.35s S CXX obj/third_party/perfetto/protos/perfetto/trace/track_event/cpp/chrome_content_settings_event_info.gen.o
[433/1928] 2m22.36s S CXX obj/third_party/perfetto/protos/perfetto/trace/track_event/cpp/debug_annotation.gen.o
[433/1928] 2m22.36s S CXX obj/third_party/perfetto/protos/perfetto/trace/track_event/cpp/task_execution.gen.o
[433/1928] 2m22.36s S CXX obj/third_party/perfetto/protos/perfetto/trace/track_event/cpp/state_descriptor.gen.o
[433/1928] 2m22.36s S CXX obj/third_party/perfetto/protos/perfetto/trace/track_event/cpp/source_location.gen.o
[433/1928] 2m22.36s S CXX obj/third_party/perfetto/protos/perfetto/trace/track_event/cpp/screenshot.gen.o
[433/1928] 2m22.36s S CXX obj/third_party/perfetto/protos/perfetto/trace/track_event/cpp/counter_descriptor.gen.o
[433/1928] 2m22.36s S CXX obj/third_party/perfetto/protos/perfetto/trace/track_event/cpp/chrome_compositor_scheduler_state.gen.o
[433/1928] 2m22.36s S CXX obj/third_party/perfetto/protos/perfetto/trace/track_event/cpp/chrome_window_handle_event_info.gen.o
[433/1928] 2m22.36s S CXX obj/third_party/perfetto/protos/perfetto/trace/track_event/cpp/chrome_process_descriptor.gen.o
[433/1928] 2m22.36s S CXX obj/third_party/perfetto/protos/perfetto/trace/track_event/cpp/chrome_histogram_sample.gen.o
[433/1928] 2m22.36s S CXX obj/third_party/perfetto/protos/perfetto/trace/track_event/cpp/chrome_keyed_service.gen.o
[433/1928] 2m22.39s F CXX obj/third_party/perfetto/src/base/base/crash_keys.o
[434/1928] 2m22.73s F CXX obj/third_party/perfetto/src/base/base/file_utils.o
[435/1928] 2m22.79s F CXX obj/third_party/perfetto/src/base/base/scoped_mmap.o
[436/1928] 2m22.91s F CXX obj/third_party/perfetto/src/base/base/base64.o
[437/1928] 2m22.95s F CXX obj/third_party/perfetto/src/base/base/scoped_sched_boost.o
[438/1928] 2m23.17s F CXX obj/third_party/perfetto/src/base/base/thread_utils.o
[439/1928] 2m23.17s F CXX obj/third_party/perfetto/src/base/base/thread_checker.o
[440/1928] 2m23.17s F CXX obj/third_party/perfetto/src/base/base/weak_runner.o
[441/1928] 2m23.19s F CXX obj/third_party/perfetto/src/base/check_cpu_optimizations/check_cpu_optimizations.o
[442/1927] 2m23.45s F CXX obj/third_party/perfetto/src/base/base/intrusive_tree.o
[443/1927] 2m23.55s F CXX obj/third_party/perfetto/src/base/base/rt_mutex.o
[444/1927] 2m23.57s F CXX obj/third_party/perfetto/src/protozero/protozero/scattered_heap_buffer.o
[445/1927] 2m23.65s F CXX obj/third_party/perfetto/src/base/base/intrusive_list.o
[446/1927] 2m23.95s F CXX obj/third_party/perfetto/src/protozero/protozero/packed_repeated_fields.o
[447/1927] 2m23.95s F CXX obj/third_party/perfetto/src/base/base/android_utils.o
[448/1927] 2m24.22s F CXX obj/third_party/perfetto/src/base/base/periodic_task.o
[449/1927] 2m24.39s F CXX obj/third_party/perfetto/src/protozero/protozero/static_buffer.o
[450/1927] 2m24.44s F CXX obj/third_party/perfetto/src/base/base/logging.o
[451/1927] 2m24.73s F CXX obj/third_party/perfetto/src/base/base/metatrace.o
[452/1927] 2m24.83s F CXX obj/third_party/perfetto/src/protozero/protozero/proto_decoder.o
[453/1927] 2m24.95s F CXX obj/third_party/perfetto/src/base/base/paged_memory.o
[454/1927] 2m24.97s F CXX obj/third_party/perfetto/src/base/base/pipe.o
[455/1927] 2m25.26s F CXX obj/third_party/perfetto/protos/perfetto/protovm/cpp/vm_program.gen.o
[456/1927] 2m25.50s F CXX obj/third_party/perfetto/src/base/base/string_utils.o
[457/1927] 2m25.55s F CXX obj/third_party/perfetto/src/base/base/temp_file.o
[458/1927] 2m25.56s F CXX obj/third_party/perfetto/src/protozero/protozero/scattered_stream_writer.o
[459/1927] 2m25.64s F CXX obj/third_party/perfetto/src/base/base/cpu_info.o
[460/1927] 2m25.89s F CXX obj/third_party/perfetto/src/base/base/string_view.o
[461/1927] 2m25.94s F CXX obj/third_party/perfetto/src/base/base/event_fd.o
[462/1927] 2m26.16s F CXX obj/third_party/perfetto/src/base/base/dynamic_string_writer.o
[463/1927] 2m26.28s F CXX obj/third_party/perfetto/src/protozero/protozero/scattered_stream_null_delegate.o
[464/1927] 2m26.32s F CXX obj/third_party/perfetto/src/base/base/time.o
[465/1927] 2m26.40s F CXX obj/third_party/perfetto/src/protozero/protozero/message.o
[466/1927] 2m26.86s F CXX obj/third_party/perfetto/protos/perfetto/config/statsd/cpp/atom_ids.gen.o
[467/1927] 2m27.20s F CXX obj/third_party/perfetto/src/base/base/thread_task_runner.o
[468/1925] 2m27.27s S AR obj/third_party/perfetto/protos/perfetto/protovm/libcpp.a
[468/1925] 2m27.27s F CXX obj/third_party/perfetto/src/base/base/subprocess_posix.o
[469/1925] 2m27.74s S AR obj/third_party/perfetto/protos/perfetto/config/statsd/libcpp.a
[469/1925] 2m27.74s F CXX obj/third_party/perfetto/protos/perfetto/config/statsd/cpp/statsd_tracing_config.gen.o
[470/1925] 2m27.74s F AR obj/third_party/perfetto/protos/perfetto/protovm/libcpp.a
[471/1924] 2m27.76s S ACTION //third_party/perfetto/protos/perfetto/common:cpp_gen(//build/toolchain/android:android_clang_arm)
[471/1924] 2m27.79s F CXX obj/third_party/perfetto/protos/perfetto/config/process_stats/cpp/process_stats_config.gen.o
[471/1924] 2m27.79s S AR obj/third_party/perfetto/protos/perfetto/config/process_stats/libcpp.a
[472/1924] 2m27.98s F ACTION //third_party/perfetto/protos/perfetto/common:cpp_gen(//build/toolchain/android:android_clang_arm)
[473/1922] 2m27.98s S CXX obj/third_party/perfetto/protos/perfetto/common/cpp/perf_events.gen.o
[473/1922] 2m27.98s S CXX obj/third_party/perfetto/protos/perfetto/common/cpp/ftrace_descriptor.gen.o
[473/1922] 2m27.98s S CXX obj/third_party/perfetto/protos/perfetto/common/cpp/android_energy_consumer_descriptor.gen.o
[473/1922] 2m27.98s S CXX obj/third_party/perfetto/protos/perfetto/common/cpp/trace_attributes.gen.o
[473/1922] 2m27.98s S CXX obj/third_party/perfetto/protos/perfetto/common/cpp/observable_events.gen.o
[473/1922] 2m27.98s S CXX obj/third_party/perfetto/protos/perfetto/common/cpp/track_event_descriptor.gen.o
[473/1922] 2m27.98s S CXX obj/third_party/perfetto/protos/perfetto/common/cpp/system_info.gen.o
[473/1922] 2m27.98s S CXX obj/third_party/perfetto/protos/perfetto/common/cpp/tracing_service_state.gen.o
[473/1922] 2m27.98s S CXX obj/third_party/perfetto/protos/perfetto/common/cpp/interceptor_descriptor.gen.o
[473/1922] 2m27.98s S CXX obj/third_party/perfetto/protos/perfetto/common/cpp/tracing_service_capabilities.gen.o
[473/1922] 2m27.98s S CXX obj/third_party/perfetto/protos/perfetto/common/cpp/gpu_counter_descriptor.gen.o
[473/1922] 2m27.98s S CXX obj/third_party/perfetto/protos/perfetto/common/cpp/trace_stats.gen.o
[473/1922] 2m27.98s F CXX obj/third_party/perfetto/protos/perfetto/config/power/cpp/android_power_config.gen.o
[473/1922] 2m27.98s S CXX obj/third_party/perfetto/protos/perfetto/common/cpp/data_source_descriptor.gen.o
[474/1922] 2m27.99s S CXX obj/third_party/perfetto/protos/perfetto/common/cpp/descriptor.gen.o
[474/1922] 2m27.99s S CXX obj/third_party/perfetto/protos/perfetto/common/cpp/commit_data_request.gen.o
[474/1922] 2m27.99s S CXX obj/third_party/perfetto/protos/perfetto/common/cpp/builtin_clock.gen.o
[474/1922] 2m27.99s S AR obj/third_party/perfetto/protos/perfetto/config/power/libcpp.a
[474/1922] 2m27.99s S CXX obj/third_party/perfetto/protos/perfetto/common/cpp/sys_stats_counters.gen.o
[474/1922] 2m27.99s S CXX obj/third_party/perfetto/protos/perfetto/common/cpp/android_log_constants.gen.o
[474/1922] 2m28.38s F CXX obj/third_party/perfetto/protos/perfetto/config/protovm/cpp/protovm_config.gen.o
[475/1922] 2m28.38s S AR obj/third_party/perfetto/protos/perfetto/config/protovm/libcpp.a
[475/1922] 2m28.52s F CXX obj/third_party/perfetto/protos/perfetto/config/inode_file/cpp/inode_file_config.gen.o
[475/1922] 2m28.52s S AR obj/third_party/perfetto/protos/perfetto/config/inode_file/libcpp.a
[476/1922] 2m28.61s F CXX obj/third_party/perfetto/protos/perfetto/common/cpp/ftrace_descriptor.gen.o
[477/1922] 2m29.10s F CXX obj/third_party/perfetto/protos/perfetto/common/cpp/perf_events.gen.o
[478/1922] 2m29.15s F CXX obj/third_party/perfetto/protos/perfetto/common/cpp/android_energy_consumer_descriptor.gen.o
[479/1922] 2m29.24s F CXX obj/third_party/perfetto/protos/perfetto/common/cpp/trace_attributes.gen.o
[480/1922] 2m29.76s F CXX obj/third_party/perfetto/protos/perfetto/common/cpp/observable_events.gen.o
[481/1922] 2m29.80s F CXX obj/third_party/perfetto/protos/perfetto/common/cpp/system_info.gen.o
[482/1922] 2m29.85s F CXX obj/third_party/perfetto/protos/perfetto/common/cpp/track_event_descriptor.gen.o
[483/1922] 2m30.23s F CXX obj/third_party/perfetto/protos/perfetto/common/cpp/builtin_clock.gen.o
[484/1922] 2m30.35s F CXX obj/third_party/perfetto/protos/perfetto/common/cpp/interceptor_descriptor.gen.o
[485/1922] 2m30.48s F CXX clang_x64/obj/third_party/perfetto/src/protozero/protoc_plugin/protozero_plugin/protozero_plugin.o
[486/1922] 2m30.50s S LINK clang_x64/protozero_plugin
[486/1922] 2m30.83s F CXX obj/third_party/perfetto/protos/perfetto/common/cpp/tracing_service_state.gen.o
[487/1922] 2m30.98s F LINK clang_x64/protozero_plugin
[488/1922] 2m31.15s S ACTION //third_party/perfetto/protos/perfetto/config/linux:zero_gen(//build/toolchain/android:android_clang_arm)
[488/1922] 2m31.22s S ACTION //third_party/perfetto/protos/perfetto/trace/sys_stats:zero_gen(//build/toolchain/android:android_clang_arm)
[487/1922] 2m31.08s S ACTION //third_party/perfetto/protos/perfetto/config/interceptors:zero_gen(//build/toolchain/android:android_clang_arm)
[488/1922] 2m31.25s S ACTION //third_party/perfetto/protos/perfetto/trace/translation:zero_gen(//build/toolchain/android:android_clang_arm)
[487/1922] 2m31.14s S ACTION //third_party/perfetto/protos/perfetto/trace/filesystem:zero_gen(//build/toolchain/android:android_clang_arm)
[488/1922] 2m31.15s S ACTION //third_party/perfetto/protos/perfetto/trace/gpu:zero_gen(//build/toolchain/android:android_clang_arm)
[488/1922] 2m31.15s S ACTION //third_party/perfetto/protos/perfetto/trace:non_minimal_zero_gen(//build/toolchain/android:android_clang_arm)
[488/1922] 2m31.16s S ACTION //third_party/perfetto/protos/perfetto/trace/generic_kernel:zero_gen(//build/toolchain/android:android_clang_arm)
[488/1922] 2m31.17s S ACTION //third_party/perfetto/protos/perfetto/config/track_event:zero_gen(//build/toolchain/android:android_clang_arm)
[488/1922] 2m31.17s S ACTION //third_party/perfetto/protos/perfetto/trace/interned_data:zero_gen(//build/toolchain/android:android_clang_arm)
[488/1922] 2m31.18s S ACTION //third_party/perfetto/protos/perfetto/trace/profiling:zero_gen(//build/toolchain/android:android_clang_arm)
[488/1922] 2m31.18s S ACTION //third_party/perfetto/protos/perfetto/config/qnx:zero_gen(//build/toolchain/android:android_clang_arm)
[488/1922] 2m31.18s S ACTION //third_party/perfetto/protos/perfetto/trace/chrome:zero_gen(//build/toolchain/android:android_clang_arm)
[488/1922] 2m31.18s F CXX obj/third_party/perfetto/protos/perfetto/common/cpp/tracing_service_capabilities.gen.o
[488/1922] 2m31.18s S ACTION //third_party/perfetto/protos/perfetto/config/ftrace:zero_gen(//build/toolchain/android:android_clang_arm)
[488/1922] 2m31.19s S ACTION //third_party/perfetto/protos/perfetto/config/gpu:zero_gen(//build/toolchain/android:android_clang_arm)
[488/1922] 2m31.19s S ACTION //third_party/perfetto/protos/perfetto/config/priority_boost:zero_gen(//build/toolchain/android:android_clang_arm)
[488/1922] 2m31.19s S ACTION //third_party/perfetto/protos/perfetto/trace/android:zero_gen(//build/toolchain/android:android_clang_arm)
[488/1922] 2m31.19s S ACTION //third_party/perfetto/protos/perfetto/trace/ftrace:zero_gen(//build/toolchain/android:android_clang_arm)
[488/1922] 2m31.20s S ACTION //third_party/perfetto/protos/perfetto/trace:minimal_zero_gen(//build/toolchain/android:android_clang_arm)
[488/1922] 2m31.20s S ACTION //third_party/perfetto/protos/perfetto/config/sys_stats:zero_gen(//build/toolchain/android:android_clang_arm)
[488/1922] 2m31.20s S ACTION //third_party/perfetto/protos/perfetto/trace/track_event:zero_gen(//build/toolchain/android:android_clang_arm)
[488/1922] 2m31.20s S ACTION //third_party/perfetto/protos/perfetto/trace/linux:zero_gen(//build/toolchain/android:android_clang_arm)
[488/1922] 2m31.20s S ACTION //third_party/perfetto/protos/perfetto/config/statsd:zero_gen(//build/toolchain/android:android_clang_arm)
[488/1922] 2m31.20s S ACTION //third_party/perfetto/protos/perfetto/config/android:zero_gen(//build/toolchain/android:android_clang_arm)
[488/1922] 2m31.21s S ACTION //third_party/perfetto/protos/perfetto/config/power:zero_gen(//build/toolchain/android:android_clang_arm)
[488/1922] 2m31.21s S ACTION //third_party/perfetto/protos/perfetto/config/process_stats:zero_gen(//build/toolchain/android:android_clang_arm)
[488/1922] 2m31.21s S ACTION //third_party/perfetto/protos/perfetto/config:zero_gen(//build/toolchain/android:android_clang_arm)
[488/1922] 2m31.21s S ACTION //third_party/perfetto/protos/perfetto/common:semantic_type_zero_gen(//build/toolchain/android:android_clang_arm)
[488/1922] 2m31.21s S ACTION //third_party/perfetto/protos/perfetto/trace/ps:zero_gen(//build/toolchain/android:android_clang_arm)
[488/1922] 2m31.21s S ACTION //third_party/perfetto/protos/perfetto/trace/statsd:zero_gen(//build/toolchain/android:android_clang_arm)
[488/1922] 2m31.21s S ACTION //third_party/perfetto/protos/perfetto/trace/profiling:inline_callstack_zero_gen(//build/toolchain/android:android_clang_arm)
[488/1922] 2m31.22s S ACTION //third_party/perfetto/protos/perfetto/config/system_info:zero_gen(//build/toolchain/android:android_clang_arm)
[488/1922] 2m31.23s S ACTION //third_party/perfetto/protos/perfetto/config/inode_file:zero_gen(//build/toolchain/android:android_clang_arm)
[487/1922] 2m31.06s S ACTION //third_party/perfetto/protos/perfetto/trace/perfetto:zero_gen(//build/toolchain/android:android_clang_arm)
[488/1922] 2m31.23s S ACTION //third_party/perfetto/protos/perfetto/trace/power:zero_gen(//build/toolchain/android:android_clang_arm)
[488/1922] 2m31.23s S ACTION //third_party/perfetto/protos/perfetto/trace/system_info:zero_gen(//build/toolchain/android:android_clang_arm)
[488/1922] 2m31.23s S ACTION //third_party/perfetto/protos/perfetto/protovm:zero_gen(//build/toolchain/android:android_clang_arm)
[488/1922] 2m31.23s S ACTION //third_party/perfetto/protos/perfetto/config/protovm:zero_gen(//build/toolchain/android:android_clang_arm)
[487/1922] 2m31.14s S ACTION //third_party/perfetto/protos/perfetto/config/profiling:zero_gen(//build/toolchain/android:android_clang_arm)
[488/1922] 2m31.18s S ACTION //third_party/perfetto/protos/perfetto/common:zero_gen(//build/toolchain/android:android_clang_arm)
[489/1922] 2m31.41s S ACTION //third_party/perfetto/protos/perfetto/trace/etw:zero_gen(//build/toolchain/android:android_clang_arm)
[489/1922] 2m31.70s F CXX obj/third_party/perfetto/protos/perfetto/common/cpp/trace_stats.gen.o
[490/1922] 2m31.73s F ACTION //third_party/perfetto/protos/perfetto/config/linux:zero_gen(//build/toolchain/android:android_clang_arm)
[491/1920] 2m31.73s S CXX obj/third_party/perfetto/protos/perfetto/config/linux/zero/journald_config.pbzero.o
[491/1920] 2m31.77s F CXX obj/third_party/perfetto/protos/perfetto/common/cpp/data_source_descriptor.gen.o
[492/1920] 2m31.79s F ACTION //third_party/perfetto/protos/perfetto/config/qnx:zero_gen(//build/toolchain/android:android_clang_arm)
[493/1919] 2m31.98s F ACTION //third_party/perfetto/protos/perfetto/config/gpu:zero_gen(//build/toolchain/android:android_clang_arm)
[493/1917] 2m31.98s S CXX obj/third_party/perfetto/protos/perfetto/config/gpu/zero/gpu_counter_config.pbzero.o
[493/1917] 2m31.98s S CXX obj/third_party/perfetto/protos/perfetto/config/gpu/zero/vulkan_memory_config.pbzero.o
[493/1917] 2m31.98s S CXX obj/third_party/perfetto/protos/perfetto/config/gpu/zero/gpu_renderstages_config.pbzero.o
[494/1917] 2m31.99s F ACTION //third_party/perfetto/protos/perfetto/config/ftrace:zero_gen(//build/toolchain/android:android_clang_arm)
[495/1915] 2m31.99s S CXX obj/third_party/perfetto/protos/perfetto/config/ftrace/zero/ftrace_config.pbzero.o
[495/1915] 2m31.99s S CXX obj/third_party/perfetto/protos/perfetto/config/ftrace/zero/frozen_ftrace_config.pbzero.o
[495/1915] 2m32.03s F ACTION //third_party/perfetto/protos/perfetto/config/interceptors:zero_gen(//build/toolchain/android:android_clang_arm)
[496/1914] 2m32.16s F ACTION //third_party/perfetto/protos/perfetto/protovm:zero_gen(//build/toolchain/android:android_clang_arm)
[496/1912] 2m32.16s S CXX obj/third_party/perfetto/src/protovm/protovm/error_handling.o
[496/1911] 2m32.16s S CXX obj/third_party/perfetto/protos/perfetto/protovm/zero/vm_program.pbzero.o
[496/1911] 2m32.16s S CXX obj/third_party/perfetto/src/protovm/protovm/allocator.o
[496/1911] 2m32.16s S CXX obj/third_party/perfetto/src/protovm/protovm/vm.o
[496/1911] 2m32.16s S CXX obj/third_party/perfetto/src/protovm/protovm/rw_proto_cursor.o
[496/1911] 2m32.16s S CXX obj/third_party/perfetto/src/protovm/protovm/rw_proto.o
[496/1911] 2m32.16s S CXX obj/third_party/perfetto/src/protovm/protovm/ro_cursor.o
[496/1911] 2m32.16s S CXX obj/third_party/perfetto/src/protovm/protovm/parser.o
[496/1911] 2m32.16s S CXX obj/third_party/perfetto/src/protovm/protovm/node.o
[496/1911] 2m32.16s S CXX obj/third_party/perfetto/src/protovm/protovm/executor.o
[497/1911] 2m32.28s F CXX obj/third_party/perfetto/protos/perfetto/common/cpp/gpu_counter_descriptor.gen.o
[498/1911] 2m32.29s F ACTION //third_party/perfetto/protos/perfetto/config/priority_boost:zero_gen(//build/toolchain/android:android_clang_arm)
[499/1909] 2m32.29s S CXX obj/third_party/perfetto/protos/perfetto/config/priority_boost/zero/priority_boost_config.pbzero.o
[499/1909] 2m32.37s F ACTION //third_party/perfetto/protos/perfetto/config/inode_file:zero_gen(//build/toolchain/android:android_clang_arm)
[500/1907] 2m32.37s S CXX obj/third_party/perfetto/protos/perfetto/config/inode_file/zero/inode_file_config.pbzero.o
[500/1907] 2m32.39s F ACTION //third_party/perfetto/protos/perfetto/common:zero_gen(//build/toolchain/android:android_clang_arm)
[500/1906] 2m32.39s S CXX obj/third_party/perfetto/src/base/clock_snapshots/clock_snapshots.o
[500/1905] 2m32.39s S CXX obj/third_party/perfetto/protos/perfetto/config/qnx/zero/qnx_config.pbzero.o
[500/1904] 2m32.39s S CXX obj/third_party/perfetto/protos/perfetto/common/zero/android_log_constants.pbzero.o
[500/1904] 2m32.39s S CXX obj/third_party/perfetto/protos/perfetto/common/zero/android_energy_consumer_descriptor.pbzero.o
[500/1904] 2m32.39s S CXX obj/third_party/perfetto/protos/perfetto/common/zero/track_event_descriptor.pbzero.o
[500/1904] 2m32.39s S CXX obj/third_party/perfetto/protos/perfetto/common/zero/tracing_service_state.pbzero.o
[500/1903] 2m32.39s S CXX obj/third_party/perfetto/protos/perfetto/config/interceptors/zero/console_config.pbzero.o
[500/1903] 2m32.39s S CXX obj/third_party/perfetto/protos/perfetto/common/zero/interceptor_descriptor.pbzero.o
[500/1903] 2m32.39s S CXX obj/third_party/perfetto/protos/perfetto/common/zero/trace_stats.pbzero.o
[500/1903] 2m32.40s S CXX obj/third_party/perfetto/protos/perfetto/common/zero/trace_attributes.pbzero.o
[500/1903] 2m32.40s S CXX obj/third_party/perfetto/protos/perfetto/common/zero/system_info.pbzero.o
[500/1903] 2m32.40s S CXX obj/third_party/perfetto/protos/perfetto/common/zero/descriptor.pbzero.o
[500/1903] 2m32.40s S CXX obj/third_party/perfetto/protos/perfetto/common/zero/gpu_counter_descriptor.pbzero.o
[500/1903] 2m32.40s S CXX obj/third_party/perfetto/protos/perfetto/common/zero/ftrace_descriptor.pbzero.o
[500/1903] 2m32.40s S CXX obj/third_party/perfetto/protos/perfetto/common/zero/perf_events.pbzero.o
[500/1903] 2m32.40s S CXX obj/third_party/perfetto/protos/perfetto/common/zero/commit_data_request.pbzero.o
[501/1903] 2m32.40s S CXX obj/third_party/perfetto/protos/perfetto/common/zero/sys_stats_counters.pbzero.o
[501/1903] 2m32.40s S CXX obj/third_party/perfetto/protos/perfetto/common/zero/observable_events.pbzero.o
[501/1903] 2m32.40s S CXX obj/third_party/perfetto/protos/perfetto/common/zero/builtin_clock.pbzero.o
[501/1903] 2m32.40s S CXX obj/third_party/perfetto/protos/perfetto/common/zero/data_source_descriptor.pbzero.o
[501/1903] 2m32.40s S CXX obj/third_party/perfetto/protos/perfetto/common/zero/tracing_service_capabilities.pbzero.o
[501/1903] 2m32.47s F ACTION //third_party/perfetto/protos/perfetto/config/power:zero_gen(//build/toolchain/android:android_clang_arm)
[502/1901] 2m32.47s S CXX obj/third_party/perfetto/protos/perfetto/config/power/zero/android_power_config.pbzero.o
[502/1901] 2m32.74s F ACTION //third_party/perfetto/protos/perfetto/common:semantic_type_zero_gen(//build/toolchain/android:android_clang_arm)
[502/1899] 2m32.74s S CXX obj/third_party/perfetto/protos/perfetto/common/semantic_type_zero/semantic_type.pbzero.o
[503/1899] 2m32.78s F ACTION //third_party/perfetto/protos/perfetto/config/profiling:zero_gen(//build/toolchain/android:android_clang_arm)
[504/1897] 2m32.85s S CXX obj/third_party/perfetto/protos/perfetto/config/profiling/zero/java_hprof_config.pbzero.o
[504/1897] 2m32.85s S CXX obj/third_party/perfetto/protos/perfetto/config/profiling/zero/smaps_config.pbzero.o
[504/1897] 2m32.85s S CXX obj/third_party/perfetto/protos/perfetto/config/profiling/zero/heapprofd_config.pbzero.o
[504/1897] 2m32.85s S CXX obj/third_party/perfetto/protos/perfetto/config/profiling/zero/perf_event_config.pbzero.o
[504/1897] 2m32.87s F ACTION //third_party/perfetto/protos/perfetto/config/protovm:zero_gen(//build/toolchain/android:android_clang_arm)
[505/1895] 2m32.87s S CXX obj/third_party/perfetto/protos/perfetto/config/protovm/zero/protovm_config.pbzero.o
[505/1895] 2m32.88s F ACTION //third_party/perfetto/protos/perfetto/config/statsd:zero_gen(//build/toolchain/android:android_clang_arm)
[505/1893] 2m32.88s S CXX obj/third_party/perfetto/protos/perfetto/config/statsd/zero/atom_ids.pbzero.o
[505/1893] 2m32.88s S CXX obj/third_party/perfetto/protos/perfetto/config/statsd/zero/statsd_tracing_config.pbzero.o
[506/1893] 2m32.97s F CXX obj/third_party/perfetto/protos/perfetto/common/cpp/sys_stats_counters.gen.o
[507/1893] 2m33.00s F CXX obj/third_party/perfetto/protos/perfetto/protovm/zero/vm_program.pbzero.o
[508/1893] 2m33.00s S AR obj/third_party/perfetto/protos/perfetto/protovm/libzero.a
[508/1893] 2m33.01s F CXX obj/third_party/perfetto/protos/perfetto/common/zero/android_log_constants.pbzero.o
[509/1893] 2m33.03s F ACTION //third_party/perfetto/protos/perfetto/config/android:zero_gen(//build/toolchain/android:android_clang_arm)
[509/1891] 2m33.03s S CXX obj/third_party/perfetto/protos/perfetto/config/android/zero/android_game_intervention_list_config.pbzero.o
[509/1891] 2m33.03s S CXX obj/third_party/perfetto/protos/perfetto/config/android/zero/android_aflags_config.pbzero.o
[510/1891] 2m33.03s F CXX obj/third_party/perfetto/protos/perfetto/common/zero/android_energy_consumer_descriptor.pbzero.o
[509/1891] 2m33.03s S CXX obj/third_party/perfetto/protos/perfetto/config/android/zero/user_list_config.pbzero.o
[509/1891] 2m33.03s S CXX obj/third_party/perfetto/protos/perfetto/config/android/zero/surfaceflinger_transactions_config.pbzero.o
[509/1891] 2m33.03s S CXX obj/third_party/perfetto/protos/perfetto/config/android/zero/surfaceflinger_layers_config.pbzero.o
[509/1891] 2m33.03s S CXX obj/third_party/perfetto/protos/perfetto/config/android/zero/protolog_config.pbzero.o
[509/1891] 2m33.03s S CXX obj/third_party/perfetto/protos/perfetto/config/android/zero/pixel_modem_config.pbzero.o
[509/1891] 2m33.03s S CXX obj/third_party/perfetto/protos/perfetto/config/android/zero/packages_list_config.pbzero.o
[509/1891] 2m33.03s S CXX obj/third_party/perfetto/protos/perfetto/config/android/zero/network_trace_config.pbzero.o
[511/1891] 2m33.04s S CXX obj/third_party/perfetto/protos/perfetto/config/android/zero/android_system_property_config.pbzero.o
[511/1891] 2m33.04s S CXX obj/third_party/perfetto/protos/perfetto/config/android/zero/display_video_config.pbzero.o
[511/1891] 2m33.04s S CXX obj/third_party/perfetto/protos/perfetto/config/android/zero/cpu_per_uid_config.pbzero.o
[509/1891] 2m33.03s S CXX obj/third_party/perfetto/protos/perfetto/config/android/zero/windowmanager_config.pbzero.o
[511/1891] 2m33.04s S CXX obj/third_party/perfetto/protos/perfetto/config/android/zero/android_polled_state_config.pbzero.o
[511/1891] 2m33.04s S CXX obj/third_party/perfetto/protos/perfetto/config/android/zero/app_wakelock_config.pbzero.o
[511/1891] 2m33.04s S CXX obj/third_party/perfetto/protos/perfetto/config/android/zero/android_sdk_sysprop_guard_config.pbzero.o
[511/1891] 2m33.04s S CXX obj/third_party/perfetto/protos/perfetto/config/android/zero/android_log_config.pbzero.o
[511/1891] 2m33.04s S CXX obj/third_party/perfetto/protos/perfetto/config/android/zero/android_input_event_config.pbzero.o
[509/1891] 2m33.03s S CXX obj/third_party/perfetto/protos/perfetto/config/android/zero/kernel_wakelocks_config.pbzero.o
[511/1891] 2m33.04s S CXX obj/third_party/perfetto/protos/perfetto/config/android/zero/inputmethod_config.pbzero.o
[511/1891] 2m33.05s F CXX obj/third_party/perfetto/protos/perfetto/common/zero/track_event_descriptor.pbzero.o
[512/1891] 2m33.09s F CXX obj/third_party/perfetto/protos/perfetto/common/zero/tracing_service_state.pbzero.o
[513/1891] 2m33.11s F CXX obj/third_party/perfetto/protos/perfetto/common/zero/interceptor_descriptor.pbzero.o
[514/1891] 2m33.13s F CXX obj/third_party/perfetto/protos/perfetto/common/zero/trace_stats.pbzero.o
[515/1891] 2m33.15s F ACTION //third_party/perfetto/protos/perfetto/config/process_stats:zero_gen(//build/toolchain/android:android_clang_arm)
[516/1889] 2m33.15s S CXX obj/third_party/perfetto/protos/perfetto/config/process_stats/zero/process_stats_config.pbzero.o
[516/1889] 2m33.15s F CXX obj/third_party/perfetto/protos/perfetto/common/zero/trace_attributes.pbzero.o
[517/1889] 2m33.18s F CXX obj/third_party/perfetto/protos/perfetto/common/zero/system_info.pbzero.o
[518/1889] 2m33.20s F ACTION //third_party/perfetto/protos/perfetto/trace/profiling:inline_callstack_zero_gen(//build/toolchain/android:android_clang_arm)
[519/1889] 2m33.20s F CXX obj/third_party/perfetto/protos/perfetto/common/cpp/commit_data_request.gen.o
[520/1889] 2m33.20s F CXX obj/third_party/perfetto/protos/perfetto/common/zero/descriptor.pbzero.o
[521/1887] 2m33.20s S CXX obj/third_party/perfetto/protos/perfetto/trace/profiling/inline_callstack_zero/inline_callstack.pbzero.o
[521/1887] 2m33.22s F CXX obj/third_party/perfetto/protos/perfetto/common/zero/ftrace_descriptor.pbzero.o
[521/1887] 2m33.22s F CXX obj/third_party/perfetto/protos/perfetto/common/zero/gpu_counter_descriptor.pbzero.o
[523/1887] 2m33.24s F CXX obj/third_party/perfetto/protos/perfetto/common/zero/commit_data_request.pbzero.o
[524/1887] 2m33.24s F CXX obj/third_party/perfetto/protos/perfetto/common/zero/perf_events.pbzero.o
[525/1887] 2m33.26s F CXX obj/third_party/perfetto/protos/perfetto/common/zero/sys_stats_counters.pbzero.o
[526/1887] 2m33.27s F CXX obj/third_party/perfetto/protos/perfetto/common/zero/observable_events.pbzero.o
[527/1887] 2m33.35s F CXX obj/third_party/perfetto/protos/perfetto/common/zero/builtin_clock.pbzero.o
[528/1887] 2m33.36s F CXX obj/third_party/perfetto/protos/perfetto/common/zero/data_source_descriptor.pbzero.o
[529/1887] 2m33.36s F ACTION //third_party/perfetto/protos/perfetto/config/system_info:zero_gen(//build/toolchain/android:android_clang_arm)
[529/1885] 2m33.36s S CXX obj/third_party/perfetto/protos/perfetto/config/system_info/zero/system_info_config.pbzero.o
[530/1885] 2m33.36s F ACTION //third_party/perfetto/protos/perfetto/config/track_event:zero_gen(//build/toolchain/android:android_clang_arm)
[531/1883] 2m33.36s S CXX obj/third_party/perfetto/protos/perfetto/config/track_event/zero/track_event_config.pbzero.o
[531/1883] 2m33.37s F CXX obj/third_party/perfetto/protos/perfetto/common/cpp/android_log_constants.gen.o
[532/1883] 2m33.37s F AR obj/third_party/perfetto/protos/perfetto/protovm/libzero.a
[533/1883] 2m33.38s F CXX obj/third_party/perfetto/protos/perfetto/common/zero/tracing_service_capabilities.pbzero.o
[534/1883] 2m33.38s S AR obj/third_party/perfetto/protos/perfetto/common/libzero.a
[534/1883] 2m33.40s F CXX obj/third_party/perfetto/protos/perfetto/config/track_event/zero/track_event_config.pbzero.o
[535/1883] 2m33.40s S AR obj/third_party/perfetto/protos/perfetto/config/track_event/libzero.a
[535/1883] 2m33.53s F ACTION //third_party/perfetto/protos/perfetto/config/sys_stats:zero_gen(//build/toolchain/android:android_clang_arm)
[536/1881] 2m33.53s S CXX obj/third_party/perfetto/protos/perfetto/config/sys_stats/zero/sys_stats_config.pbzero.o
[536/1881] 2m33.60s F ACTION //third_party/perfetto/protos/perfetto/trace/track_event:zero_gen(//build/toolchain/android:android_clang_arm)
[537/1879] 2m33.60s S CXX obj/third_party/perfetto/protos/perfetto/trace/track_event/zero/chrome_application_state_info.pbzero.o
[537/1879] 2m33.60s S CXX obj/third_party/perfetto/protos/perfetto/trace/track_event/zero/chrome_active_processes.pbzero.o
[537/1879] 2m33.60s S CXX obj/third_party/perfetto/protos/perfetto/trace/track_event/zero/chrome_user_event.pbzero.o
[537/1879] 2m33.60s S CXX obj/third_party/perfetto/protos/perfetto/trace/track_event/zero/track_descriptor.pbzero.o
[537/1879] 2m33.60s S CXX obj/third_party/perfetto/protos/perfetto/trace/track_event/zero/thread_descriptor.pbzero.o
[537/1879] 2m33.60s S CXX obj/third_party/perfetto/protos/perfetto/trace/track_event/zero/task_execution.pbzero.o
[537/1879] 2m33.60s S CXX obj/third_party/perfetto/protos/perfetto/trace/track_event/zero/state_descriptor.pbzero.o
[537/1879] 2m33.60s S CXX obj/third_party/perfetto/protos/perfetto/trace/track_event/zero/process_descriptor.pbzero.o
[537/1879] 2m33.60s S CXX obj/third_party/perfetto/protos/perfetto/trace/track_event/zero/debug_annotation.pbzero.o
[537/1879] 2m33.60s S CXX obj/third_party/perfetto/protos/perfetto/trace/track_event/zero/counter_descriptor.pbzero.o
[537/1879] 2m33.60s S CXX obj/third_party/perfetto/protos/perfetto/trace/track_event/zero/chrome_window_handle_event_info.pbzero.o
[537/1879] 2m33.60s S CXX obj/third_party/perfetto/protos/perfetto/trace/track_event/zero/chrome_legacy_ipc.pbzero.o
[537/1879] 2m33.60s S CXX obj/third_party/perfetto/protos/perfetto/trace/track_event/zero/log_message.pbzero.o
[537/1879] 2m33.60s S CXX obj/third_party/perfetto/protos/perfetto/trace/track_event/zero/source_location.pbzero.o
[537/1879] 2m33.60s S CXX obj/third_party/perfetto/protos/perfetto/trace/track_event/zero/chrome_thread_descriptor.pbzero.o
[537/1879] 2m33.60s S CXX obj/third_party/perfetto/protos/perfetto/trace/track_event/zero/track_event.pbzero.o
[537/1879] 2m33.61s S CXX obj/third_party/perfetto/protos/perfetto/trace/track_event/zero/chrome_renderer_scheduler_state.pbzero.o
[537/1879] 2m33.61s S CXX obj/third_party/perfetto/protos/perfetto/trace/track_event/zero/chrome_latency_info.pbzero.o
[537/1879] 2m33.61s S CXX obj/third_party/perfetto/protos/perfetto/trace/track_event/zero/chrome_process_descriptor.pbzero.o
[537/1879] 2m33.61s S CXX obj/third_party/perfetto/protos/perfetto/trace/track_event/zero/chrome_keyed_service.pbzero.o
[537/1879] 2m33.61s S CXX obj/third_party/perfetto/protos/perfetto/trace/track_event/zero/chrome_mojo_event_info.pbzero.o
[537/1879] 2m33.61s S CXX obj/third_party/perfetto/protos/perfetto/trace/track_event/zero/chrome_histogram_sample.pbzero.o
[537/1879] 2m33.61s S CXX obj/third_party/perfetto/protos/perfetto/trace/track_event/zero/chrome_frame_reporter.pbzero.o
[537/1879] 2m33.61s S CXX obj/third_party/perfetto/protos/perfetto/trace/track_event/zero/screenshot.pbzero.o
[537/1879] 2m33.61s S CXX obj/third_party/perfetto/protos/perfetto/trace/track_event/zero/chrome_compositor_scheduler_state.pbzero.o
[537/1879] 2m33.61s S CXX obj/third_party/perfetto/protos/perfetto/trace/track_event/zero/chrome_message_pump.pbzero.o
[537/1879] 2m33.61s S CXX obj/third_party/perfetto/protos/perfetto/trace/track_event/zero/range_of_interest.pbzero.o
[537/1879] 2m33.61s S CXX obj/third_party/perfetto/protos/perfetto/trace/track_event/zero/chrome_content_settings_event_info.pbzero.o
[537/1879] 2m33.67s F ACTION //third_party/perfetto/protos/perfetto/config:zero_gen(//build/toolchain/android:android_clang_arm)
[538/1877] 2m33.67s S CXX obj/third_party/perfetto/protos/perfetto/config/zero/histogram_samples.pbzero.o
[538/1877] 2m33.67s S CXX obj/third_party/perfetto/protos/perfetto/config/zero/interceptor_config.pbzero.o
[538/1877] 2m33.67s S CXX obj/third_party/perfetto/protos/perfetto/config/zero/trace_config.pbzero.o
[538/1877] 2m33.67s S CXX obj/third_party/perfetto/protos/perfetto/config/zero/test_config.pbzero.o
[538/1877] 2m33.67s S CXX obj/third_party/perfetto/protos/perfetto/config/zero/chrome_config.pbzero.o
[538/1877] 2m33.67s S CXX obj/third_party/perfetto/protos/perfetto/config/zero/stress_test_config.pbzero.o
[538/1877] 2m33.67s S CXX obj/third_party/perfetto/protos/perfetto/config/zero/v8_config.pbzero.o
[538/1877] 2m33.67s S CXX obj/third_party/perfetto/protos/perfetto/config/zero/etw_config.pbzero.o
[538/1877] 2m33.67s S CXX obj/third_party/perfetto/protos/perfetto/config/zero/data_source_config.pbzero.o
[538/1877] 2m33.67s S CXX obj/third_party/perfetto/protos/perfetto/config/zero/system_metrics.pbzero.o
[538/1877] 2m33.67s S CXX obj/third_party/perfetto/protos/perfetto/config/zero/scenario_config.pbzero.o
[538/1875] 2m33.83s S CXX obj/third_party/perfetto/protos/perfetto/trace/android/zero/android_game_intervention_list.pbzero.o
[538/1875] 2m33.83s S CXX obj/third_party/perfetto/protos/perfetto/trace/android/zero/android_aflags.pbzero.o
[538/1875] 2m33.83s S CXX obj/third_party/perfetto/protos/perfetto/trace/android/zero/user_list.pbzero.o
[538/1875] 2m33.83s S CXX obj/third_party/perfetto/protos/perfetto/trace/android/zero/graphics_frame_event.pbzero.o
[538/1875] 2m33.84s S CXX obj/third_party/perfetto/protos/perfetto/trace/android/zero/kernel_wakelock_data.pbzero.o
[538/1875] 2m33.84s S CXX obj/third_party/perfetto/protos/perfetto/trace/android/zero/initial_display_state.pbzero.o
[538/1875] 2m33.84s S CXX obj/third_party/perfetto/protos/perfetto/trace/android/zero/packages_list.pbzero.o
[538/1875] 2m33.84s S CXX obj/third_party/perfetto/protos/perfetto/trace/android/zero/android_system_property.pbzero.o
[538/1875] 2m33.84s S CXX obj/third_party/perfetto/protos/perfetto/trace/android/zero/android_log.pbzero.o
[538/1875] 2m33.84s S CXX obj/third_party/perfetto/protos/perfetto/trace/android/zero/cpu_per_uid_data.pbzero.o
[538/1875] 2m33.84s S CXX obj/third_party/perfetto/protos/perfetto/trace/android/zero/pixel_modem_events.pbzero.o
[538/1875] 2m33.83s F ACTION //third_party/perfetto/protos/perfetto/trace/android:zero_gen(//build/toolchain/android:android_clang_arm)
[539/1875] 2m33.86s F ACTION //third_party/perfetto/protos/perfetto/trace/gpu:zero_gen(//build/toolchain/android:android_clang_arm)
[540/1873] 2m33.86s S CXX obj/third_party/perfetto/protos/perfetto/trace/gpu/zero/gpu_log.pbzero.o
[540/1873] 2m33.86s S CXX obj/third_party/perfetto/protos/perfetto/trace/gpu/zero/vulkan_api_event.pbzero.o
[540/1873] 2m33.86s S CXX obj/third_party/perfetto/protos/perfetto/trace/gpu/zero/gpu_mem_event.pbzero.o
[540/1873] 2m33.86s S CXX obj/third_party/perfetto/protos/perfetto/trace/gpu/zero/gpu_render_stage_event.pbzero.o
[540/1873] 2m33.86s S CXX obj/third_party/perfetto/protos/perfetto/trace/gpu/zero/gpu_counter_event.pbzero.o
[540/1873] 2m33.86s S CXX obj/third_party/perfetto/protos/perfetto/trace/gpu/zero/vulkan_memory_event.pbzero.o
[540/1873] 2m33.95s F ACTION //third_party/perfetto/protos/perfetto/trace/chrome:zero_gen(//build/toolchain/android:android_clang_arm)
[541/1871] 2m33.95s S CXX obj/third_party/perfetto/protos/perfetto/trace/chrome/zero/chrome_metadata.pbzero.o
[541/1871] 2m33.96s S CXX obj/third_party/perfetto/protos/perfetto/trace/chrome/zero/chrome_benchmark_metadata.pbzero.o
[541/1871] 2m33.96s S CXX obj/third_party/perfetto/protos/perfetto/trace/chrome/zero/chrome_trace_event.pbzero.o
[541/1871] 2m33.96s S CXX obj/third_party/perfetto/protos/perfetto/trace/chrome/zero/chrome_trigger.pbzero.o
[541/1871] 2m33.96s S CXX obj/third_party/perfetto/protos/perfetto/trace/chrome/zero/v8.pbzero.o
[541/1871] 2m34.09s F ACTION //third_party/perfetto/protos/perfetto/trace/linux:zero_gen(//build/toolchain/android:android_clang_arm)
[542/1869] 2m34.09s S CXX obj/third_party/perfetto/protos/perfetto/trace/linux/zero/journald_event.pbzero.o
[542/1869] 2m34.12s F ACTION //third_party/perfetto/protos/perfetto/trace/profiling:zero_gen(//build/toolchain/android:android_clang_arm)
[543/1867] 2m34.12s S CXX obj/third_party/perfetto/protos/perfetto/trace/profiling/zero/deobfuscation.pbzero.o
[543/1867] 2m34.12s S CXX obj/third_party/perfetto/protos/perfetto/trace/profiling/zero/art_process_metadata.pbzero.o
[543/1867] 2m34.12s S CXX obj/third_party/perfetto/protos/perfetto/trace/profiling/zero/stack_sample.pbzero.o
[543/1867] 2m34.12s S CXX obj/third_party/perfetto/protos/perfetto/trace/profiling/zero/profile_packet.pbzero.o
[543/1867] 2m34.12s S CXX obj/third_party/perfetto/protos/perfetto/trace/profiling/zero/profile_common.pbzero.o
[543/1867] 2m34.12s S CXX obj/third_party/perfetto/protos/perfetto/trace/profiling/zero/smaps.pbzero.o
[543/1867] 2m34.25s F ACTION //third_party/perfetto/protos/perfetto/trace/statsd:zero_gen(//build/toolchain/android:android_clang_arm)
[543/1865] 2m34.25s S CXX obj/third_party/perfetto/protos/perfetto/trace/statsd/zero/statsd_atom.pbzero.o
[544/1865] 2m34.31s F ACTION //third_party/perfetto/protos/perfetto/trace/filesystem:zero_gen(//build/toolchain/android:android_clang_arm)
[545/1863] 2m34.32s S CXX obj/third_party/perfetto/protos/perfetto/trace/filesystem/zero/inode_file_map.pbzero.o
[545/1863] 2m34.35s F ACTION //third_party/perfetto/protos/perfetto/trace/power:zero_gen(//build/toolchain/android:android_clang_arm)
[546/1861] 2m34.35s S CXX obj/third_party/perfetto/protos/perfetto/trace/power/zero/android_entity_state_residency.pbzero.o
[546/1861] 2m34.35s S CXX obj/third_party/perfetto/protos/perfetto/trace/power/zero/android_energy_estimation_breakdown.pbzero.o
[546/1861] 2m34.35s S CXX obj/third_party/perfetto/protos/perfetto/trace/power/zero/power_rails.pbzero.o
[546/1861] 2m34.35s S CXX obj/third_party/perfetto/protos/perfetto/trace/power/zero/battery_counters.pbzero.o
[546/1861] 2m34.58s F CXX obj/third_party/perfetto/protos/perfetto/common/semantic_type_cpp/semantic_type.gen.o
[547/1861] 2m34.58s S AR obj/third_party/perfetto/protos/perfetto/common/libsemantic_type_cpp.a
[547/1861] 2m34.60s F ACTION //third_party/perfetto/protos/perfetto/trace/generic_kernel:zero_gen(//build/toolchain/android:android_clang_arm)
[548/1859] 2m34.60s S CXX obj/third_party/perfetto/protos/perfetto/trace/generic_kernel/zero/generic_power.pbzero.o
[548/1859] 2m34.61s S CXX obj/third_party/perfetto/protos/perfetto/trace/generic_kernel/zero/generic_gpu_frequency.pbzero.o
[548/1859] 2m34.61s S CXX obj/third_party/perfetto/protos/perfetto/trace/generic_kernel/zero/generic_task.pbzero.o
[548/1859] 2m34.62s F ACTION //third_party/perfetto/protos/perfetto/trace/system_info:zero_gen(//build/toolchain/android:android_clang_arm)
[549/1857] 2m34.62s S CXX obj/third_party/perfetto/protos/perfetto/trace/system_info/zero/gpu_info.pbzero.o
[549/1857] 2m34.62s S CXX obj/third_party/perfetto/protos/perfetto/trace/system_info/zero/cpu_info.pbzero.o
[549/1857] 2m34.62s S CXX obj/third_party/perfetto/protos/perfetto/trace/system_info/zero/interrupt_info.pbzero.o
[549/1857] 2m34.74s F ACTION //third_party/perfetto/protos/perfetto/trace/sys_stats:zero_gen(//build/toolchain/android:android_clang_arm)
[550/1855] 2m34.74s S CXX obj/third_party/perfetto/protos/perfetto/trace/sys_stats/zero/sys_stats.pbzero.o
[550/1855] 2m34.82s F CXX obj/third_party/perfetto/protos/perfetto/common/cpp/descriptor.gen.o
[551/1855] 2m34.82s S AR obj/third_party/perfetto/protos/perfetto/common/libcpp.a
[551/1855] 2m34.89s F ACTION //third_party/perfetto/protos/perfetto/trace/translation:zero_gen(//build/toolchain/android:android_clang_arm)
[552/1853] 2m34.89s S CXX obj/third_party/perfetto/protos/perfetto/trace/translation/zero/translation_table.pbzero.o
[552/1853] 2m34.95s F ACTION //third_party/perfetto/protos/perfetto/trace/ps:zero_gen(//build/toolchain/android:android_clang_arm)
[553/1851] 2m34.95s S CXX obj/third_party/perfetto/protos/perfetto/trace/ps/zero/process_tree.pbzero.o
[553/1851] 2m34.95s S CXX obj/third_party/perfetto/protos/perfetto/trace/ps/zero/process_stats.pbzero.o
[553/1851] 2m34.99s F ACTION //third_party/perfetto/protos/perfetto/trace/ftrace:zero_gen(//build/toolchain/android:android_clang_arm)
[554/1849] 2m34.99s S CXX obj/third_party/perfetto/protos/perfetto/trace/ftrace/zero/kgsl.pbzero.o
[554/1849] 2m34.99s S CXX obj/third_party/perfetto/protos/perfetto/trace/ftrace/zero/scsi.pbzero.o
[554/1849] 2m34.99s S CXX obj/third_party/perfetto/protos/perfetto/trace/ftrace/zero/scm.pbzero.o
[554/1849] 2m34.99s S CXX obj/third_party/perfetto/protos/perfetto/trace/ftrace/zero/sched.pbzero.o
[554/1849] 2m34.99s S CXX obj/third_party/perfetto/protos/perfetto/trace/ftrace/zero/ftrace_event.pbzero.o
[554/1849] 2m34.99s S CXX obj/third_party/perfetto/protos/perfetto/trace/ftrace/zero/samsung.pbzero.o
[554/1849] 2m34.99s S CXX obj/third_party/perfetto/protos/perfetto/trace/ftrace/zero/rpm.pbzero.o
[554/1849] 2m34.99s S CXX obj/third_party/perfetto/protos/perfetto/trace/ftrace/zero/ftrace_event_bundle.pbzero.o
[554/1849] 2m34.99s S CXX obj/third_party/perfetto/protos/perfetto/trace/ftrace/zero/workqueue.pbzero.o
[554/1849] 2m34.99s S CXX obj/third_party/perfetto/protos/perfetto/trace/ftrace/zero/irq_vectors.pbzero.o
[554/1849] 2m34.99s S CXX obj/third_party/perfetto/protos/perfetto/trace/ftrace/zero/irq.pbzero.o
[554/1849] 2m34.99s S CXX obj/third_party/perfetto/protos/perfetto/trace/ftrace/zero/ipi.pbzero.o
[554/1849] 2m34.99s S CXX obj/third_party/perfetto/protos/perfetto/trace/ftrace/zero/ion.pbzero.o
[554/1849] 2m34.99s S CXX obj/third_party/perfetto/protos/perfetto/trace/ftrace/zero/i2c.pbzero.o
[554/1849] 2m34.99s S CXX obj/third_party/perfetto/protos/perfetto/trace/ftrace/zero/hypervisor.pbzero.o
[554/1849] 2m35.00s S CXX obj/third_party/perfetto/protos/perfetto/trace/ftrace/zero/regulator.pbzero.o
[554/1849] 2m34.99s S CXX obj/third_party/perfetto/protos/perfetto/trace/ftrace/zero/hyp.pbzero.o
[554/1849] 2m34.99s S CXX obj/third_party/perfetto/protos/perfetto/trace/ftrace/zero/gpu_mem.pbzero.o
[554/1849] 2m35.00s S CXX obj/third_party/perfetto/protos/perfetto/trace/ftrace/zero/google_irm_trace.pbzero.o
[554/1849] 2m35.00s S CXX obj/third_party/perfetto/protos/perfetto/trace/ftrace/zero/devfreq.pbzero.o
[554/1849] 2m35.00s S CXX obj/third_party/perfetto/protos/perfetto/trace/ftrace/zero/google_icc_trace.pbzero.o
[554/1849] 2m35.00s S CXX obj/third_party/perfetto/protos/perfetto/trace/ftrace/zero/g2d.pbzero.o
[554/1849] 2m35.00s S CXX obj/third_party/perfetto/protos/perfetto/trace/ftrace/zero/fwtp_ftrace.pbzero.o
[554/1849] 2m35.00s S CXX obj/third_party/perfetto/protos/perfetto/trace/ftrace/zero/ftrace.pbzero.o
[554/1849] 2m35.00s S CXX obj/third_party/perfetto/protos/perfetto/trace/ftrace/zero/fs.pbzero.o
[554/1849] 2m34.99s S CXX obj/third_party/perfetto/protos/perfetto/trace/ftrace/zero/gpu_scheduler.pbzero.o
[554/1849] 2m35.00s S CXX obj/third_party/perfetto/protos/perfetto/trace/ftrace/zero/dcvsh.pbzero.o
[554/1849] 2m35.00s S CXX obj/third_party/perfetto/protos/perfetto/trace/ftrace/zero/cros_ec.pbzero.o
[554/1849] 2m35.00s S CXX obj/third_party/perfetto/protos/perfetto/trace/ftrace/zero/cpuhp.pbzero.o
[554/1849] 2m35.00s S CXX obj/third_party/perfetto/protos/perfetto/trace/ftrace/zero/raw_syscalls.pbzero.o
[554/1849] 2m35.00s S CXX obj/third_party/perfetto/protos/perfetto/trace/ftrace/zero/cpm_trace.pbzero.o
[554/1849] 2m35.01s S CXX obj/third_party/perfetto/protos/perfetto/trace/ftrace/zero/vmscan.pbzero.o
[554/1849] 2m35.01s S CXX obj/third_party/perfetto/protos/perfetto/trace/ftrace/zero/compaction.pbzero.o
[554/1849] 2m35.01s S CXX obj/third_party/perfetto/protos/perfetto/trace/ftrace/zero/virtio_video.pbzero.o
[554/1849] 2m35.01s S CXX obj/third_party/perfetto/protos/perfetto/trace/ftrace/zero/virtio_gpu.pbzero.o
[554/1849] 2m35.01s S CXX obj/third_party/perfetto/protos/perfetto/trace/ftrace/zero/v4l2.pbzero.o
[554/1849] 2m35.01s S CXX obj/third_party/perfetto/protos/perfetto/trace/ftrace/zero/ufs.pbzero.o
[554/1849] 2m35.01s S CXX obj/third_party/perfetto/protos/perfetto/trace/ftrace/zero/cma.pbzero.o
[554/1849] 2m35.01s S CXX obj/third_party/perfetto/protos/perfetto/trace/ftrace/zero/kmem.pbzero.o
[554/1849] 2m35.01s S CXX obj/third_party/perfetto/protos/perfetto/trace/ftrace/zero/dpu.pbzero.o
[554/1849] 2m35.01s S CXX obj/third_party/perfetto/protos/perfetto/trace/ftrace/zero/pixel_mm.pbzero.o
[554/1849] 2m35.01s S CXX obj/third_party/perfetto/protos/perfetto/trace/ftrace/zero/perf_trace_counters.pbzero.o
[554/1849] 2m35.01s S CXX obj/third_party/perfetto/protos/perfetto/trace/ftrace/zero/panel.pbzero.o
[554/1849] 2m35.01s S CXX obj/third_party/perfetto/protos/perfetto/trace/ftrace/zero/clk.pbzero.o
[554/1849] 2m35.01s S CXX obj/third_party/perfetto/protos/perfetto/trace/ftrace/zero/oom.pbzero.o
[554/1849] 2m35.01s S CXX obj/third_party/perfetto/protos/perfetto/trace/ftrace/zero/cgroup.pbzero.o
[554/1849] 2m35.01s S CXX obj/third_party/perfetto/protos/perfetto/trace/ftrace/zero/net.pbzero.o
[554/1849] 2m35.01s S CXX obj/third_party/perfetto/protos/perfetto/trace/ftrace/zero/block.pbzero.o
[554/1849] 2m35.01s S CXX obj/third_party/perfetto/protos/perfetto/trace/ftrace/zero/mm_event.pbzero.o
[554/1849] 2m35.01s S CXX obj/third_party/perfetto/protos/perfetto/trace/ftrace/zero/binder.pbzero.o
[554/1849] 2m35.01s S CXX obj/third_party/perfetto/protos/perfetto/trace/ftrace/zero/mdss.pbzero.o
[554/1849] 2m35.01s S CXX obj/third_party/perfetto/protos/perfetto/trace/ftrace/zero/bcl_exynos.pbzero.o
[554/1849] 2m35.01s S CXX obj/third_party/perfetto/protos/perfetto/trace/ftrace/zero/mali.pbzero.o
[554/1849] 2m35.01s S CXX obj/third_party/perfetto/protos/perfetto/trace/ftrace/zero/android_fs.pbzero.o
[554/1849] 2m35.01s S CXX obj/third_party/perfetto/protos/perfetto/trace/ftrace/zero/lwis.pbzero.o
[554/1849] 2m35.01s S CXX obj/third_party/perfetto/protos/perfetto/trace/ftrace/zero/generic.pbzero.o
[554/1849] 2m35.01s S CXX obj/third_party/perfetto/protos/perfetto/trace/ftrace/zero/lowmemorykiller.pbzero.o
[554/1849] 2m35.01s S CXX obj/third_party/perfetto/protos/perfetto/trace/ftrace/zero/test_bundle_wrapper.pbzero.o
[554/1849] 2m35.01s S CXX obj/third_party/perfetto/protos/perfetto/trace/ftrace/zero/kvm.pbzero.o
[554/1849] 2m35.01s S CXX obj/third_party/perfetto/protos/perfetto/trace/ftrace/zero/ftrace_stats.pbzero.o
[554/1849] 2m35.01s S CXX obj/third_party/perfetto/protos/perfetto/trace/ftrace/zero/trusty.pbzero.o
[554/1849] 2m35.01s S CXX obj/third_party/perfetto/protos/perfetto/trace/ftrace/zero/timer.pbzero.o
[554/1849] 2m35.01s S CXX obj/third_party/perfetto/protos/perfetto/trace/ftrace/zero/printk.pbzero.o
[554/1849] 2m35.01s S CXX obj/third_party/perfetto/protos/perfetto/trace/ftrace/zero/thermal_exynos.pbzero.o
[554/1849] 2m35.01s S CXX obj/third_party/perfetto/protos/perfetto/trace/ftrace/zero/thermal.pbzero.o
[554/1849] 2m35.01s S CXX obj/third_party/perfetto/protos/perfetto/trace/ftrace/zero/filemap.pbzero.o
[554/1849] 2m35.01s S CXX obj/third_party/perfetto/protos/perfetto/trace/ftrace/zero/tcp.pbzero.o
[554/1849] 2m35.01s S CXX obj/third_party/perfetto/protos/perfetto/trace/ftrace/zero/task.pbzero.o
[554/1849] 2m35.01s S CXX obj/third_party/perfetto/protos/perfetto/trace/ftrace/zero/systrace.pbzero.o
[554/1849] 2m35.01s S CXX obj/third_party/perfetto/protos/perfetto/trace/ftrace/zero/synthetic.pbzero.o
[554/1849] 2m35.01s F CXX obj/third_party/perfetto/protos/perfetto/config/linux/cpp/journald_config.gen.o
[554/1849] 2m35.01s S CXX obj/third_party/perfetto/protos/perfetto/trace/ftrace/zero/sync.pbzero.o
[554/1849] 2m35.01s S CXX obj/third_party/perfetto/protos/perfetto/trace/ftrace/zero/fence.pbzero.o
[554/1849] 2m35.01s S CXX obj/third_party/perfetto/protos/perfetto/trace/ftrace/zero/sock.pbzero.o
[554/1849] 2m35.01s S CXX obj/third_party/perfetto/protos/perfetto/trace/ftrace/zero/skb.pbzero.o
[554/1849] 2m35.01s S CXX obj/third_party/perfetto/protos/perfetto/trace/ftrace/zero/fastrpc.pbzero.o
[554/1849] 2m35.01s S CXX obj/third_party/perfetto/protos/perfetto/trace/ftrace/zero/signal.pbzero.o
[554/1849] 2m35.01s S CXX obj/third_party/perfetto/protos/perfetto/trace/ftrace/zero/f2fs.pbzero.o
[554/1849] 2m35.01s S CXX obj/third_party/perfetto/protos/perfetto/trace/ftrace/zero/sde.pbzero.o
[554/1849] 2m35.01s S CXX obj/third_party/perfetto/protos/perfetto/trace/ftrace/zero/ext4.pbzero.o
[554/1849] 2m35.01s S CXX obj/third_party/perfetto/protos/perfetto/trace/ftrace/zero/dma_fence.pbzero.o
[554/1849] 2m35.01s S AR obj/third_party/perfetto/protos/perfetto/config/linux/libcpp.a
[554/1849] 2m35.01s S CXX obj/third_party/perfetto/protos/perfetto/trace/ftrace/zero/dwc3.pbzero.o
[554/1849] 2m35.01s S CXX obj/third_party/perfetto/protos/perfetto/trace/ftrace/zero/power.pbzero.o
[554/1849] 2m35.01s S CXX obj/third_party/perfetto/protos/perfetto/trace/ftrace/zero/drm.pbzero.o
[554/1849] 2m35.02s S CXX obj/third_party/perfetto/protos/perfetto/trace/ftrace/zero/dmabuf_heap.pbzero.o
[554/1844] 2m35.07s F AR obj/third_party/perfetto/protos/perfetto/common/libcpp.a
[555/1844] 2m35.09s F CXX obj/third_party/perfetto/protos/perfetto/config/gpu/zero/vulkan_memory_config.pbzero.o
[556/1844] 2m35.10s S ACTION //third_party/perfetto/protos/perfetto/config/sys_stats:cpp_gen(//build/toolchain/android:android_clang_arm)
[556/1844] 2m35.10s S ACTION //third_party/perfetto/protos/perfetto/config/qnx:cpp_gen(//build/toolchain/android:android_clang_arm)
[557/1844] 2m35.11s S ACTION //third_party/perfetto/protos/perfetto/config/interceptors:cpp_gen(//build/toolchain/android:android_clang_arm)
[557/1844] 2m35.11s S ACTION //third_party/perfetto/protos/perfetto/config/android:cpp_gen(//build/toolchain/android:android_clang_arm)
[557/1844] 2m35.13s S ACTION //third_party/perfetto/protos/perfetto/config/profiling:cpp_gen(//build/toolchain/android:android_clang_arm)
[557/1844] 2m35.17s F CXX obj/third_party/perfetto/protos/perfetto/config/ftrace/cpp/ftrace_config.gen.o
[558/1844] 2m35.18s F ACTION //third_party/perfetto/protos/perfetto/trace/perfetto:zero_gen(//build/toolchain/android:android_clang_arm)
[559/1842] 2m35.18s S CXX obj/third_party/perfetto/protos/perfetto/trace/perfetto/zero/perfetto_metatrace.pbzero.o
[559/1842] 2m35.18s S CXX obj/third_party/perfetto/protos/perfetto/trace/perfetto/zero/concurrent_session_event.pbzero.o
[559/1842] 2m35.18s S CXX obj/third_party/perfetto/protos/perfetto/trace/perfetto/zero/tracing_service_event.pbzero.o
[559/1842] 2m35.18s S CXX obj/third_party/perfetto/protos/perfetto/trace/perfetto/zero/trace_provenance.pbzero.o
[559/1842] 2m35.31s F ACTION //third_party/perfetto/protos/perfetto/trace:minimal_zero_gen(//build/toolchain/android:android_clang_arm)
[560/1840] 2m35.31s S CXX obj/third_party/perfetto/protos/perfetto/trace/minimal_zero/trace_uuid.pbzero.o
[560/1840] 2m35.31s S CXX obj/third_party/perfetto/protos/perfetto/trace/minimal_zero/clock_snapshot.pbzero.o
[560/1840] 2m35.31s S CXX obj/third_party/perfetto/protos/perfetto/trace/minimal_zero/trigger.pbzero.o
[560/1840] 2m35.40s F ACTION //third_party/perfetto/protos/perfetto/trace/etw:zero_gen(//build/toolchain/android:android_clang_arm)
[561/1838] 2m35.40s S CXX obj/third_party/perfetto/protos/perfetto/trace/etw/zero/etw_event.pbzero.o
[561/1838] 2m35.40s S CXX obj/third_party/perfetto/protos/perfetto/trace/etw/zero/etw.pbzero.o
[561/1838] 2m35.40s S CXX obj/third_party/perfetto/protos/perfetto/trace/etw/zero/etw_event_bundle.pbzero.o
[561/1838] 2m35.42s F ACTION //third_party/perfetto/protos/perfetto/trace/interned_data:zero_gen(//build/toolchain/android:android_clang_arm)
[562/1836] 2m35.42s S CXX obj/third_party/perfetto/protos/perfetto/trace/interned_data/zero/interned_data.pbzero.o
[562/1836] 2m35.44s F ACTION //third_party/perfetto/protos/perfetto/config/sys_stats:cpp_gen(//build/toolchain/android:android_clang_arm)
[563/1834] 2m35.44s S CXX obj/third_party/perfetto/protos/perfetto/config/sys_stats/cpp/sys_stats_config.gen.o
[563/1834] 2m35.65s F CXX obj/third_party/perfetto/protos/perfetto/config/system_info/cpp/system_info_config.gen.o
[564/1834] 2m35.66s S AR obj/third_party/perfetto/protos/perfetto/config/system_info/libcpp.a
[564/1834] 2m35.68s F CXX obj/third_party/perfetto/protos/perfetto/config/gpu/zero/gpu_renderstages_config.pbzero.o
[565/1834] 2m35.71s F ACTION //third_party/perfetto/protos/perfetto/config/profiling:cpp_gen(//build/toolchain/android:android_clang_arm)
[566/1832] 2m35.71s S CXX obj/third_party/perfetto/protos/perfetto/config/profiling/cpp/java_hprof_config.gen.o
[566/1832] 2m35.71s S CXX obj/third_party/perfetto/protos/perfetto/config/profiling/cpp/heapprofd_config.gen.o
[566/1832] 2m35.71s S CXX obj/third_party/perfetto/protos/perfetto/config/profiling/cpp/smaps_config.gen.o
[566/1832] 2m35.71s S CXX obj/third_party/perfetto/protos/perfetto/config/profiling/cpp/perf_event_config.gen.o
[566/1832] 2m35.72s F CXX obj/third_party/perfetto/protos/perfetto/config/ftrace/zero/ftrace_config.pbzero.o
[567/1832] 2m35.76s F ACTION //third_party/perfetto/protos/perfetto/config/qnx:cpp_gen(//build/toolchain/android:android_clang_arm)
[568/1830] 2m35.76s S CXX obj/third_party/perfetto/protos/perfetto/config/qnx/cpp/qnx_config.gen.o
[568/1830] 2m35.83s F ACTION //third_party/perfetto/protos/perfetto/config/android:cpp_gen(//build/toolchain/android:android_clang_arm)
[569/1828] 2m35.83s S CXX obj/third_party/perfetto/protos/perfetto/config/android/cpp/user_list_config.gen.o
[569/1828] 2m35.83s S CXX obj/third_party/perfetto/protos/perfetto/config/android/cpp/surfaceflinger_layers_config.gen.o
[569/1828] 2m35.83s S CXX obj/third_party/perfetto/protos/perfetto/config/android/cpp/inputmethod_config.gen.o
[569/1828] 2m35.83s S CXX obj/third_party/perfetto/protos/perfetto/config/android/cpp/android_game_intervention_list_config.gen.o
[569/1828] 2m35.83s S CXX obj/third_party/perfetto/protos/perfetto/config/android/cpp/windowmanager_config.gen.o
[569/1828] 2m35.83s S CXX obj/third_party/perfetto/protos/perfetto/config/android/cpp/network_trace_config.gen.o
[569/1828] 2m35.83s S CXX obj/third_party/perfetto/protos/perfetto/config/android/cpp/android_sdk_sysprop_guard_config.gen.o
[569/1828] 2m35.83s S CXX obj/third_party/perfetto/protos/perfetto/config/android/cpp/kernel_wakelocks_config.gen.o
[569/1828] 2m35.83s S CXX obj/third_party/perfetto/protos/perfetto/config/android/cpp/cpu_per_uid_config.gen.o
[569/1828] 2m35.83s S CXX obj/third_party/perfetto/protos/perfetto/config/android/cpp/android_aflags_config.gen.o
[569/1828] 2m35.83s S CXX obj/third_party/perfetto/protos/perfetto/config/android/cpp/app_wakelock_config.gen.o
[569/1828] 2m35.83s S CXX obj/third_party/perfetto/protos/perfetto/config/android/cpp/android_system_property_config.gen.o
[569/1828] 2m35.84s F ACTION //third_party/perfetto/protos/perfetto/config/interceptors:cpp_gen(//build/toolchain/android:android_clang_arm)
[570/1826] 2m35.84s S CXX obj/third_party/perfetto/protos/perfetto/config/interceptors/cpp/console_config.gen.o
[570/1826] 2m35.84s S CXX obj/third_party/perfetto/protos/perfetto/config/android/cpp/protolog_config.gen.o
[570/1826] 2m35.84s S CXX obj/third_party/perfetto/protos/perfetto/config/android/cpp/pixel_modem_config.gen.o
[570/1826] 2m35.84s S CXX obj/third_party/perfetto/protos/perfetto/config/android/cpp/display_video_config.gen.o
[570/1826] 2m35.84s S CXX obj/third_party/perfetto/protos/perfetto/config/android/cpp/android_log_config.gen.o
[570/1826] 2m35.84s S CXX obj/third_party/perfetto/protos/perfetto/config/android/cpp/android_polled_state_config.gen.o
[570/1826] 2m35.84s S CXX obj/third_party/perfetto/protos/perfetto/config/android/cpp/android_input_event_config.gen.o
[570/1826] 2m35.84s S CXX obj/third_party/perfetto/protos/perfetto/config/android/cpp/surfaceflinger_transactions_config.gen.o
[570/1826] 2m35.84s S CXX obj/third_party/perfetto/protos/perfetto/config/android/cpp/packages_list_config.gen.o
[570/1826] 2m35.96s F CXX obj/third_party/perfetto/protos/perfetto/config/priority_boost/cpp/priority_boost_config.gen.o
[571/1826] 2m35.96s S AR obj/third_party/perfetto/protos/perfetto/config/priority_boost/libcpp.a
[571/1826] 2m35.98s F CXX obj/third_party/perfetto/protos/perfetto/config/gpu/cpp/vulkan_memory_config.gen.o
[572/1826] 2m36.04s F CXX obj/third_party/perfetto/protos/perfetto/config/gpu/cpp/gpu_renderstages_config.gen.o
[573/1826] 2m36.19s F ACTION //third_party/perfetto/protos/perfetto/trace:non_minimal_zero_gen(//build/toolchain/android:android_clang_arm)
[574/1824] 2m36.19s S CXX obj/third_party/perfetto/protos/perfetto/trace/non_minimal_zero/trace_packet_defaults.pbzero.o
[574/1824] 2m36.19s S CXX obj/third_party/perfetto/protos/perfetto/trace/non_minimal_zero/ui_state.pbzero.o
[574/1824] 2m36.19s S CXX obj/third_party/perfetto/protos/perfetto/trace/non_minimal_zero/trace.pbzero.o
[574/1824] 2m36.19s S CXX obj/third_party/perfetto/protos/perfetto/trace/non_minimal_zero/memory_graph.pbzero.o
[574/1824] 2m36.19s S CXX obj/third_party/perfetto/protos/perfetto/trace/non_minimal_zero/remote_clock_sync.pbzero.o
[574/1824] 2m36.19s S CXX obj/third_party/perfetto/protos/perfetto/trace/non_minimal_zero/test_extensions.pbzero.o
[574/1824] 2m36.19s S CXX obj/third_party/perfetto/protos/perfetto/trace/non_minimal_zero/trace_packet.pbzero.o
[574/1824] 2m36.19s S CXX obj/third_party/perfetto/protos/perfetto/trace/non_minimal_zero/test_event.pbzero.o
[574/1824] 2m36.19s S CXX obj/third_party/perfetto/protos/perfetto/trace/non_minimal_zero/extension_descriptor.pbzero.o
[574/1824] 2m36.56s F CXX obj/third_party/perfetto/protos/perfetto/config/sys_stats/cpp/sys_stats_config.gen.o
[575/1824] 2m36.56s S AR obj/third_party/perfetto/protos/perfetto/config/sys_stats/libcpp.a
[575/1824] 2m36.63s F CXX obj/third_party/perfetto/protos/perfetto/config/track_event/cpp/track_event_config.gen.o
[576/1824] 2m36.63s S AR obj/third_party/perfetto/protos/perfetto/config/track_event/libcpp.a
[576/1824] 2m36.81s F CXX obj/third_party/perfetto/protos/perfetto/config/profiling/cpp/java_hprof_config.gen.o
[577/1824] 2m36.82s F CXX obj/third_party/perfetto/protos/perfetto/config/profiling/cpp/heapprofd_config.gen.o
[578/1824] 2m37.15s F CXX obj/third_party/perfetto/protos/perfetto/config/android/cpp/packages_list_config.gen.o
[579/1824] 2m37.33s S AR obj/third_party/perfetto/protos/perfetto/config/qnx/libcpp.a
[579/1824] 2m37.33s F CXX obj/third_party/perfetto/protos/perfetto/config/qnx/cpp/qnx_config.gen.o
[580/1824] 2m37.34s F CXX obj/third_party/perfetto/protos/perfetto/config/profiling/cpp/smaps_config.gen.o
[581/1824] 2m37.75s F CXX obj/third_party/perfetto/protos/perfetto/config/android/cpp/user_list_config.gen.o
[582/1824] 2m37.78s F CXX obj/third_party/perfetto/protos/perfetto/config/profiling/cpp/perf_event_config.gen.o
[582/1824] 2m37.78s S AR obj/third_party/perfetto/protos/perfetto/config/profiling/libcpp.a
[583/1824] 2m37.84s F CXX obj/third_party/perfetto/protos/perfetto/config/android/cpp/inputmethod_config.gen.o
[584/1824] 2m37.92s F CXX obj/third_party/perfetto/protos/perfetto/config/android/cpp/surfaceflinger_layers_config.gen.o
[585/1824] 2m38.28s F CXX obj/third_party/perfetto/protos/perfetto/config/android/cpp/windowmanager_config.gen.o
[586/1824] 2m38.34s F CXX obj/third_party/perfetto/protos/perfetto/config/android/cpp/android_game_intervention_list_config.gen.o
[587/1824] 2m38.36s F CXX obj/third_party/perfetto/protos/perfetto/config/android/cpp/network_trace_config.gen.o
[588/1824] 2m38.51s F CXX obj/third_party/perfetto/protos/perfetto/config/android/cpp/android_sdk_sysprop_guard_config.gen.o
[589/1824] 2m38.78s F CXX obj/third_party/perfetto/protos/perfetto/config/android/cpp/kernel_wakelocks_config.gen.o
[590/1824] 2m38.85s F CXX obj/third_party/perfetto/protos/perfetto/config/android/cpp/cpu_per_uid_config.gen.o
[591/1824] 2m38.85s F CXX obj/third_party/perfetto/protos/perfetto/config/android/cpp/android_aflags_config.gen.o
[592/1824] 2m39.01s F CXX obj/third_party/perfetto/protos/perfetto/config/android/cpp/app_wakelock_config.gen.o
[593/1824] 2m39.37s F CXX obj/third_party/perfetto/protos/perfetto/config/android/cpp/android_system_property_config.gen.o
[594/1824] 2m39.44s F CXX obj/third_party/perfetto/protos/perfetto/config/android/cpp/pixel_modem_config.gen.o
[595/1824] 2m39.47s F CXX obj/third_party/perfetto/protos/perfetto/config/android/cpp/protolog_config.gen.o
[596/1824] 2m39.53s F CXX obj/third_party/perfetto/protos/perfetto/config/android/cpp/display_video_config.gen.o
[597/1824] 2m39.94s F CXX obj/third_party/perfetto/protos/perfetto/config/android/cpp/android_polled_state_config.gen.o
[598/1824] 2m40.03s F CXX obj/third_party/perfetto/protos/perfetto/config/android/cpp/surfaceflinger_transactions_config.gen.o
[599/1824] 2m40.04s F CXX obj/third_party/perfetto/protos/perfetto/config/ftrace/zero/frozen_ftrace_config.pbzero.o
[600/1824] 2m40.04s S AR obj/third_party/perfetto/protos/perfetto/config/ftrace/libzero.a
[600/1824] 2m40.05s F CXX obj/third_party/perfetto/protos/perfetto/config/android/cpp/android_log_config.gen.o
[601/1824] 2m40.06s F CXX obj/third_party/perfetto/protos/perfetto/config/linux/zero/journald_config.pbzero.o
[601/1824] 2m40.06s S AR obj/third_party/perfetto/protos/perfetto/config/linux/libzero.a
[602/1824] 2m40.07s F CXX obj/third_party/perfetto/protos/perfetto/config/qnx/zero/qnx_config.pbzero.o
[603/1824] 2m40.08s S AR obj/third_party/perfetto/protos/perfetto/config/priority_boost/libzero.a
[603/1824] 2m40.08s F CXX obj/third_party/perfetto/protos/perfetto/config/priority_boost/zero/priority_boost_config.pbzero.o
[604/1824] 2m40.10s S AR obj/third_party/perfetto/protos/perfetto/config/inode_file/libzero.a
[604/1824] 2m40.10s F CXX obj/third_party/perfetto/protos/perfetto/config/inode_file/zero/inode_file_config.pbzero.o
[605/1824] 2m40.11s F CXX obj/third_party/perfetto/protos/perfetto/config/statsd/zero/statsd_tracing_config.pbzero.o
[606/1824] 2m40.12s F CXX obj/third_party/perfetto/protos/perfetto/config/interceptors/zero/console_config.pbzero.o
[607/1824] 2m40.13s F CXX obj/third_party/perfetto/protos/perfetto/config/android/zero/android_polled_state_config.pbzero.o
[608/1824] 2m40.14s F CXX obj/third_party/perfetto/protos/perfetto/config/statsd/zero/atom_ids.pbzero.o
[608/1824] 2m40.14s S AR obj/third_party/perfetto/protos/perfetto/config/statsd/libzero.a
[609/1824] 2m40.15s F CXX obj/third_party/perfetto/protos/perfetto/config/android/zero/android_game_intervention_list_config.pbzero.o
[610/1824] 2m40.16s F CXX obj/third_party/perfetto/protos/perfetto/config/android/zero/android_aflags_config.pbzero.o
[611/1824] 2m40.17s F CXX obj/third_party/perfetto/protos/perfetto/config/process_stats/zero/process_stats_config.pbzero.o
[612/1824] 2m40.17s S AR obj/third_party/perfetto/protos/perfetto/config/process_stats/libzero.a
[612/1824] 2m40.18s F CXX obj/third_party/perfetto/protos/perfetto/config/android/cpp/android_input_event_config.gen.o
[613/1824] 2m40.18s S AR obj/third_party/perfetto/protos/perfetto/config/android/libcpp.a
[613/1824] 2m40.19s F CXX obj/third_party/perfetto/protos/perfetto/trace/profiling/inline_callstack_zero/inline_callstack.pbzero.o
[614/1824] 2m40.19s S AR obj/third_party/perfetto/protos/perfetto/trace/profiling/libinline_callstack_zero.a
[614/1824] 2m40.19s F CXX obj/third_party/perfetto/protos/perfetto/config/android/zero/android_log_config.pbzero.o
[615/1824] 2m40.20s F CXX obj/third_party/perfetto/protos/perfetto/config/power/zero/android_power_config.pbzero.o
[616/1824] 2m40.20s S AR obj/third_party/perfetto/protos/perfetto/config/power/libzero.a
[616/1824] 2m40.21s F CXX obj/third_party/perfetto/protos/perfetto/config/profiling/zero/java_hprof_config.pbzero.o
[617/1824] 2m40.21s F CXX obj/third_party/perfetto/protos/perfetto/config/profiling/zero/smaps_config.pbzero.o
[618/1824] 2m40.22s F CXX obj/third_party/perfetto/protos/perfetto/config/profiling/zero/heapprofd_config.pbzero.o
[619/1824] 2m40.22s S AR obj/third_party/perfetto/protos/perfetto/common/libsemantic_type_zero.a
[619/1824] 2m40.23s F CXX obj/third_party/perfetto/protos/perfetto/common/semantic_type_zero/semantic_type.pbzero.o
[620/1824] 2m40.23s F CXX obj/third_party/perfetto/protos/perfetto/config/protovm/zero/protovm_config.pbzero.o
[621/1824] 2m40.23s S AR obj/third_party/perfetto/protos/perfetto/config/protovm/libzero.a
[621/1824] 2m40.24s F CXX obj/third_party/perfetto/protos/perfetto/config/android/zero/user_list_config.pbzero.o
[621/1824] 2m40.24s F CXX obj/third_party/perfetto/protos/perfetto/config/profiling/zero/perf_event_config.pbzero.o
[623/1824] 2m40.25s F CXX obj/third_party/perfetto/protos/perfetto/config/android/zero/surfaceflinger_transactions_config.pbzero.o
[623/1824] 2m40.25s F CXX obj/third_party/perfetto/protos/perfetto/config/gpu/zero/gpu_counter_config.pbzero.o
[625/1824] 2m40.25s S AR obj/third_party/perfetto/protos/perfetto/config/gpu/libzero.a
[625/1824] 2m40.26s F CXX obj/third_party/perfetto/protos/perfetto/config/android/zero/surfaceflinger_layers_config.pbzero.o
[626/1824] 2m40.26s F CXX obj/third_party/perfetto/protos/perfetto/config/android/zero/protolog_config.pbzero.o
[627/1824] 2m40.27s F CXX obj/third_party/perfetto/protos/perfetto/config/android/zero/pixel_modem_config.pbzero.o
[628/1824] 2m40.27s F CXX obj/third_party/perfetto/protos/perfetto/config/android/zero/packages_list_config.pbzero.o
[629/1824] 2m40.28s F AR obj/third_party/perfetto/protos/perfetto/common/libzero.a
[629/1824] 2m40.28s S AR obj/third_party/perfetto/protos/perfetto/config/profiling/libzero.a
[629/1824] 2m40.28s S AR obj/third_party/perfetto/protos/perfetto/config/interceptors/libzero.a
[630/1824] 2m40.29s S AR obj/third_party/perfetto/protos/perfetto/config/qnx/libzero.a
[630/1824] 2m40.29s F CXX obj/third_party/perfetto/protos/perfetto/config/system_info/zero/system_info_config.pbzero.o
[631/1824] 2m40.29s S AR obj/third_party/perfetto/protos/perfetto/config/system_info/libzero.a
[631/1824] 2m40.29s F CXX obj/third_party/perfetto/protos/perfetto/config/sys_stats/zero/sys_stats_config.pbzero.o
[632/1824] 2m40.29s S AR obj/third_party/perfetto/protos/perfetto/config/sys_stats/libzero.a
[632/1824] 2m40.30s F CXX obj/third_party/perfetto/protos/perfetto/config/android/zero/android_system_property_config.pbzero.o
[633/1824] 2m40.30s F CXX obj/third_party/perfetto/protos/perfetto/config/android/zero/display_video_config.pbzero.o
[634/1824] 2m40.31s F CXX obj/third_party/perfetto/protos/perfetto/config/android/zero/cpu_per_uid_config.pbzero.o
[635/1824] 2m40.32s F CXX obj/third_party/perfetto/protos/perfetto/config/android/zero/windowmanager_config.pbzero.o
[636/1824] 2m40.33s F CXX obj/third_party/perfetto/protos/perfetto/config/android/zero/app_wakelock_config.pbzero.o
[637/1824] 2m40.33s F CXX obj/third_party/perfetto/protos/perfetto/config/android/zero/android_sdk_sysprop_guard_config.pbzero.o
[638/1824] 2m40.34s F CXX obj/third_party/perfetto/protos/perfetto/config/android/zero/android_input_event_config.pbzero.o
[639/1824] 2m40.34s F CXX obj/third_party/perfetto/protos/perfetto/config/android/zero/kernel_wakelocks_config.pbzero.o
[640/1824] 2m40.35s F CXX obj/third_party/perfetto/protos/perfetto/config/android/zero/inputmethod_config.pbzero.o
[641/1824] 2m40.35s F CXX obj/third_party/perfetto/protos/perfetto/config/android/zero/network_trace_config.pbzero.o
[642/1824] 2m40.35s S AR obj/third_party/perfetto/protos/perfetto/config/android/libzero.a
[642/1824] 2m40.36s F AR obj/third_party/perfetto/protos/perfetto/config/linux/libcpp.a
[643/1824] 2m40.36s F AR obj/third_party/perfetto/protos/perfetto/config/system_info/libcpp.a
[644/1824] 2m40.37s F AR obj/third_party/perfetto/protos/perfetto/config/ftrace/libzero.a
[645/1824] 2m40.37s F AR obj/third_party/perfetto/protos/perfetto/config/linux/libzero.a
[646/1824] 2m40.37s F AR obj/third_party/perfetto/protos/perfetto/config/profiling/libzero.a
[647/1824] 2m40.38s F AR obj/third_party/perfetto/protos/perfetto/config/system_info/libzero.a
[648/1824] 2m40.38s F AR obj/third_party/perfetto/protos/perfetto/config/qnx/libzero.a
[649/1824] 2m40.39s F AR obj/third_party/perfetto/protos/perfetto/config/android/libzero.a
[650/1824] 2m40.39s F AR obj/third_party/perfetto/protos/perfetto/config/interceptors/libzero.a
[651/1824] 2m40.40s F AR obj/third_party/perfetto/protos/perfetto/config/process_stats/libzero.a
[652/1824] 2m40.40s F AR obj/third_party/perfetto/protos/perfetto/common/libsemantic_type_zero.a
[653/1824] 2m40.41s F AR obj/third_party/perfetto/protos/perfetto/config/protovm/libzero.a
[654/1824] 2m40.41s F AR obj/third_party/perfetto/protos/perfetto/config/gpu/libzero.a
[655/1824] 2m40.42s F AR obj/third_party/perfetto/protos/perfetto/config/android/libcpp.a
[656/1824] 2m40.42s F AR obj/third_party/perfetto/protos/perfetto/trace/profiling/libinline_callstack_zero.a
[657/1824] 2m40.43s F AR obj/third_party/perfetto/protos/perfetto/config/priority_boost/libzero.a
[658/1824] 2m40.43s F AR obj/third_party/perfetto/protos/perfetto/config/statsd/libzero.a
[659/1824] 2m40.43s F CXX obj/third_party/perfetto/protos/perfetto/config/interceptors/cpp/console_config.gen.o
[660/1824] 2m40.43s S AR obj/third_party/perfetto/protos/perfetto/config/interceptors/libcpp.a
[660/1824] 2m40.44s F AR obj/third_party/perfetto/protos/perfetto/config/inode_file/libzero.a
[661/1824] 2m40.44s F AR obj/third_party/perfetto/protos/perfetto/config/priority_boost/libcpp.a
[662/1824] 2m40.44s F AR obj/third_party/perfetto/protos/perfetto/config/profiling/libcpp.a
[663/1824] 2m40.44s F AR obj/third_party/perfetto/protos/perfetto/config/track_event/libcpp.a
[664/1824] 2m40.44s F AR obj/third_party/perfetto/protos/perfetto/config/sys_stats/libcpp.a
[665/1824] 2m40.45s F AR obj/third_party/perfetto/protos/perfetto/config/qnx/libcpp.a
[665/1824] 2m40.45s F AR obj/third_party/perfetto/protos/perfetto/config/interceptors/libcpp.a
[667/1824] 2m40.45s F AR obj/third_party/perfetto/protos/perfetto/config/process_stats/libcpp.a
[668/1824] 2m40.45s F AR obj/third_party/perfetto/protos/perfetto/config/statsd/libcpp.a
[669/1824] 2m40.45s F AR obj/third_party/perfetto/protos/perfetto/config/inode_file/libcpp.a
[670/1824] 2m40.46s F AR obj/third_party/perfetto/protos/perfetto/config/protovm/libcpp.a
[671/1824] 2m40.46s F AR obj/third_party/perfetto/protos/perfetto/config/power/libcpp.a
[672/1824] 2m40.46s F AR obj/third_party/perfetto/protos/perfetto/config/power/libzero.a
[673/1824] 2m40.46s F AR obj/third_party/perfetto/protos/perfetto/config/track_event/libzero.a
[674/1824] 2m40.47s F CXX obj/third_party/perfetto/protos/perfetto/trace/track_event/zero/chrome_application_state_info.pbzero.o
[675/1824] 2m40.47s F CXX obj/third_party/perfetto/protos/perfetto/trace/track_event/zero/chrome_active_processes.pbzero.o
[676/1824] 2m40.48s F CXX obj/third_party/perfetto/protos/perfetto/trace/track_event/zero/chrome_user_event.pbzero.o
[677/1824] 2m40.48s F CXX obj/third_party/perfetto/protos/perfetto/trace/track_event/zero/track_descriptor.pbzero.o
[678/1824] 2m40.49s F CXX obj/third_party/perfetto/protos/perfetto/trace/track_event/zero/thread_descriptor.pbzero.o
[679/1824] 2m40.50s F CXX obj/third_party/perfetto/protos/perfetto/trace/track_event/zero/task_execution.pbzero.o
[680/1824] 2m40.51s F CXX obj/third_party/perfetto/protos/perfetto/trace/track_event/zero/state_descriptor.pbzero.o
[681/1824] 2m40.51s F AR obj/third_party/perfetto/protos/perfetto/config/sys_stats/libzero.a
[682/1824] 2m40.51s F CXX obj/third_party/perfetto/protos/perfetto/trace/track_event/zero/debug_annotation.pbzero.o
[683/1824] 2m40.52s F CXX obj/third_party/perfetto/protos/perfetto/trace/track_event/zero/counter_descriptor.pbzero.o
[684/1824] 2m40.52s F CXX obj/third_party/perfetto/protos/perfetto/trace/track_event/zero/chrome_window_handle_event_info.pbzero.o
[685/1824] 2m40.53s F CXX obj/third_party/perfetto/protos/perfetto/trace/track_event/zero/chrome_legacy_ipc.pbzero.o
[686/1824] 2m40.53s F CXX obj/third_party/perfetto/protos/perfetto/trace/track_event/zero/process_descriptor.pbzero.o
[687/1824] 2m40.54s F CXX obj/third_party/perfetto/protos/perfetto/trace/track_event/zero/track_event.pbzero.o
[687/1824] 2m40.54s F CXX obj/third_party/perfetto/protos/perfetto/trace/track_event/zero/chrome_thread_descriptor.pbzero.o
[689/1824] 2m40.55s F CXX obj/third_party/perfetto/protos/perfetto/trace/track_event/zero/chrome_latency_info.pbzero.o
[690/1824] 2m40.56s F CXX obj/third_party/perfetto/protos/perfetto/trace/track_event/zero/chrome_renderer_scheduler_state.pbzero.o
[691/1824] 2m40.56s S AR obj/third_party/perfetto/protos/perfetto/config/ftrace/libcpp.a
[691/1824] 2m40.56s F CXX obj/third_party/perfetto/protos/perfetto/config/ftrace/cpp/frozen_ftrace_config.gen.o
[692/1824] 2m40.57s F CXX obj/third_party/perfetto/protos/perfetto/trace/track_event/zero/chrome_process_descriptor.pbzero.o
[693/1824] 2m40.57s F CXX obj/third_party/perfetto/protos/perfetto/trace/track_event/zero/chrome_keyed_service.pbzero.o
[694/1824] 2m40.57s F CXX obj/third_party/perfetto/protos/perfetto/trace/track_event/zero/chrome_histogram_sample.pbzero.o
[695/1824] 2m40.58s F CXX obj/third_party/perfetto/protos/perfetto/trace/track_event/zero/chrome_frame_reporter.pbzero.o
[696/1824] 2m40.58s F CXX obj/third_party/perfetto/protos/perfetto/trace/track_event/zero/source_location.pbzero.o
[697/1824] 2m40.58s F CXX obj/third_party/perfetto/protos/perfetto/trace/track_event/zero/log_message.pbzero.o
[698/1824] 2m40.59s F CXX obj/third_party/perfetto/protos/perfetto/trace/track_event/zero/chrome_compositor_scheduler_state.pbzero.o
[699/1824] 2m40.59s F CXX obj/third_party/perfetto/protos/perfetto/trace/track_event/zero/chrome_message_pump.pbzero.o
[700/1824] 2m40.59s F CXX obj/third_party/perfetto/protos/perfetto/trace/track_event/zero/range_of_interest.pbzero.o
[701/1824] 2m40.60s F CXX obj/third_party/perfetto/protos/perfetto/trace/track_event/zero/screenshot.pbzero.o
[702/1824] 2m40.60s F CXX obj/third_party/perfetto/protos/perfetto/trace/track_event/zero/chrome_mojo_event_info.pbzero.o
[703/1824] 2m40.60s F CXX obj/third_party/perfetto/protos/perfetto/trace/track_event/zero/chrome_content_settings_event_info.pbzero.o
[704/1824] 2m40.60s S AR obj/third_party/perfetto/protos/perfetto/trace/track_event/libzero.a
[704/1824] 2m40.61s F CXX obj/third_party/perfetto/protos/perfetto/config/zero/interceptor_config.pbzero.o
[705/1824] 2m40.61s F CXX obj/third_party/perfetto/protos/perfetto/config/zero/test_config.pbzero.o
[706/1824] 2m40.61s F CXX obj/third_party/perfetto/protos/perfetto/config/zero/trace_config.pbzero.o
[707/1824] 2m40.62s F CXX obj/third_party/perfetto/protos/perfetto/config/zero/chrome_config.pbzero.o
[708/1824] 2m40.62s F CXX obj/third_party/perfetto/protos/perfetto/config/zero/stress_test_config.pbzero.o
[709/1824] 2m40.63s F CXX obj/third_party/perfetto/protos/perfetto/config/zero/v8_config.pbzero.o
[710/1824] 2m40.63s F CXX obj/third_party/perfetto/protos/perfetto/config/zero/etw_config.pbzero.o
[711/1824] 2m40.63s F CXX obj/third_party/perfetto/protos/perfetto/config/zero/data_source_config.pbzero.o
[712/1824] 2m40.64s F CXX obj/third_party/perfetto/protos/perfetto/config/zero/system_metrics.pbzero.o
[713/1824] 2m40.64s F CXX obj/third_party/perfetto/protos/perfetto/config/zero/histogram_samples.pbzero.o
[714/1824] 2m40.64s F CXX obj/third_party/perfetto/protos/perfetto/config/zero/scenario_config.pbzero.o
[715/1824] 2m40.65s S AR obj/third_party/perfetto/protos/perfetto/config/libzero.a
[715/1824] 2m40.65s F CXX obj/third_party/perfetto/protos/perfetto/trace/android/zero/android_game_intervention_list.pbzero.o
[716/1824] 2m40.66s F CXX obj/third_party/perfetto/protos/perfetto/trace/android/zero/android_aflags.pbzero.o
[717/1824] 2m40.66s F CXX obj/third_party/perfetto/protos/perfetto/trace/android/zero/user_list.pbzero.o
[718/1824] 2m40.66s F CXX obj/third_party/perfetto/protos/perfetto/trace/android/zero/kernel_wakelock_data.pbzero.o
[719/1824] 2m40.67s F CXX obj/third_party/perfetto/protos/perfetto/trace/android/zero/packages_list.pbzero.o
[720/1824] 2m40.67s F CXX obj/third_party/perfetto/protos/perfetto/trace/android/zero/initial_display_state.pbzero.o
[721/1824] 2m40.67s F CXX obj/third_party/perfetto/protos/perfetto/trace/android/zero/android_system_property.pbzero.o
[722/1824] 2m40.68s F CXX obj/third_party/perfetto/protos/perfetto/trace/android/zero/android_log.pbzero.o
[723/1824] 2m40.68s F CXX obj/third_party/perfetto/protos/perfetto/trace/android/zero/graphics_frame_event.pbzero.o
[724/1824] 2m40.69s F CXX obj/third_party/perfetto/protos/perfetto/trace/android/zero/cpu_per_uid_data.pbzero.o
[725/1824] 2m40.69s F CXX obj/third_party/perfetto/protos/perfetto/trace/android/zero/pixel_modem_events.pbzero.o
[726/1824] 2m40.69s S AR obj/third_party/perfetto/protos/perfetto/trace/android/libzero.a
[726/1824] 2m40.69s F CXX obj/third_party/perfetto/protos/perfetto/trace/gpu/zero/vulkan_api_event.pbzero.o
[727/1824] 2m40.70s F CXX obj/third_party/perfetto/protos/perfetto/trace/gpu/zero/gpu_mem_event.pbzero.o
[728/1824] 2m40.70s F CXX obj/third_party/perfetto/protos/perfetto/trace/gpu/zero/gpu_counter_event.pbzero.o
[729/1824] 2m40.70s F CXX obj/third_party/perfetto/protos/perfetto/trace/gpu/zero/gpu_render_stage_event.pbzero.o
[730/1824] 2m40.71s F CXX obj/third_party/perfetto/protos/perfetto/trace/gpu/zero/vulkan_memory_event.pbzero.o
[731/1824] 2m40.71s F CXX obj/third_party/perfetto/protos/perfetto/trace/chrome/zero/chrome_metadata.pbzero.o
[732/1824] 2m40.71s F CXX obj/third_party/perfetto/protos/perfetto/trace/gpu/zero/gpu_log.pbzero.o
[733/1824] 2m40.71s S AR obj/third_party/perfetto/protos/perfetto/trace/gpu/libzero.a
[733/1824] 2m40.72s F CXX obj/third_party/perfetto/protos/perfetto/trace/chrome/zero/chrome_benchmark_metadata.pbzero.o
[734/1824] 2m40.72s F CXX obj/third_party/perfetto/protos/perfetto/trace/chrome/zero/chrome_trace_event.pbzero.o
[735/1824] 2m40.73s F CXX obj/third_party/perfetto/protos/perfetto/trace/chrome/zero/chrome_trigger.pbzero.o
[736/1824] 2m40.73s F CXX obj/third_party/perfetto/protos/perfetto/trace/chrome/zero/v8.pbzero.o
[737/1824] 2m40.73s S AR obj/third_party/perfetto/protos/perfetto/trace/chrome/libzero.a
[737/1824] 2m40.74s F CXX obj/third_party/perfetto/protos/perfetto/trace/profiling/zero/art_process_metadata.pbzero.o
[738/1824] 2m40.74s F CXX obj/third_party/perfetto/protos/perfetto/trace/profiling/zero/stack_sample.pbzero.o
[739/1824] 2m40.74s F CXX obj/third_party/perfetto/protos/perfetto/trace/profiling/zero/profile_packet.pbzero.o
[740/1824] 2m40.74s F AR obj/third_party/perfetto/protos/perfetto/common/libsemantic_type_cpp.a
[741/1824] 2m40.75s F CXX obj/third_party/perfetto/protos/perfetto/trace/profiling/zero/smaps.pbzero.o
[742/1824] 2m40.75s F CXX obj/third_party/perfetto/protos/perfetto/trace/profiling/zero/profile_common.pbzero.o
[743/1824] 2m40.75s F AR obj/third_party/perfetto/protos/perfetto/config/ftrace/libcpp.a
[744/1824] 2m40.76s F CXX obj/third_party/perfetto/protos/perfetto/trace/profiling/zero/deobfuscation.pbzero.o
[745/1824] 2m40.76s S AR obj/third_party/perfetto/protos/perfetto/trace/profiling/libzero.a
[745/1824] 2m40.76s F CXX obj/third_party/perfetto/protos/perfetto/trace/ftrace/zero/lwis.pbzero.o
[746/1824] 2m40.76s F CXX obj/third_party/perfetto/protos/perfetto/trace/ftrace/zero/printk.pbzero.o
[747/1824] 2m40.77s F CXX obj/third_party/perfetto/protos/perfetto/trace/ftrace/zero/oom.pbzero.o
[748/1824] 2m40.77s F CXX obj/third_party/perfetto/protos/perfetto/trace/ftrace/zero/block.pbzero.o
[749/1824] 2m40.77s F CXX obj/third_party/perfetto/protos/perfetto/trace/ftrace/zero/binder.pbzero.o
[750/1824] 2m40.78s F CXX obj/third_party/perfetto/protos/perfetto/trace/ftrace/zero/mdss.pbzero.o
[751/1824] 2m40.78s F CXX obj/third_party/perfetto/protos/perfetto/trace/ftrace/zero/bcl_exynos.pbzero.o
[752/1824] 2m40.79s F CXX obj/third_party/perfetto/protos/perfetto/trace/ftrace/zero/mali.pbzero.o
[753/1824] 2m40.79s F CXX obj/third_party/perfetto/protos/perfetto/trace/ftrace/zero/mm_event.pbzero.o
[754/1824] 2m40.80s F CXX obj/third_party/perfetto/protos/perfetto/trace/ftrace/zero/android_fs.pbzero.o
[755/1824] 2m40.80s F CXX obj/third_party/perfetto/protos/perfetto/trace/ftrace/zero/lowmemorykiller.pbzero.o
[756/1824] 2m40.81s F CXX obj/third_party/perfetto/protos/perfetto/trace/ftrace/zero/generic.pbzero.o
[757/1824] 2m40.81s F CXX obj/third_party/perfetto/protos/perfetto/trace/ftrace/zero/cgroup.pbzero.o
[758/1824] 2m40.81s F CXX obj/third_party/perfetto/protos/perfetto/trace/ftrace/zero/ftrace_stats.pbzero.o
[759/1824] 2m40.82s F CXX obj/third_party/perfetto/protos/perfetto/trace/ftrace/zero/trusty.pbzero.o
[759/1824] 2m40.82s F CXX obj/third_party/perfetto/protos/perfetto/trace/ftrace/zero/timer.pbzero.o
[761/1824] 2m40.82s F CXX obj/third_party/perfetto/protos/perfetto/trace/ftrace/zero/thermal_exynos.pbzero.o
[762/1824] 2m40.83s F CXX obj/third_party/perfetto/protos/perfetto/trace/ftrace/zero/net.pbzero.o
[763/1824] 2m40.83s F CXX obj/third_party/perfetto/protos/perfetto/trace/ftrace/zero/filemap.pbzero.o
[764/1824] 2m40.83s F CXX obj/third_party/perfetto/protos/perfetto/trace/ftrace/zero/thermal.pbzero.o
[765/1824] 2m40.84s F CXX obj/third_party/perfetto/protos/perfetto/trace/ftrace/zero/task.pbzero.o
[766/1824] 2m40.84s F CXX obj/third_party/perfetto/protos/perfetto/trace/ftrace/zero/sync.pbzero.o
[767/1824] 2m40.84s F CXX obj/third_party/perfetto/protos/perfetto/trace/ftrace/zero/systrace.pbzero.o
[768/1824] 2m40.85s F CXX obj/third_party/perfetto/protos/perfetto/trace/ftrace/zero/fence.pbzero.o
[769/1824] 2m40.85s F CXX obj/third_party/perfetto/protos/perfetto/trace/ftrace/zero/skb.pbzero.o
[770/1824] 2m40.85s F CXX obj/third_party/perfetto/protos/perfetto/trace/ftrace/zero/dma_fence.pbzero.o
[771/1824] 2m40.86s F CXX obj/third_party/perfetto/protos/perfetto/trace/ftrace/zero/sde.pbzero.o
[772/1824] 2m40.86s F CXX obj/third_party/perfetto/protos/perfetto/trace/ftrace/zero/ext4.pbzero.o
[773/1824] 2m40.86s F CXX obj/third_party/perfetto/protos/perfetto/trace/ftrace/zero/dwc3.pbzero.o
[774/1824] 2m40.87s F CXX obj/third_party/perfetto/protos/perfetto/trace/ftrace/zero/signal.pbzero.o
[775/1824] 2m40.87s F CXX obj/third_party/perfetto/protos/perfetto/trace/perfetto/zero/perfetto_metatrace.pbzero.o
[776/1824] 2m40.87s F CXX obj/third_party/perfetto/protos/perfetto/trace/ftrace/zero/drm.pbzero.o
[777/1824] 2m40.88s F CXX obj/third_party/perfetto/protos/perfetto/trace/ftrace/zero/f2fs.pbzero.o
[778/1824] 2m40.88s F CXX obj/third_party/perfetto/protos/perfetto/trace/ftrace/zero/sock.pbzero.o
[779/1824] 2m40.88s F CXX obj/third_party/perfetto/protos/perfetto/trace/etw/zero/etw.pbzero.o
[780/1824] 2m40.89s F CXX obj/third_party/perfetto/protos/perfetto/trace/ftrace/zero/synthetic.pbzero.o
[781/1824] 2m40.89s F CXX obj/third_party/perfetto/protos/perfetto/trace/ftrace/zero/fastrpc.pbzero.o
[782/1824] 2m40.90s F CXX obj/third_party/perfetto/protos/perfetto/trace/ftrace/zero/tcp.pbzero.o
[783/1824] 2m40.90s F CXX obj/third_party/perfetto/protos/perfetto/trace/ftrace/zero/test_bundle_wrapper.pbzero.o
[784/1824] 2m40.90s F CXX obj/third_party/perfetto/protos/perfetto/trace/ftrace/zero/kvm.pbzero.o
[785/1824] 2m40.91s F CXX obj/third_party/perfetto/protos/perfetto/trace/ftrace/zero/cma.pbzero.o
[786/1824] 2m40.91s F CXX obj/third_party/perfetto/protos/perfetto/trace/etw/zero/etw_event_bundle.pbzero.o
[787/1824] 2m40.91s F CXX obj/third_party/perfetto/protos/perfetto/trace/etw/zero/etw_event.pbzero.o
[788/1824] 2m40.92s S AR obj/third_party/perfetto/protos/perfetto/trace/etw/libzero.a
[788/1824] 2m40.92s F CXX obj/third_party/perfetto/protos/perfetto/trace/ftrace/zero/clk.pbzero.o
[789/1824] 2m40.93s F CXX obj/third_party/perfetto/protos/perfetto/trace/interned_data/zero/interned_data.pbzero.o
[789/1824] 2m40.93s F CXX obj/third_party/perfetto/protos/perfetto/trace/ftrace/zero/perf_trace_counters.pbzero.o
[791/1824] 2m40.93s F CXX obj/third_party/perfetto/protos/perfetto/trace/ftrace/zero/panel.pbzero.o
[792/1824] 2m40.94s F CXX obj/third_party/perfetto/protos/perfetto/trace/minimal_zero/trace_uuid.pbzero.o
[792/1824] 2m40.94s F CXX obj/third_party/perfetto/protos/perfetto/trace/ftrace/zero/power.pbzero.o
[794/1824] 2m40.96s F CXX obj/third_party/perfetto/protos/perfetto/trace/minimal_zero/trigger.pbzero.o
[795/1824] 2m40.97s F CXX obj/third_party/perfetto/protos/perfetto/trace/perfetto/zero/trace_provenance.pbzero.o
[796/1824] 2m40.97s F CXX obj/third_party/perfetto/protos/perfetto/trace/perfetto/zero/concurrent_session_event.pbzero.o
[797/1824] 2m40.97s F CXX obj/third_party/perfetto/protos/perfetto/trace/perfetto/zero/tracing_service_event.pbzero.o
[798/1824] 2m40.97s S AR obj/third_party/perfetto/protos/perfetto/trace/perfetto/libzero.a
[798/1824] 2m40.98s F CXX obj/third_party/perfetto/protos/perfetto/trace/minimal_zero/clock_snapshot.pbzero.o
[799/1824] 2m40.98s F CXX obj/third_party/perfetto/protos/perfetto/trace/ftrace/zero/pixel_mm.pbzero.o
[800/1824] 2m40.98s F CXX obj/third_party/perfetto/protos/perfetto/trace/ftrace/zero/dmabuf_heap.pbzero.o
[801/1824] 2m40.99s F CXX obj/third_party/perfetto/protos/perfetto/trace/ftrace/zero/fs.pbzero.o
[802/1824] 2m40.99s F CXX obj/third_party/perfetto/protos/perfetto/trace/ftrace/zero/virtio_gpu.pbzero.o
[803/1824] 2m40.99s F CXX obj/third_party/perfetto/protos/perfetto/trace/ftrace/zero/vmscan.pbzero.o
[804/1824] 2m41.00s F AR obj/third_party/perfetto/protos/perfetto/trace/track_event/libzero.a
[805/1824] 2m41.00s F CXX obj/third_party/perfetto/protos/perfetto/trace/ftrace/zero/gpu_scheduler.pbzero.o
[806/1824] 2m41.00s F CXX obj/third_party/perfetto/protos/perfetto/trace/ftrace/zero/fwtp_ftrace.pbzero.o
[807/1824] 2m41.00s F AR obj/third_party/perfetto/protos/perfetto/config/libzero.a
[808/1824] 2m41.00s S AR obj/third_party/perfetto/protos/perfetto/trace/libminimal_zero.a
[808/1824] 2m41.01s F CXX obj/third_party/perfetto/protos/perfetto/trace/ftrace/zero/hyp.pbzero.o
[809/1824] 2m41.01s F CXX obj/third_party/perfetto/protos/perfetto/trace/ftrace/zero/workqueue.pbzero.o
[810/1824] 2m41.01s F AR obj/third_party/perfetto/protos/perfetto/trace/android/libzero.a
[811/1824] 2m41.02s F CXX obj/third_party/perfetto/protos/perfetto/trace/translation/zero/translation_table.pbzero.o
[812/1824] 2m41.02s S AR obj/third_party/perfetto/protos/perfetto/trace/translation/libzero.a
[812/1824] 2m41.02s F CXX obj/third_party/perfetto/protos/perfetto/trace/ftrace/zero/sched.pbzero.o
[813/1824] 2m41.02s F AR obj/third_party/perfetto/protos/perfetto/trace/chrome/libzero.a
[814/1824] 2m41.03s F CXX obj/third_party/perfetto/protos/perfetto/trace/ps/zero/process_stats.pbzero.o
[815/1824] 2m41.03s F CXX obj/third_party/perfetto/protos/perfetto/trace/power/zero/android_energy_estimation_breakdown.pbzero.o
[816/1824] 2m41.03s F AR obj/third_party/perfetto/protos/perfetto/trace/profiling/libzero.a
[817/1824] 2m41.03s S AR obj/third_party/perfetto/protos/perfetto/trace/linux/libzero.a
[817/1824] 2m41.03s F CXX obj/third_party/perfetto/protos/perfetto/trace/linux/zero/journald_event.pbzero.o
[818/1824] 2m41.04s F CXX obj/third_party/perfetto/protos/perfetto/trace/filesystem/zero/inode_file_map.pbzero.o
[819/1824] 2m41.04s S AR obj/third_party/perfetto/protos/perfetto/trace/filesystem/libzero.a
[819/1824] 2m41.04s F CXX obj/third_party/perfetto/protos/perfetto/trace/generic_kernel/zero/generic_gpu_frequency.pbzero.o
[820/1824] 2m41.04s F CXX obj/third_party/perfetto/protos/perfetto/trace/power/zero/android_entity_state_residency.pbzero.o
[821/1824] 2m41.05s F CXX obj/third_party/perfetto/protos/perfetto/trace/statsd/zero/statsd_atom.pbzero.o
[822/1824] 2m41.05s S AR obj/third_party/perfetto/protos/perfetto/trace/statsd/libzero.a
[822/1824] 2m41.05s F CXX obj/third_party/perfetto/protos/perfetto/trace/power/zero/power_rails.pbzero.o
[823/1824] 2m41.06s F CXX obj/third_party/perfetto/protos/perfetto/trace/generic_kernel/zero/generic_power.pbzero.o
[824/1824] 2m41.07s F CXX obj/third_party/perfetto/protos/perfetto/trace/system_info/zero/cpu_info.pbzero.o
[824/1824] 2m41.07s S AR obj/third_party/perfetto/protos/perfetto/trace/generic_kernel/libzero.a
[825/1824] 2m41.07s F CXX obj/third_party/perfetto/protos/perfetto/trace/generic_kernel/zero/generic_task.pbzero.o
[826/1824] 2m41.07s S AR obj/third_party/perfetto/protos/perfetto/trace/power/libzero.a
[826/1824] 2m41.07s F CXX obj/third_party/perfetto/protos/perfetto/trace/power/zero/battery_counters.pbzero.o
[827/1824] 2m41.07s F AR obj/third_party/perfetto/protos/perfetto/trace/gpu/libzero.a
[828/1824] 2m41.07s S AR obj/third_party/perfetto/protos/perfetto/trace/interned_data/libzero.a
[828/1824] 2m41.08s F CXX obj/third_party/perfetto/protos/perfetto/trace/system_info/zero/interrupt_info.pbzero.o
[829/1824] 2m41.08s F CXX obj/third_party/perfetto/protos/perfetto/trace/system_info/zero/gpu_info.pbzero.o
[830/1824] 2m41.08s S AR obj/third_party/perfetto/protos/perfetto/trace/system_info/libzero.a
[830/1824] 2m41.09s F CXX obj/third_party/perfetto/protos/perfetto/trace/sys_stats/zero/sys_stats.pbzero.o
[830/1824] 2m41.09s S AR obj/third_party/perfetto/protos/perfetto/trace/sys_stats/libzero.a
[831/1824] 2m41.09s F CXX obj/third_party/perfetto/protos/perfetto/trace/ps/zero/process_tree.pbzero.o
[832/1824] 2m41.09s S AR obj/third_party/perfetto/protos/perfetto/trace/ps/libzero.a
[832/1824] 2m41.09s F CXX obj/third_party/perfetto/protos/perfetto/trace/ftrace/zero/kgsl.pbzero.o
[833/1824] 2m41.10s F CXX obj/third_party/perfetto/protos/perfetto/trace/ftrace/zero/scm.pbzero.o
[834/1824] 2m41.10s F CXX obj/third_party/perfetto/protos/perfetto/trace/ftrace/zero/scsi.pbzero.o
[835/1824] 2m41.11s F CXX obj/third_party/perfetto/protos/perfetto/trace/ftrace/zero/samsung.pbzero.o
[836/1824] 2m41.11s F CXX obj/third_party/perfetto/protos/perfetto/trace/ftrace/zero/ftrace_event.pbzero.o
[837/1824] 2m41.11s F CXX obj/third_party/perfetto/protos/perfetto/trace/ftrace/zero/ftrace_event_bundle.pbzero.o
[838/1824] 2m41.12s F CXX obj/third_party/perfetto/protos/perfetto/trace/ftrace/zero/irq.pbzero.o
[839/1824] 2m41.12s F CXX obj/third_party/perfetto/protos/perfetto/trace/ftrace/zero/ipi.pbzero.o
[840/1824] 2m41.12s F CXX obj/third_party/perfetto/protos/perfetto/trace/ftrace/zero/ion.pbzero.o
[841/1824] 2m41.13s F CXX obj/third_party/perfetto/protos/perfetto/trace/ftrace/zero/rpm.pbzero.o
[842/1824] 2m41.13s F CXX obj/third_party/perfetto/protos/perfetto/trace/ftrace/zero/i2c.pbzero.o
[843/1824] 2m41.13s F CXX obj/third_party/perfetto/protos/perfetto/trace/ftrace/zero/hypervisor.pbzero.o
[844/1824] 2m41.14s F CXX obj/third_party/perfetto/protos/perfetto/trace/ftrace/zero/devfreq.pbzero.o
[845/1824] 2m41.14s F CXX obj/third_party/perfetto/protos/perfetto/trace/ftrace/zero/google_icc_trace.pbzero.o
[846/1824] 2m41.14s F CXX obj/third_party/perfetto/protos/perfetto/trace/ftrace/zero/gpu_mem.pbzero.o
[847/1824] 2m41.15s F CXX obj/third_party/perfetto/protos/perfetto/trace/ftrace/zero/ftrace.pbzero.o
[848/1824] 2m41.15s F CXX obj/third_party/perfetto/protos/perfetto/trace/ftrace/zero/regulator.pbzero.o
[849/1824] 2m41.16s F CXX obj/third_party/perfetto/protos/perfetto/trace/ftrace/zero/google_irm_trace.pbzero.o
[850/1824] 2m41.16s F CXX obj/third_party/perfetto/protos/perfetto/trace/ftrace/zero/irq_vectors.pbzero.o
[851/1824] 2m41.16s F CXX obj/third_party/perfetto/protos/perfetto/trace/ftrace/zero/dcvsh.pbzero.o
[852/1824] 2m41.16s F CXX obj/third_party/perfetto/protos/perfetto/trace/ftrace/zero/cpuhp.pbzero.o
[853/1824] 2m41.17s F CXX obj/third_party/perfetto/protos/perfetto/trace/ftrace/zero/g2d.pbzero.o
[854/1824] 2m41.17s F CXX obj/third_party/perfetto/protos/perfetto/trace/ftrace/zero/cros_ec.pbzero.o
[855/1824] 2m41.18s F CXX obj/third_party/perfetto/protos/perfetto/trace/ftrace/zero/cpm_trace.pbzero.o
[856/1824] 2m41.18s F CXX obj/third_party/perfetto/protos/perfetto/trace/ftrace/zero/virtio_video.pbzero.o
[857/1824] 2m41.19s F CXX obj/third_party/perfetto/protos/perfetto/trace/ftrace/zero/v4l2.pbzero.o
[858/1824] 2m41.19s F CXX obj/third_party/perfetto/protos/perfetto/trace/ftrace/zero/raw_syscalls.pbzero.o
[859/1824] 2m41.19s F CXX obj/third_party/perfetto/protos/perfetto/trace/ftrace/zero/compaction.pbzero.o
[860/1824] 2m41.20s F CXX obj/third_party/perfetto/protos/perfetto/trace/ftrace/zero/kmem.pbzero.o
[861/1824] 2m41.20s F CXX obj/third_party/perfetto/protos/perfetto/trace/ftrace/zero/ufs.pbzero.o
[862/1824] 2m41.21s F CXX obj/third_party/perfetto/protos/perfetto/trace/ftrace/zero/dpu.pbzero.o
[862/1824] 2m41.21s S AR obj/third_party/perfetto/protos/perfetto/trace/ftrace/libzero.a
[863/1824] 2m41.21s F CXX obj/third_party/perfetto/protos/perfetto/trace/non_minimal_zero/remote_clock_sync.pbzero.o
[864/1824] 2m41.22s F CXX obj/third_party/perfetto/protos/perfetto/trace/non_minimal_zero/extension_descriptor.pbzero.o
[865/1824] 2m41.22s F AR obj/third_party/perfetto/protos/perfetto/trace/ftrace/libzero.a
[866/1824] 2m41.23s F CXX obj/third_party/perfetto/protos/perfetto/trace/non_minimal_zero/ui_state.pbzero.o
[867/1824] 2m41.25s F CXX obj/third_party/perfetto/protos/perfetto/trace/non_minimal_zero/memory_graph.pbzero.o
[868/1824] 2m41.26s F CXX obj/third_party/perfetto/protos/perfetto/trace/non_minimal_zero/trace_packet_defaults.pbzero.o
[869/1824] 2m41.27s F CXX obj/third_party/perfetto/protos/perfetto/trace/non_minimal_zero/trace.pbzero.o
[870/1824] 2m41.27s F CXX obj/third_party/perfetto/protos/perfetto/config/gpu/cpp/gpu_counter_config.gen.o
[871/1824] 2m41.27s S AR obj/third_party/perfetto/protos/perfetto/config/gpu/libcpp.a
[871/1824] 2m41.28s F CXX obj/third_party/perfetto/protos/perfetto/trace/non_minimal_zero/trace_packet.pbzero.o
[872/1824] 2m41.28s F CXX obj/third_party/perfetto/protos/perfetto/trace/non_minimal_zero/test_event.pbzero.o
[873/1824] 2m41.28s F AR obj/third_party/perfetto/protos/perfetto/config/gpu/libcpp.a
[874/1823] 2m41.31s S ACTION //third_party/perfetto/protos/perfetto/config:cpp_gen(//build/toolchain/android:android_clang_arm)
[874/1823] 2m41.74s F CXX obj/third_party/perfetto/protos/perfetto/trace/track_event/cpp/thread_descriptor.gen.o
[875/1823] 2m41.78s F ACTION //third_party/perfetto/protos/perfetto/config:cpp_gen(//build/toolchain/android:android_clang_arm)
[876/1821] 2m41.78s S CXX obj/libEGL/libEGL_autogen.o
[876/1820] 2m41.78s S CXX obj/third_party/perfetto/protos/perfetto/config/cpp/histogram_samples.gen.o
[876/1819] 2m41.78s S CXX obj/third_party/perfetto/protos/perfetto/config/cpp/trace_config.gen.o
[876/1819] 2m41.78s S CXX obj/src/libANGLE/renderer/vulkan/angle_vulkan_backend/BufferVk.o
[876/1811] 2m41.78s S CXX obj/third_party/perfetto/src/tracing/system_backend_fake/system_tracing_backend_fake.o
[876/1811] 2m41.78s S CXX obj/third_party/perfetto/protos/perfetto/config/cpp/chrome_config.gen.o
[876/1810] 2m41.78s S CXX obj/third_party/perfetto/protos/perfetto/config/cpp/etw_config.gen.o
[876/1810] 2m41.78s S CXX obj/third_party/perfetto/src/tracing/common/trace_writer_base.o
[876/1810] 2m41.78s S CXX obj/third_party/perfetto/protos/perfetto/config/cpp/test_config.gen.o
[876/1810] 2m41.78s S CXX obj/third_party/perfetto/src/tracing/in_process_backend/in_process_tracing_backend.o
[876/1804] 2m41.78s S CXX obj/third_party/perfetto/protos/perfetto/config/cpp/stress_test_config.gen.o
[876/1799] 2m41.78s S CXX obj/src/common/spirv/angle_spirv_base/angle_spirv_utils.o
[876/1799] 2m41.78s S CXX obj/third_party/perfetto/protos/perfetto/config/cpp/interceptor_config.gen.o
[876/1799] 2m41.78s S CXX obj/src/libANGLE/renderer/vulkan/angle_vulkan_backend/SurfaceVk.o
[876/1799] 2m41.79s S CXX obj/src/libANGLE/renderer/vulkan/angle_vulkan_backend/WindowSurfaceVkAndroid.o
[876/1799] 2m41.79s S CXX obj/third_party/perfetto/protos/perfetto/config/cpp/data_source_config.gen.o
[876/1799] 2m41.79s S CXX obj/src/libANGLE/renderer/vulkan/angle_vulkan_backend/HardwareBufferImageSiblingVkAndroid.o
[876/1799] 2m41.79s S CXX obj/src/libANGLE/renderer/vulkan/angle_vulkan_backend/DisplayVkAndroid.o
[876/1799] 2m41.79s S CXX obj/src/libANGLE/renderer/vulkan/angle_vulkan_backend/AHBFunctions.o
[876/1799] 2m41.79s S CXX obj/src/libANGLE/renderer/vulkan/angle_vulkan_backend/AllocatorHelperPool.o
[876/1799] 2m41.79s S CXX obj/third_party/perfetto/protos/perfetto/config/cpp/v8_config.gen.o
[876/1799] 2m41.79s S CXX obj/src/libANGLE/renderer/vulkan/angle_vulkan_backend/vk_utils.o
[876/1799] 2m41.79s S CXX obj/src/libANGLE/renderer/vulkan/angle_vulkan_backend/vk_barrier_data.o
[876/1799] 2m41.79s S CXX obj/src/libANGLE/renderer/vulkan/angle_vulkan_backend/vk_resource.o
[876/1799] 2m41.79s S CXX obj/third_party/perfetto/protos/perfetto/config/cpp/system_metrics.gen.o
[876/1799] 2m41.79s S CXX obj/src/libANGLE/renderer/vulkan/angle_vulkan_backend/vk_api_perf_counters.o
[876/1799] 2m41.79s S CXX obj/third_party/perfetto/protos/perfetto/config/cpp/scenario_config.gen.o
[876/1799] 2m41.79s S CXX obj/src/libANGLE/renderer/vulkan/angle_vulkan_backend/spv_utils.o
[876/1799] 2m41.79s S CXX obj/src/libANGLE/renderer/vulkan/angle_vulkan_backend/Suballocation.o
[876/1799] 2m41.79s S CXX obj/src/libANGLE/renderer/vulkan/angle_vulkan_backend/vk_android_utils.o
[876/1799] 2m41.79s S CXX obj/src/libANGLE/renderer/vulkan/angle_vulkan_backend/ShareGroupVk.o
[876/1799] 2m41.79s S CXX obj/src/libANGLE/renderer/vulkan/angle_vulkan_backend/VulkanSecondaryCommandBuffer.o
[876/1799] 2m41.79s S CXX obj/src/libANGLE/renderer/vulkan/angle_vulkan_backend/ShaderVk.o
[876/1799] 2m41.79s S CXX obj/src/libANGLE/renderer/vulkan/angle_vulkan_backend/VkImageImageSiblingVk.o
[876/1799] 2m41.79s S CXX obj/src/libANGLE/renderer/vulkan/angle_vulkan_backend/ShaderInterfaceVariableInfoMap.o
[876/1799] 2m41.79s S CXX obj/src/libANGLE/renderer/vulkan/angle_vulkan_backend/VertexArrayVk.o
[876/1799] 2m41.79s S CXX obj/src/libANGLE/renderer/vulkan/angle_vulkan_backend/SemaphoreVk.o
[876/1799] 2m41.80s S CXX obj/src/libANGLE/renderer/vulkan/angle_vulkan_backend/MemoryTracking.o
[876/1799] 2m41.80s S CXX obj/src/libANGLE/renderer/vulkan/angle_vulkan_backend/vk_renderer.o
[876/1799] 2m41.80s S CXX obj/src/libANGLE/renderer/vulkan/angle_vulkan_backend/UtilsVk.o
[876/1799] 2m41.80s S CXX obj/src/libANGLE/renderer/vulkan/angle_vulkan_backend/TransformFeedbackVk.o
[876/1799] 2m41.80s S CXX obj/src/libANGLE/renderer/vulkan/angle_vulkan_backend/TextureVk.o
[876/1799] 2m41.80s S CXX obj/src/libANGLE/renderer/vulkan/angle_vulkan_backend/SyncVk.o
[876/1799] 2m41.80s S CXX obj/src/libANGLE/renderer/vulkan/angle_vulkan_backend/SecondaryCommandPool.o
[876/1799] 2m41.80s S CXX obj/src/libANGLE/renderer/vulkan/angle_vulkan_backend/vk_helpers.o
[876/1799] 2m41.80s S CXX obj/src/libANGLE/renderer/vulkan/angle_vulkan_backend/vk_ref_counted_event.o
[876/1799] 2m41.80s S CXX obj/src/libANGLE/renderer/vulkan/angle_vulkan_backend/SamplerVk.o
[876/1799] 2m41.80s S CXX obj/src/libANGLE/renderer/vulkan/angle_vulkan_backend/RenderbufferVk.o
[876/1799] 2m41.80s S CXX obj/src/libANGLE/renderer/vulkan/angle_vulkan_backend/MemoryObjectVk.o
[876/1799] 2m41.80s S CXX obj/src/libANGLE/renderer/vulkan/angle_vulkan_backend/ImageVk.o
[876/1799] 2m41.80s S CXX obj/src/libANGLE/renderer/vulkan/angle_vulkan_backend/FramebufferVk.o
[876/1799] 2m41.80s S CXX obj/src/libANGLE/renderer/vulkan/angle_vulkan_backend/FenceNVVk.o
[876/1799] 2m41.80s S CXX obj/src/libANGLE/renderer/vulkan/angle_vulkan_backend/DisplayVk.o
[876/1799] 2m41.80s S CXX obj/src/libANGLE/renderer/vulkan/angle_vulkan_backend/vk_format_utils.o
[876/1799] 2m41.80s S CXX obj/src/libANGLE/renderer/vulkan/angle_vulkan_backend/vk_format_table_autogen.o
[876/1799] 2m41.81s S CXX obj/src/libANGLE/renderer/vulkan/angle_vulkan_backend/vk_caps_utils.o
[876/1799] 2m41.81s S CXX obj/src/libANGLE/renderer/vulkan/angle_vulkan_backend/ProgramPipelineVk.o
[876/1799] 2m41.81s S CXX obj/src/libANGLE/renderer/vulkan/angle_vulkan_backend/vk_cache_utils.o
[876/1799] 2m41.81s S CXX obj/src/libANGLE/renderer/vulkan/angle_vulkan_backend/vk_mandatory_format_support_table_autogen.o
[876/1799] 2m41.81s S CXX obj/src/libANGLE/renderer/vulkan/angle_vulkan_backend/RenderTargetVk.o
[876/1799] 2m41.81s S CXX obj/src/libANGLE/renderer/vulkan/angle_vulkan_backend/vk_internal_shaders_autogen.o
[876/1799] 2m41.81s S CXX obj/src/libANGLE/renderer/vulkan/angle_vulkan_backend/ProgramExecutableVk.o
[876/1799] 2m41.80s S CXX obj/src/libANGLE/renderer/vulkan/angle_vulkan_backend/SecondaryCommandBuffer.o
[876/1799] 2m41.81s S CXX obj/src/libANGLE/renderer/vulkan/angle_vulkan_backend/PersistentCommandPool.o
[876/1799] 2m41.81s S CXX obj/src/libANGLE/renderer/vulkan/angle_vulkan_backend/ContextVk.o
[876/1799] 2m41.81s S CXX obj/src/libANGLE/renderer/vulkan/angle_vulkan_backend/DeviceVk.o
[876/1799] 2m41.81s S CXX obj/src/libANGLE/renderer/vulkan/angle_vulkan_backend/CommandQueue.o
[876/1799] 2m41.81s S CXX obj/src/libANGLE/renderer/gl/angle_gl_backend/SyncGL.o
[876/1799] 2m41.81s S CXX obj/translator/PruneEmptyCases.o
[876/1799] 2m41.81s S CXX obj/src/libANGLE/renderer/vulkan/angle_vulkan_backend/DebugAnnotatorVk.o
[876/1799] 2m41.81s S CXX obj/translator/Declarator.o
[876/1799] 2m41.81s S CXX obj/translator/RecordConstantPrecision.o
[876/1799] 2m41.81s S CXX obj/third_party/perfetto/src/tracing/client_api_without_backends/console_interceptor.o
[876/1799] 2m41.81s S CXX obj/src/libANGLE/renderer/vulkan/angle_vulkan_backend/CompilerVk.o
[876/1799] 2m41.81s S CXX obj/third_party/perfetto/src/tracing/client_api_without_backends/virtual_destructors.o
[876/1799] 2m41.81s S CXX obj/third_party/perfetto/src/tracing/client_api_without_backends/data_source.o
[876/1799] 2m41.81s S CXX obj/angle_common/event_tracer.o
[876/1799] 2m41.81s S CXX obj/angle_common/mathutil.o
[876/1799] 2m41.81s S CXX obj/third_party/perfetto/src/tracing/client_api_without_backends/platform.o
[876/1799] 2m41.81s S CXX obj/angle_common/matrix_utils.o
[876/1799] 2m41.81s S CXX obj/angle_common/entry_points_enum_autogen.o
[876/1799] 2m41.82s S CXX obj/translator/ReduceInterfaceBlocks.o
[876/1799] 2m41.82s S CXX obj/third_party/perfetto/src/tracing/client_api_without_backends/event_context.o
[876/1799] 2m41.82s S CXX obj/translator/RemoveArrayLengthMethod.o
[876/1799] 2m41.82s S CXX obj/angle_common/platform_helpers.o
[876/1799] 2m41.82s S CXX obj/src/libANGLE/renderer/vulkan/angle_vulkan_backend/QueryVk.o
[876/1799] 2m41.82s S CXX obj/translator/CodeGen.o
[876/1799] 2m41.82s S CXX obj/src/libANGLE/renderer/vulkan/angle_vulkan_backend/ProgramVk.o
[876/1799] 2m41.82s S CXX obj/third_party/perfetto/src/tracing/client_api_without_backends/tracing_backend_fake.o
[876/1799] 2m41.82s S CXX obj/angle_common/string_utils.o
[876/1799] 2m41.82s S CXX obj/third_party/perfetto/src/tracing/client_api_without_backends/traced_value.o
[876/1799] 2m41.82s S CXX obj/translator/RemoveDynamicIndexing.o
[876/1799] 2m41.82s S CXX obj/translator/RemoveAtomicCounterBuiltins.o
[876/1799] 2m41.82s S CXX obj/third_party/perfetto/src/tracing/client_api_without_backends/tracing_muxer_fake.o
[876/1799] 2m41.82s S CXX obj/third_party/perfetto/src/tracing/client_api_without_backends/tracing_policy.o
[876/1799] 2m41.82s S CXX obj/third_party/perfetto/src/tracing/client_api_without_backends/tracing.o
[876/1799] 2m41.82s S CXX obj/third_party/perfetto/src/tracing/client_api_without_backends/track.o
[876/1799] 2m41.82s S CXX obj/translator/RemoveInvariantDeclaration.o
[876/1799] 2m41.82s S CXX obj/translator/RemoveInactiveInterfaceVariables.o
[876/1799] 2m41.82s S CXX obj/third_party/perfetto/src/tracing/client_api_without_backends/interceptor.o
[876/1799] 2m41.82s S CXX obj/angle_common/system_utils.o
[876/1799] 2m41.83s S CXX obj/third_party/perfetto/src/tracing/client_api_without_backends/platform_windows.o
[876/1799] 2m41.83s S CXX obj/third_party/perfetto/src/tracing/client_api_without_backends/track_event_internal.o
[876/1799] 2m41.82s S CXX obj/third_party/perfetto/src/tracing/service/service/packet_stream_validator.o
[876/1799] 2m41.83s S CXX obj/angle_common_shader_state/CompiledShaderState.o
[876/1799] 2m41.82s S CXX obj/third_party/perfetto/src/tracing/service/service/random.o
[876/1799] 2m41.82s S CXX obj/third_party/perfetto/src/tracing/service/service/trace_buffer_v1.o
[876/1799] 2m41.82s S CXX obj/third_party/perfetto/src/tracing/service/service/trace_buffer_v2.o
[876/1799] 2m41.82s S CXX obj/third_party/perfetto/src/tracing/service/service/tracing_service_impl.o
[876/1799] 2m41.83s S CXX obj/translator/SeparateDeclarations.o
[876/1799] 2m41.83s S CXX obj/third_party/perfetto/src/tracing/service/service/tracing_service_session.o
[876/1799] 2m41.83s S CXX obj/third_party/perfetto/src/protozero/filtering/message_filter_config/message_filter_config.o
[876/1799] 2m41.83s S CXX obj/translator/RewriteArrayOfArrayOfOpaqueUniforms.o
[876/1799] 2m41.83s S CXX obj/translator/RewriteAtomicCounters.o
[876/1799] 2m41.83s S CXX obj/translator/RewritePixelLocalStorage.o
[876/1799] 2m41.83s S CXX obj/translator/RewriteStructSamplers.o
[876/1799] 2m41.83s S CXX obj/angle_image_util/loadimage_paletted.o
[876/1799] 2m41.83s S CXX obj/angle_common/tls.o
[876/1799] 2m41.83s S CXX obj/angle_common/uniform_type_info_autogen.o
[876/1799] 2m41.83s S CXX obj/angle_common/utilities.o
[876/1799] 2m41.83s S CXX obj/angle_common/backtrace_utils_noop.o
[876/1799] 2m41.83s S CXX obj/angle_common/system_utils_linux.o
[876/1799] 2m41.82s S CXX obj/third_party/perfetto/src/tracing/service/service/tracing_service_endpoints_impl.o
[876/1799] 2m41.83s S CXX obj/third_party/perfetto/src/tracing/core/core/id_allocator.o
[876/1799] 2m41.83s S CXX obj/third_party/perfetto/src/tracing/core/core/null_trace_writer.o
[876/1799] 2m41.83s S CXX obj/third_party/perfetto/src/tracing/core/core/in_process_shared_memory.o
[876/1799] 2m41.83s S CXX obj/third_party/perfetto/src/tracing/core/core/shared_memory_abi.o
[876/1799] 2m41.83s S CXX obj/third_party/perfetto/src/tracing/client_api_without_backends/tracing_muxer_impl.o
[876/1799] 2m41.83s S CXX obj/third_party/perfetto/src/tracing/core/core/shared_memory_arbiter_impl.o
[876/1799] 2m41.83s S CXX obj/third_party/perfetto/src/tracing/client_api_without_backends/track_event_category_registry.o
[876/1799] 2m41.83s S CXX obj/translator/RewriteTexelFetchOffset.o
[876/1799] 2m41.83s S CXX obj/third_party/perfetto/src/tracing/client_api_without_backends/track_event_legacy.o
[876/1799] 2m41.83s S CXX obj/third_party/perfetto/src/tracing/core/core/trace_packet.o
[876/1799] 2m41.82s S CXX obj/third_party/perfetto/src/tracing/service/service/metatrace_writer.o
[876/1799] 2m41.83s S CXX obj/third_party/perfetto/src/tracing/client_api_without_backends/interceptor_trace_writer.o
[876/1799] 2m41.84s S CXX obj/third_party/perfetto/src/tracing/client_api_without_backends/platform_posix.o
[876/1799] 2m41.84s S CXX obj/third_party/perfetto/src/tracing/client_api_without_backends/track_event_state_tracker.o
[876/1799] 2m41.84s S CXX obj/third_party/perfetto/src/tracing/core/core/trace_writer_impl.o
[876/1799] 2m41.84s S CXX obj/angle_common/Float16ToFloat32.o
[876/1799] 2m41.84s S CXX obj/third_party/perfetto/src/tracing/core/core/virtual_destructors.o
[876/1799] 2m41.84s S CXX obj/third_party/perfetto/src/tracing/client_api_without_backends/debug_annotation.o
[876/1799] 2m41.84s S CXX obj/third_party/perfetto/src/tracing/service/service/clock.o
[876/1799] 2m41.84s S CXX obj/third_party/perfetto/src/tracing/client_api_without_backends/checked_scope.o
[876/1799] 2m41.82s S CXX obj/translator/RemoveUnusedFramebufferFetch.o
[876/1799] 2m41.84s S CXX obj/preprocessor/Token.o
[876/1799] 2m41.84s S CXX obj/preprocessor/preprocessor_lex_autogen.o
[876/1799] 2m41.84s S CXX obj/preprocessor/DiagnosticsBase.o
[876/1799] 2m41.84s S CXX obj/preprocessor/DirectiveHandlerBase.o
[876/1799] 2m41.83s S CXX obj/angle_common/system_utils_posix.o
[876/1799] 2m41.84s S CXX obj/preprocessor/preprocessor_tab_autogen.o
[876/1799] 2m41.84s S CXX obj/translator/Diagnostics.o
[876/1799] 2m41.84s S CXX obj/translator/PruneNoOps.o
[876/1799] 2m41.84s S CXX obj/translator/DirectiveHandler.o
[876/1799] 2m41.84s S CXX obj/translator/ExtensionBehavior.o
[876/1799] 2m41.84s S CXX obj/translator/FlagStd140Structs.o
[876/1799] 2m41.84s S CXX obj/translator/InitializeVariables.o
[876/1799] 2m41.84s S CXX obj/translator/FunctionLookup.o
[876/1799] 2m41.84s S CXX obj/translator/HashNames.o
[876/1799] 2m41.84s S CXX obj/translator/ImmutableStringBuilder.o
[876/1799] 2m41.84s S CXX obj/translator/EmulateGLFragColorBroadcast.o
[876/1799] 2m41.84s S CXX obj/translator/InfoSink.o
[876/1799] 2m41.84s S CXX obj/translator/Initialize.o
[876/1799] 2m41.84s S CXX obj/translator/IntermNode.o
[876/1799] 2m41.84s S CXX obj/translator/IntermRebuild.o
[876/1799] 2m41.85s S CXX obj/preprocessor/DirectiveParser.o
[876/1799] 2m41.85s S CXX obj/preprocessor/Input.o
[876/1799] 2m41.85s S CXX obj/angle_common/PackedEGLEnums_autogen.o
[876/1799] 2m41.85s S CXX obj/translator/IsASTDepthBelowLimit.o
[876/1799] 2m41.85s S CXX obj/angle_common/PackedEnums.o
[876/1799] 2m41.85s S CXX obj/translator/Operator.o
[876/1799] 2m41.85s S CXX obj/translator/glslang_tab_autogen.o
[876/1799] 2m41.85s S CXX obj/translator/OutputTree.o
[876/1799] 2m41.85s S CXX obj/translator/ParseContext.o
[876/1799] 2m41.85s S CXX obj/translator/PoolAlloc.o
[876/1799] 2m41.85s S CXX obj/translator/ValidateVaryingLocations.o
[876/1799] 2m41.85s S CXX obj/translator/QualifierTypes.o
[876/1799] 2m41.85s S CXX obj/translator/ShaderLang.o
[876/1799] 2m41.85s S CXX obj/preprocessor/Preprocessor.o
[876/1799] 2m41.85s S CXX obj/translator/ShaderVars.o
[876/1799] 2m41.85s S CXX obj/third_party/perfetto/src/tracing/client_api_without_backends/track_event_interned_fields.o
[876/1799] 2m41.85s S CXX obj/angle_common/SimpleMutex.o
[876/1799] 2m41.85s S CXX obj/angle_common/MemoryBuffer.o
[876/1799] 2m41.85s S CXX obj/translator/RunAtTheBeginningOfShader.o
[876/1799] 2m41.85s S CXX obj/translator/SizeClipCullDistance.o
[876/1799] 2m41.85s S CXX obj/translator/SymbolTable.o
[876/1799] 2m41.85s S CXX obj/angle_common/PackedGLEnums_autogen.o
[876/1799] 2m41.85s S CXX obj/translator/SymbolUniqueId.o
[876/1799] 2m41.85s S CXX obj/translator/SimplifyLoopConditions.o
[876/1799] 2m41.85s S CXX obj/angle_common/PoolAlloc.o
[876/1799] 2m41.85s S CXX obj/translator/SplitSequenceOperator.o
[876/1799] 2m41.85s S CXX obj/translator/ValidateAST.o
[876/1799] 2m41.85s S CXX obj/translator/UseGeneratedNamesForAnonymousStructs.o
[876/1799] 2m41.85s S CXX obj/translator/ValidateGlobalInitializer.o
[876/1799] 2m41.86s S CXX obj/translator/DeferGlobalInitializers.o
[876/1799] 2m41.85s S CXX obj/angle_gpu_info_util/SystemInfo_vulkan.o
[876/1799] 2m41.85s S CXX obj/translator/FindFunction.o
[876/1799] 2m41.85s S CXX obj/translator/VariablePacker.o
[876/1799] 2m41.85s S CXX obj/translator/FindMain.o
[876/1799] 2m41.85s S CXX obj/translator/blocklayout.o
[876/1799] 2m41.85s S CXX obj/translator/FindSymbolNode.o
[876/1799] 2m41.85s S CXX obj/translator/glslang_lex_autogen.o
[876/1799] 2m41.85s S CXX obj/translator/IntermNodePatternMatcher.o
[876/1799] 2m41.85s S CXX obj/translator/IntermNode_util.o
[876/1799] 2m41.85s S CXX obj/translator/DriverUniform.o
[876/1799] 2m41.85s S CXX obj/translator/AddDefaultReturnStatements.o
[876/1799] 2m41.85s S CXX obj/translator/ClampIndirectIndices.o
[876/1799] 2m41.85s S CXX obj/translator/ReplaceArrayOfMatrixVarying.o
[876/1799] 2m41.85s S CXX obj/translator/ClampPointSize.o
[876/1799] 2m41.85s S CXX obj/translator/ReplaceClipCullDistanceVariable.o
[876/1799] 2m41.85s S CXX obj/translator/DeclareAndInitBuiltinsForInstancedMultiview.o
[876/1799] 2m41.85s S CXX obj/translator/Symbol.o
[876/1799] 2m41.85s S CXX obj/translator/ReplaceShadowingVariables.o
[876/1799] 2m41.85s S CXX obj/translator/DeclarePerVertexBlocks.o
[876/1799] 2m41.85s S CXX obj/translator/RewriteSampleMaskVariable.o
[876/1799] 2m41.86s S CXX obj/angle_common/WorkerThread.o
[876/1799] 2m41.85s S CXX obj/translator/ClampFragDepth.o
[876/1799] 2m41.86s S CXX obj/angle_common/aligned_memory.o
[876/1799] 2m41.86s S CXX obj/preprocessor/Lexer.o
[876/1799] 2m41.86s S CXX obj/angle_common/android_util.o
[876/1799] 2m41.86s S CXX obj/translator/EmulateMultiDrawShaderBuiltins.o
[876/1799] 2m41.86s S CXX obj/angle_common/angleutils.o
[876/1799] 2m41.86s S CXX obj/preprocessor/Macro.o
[876/1799] 2m41.86s S CXX obj/angle_common/sha1.o
[876/1799] 2m41.86s S CXX obj/translator/FoldExpressions.o
[876/1799] 2m41.85s S CXX obj/translator/Types.o
[876/1799] 2m41.86s S CXX obj/preprocessor/MacroExpander.o
[876/1799] 2m41.86s S CXX obj/translator/RunAtTheEndOfShader.o
[876/1799] 2m41.86s S CXX obj/translator/GatherDefaultUniforms.o
[876/1799] 2m41.86s S CXX obj/translator/BuiltInFunctionEmulatorGLSL.o
[876/1799] 2m41.86s S CXX obj/translator/util.o
[876/1799] 2m41.86s S CXX obj/translator/PreTransformTextureCubeGradDerivatives.o
[876/1799] 2m41.86s S CXX obj/translator/ImmutableString_autogen.o
[876/1799] 2m41.87s S CXX obj/angle_common/trace_categories.o
[876/1799] 2m41.86s S CXX obj/translator/SymbolTable_autogen.o
[876/1799] 2m41.85s S CXX obj/translator/Name.o
[876/1799] 2m41.86s S CXX obj/translator/MonomorphizeUnsupportedFunctions.o
[876/1799] 2m41.87s S CXX obj/angle_common/debug.o
[876/1799] 2m41.86s S CXX obj/src/libANGLE/renderer/gl/angle_gl_backend/DisplayGL.o
[876/1799] 2m41.87s S CXX obj/translator/OutputESSL.o
[876/1799] 2m41.87s S CXX obj/libANGLE_no_vulkan/validationES3.o
[876/1799] 2m41.87s S CXX obj/translator/ExtensionGLSL.o
[876/1799] 2m41.87s S CXX obj/translator/TranslatorGLSL.o
[876/1799] 2m41.87s S CXX obj/translator/ExpandFragmentOutputsToVec4.o
[876/1799] 2m41.87s F CXX obj/third_party/perfetto/protos/perfetto/trace/track_event/cpp/chrome_histogram_sample.gen.o
[877/1799] 2m41.87s S CXX obj/libANGLE_no_vulkan/queryconversions.o
[877/1799] 2m41.87s S CXX obj/src/libANGLE/renderer/null/angle_null_backend/QueryNULL.o
[877/1799] 2m41.87s S CXX obj/src/libANGLE/renderer/null/angle_null_backend/SurfaceNULL.o
[877/1799] 2m41.87s S CXX obj/libANGLE_no_vulkan/Format_table_autogen.o
[877/1799] 2m41.87s S CXX obj/src/libANGLE/renderer/gl/angle_gl_backend/BufferGL.o
[877/1799] 2m41.87s S CXX obj/translator/RewriteRepeatedAssignToSwizzled.o
[877/1799] 2m41.87s S CXX obj/libANGLE_no_vulkan/ImageImpl.o
[877/1799] 2m41.87s S CXX obj/libANGLE_no_vulkan/GLES1Renderer.o
[877/1799] 2m41.87s S CXX obj/libGLESv2/egl_stubs_getprocaddress_autogen.o
[877/1799] 2m41.87s S CXX obj/libANGLE_no_vulkan/EGLSyncImpl.o
[877/1799] 2m41.87s S CXX obj/src/libANGLE/renderer/null/angle_null_backend/SyncNULL.o
[877/1799] 2m41.88s S CXX obj/src/libANGLE/renderer/gl/angle_gl_backend/BlitGL.o
[877/1799] 2m41.87s S CXX obj/libANGLE_no_vulkan/ProgramPipelineImpl.o
[877/1799] 2m41.88s S CXX obj/translator/UseInterfaceBlockFields.o
[877/1799] 2m41.88s S CXX obj/src/libANGLE/renderer/gl/angle_gl_backend/ProgramGL.o
[877/1799] 2m41.88s S CXX obj/libANGLE_no_vulkan/LoggingAnnotator.o
[877/1799] 2m41.88s S CXX obj/libANGLE_no_vulkan/ImageIndex.o
[877/1799] 2m41.88s S CXX obj/libANGLE_no_vulkan/TransformFeedbackImpl.o
[877/1799] 2m41.88s S CXX obj/translator/BuildSPIRV.o
[877/1799] 2m41.88s S CXX obj/translator/BuiltinsWorkaround.o
[877/1799] 2m41.88s S CXX obj/libANGLE_no_vulkan/Image.o
[877/1799] 2m41.88s S CXX obj/libANGLE_no_vulkan/angletypes.o
[877/1799] 2m41.88s S CXX obj/translator/TranslatorSPIRV.o
[877/1799] 2m41.88s S CXX obj/libANGLE_no_vulkan/TextureImpl.o
[877/1799] 2m41.88s S CXX obj/translator/ClampGLLayer.o
[877/1799] 2m41.88s S CXX obj/translator/OutputSPIRV.o
[877/1799] 2m41.88s S CXX obj/translator/EmulateAdvancedBlendEquations.o
[877/1799] 2m41.88s S CXX obj/translator/EmulateFragColorData.o
[877/1799] 2m41.88s S CXX obj/translator/EmulateYUVBuiltIns.o
[877/1799] 2m41.88s S CXX obj/src/libANGLE/renderer/gl/angle_gl_backend/FunctionsGL.o
[877/1799] 2m41.88s S CXX obj/libANGLE_no_vulkan/MemoryProgramCache.o
[877/1799] 2m41.89s S CXX obj/angle_frame_capture_mock/serialize_mock.o
[877/1799] 2m41.88s S CXX obj/src/libANGLE/renderer/gl/angle_gl_backend/ProgramExecutableGL.o
[877/1799] 2m41.88s S CXX obj/libANGLE_no_vulkan/MemoryObject.o
[877/1799] 2m41.88s S CXX obj/libANGLE_no_vulkan/RenderbufferImpl.o
[877/1799] 2m41.88s S CXX obj/libANGLE_no_vulkan/Observer.o
[877/1799] 2m41.89s S CXX obj/src/libANGLE/renderer/gl/angle_gl_backend/FunctionsEGL.o
[877/1799] 2m41.88s S CXX obj/src/libANGLE/renderer/null/angle_null_backend/TransformFeedbackNULL.o
[877/1799] 2m41.88s S CXX obj/libANGLE_no_vulkan/VaryingPacking.o
[877/1799] 2m41.88s S CXX obj/libANGLE_no_vulkan/SurfaceImpl.o
[877/1799] 2m41.88s S CXX obj/src/libANGLE/renderer/null/angle_null_backend/SamplerNULL.o
[877/1799] 2m41.88s S CXX obj/src/libANGLE/renderer/gl/angle_gl_backend/WindowSurfaceEGL.o
[877/1799] 2m41.88s S CXX obj/libANGLE_no_vulkan/Program.o
[877/1799] 2m41.88s S CXX obj/src/libANGLE/renderer/gl/angle_gl_backend/MemoryObjectGL.o
[877/1799] 2m41.88s S CXX obj/src/libANGLE/renderer/gl/angle_gl_backend/egl_utils.o
[877/1799] 2m41.88s S CXX obj/src/libANGLE/renderer/null/angle_null_backend/DeviceNULL.o
[877/1799] 2m41.88s S CXX obj/libANGLE_no_vulkan/driver_utils.o
[877/1799] 2m41.88s S CXX obj/libGLESv2/entry_points_gles_3_2_autogen.o
[877/1799] 2m41.88s S CXX obj/src/libANGLE/renderer/gl/angle_gl_backend/SurfaceGL.o
[877/1799] 2m41.88s S CXX obj/src/libANGLE/renderer/gl/angle_gl_backend/TransformFeedbackGL.o
[877/1799] 2m41.88s S CXX obj/src/libANGLE/renderer/gl/angle_gl_backend/ImageGL.o
[877/1799] 2m41.89s S CXX obj/libANGLE_no_vulkan/ShareGroup.o
[877/1799] 2m41.88s S CXX obj/src/libANGLE/renderer/gl/angle_gl_backend/NativeBufferImageSiblingAndroid.o
[877/1799] 2m41.89s S CXX obj/libGLESv2/egl_ext_stubs.o
[877/1799] 2m41.88s S CXX obj/libANGLE_no_vulkan/Debug.o
[877/1799] 2m41.88s S CXX obj/libANGLE_no_vulkan/Context.o
[877/1799] 2m41.88s S CXX obj/libANGLE_no_vulkan/DeviceImpl.o
[877/1799] 2m41.89s S CXX obj/libANGLE_no_vulkan/Sampler.o
[877/1799] 2m41.88s S CXX obj/libANGLE_no_vulkan/Semaphore.o
[877/1799] 2m41.88s S CXX obj/libANGLE_no_vulkan/ShaderImpl.o
[877/1799] 2m41.88s S CXX obj/libANGLE_no_vulkan/Query.o
[877/1799] 2m41.89s S CXX obj/src/libANGLE/renderer/gl/angle_gl_backend/FramebufferGL.o
[877/1799] 2m41.89s S CXX obj/src/libANGLE/renderer/null/angle_null_backend/CompilerNULL.o
[877/1799] 2m41.89s S CXX obj/libANGLE_no_vulkan/Stream.o
[877/1799] 2m41.89s S CXX obj/src/libANGLE/renderer/gl/angle_gl_backend/ImageEGL.o
[877/1799] 2m41.89s S CXX obj/libANGLE_no_vulkan/Surface.o
[877/1799] 2m41.89s S CXX obj/src/libANGLE/renderer/null/angle_null_backend/DisplayNULL.o
[877/1799] 2m41.90s S CXX obj/libANGLE_no_vulkan/renderer_utils.o
[877/1799] 2m41.90s S CXX obj/src/libANGLE/renderer/gl/angle_gl_backend/FenceNVGL.o
[877/1799] 2m41.90s S CXX obj/libANGLE_no_vulkan/IndexRangeCache.o
[877/1799] 2m41.90s S CXX obj/libANGLE_no_vulkan/Uniform.o
[877/1799] 2m41.90s S CXX obj/translator/FlagSamplersWithTexelFetch.o
[877/1799] 2m41.90s S CXX obj/libANGLE_no_vulkan/MemoryShaderCache.o
[877/1799] 2m41.90s S CXX obj/translator/ReswizzleYUVOps.o
[877/1799] 2m41.90s S CXX obj/translator/RewriteR32fImages.o
[877/1799] 2m41.90s S CXX obj/libANGLE_no_vulkan/Platform.o
[877/1799] 2m41.90s S CXX obj/translator/RewriteSamplerExternalTexelFetch.o
[877/1799] 2m41.90s S CXX obj/translator/OutputGLSLBase.o
[877/1799] 2m41.90s S CXX obj/angle_image_util/imageformats.o
[877/1799] 2m41.90s S CXX obj/src/common/spirv/angle_spirv_builder/spirv_instruction_builder_autogen.o
[877/1799] 2m41.90s S CXX obj/libANGLE_no_vulkan/validationESEXT.o
[877/1799] 2m41.90s S CXX obj/libANGLE_no_vulkan/ProgramPipeline.o
[877/1799] 2m41.90s S CXX obj/src/libANGLE/renderer/gl/angle_gl_backend/SamplerGL.o
[877/1799] 2m41.90s S CXX obj/libANGLE_no_vulkan/ResourceManager.o
[877/1799] 2m41.90s S CXX obj/libANGLE_no_vulkan/validationES1.o
[877/1799] 2m41.90s S CXX obj/libANGLE_no_vulkan/State.o
[877/1799] 2m41.90s S CXX obj/src/libANGLE/renderer/gl/angle_gl_backend/formatutilsgl.o
[877/1799] 2m41.90s S CXX obj/libANGLE_no_vulkan/TransformFeedback.o
[877/1799] 2m41.90s S CXX obj/src/common/vulkan/angle_vulkan_icd/vulkan_icd.o
[877/1799] 2m41.90s S CXX obj/src/libANGLE/renderer/gl/angle_gl_backend/ContextEGL.o
[877/1799] 2m41.90s S CXX obj/angle_image_util/copyimage.o
[877/1799] 2m41.90s S CXX obj/angle_image_util/loadimage_astc.o
[877/1799] 2m41.90s S CXX obj/angle_image_util/loadimage_etc.o
[877/1799] 2m41.90s S CXX obj/angle_image_util/storeimage_paletted.o
[877/1799] 2m41.90s S CXX obj/angle_image_util/AstcDecompressorNoOp.o
[877/1799] 2m41.90s S CXX obj/src/libANGLE/renderer/gl/angle_gl_backend/DispatchTableGL_autogen.o
[877/1799] 2m41.91s S CXX obj/src/libANGLE/renderer/null/angle_null_backend/ImageNULL.o
[877/1799] 2m41.88s S CXX obj/src/libANGLE/renderer/null/angle_null_backend/VertexArrayNULL.o
[877/1799] 2m41.91s S CXX obj/libANGLE_no_vulkan/validationES.o
[877/1799] 2m41.91s S CXX obj/angle_image_util/loadimage.o
[877/1799] 2m41.91s S CXX obj/libANGLE_no_vulkan/es3_copy_conversion_table_autogen.o
[877/1799] 2m41.91s S CXX obj/src/libANGLE/renderer/null/angle_null_backend/ProgramExecutableNULL.o
[877/1799] 2m41.91s S CXX obj/src/libANGLE/renderer/gl/angle_gl_backend/ContextGL.o
[877/1799] 2m41.91s S CXX obj/libGLESv2/egl_stubs.o
[877/1799] 2m41.91s S CXX obj/libANGLE_no_vulkan/gles_extensions_autogen.o
[877/1799] 2m41.91s S CXX obj/angle_frame_capture_mock/FrameCapture_mock.o
[877/1799] 2m41.91s S CXX obj/src/libANGLE/renderer/null/angle_null_backend/ProgramPipelineNULL.o
[877/1799] 2m41.91s S CXX obj/libGLESv2/entry_points_gles_3_0_autogen.o
[877/1799] 2m41.91s S CXX obj/libGLESv2/entry_points_egl_autogen.o
[877/1799] 2m41.92s S CXX obj/src/libANGLE/renderer/null/angle_null_backend/BufferNULL.o
[877/1799] 2m41.92s S CXX obj/libANGLE_no_vulkan/load_functions_table_autogen.o
[877/1799] 2m41.92s S CXX obj/libANGLE_no_vulkan/validationES31.o
[877/1799] 2m41.92s S CXX obj/libANGLE_no_vulkan/VertexAttribute.o
[877/1799] 2m41.92s S CXX obj/src/libANGLE/renderer/null/angle_null_backend/ProgramNULL.o
[877/1799] 2m41.92s S CXX obj/angle_gpu_info_util/SystemInfo.o
[877/1799] 2m41.92s S CXX obj/libANGLE_no_vulkan/queryutils.o
[877/1799] 2m41.91s S CXX obj/libGLESv2/entry_points_gles_3_1_autogen.o
[877/1799] 2m41.92s S CXX obj/libANGLE_no_vulkan/FramebufferImpl.o
[877/1799] 2m41.92s S CXX obj/libANGLE_no_vulkan/ContextImpl.o
[877/1799] 2m41.92s S CXX obj/libGLESv2/global_state.o
[877/1799] 2m41.92s S CXX obj/libANGLE_no_vulkan/format_map_autogen.o
[877/1799] 2m41.92s S CXX obj/libANGLE_no_vulkan/PixelLocalStorage.o
[877/1799] 2m41.93s S CXX obj/libANGLE_no_vulkan/ProgramImpl.o
[877/1799] 2m41.93s S CXX obj/src/libANGLE/renderer/gl/angle_gl_backend/SemaphoreGL.o
[877/1799] 2m41.93s S CXX obj/libANGLE_no_vulkan/VertexArrayImpl.o
[877/1799] 2m41.93s S CXX obj/libANGLE_no_vulkan/Display.o
[877/1799] 2m41.93s S CXX obj/libANGLE_no_vulkan/formatutils.o
[877/1799] 2m41.93s S CXX obj/libANGLE_no_vulkan/Buffer.o
[877/1799] 2m41.93s S CXX obj/libANGLE_no_vulkan/EGLSync.o
[877/1799] 2m41.93s S CXX obj/libANGLE_no_vulkan/Shader.o
[877/1799] 2m41.93s S CXX obj/src/libANGLE/renderer/gl/angle_gl_backend/DisplayAndroid.o
[877/1799] 2m41.93s S CXX obj/angle_gpu_info_util/SystemInfo_android.o
[877/1799] 2m41.93s S CXX obj/libGLESv2/entry_points_egl_ext_autogen.o
[877/1799] 2m41.93s S CXX obj/libANGLE_no_vulkan/Thread.o
[877/1799] 2m41.93s S CXX obj/src/libANGLE/renderer/null/angle_null_backend/FenceNVNULL.o
[877/1799] 2m41.93s S CXX obj/libANGLE_no_vulkan/VertexArray.o
[877/1799] 2m41.93s S CXX obj/src/libANGLE/renderer/gl/angle_gl_backend/DeviceEGL.o
[877/1799] 2m41.93s S CXX obj/libANGLE_no_vulkan/Config.o
[877/1799] 2m41.93s S CXX obj/translator/BaseTypes.o
[877/1799] 2m41.93s S CXX obj/libANGLE_no_vulkan/ProgramLinkedResources.o
[877/1799] 2m41.93s S CXX obj/src/libANGLE/renderer/null/angle_null_backend/ContextNULL.o
[877/1799] 2m41.93s S CXX obj/src/common/vulkan/angle_libvulkan_loader/libvulkan_loader.o
[877/1799] 2m41.93s S CXX obj/src/libANGLE/renderer/null/angle_null_backend/RenderbufferNULL.o
[877/1799] 2m41.93s S CXX obj/libANGLE_no_vulkan/ProgramExecutable.o
[877/1799] 2m41.93s S CXX obj/libANGLE_no_vulkan/AttributeMap.o
[877/1799] 2m41.93s S CXX obj/translator/WrapStructConstructors.o
[877/1799] 2m41.93s S CXX obj/src/libANGLE/renderer/gl/angle_gl_backend/RendererGL.o
[877/1799] 2m41.93s S CXX obj/libANGLE_no_vulkan/DisplayImpl.o
[877/1799] 2m41.93s S CXX obj/translator/BuiltInFunctionEmulator.o
[877/1799] 2m41.93s S CXX obj/src/libANGLE/renderer/gl/angle_gl_backend/StateManagerGL.o
[877/1799] 2m41.93s S CXX obj/src/libANGLE/renderer/gl/angle_gl_backend/VertexArrayGL.o
[877/1799] 2m41.93s S CXX obj/libANGLE_no_vulkan/BlobCache.o
[877/1799] 2m41.93s S CXX obj/src/libANGLE/renderer/gl/angle_gl_backend/ClearMultiviewGL.o
[877/1799] 2m41.93s S CXX obj/translator/OutputGLSL.o
[877/1799] 2m41.93s S CXX obj/src/libANGLE/renderer/gl/angle_gl_backend/SurfaceEGL.o
[877/1799] 2m41.93s S CXX obj/libANGLE_no_vulkan/GlobalMutex.o
[877/1799] 2m41.93s S CXX obj/src/libANGLE/renderer/gl/angle_gl_backend/SyncEGL.o
[877/1799] 2m41.93s S CXX obj/src/common/spirv/angle_spirv_parser/spirv_instruction_parser_autogen.o
[877/1799] 2m41.93s S CXX obj/libGLESv2/entry_points_gles_1_0_autogen.o
[877/1799] 2m41.93s S CXX obj/libANGLE_no_vulkan/Renderbuffer.o
[877/1799] 2m41.93s S CXX obj/src/libANGLE/renderer/gl/angle_gl_backend/FunctionsEGLDL.o
[877/1799] 2m41.93s S CXX obj/src/libANGLE/renderer/gl/angle_gl_backend/ShaderGL.o
[877/1799] 2m41.93s S CXX obj/libANGLE_no_vulkan/Caps.o
[877/1799] 2m41.93s S CXX obj/libGLESv2/entry_points_gles_ext_autogen.o
[877/1799] 2m41.93s S CXX obj/src/libANGLE/renderer/gl/angle_gl_backend/RendererEGL.o
[877/1799] 2m41.93s S CXX obj/src/common/linux/angle_dma_buf/dma_buf_utils.o
[877/1799] 2m41.93s S CXX obj/libANGLE_no_vulkan/FramebufferAttachment.o
[877/1799] 2m41.93s S CXX obj/libANGLE_no_vulkan/Error.o
[877/1799] 2m41.93s S CXX obj/src/libANGLE/renderer/null/angle_null_backend/FramebufferNULL.o
[877/1799] 2m41.93s S CXX obj/libANGLE_no_vulkan/BufferImpl.o
[877/1799] 2m41.93s S CXX obj/src/libANGLE/renderer/gl/angle_gl_backend/PbufferSurfaceEGL.o
[877/1799] 2m41.93s S CXX obj/libANGLE_no_vulkan/HandleAllocator.o
[877/1799] 2m41.93s S CXX obj/libGLESv2/entry_points_gles_2_0_autogen.o
[877/1799] 2m41.93s S CXX obj/libGLESv2/libGLESv2_autogen.o
[877/1799] 2m41.93s S CXX obj/libANGLE_no_vulkan/Context_gles_1_0.o
[877/1799] 2m41.93s S CXX obj/libANGLE_no_vulkan/Framebuffer.o
[877/1799] 2m41.94s S CXX obj/translator/CollectVariables.o
[877/1799] 2m41.94s S CXX obj/translator/RewriteInterpolateAtOffset.o
[877/1799] 2m41.94s S CXX obj/translator/Compiler.o
[877/1799] 2m41.94s S CXX obj/translator/EmulateFramebufferFetch.o
[877/1799] 2m41.94s S CXX obj/translator/ReplaceVariable.o
[877/1799] 2m41.94s S CXX obj/libANGLE_no_vulkan/QueryImpl.o
[877/1799] 2m41.94s S CXX obj/translator/ConstantUnion.o
[877/1799] 2m41.94s S CXX obj/src/libANGLE/renderer/gl/angle_gl_backend/RenderbufferGL.o
[877/1799] 2m41.94s S CXX obj/translator/TranslatorESSL.o
[877/1799] 2m41.94s S CXX obj/translator/CallDAG.o
[877/1799] 2m41.94s S CXX obj/src/libANGLE/renderer/gl/angle_gl_backend/renderergl_utils.o
[877/1799] 2m41.94s S CXX obj/translator/ScalarizeVecAndMatConstructorArgs.o
[877/1799] 2m41.94s S CXX obj/src/libANGLE/renderer/gl/angle_gl_backend/QueryGL.o
[877/1799] 2m41.94s S CXX obj/translator/RemoveUnreferencedVariables.o
[877/1799] 2m41.94s S CXX obj/libANGLE_no_vulkan/Compiler.o
[877/1799] 2m41.94s S CXX obj/src/libANGLE/renderer/gl/angle_gl_backend/DmaBufImageSiblingEGL.o
[877/1799] 2m41.94s S CXX obj/translator/RewriteDfdy.o
[877/1799] 2m41.94s S CXX obj/translator/IntermTraverse.o
[877/1799] 2m41.94s S CXX obj/src/libANGLE/renderer/gl/angle_gl_backend/TextureGL.o
[877/1799] 2m41.94s S CXX obj/src/libANGLE/renderer/gl/angle_gl_backend/CompilerGL.o
[877/1799] 2m41.94s S CXX obj/src/libANGLE/renderer/null/angle_null_backend/ShaderNULL.o
[877/1799] 2m41.94s S CXX obj/libANGLE_no_vulkan/Texture.o
[877/1799] 2m41.94s S CXX obj/libANGLE_no_vulkan/EGLReusableSync.o
[877/1799] 2m41.94s S CXX obj/translator/VersionGLSL.o
[877/1799] 2m41.94s S CXX obj/libANGLE_no_vulkan/validationES2.o
[877/1799] 2m41.94s S CXX obj/libANGLE_no_vulkan/ContextMutex.o
[877/1799] 2m41.94s S CXX obj/libANGLE_no_vulkan/Device.o
[877/1799] 2m41.95s S CXX obj/libANGLE_no_vulkan/validationES32.o
[877/1799] 2m41.95s S CXX obj/src/libANGLE/renderer/gl/angle_gl_backend/ProgramPipelineGL.o
[877/1799] 2m41.95s S CXX obj/src/libANGLE/renderer/null/angle_null_backend/TextureNULL.o
[877/1799] 2m41.95s S CXX obj/libANGLE_no_vulkan/validationEGL.o
[877/1799] 2m41.95s S CXX obj/libANGLE_no_vulkan/GLES1State.o
[877/1799] 2m41.95s S CXX obj/src/libANGLE/renderer/gl/angle_gl_backend/DisplayEGL.o
[877/1799] 2m41.95s S CXX obj/libANGLE_no_vulkan/Fence.o
[877/1799] 2m41.95s S CXX obj/translator/FindPreciseNodes.o
[877/1799] 2m41.95s F CXX obj/third_party/perfetto/protos/perfetto/trace/track_event/cpp/state_descriptor.gen.o
[878/1799] 2m42.01s F CXX obj/third_party/perfetto/protos/perfetto/trace/track_event/cpp/counter_descriptor.gen.o
[879/1799] 2m42.42s F CXX obj/third_party/perfetto/protos/perfetto/trace/track_event/cpp/chrome_message_pump.gen.o
[880/1799] 2m42.46s F CXX obj/third_party/perfetto/protos/perfetto/trace/track_event/cpp/chrome_renderer_scheduler_state.gen.o
[881/1799] 2m42.49s F CXX obj/third_party/perfetto/protos/perfetto/trace/track_event/cpp/chrome_latency_info.gen.o
[882/1799] 2m42.53s F CXX obj/third_party/perfetto/protos/perfetto/trace/track_event/cpp/chrome_legacy_ipc.gen.o
[883/1799] 2m42.93s F CXX obj/third_party/perfetto/protos/perfetto/trace/track_event/cpp/chrome_thread_descriptor.gen.o
[884/1799] 2m43.06s F CXX obj/third_party/perfetto/protos/perfetto/trace/track_event/cpp/track_descriptor.gen.o
[885/1799] 2m43.10s F CXX obj/third_party/perfetto/protos/perfetto/trace/track_event/cpp/chrome_active_processes.gen.o
[886/1799] 2m43.44s F CXX obj/third_party/perfetto/protos/perfetto/config/cpp/chrome_config.gen.o
[887/1799] 2m43.67s F CXX obj/third_party/perfetto/protos/perfetto/config/cpp/test_config.gen.o
[888/1799] 2m43.75s F CXX obj/third_party/perfetto/protos/perfetto/config/cpp/etw_config.gen.o
[889/1799] 2m43.94s F CXX obj/third_party/perfetto/protos/perfetto/trace/track_event/cpp/chrome_mojo_event_info.gen.o
[890/1799] 2m43.96s F CXX obj/third_party/perfetto/protos/perfetto/trace/non_minimal_zero/test_extensions.pbzero.o
[891/1799] 2m44.27s F CXX obj/third_party/perfetto/protos/perfetto/config/cpp/interceptor_config.gen.o
[892/1799] 2m44.56s F CXX obj/third_party/perfetto/protos/perfetto/config/cpp/stress_test_config.gen.o
[893/1799] 2m44.65s F CXX obj/third_party/perfetto/protos/perfetto/config/cpp/trace_config.gen.o
[894/1799] 2m44.90s F CXX obj/third_party/perfetto/protos/perfetto/trace/track_event/cpp/chrome_frame_reporter.gen.o
[895/1799] 2m45.18s F CXX obj/third_party/perfetto/protos/perfetto/trace/track_event/cpp/process_descriptor.gen.o
[896/1799] 2m45.27s F CXX obj/third_party/perfetto/protos/perfetto/config/cpp/histogram_samples.gen.o
[897/1799] 2m45.41s F CXX obj/third_party/perfetto/protos/perfetto/trace/track_event/cpp/range_of_interest.gen.o
[898/1799] 2m45.46s F CXX obj/third_party/perfetto/protos/perfetto/trace/track_event/cpp/track_event.gen.o
[899/1799] 2m45.80s F CXX obj/third_party/perfetto/protos/perfetto/trace/track_event/cpp/log_message.gen.o
[900/1799] 2m45.96s F CXX obj/third_party/perfetto/protos/perfetto/trace/track_event/cpp/task_execution.gen.o
[901/1799] 2m46.07s F CXX obj/third_party/perfetto/protos/perfetto/config/cpp/data_source_config.gen.o
[902/1799] 2m46.08s F CXX obj/third_party/perfetto/protos/perfetto/trace/track_event/cpp/debug_annotation.gen.o
[903/1799] 2m46.33s F CXX obj/third_party/perfetto/protos/perfetto/trace/track_event/cpp/source_location.gen.o
[904/1799] 2m46.48s F CXX obj/third_party/perfetto/protos/perfetto/trace/track_event/cpp/screenshot.gen.o
[905/1799] 2m46.57s F CXX obj/third_party/perfetto/protos/perfetto/trace/track_event/cpp/chrome_content_settings_event_info.gen.o
[906/1799] 2m46.58s F CXX obj/third_party/perfetto/protos/perfetto/config/cpp/v8_config.gen.o
[907/1799] 2m46.84s F CXX obj/third_party/perfetto/protos/perfetto/trace/track_event/cpp/chrome_window_handle_event_info.gen.o
[908/1799] 2m47.07s F CXX obj/third_party/perfetto/protos/perfetto/config/cpp/system_metrics.gen.o
[909/1799] 2m47.09s F CXX obj/third_party/perfetto/protos/perfetto/trace/track_event/cpp/chrome_process_descriptor.gen.o
[910/1799] 2m47.09s F AR obj/third_party/perfetto/protos/perfetto/trace/statsd/libzero.a
[911/1799] 2m47.09s F AR obj/third_party/perfetto/protos/perfetto/trace/generic_kernel/libzero.a
[912/1799] 2m47.10s F AR obj/third_party/perfetto/protos/perfetto/trace/power/libzero.a
[913/1799] 2m47.10s F AR obj/third_party/perfetto/protos/perfetto/trace/etw/libzero.a
[914/1799] 2m47.10s F AR obj/third_party/perfetto/protos/perfetto/trace/libminimal_zero.a
[915/1799] 2m47.11s F AR obj/third_party/perfetto/protos/perfetto/trace/translation/libzero.a
[916/1799] 2m47.11s F AR obj/third_party/perfetto/protos/perfetto/trace/linux/libzero.a
[917/1799] 2m47.12s F AR obj/third_party/perfetto/protos/perfetto/trace/filesystem/libzero.a
[918/1799] 2m47.12s F AR obj/third_party/perfetto/protos/perfetto/trace/perfetto/libzero.a
[919/1799] 2m47.33s F CXX obj/third_party/perfetto/protos/perfetto/trace/track_event/cpp/chrome_keyed_service.gen.o
[920/1799] 2m47.34s F AR obj/third_party/perfetto/protos/perfetto/trace/sys_stats/libzero.a
[921/1799] 2m47.35s F CXX obj/third_party/perfetto/protos/perfetto/trace/track_event/cpp/chrome_compositor_scheduler_state.gen.o
[922/1799] 2m47.36s F AR obj/third_party/perfetto/protos/perfetto/trace/system_info/libzero.a
[923/1799] 2m47.36s F AR obj/third_party/perfetto/protos/perfetto/trace/interned_data/libzero.a
[924/1799] 2m47.37s F AR obj/third_party/perfetto/protos/perfetto/trace/ps/libzero.a
[924/1799] 2m47.37s S AR obj/third_party/perfetto/protos/perfetto/trace/libnon_minimal_zero.a
[925/1799] 2m47.62s F CXX obj/third_party/perfetto/protos/perfetto/trace/track_event/cpp/chrome_user_event.gen.o
[926/1799] 2m47.86s F CXX obj/third_party/perfetto/protos/perfetto/trace/track_event/cpp/chrome_application_state_info.gen.o
[927/1799] 2m47.86s S AR obj/third_party/perfetto/protos/perfetto/trace/track_event/libcpp.a
[927/1799] 2m48.07s F CXX obj/third_party/abseil-cpp/absl/time/internal/cctz/time_zone/time_zone_lookup.o
[928/1799] 2m48.39s F CXX obj/third_party/abseil-cpp/absl/synchronization/synchronization/stdcpp_waiter.o
[929/1799] 2m48.40s F CXX obj/third_party/perfetto/protos/perfetto/config/cpp/scenario_config.gen.o
[930/1799] 2m48.40s S AR obj/third_party/perfetto/protos/perfetto/config/libcpp.a
[930/1799] 2m48.40s F AR obj/third_party/perfetto/protos/perfetto/trace/track_event/libcpp.a
[931/1799] 2m48.43s F CXX obj/third_party/abseil-cpp/absl/debugging/utf8_for_code_point/utf8_for_code_point.o
[932/1798] 2m48.64s F CXX obj/third_party/abseil-cpp/absl/hash/city/city.o
[933/1798] 2m49.03s F CXX obj/third_party/spirv-tools/src/spvtools/parsed_operand.o
[934/1798] 2m49.28s F CXX obj/third_party/perfetto/src/tracing/client_api_without_backends/track_event_interned_fields.o
[935/1798] 2m49.33s F CXX obj/angle_common/MemoryBuffer.o
[936/1797] 2m49.59s F CXX obj/third_party/perfetto/src/base/regex/regex/regex.o
[937/1797] 2m49.74s F CXX obj/third_party/abseil-cpp/absl/debugging/demangle_internal/demangle.o
[938/1797] 2m49.82s F CXX obj/third_party/abseil-cpp/absl/base/base/cycleclock.o
[939/1797] 2m50.07s F CXX obj/angle_common/PackedGLEnums_autogen.o
[940/1797] 2m50.10s F CXX obj/third_party/spirv-tools/src/spvtools/spirv_endian.o
[941/1797] 2m50.22s F CXX obj/angle_common/PoolAlloc.o
[941/1797] 2m50.23s F CXX obj/third_party/abseil-cpp/absl/crc/crc_internal/crc_x86_arm_combined.o
[943/1797] 2m50.49s F CXX obj/third_party/abseil-cpp/absl/time/internal/cctz/time_zone/time_zone_libc.o
[944/1797] 2m50.55s F CXX obj/third_party/abseil-cpp/absl/debugging/decode_rust_punycode/decode_rust_punycode.o
[945/1796] 2m50.60s F CXX obj/third_party/abseil-cpp/absl/base/spinlock_wait/spinlock_wait.o
[946/1796] 2m51.01s F CXX obj/third_party/spirv-tools/src/spvtools/bit_vector.o
[947/1796] 2m51.10s F CXX obj/third_party/abseil-cpp/absl/container/hashtablez_sampler/hashtablez_sampler.o
[948/1796] 2m51.19s F CXX obj/third_party/abseil-cpp/absl/crc/crc_cord_state/crc_cord_state.o
[949/1796] 2m51.41s F CXX obj/third_party/abseil-cpp/absl/synchronization/synchronization/blocking_counter.o
[950/1796] 2m51.64s F CXX obj/third_party/abseil-cpp/absl/base/base/sysinfo.o
[951/1796] 2m51.78s F CXX obj/third_party/abseil-cpp/absl/time/internal/cctz/time_zone/time_zone_fixed.o
[952/1796] 2m51.93s F CXX obj/third_party/abseil-cpp/absl/crc/crc32c/crc_memcpy_x86_arm_combined.o
[953/1796] 2m52.11s F CXX obj/angle_common/SimpleMutex.o
[954/1796] 2m52.16s F CXX obj/third_party/abseil-cpp/absl/crc/crc32c/crc_non_temporal_memcpy.o
[955/1796] 2m52.43s F CXX obj/angle_common/aligned_memory.o
[956/1796] 2m52.65s F CXX obj/angle_common/WorkerThread.o
[957/1796] 2m52.66s F CXX obj/angle_common/android_util.o
[958/1796] 2m52.67s F CXX obj/angle_common/sha1.o
[959/1796] 2m52.75s F CXX obj/angle_common/angleutils.o
[960/1796] 2m52.83s F CXX obj/third_party/abseil-cpp/absl/debugging/demangle_rust/demangle_rust.o
[961/1796] 2m53.32s F CXX obj/third_party/spirv-tools/src/spvtools/opcode.o
[962/1796] 2m53.67s F CXX obj/angle_common/trace_categories.o
[963/1796] 2m53.74s F CXX obj/third_party/abseil-cpp/absl/time/time/civil_time.o
[964/1796] 2m53.99s F CXX obj/angle_common/debug.o
[965/1796] 2m54.11s F CXX obj/third_party/perfetto/src/protovm/protovm/error_handling.o
[966/1796] 2m54.15s F CXX obj/third_party/abseil-cpp/absl/time/internal/cctz/time_zone/time_zone_info.o
[967/1796] 2m54.30s F CXX obj/third_party/perfetto/src/protovm/protovm/rw_proto.o
[968/1796] 2m54.42s F CXX obj/third_party/spirv-tools/src/spvtools/print.o
[969/1796] 2m54.62s F CXX obj/third_party/abseil-cpp/absl/strings/strings/ascii.o
[970/1796] 2m54.72s F CXX obj/third_party/abseil-cpp/absl/time/time/clock.o
[971/1796] 2m54.87s F CXX obj/third_party/abseil-cpp/absl/base/throw_delegate/throw_delegate.o
[972/1796] 2m54.90s F CXX obj/third_party/abseil-cpp/absl/debugging/debugging_internal/address_is_readable.o
[973/1796] 2m55.05s F CXX obj/third_party/abseil-cpp/absl/crc/crc32c/crc_memcpy_fallback.o
[974/1796] 2m55.27s F CXX obj/third_party/perfetto/src/protovm/protovm/executor.o
[975/1796] 2m55.60s F CXX obj/third_party/abseil-cpp/absl/time/internal/cctz/time_zone/time_zone_format.o
[976/1796] 2m55.65s F CXX obj/third_party/perfetto/src/protovm/protovm/parser.o
[977/1796] 2m55.78s F CXX obj/third_party/perfetto/src/protovm/protovm/vm.o
[978/1796] 2m56.03s F CXX obj/third_party/abseil-cpp/absl/synchronization/synchronization/per_thread_sem.o
[979/1796] 2m56.30s F CXX obj/third_party/abseil-cpp/absl/numeric/int128/int128.o
[980/1796] 2m56.31s F CXX obj/third_party/abseil-cpp/absl/base/malloc_internal/low_level_alloc.o
[981/1796] 2m56.73s F CXX obj/third_party/perfetto/src/protovm/protovm/rw_proto_cursor.o
[982/1796] 2m56.91s F CXX obj/third_party/spirv-tools/src/spvtools/assembly_grammar.o
[983/1796] 2m56.94s F CXX obj/third_party/abseil-cpp/absl/strings/cordz_handle/cordz_handle.o
[984/1795] 2m57.29s F CXX obj/third_party/perfetto/src/protozero/filtering/string_filter/string_filter.o
[985/1795] 2m57.31s F CXX obj/third_party/abseil-cpp/absl/base/raw_logging_internal/raw_logging.o
[986/1795] 2m57.32s F CXX obj/third_party/spirv-tools/src/spvtools/timer.o
[987/1795] 2m57.36s F CXX obj/third_party/spirv-tools/src/spvtools/spirv_validator_options.o
[988/1795] 2m57.49s F CXX obj/third_party/spirv-tools/src/spvtools/text.o
[989/1795] 2m57.54s F CXX obj/third_party/perfetto/src/android_stats/android_stats/statsd_logging_helper.o
[990/1794] 2m57.65s F CXX obj/third_party/spirv-tools/src/spvtools/operand.o
[991/1794] 2m58.03s F CXX obj/third_party/spirv-tools/src/spvtools/string_utils.o
[992/1794] 2m58.17s F CXX obj/third_party/abseil-cpp/absl/container/hashtablez_sampler/hashtablez_sampler_force_weak_definition.o
[993/1794] 2m58.42s F CXX obj/third_party/spirv-tools/src/spvtools/name_mapper.o
[994/1794] 2m58.65s F CXX obj/third_party/spirv-tools/src/spvtools/table.o
[995/1794] 2m58.67s F CXX obj/third_party/abseil-cpp/absl/strings/cord_internal/cord_rep_crc.o
[996/1794] 2m59.28s F CXX obj/third_party/spirv-tools/src/spvtools/binary.o
[997/1794] 2m59.46s F CXX obj/third_party/abseil-cpp/absl/strings/strings/charconv.o
[998/1794] 2m59.56s F CXX obj/third_party/perfetto/src/protovm/protovm/node.o
[999/1794] 2m59.72s F CXX obj/third_party/abseil-cpp/absl/strings/cord_internal/cord_rep_btree.o
[1000/1794] 2m59.85s F CXX obj/third_party/abseil-cpp/absl/debugging/symbolize/symbolize.o
[1001/1794] 2m59.93s F CXX obj/third_party/abseil-cpp/absl/strings/cordz_info/cordz_info.o
[1002/1794] 3m00.41s F CXX obj/third_party/abseil-cpp/absl/strings/strings/charconv_bigint.o
[1003/1794] 3m00.62s F CXX obj/third_party/spirv-tools/src/spvtools/spirv_fuzzer_options.o
[1004/1794] 3m00.69s F CXX obj/third_party/abseil-cpp/absl/crc/crc32c/crc32c.o
[1005/1794] 3m01.02s F CXX obj/third_party/abseil-cpp/absl/strings/str_format_internal/output.o
[1006/1794] 3m01.04s F CXX obj/third_party/spirv-tools/src/spvtools/parse_number.o
[1007/1794] 3m01.28s F CXX obj/third_party/abseil-cpp/absl/container/raw_hash_set/raw_hash_set.o
[1008/1794] 3m01.39s F CXX obj/third_party/perfetto/src/tracing/system_backend_fake/system_tracing_backend_fake.o
[1009/1794] 3m01.70s F CXX obj/third_party/perfetto/src/tracing/common/trace_writer_base.o
[1010/1794] 3m01.74s F CXX obj/third_party/perfetto/src/protovm/protovm/allocator.o
[1011/1794] 3m01.78s F CXX obj/third_party/abseil-cpp/absl/time/time/duration.o
[1012/1794] 3m01.83s F CXX obj/third_party/perfetto/src/tracing/in_process_backend/in_process_tracing_backend.o
[1013/1794] 3m02.04s F CXX obj/third_party/spirv-tools/src/spvtools/to_string.o
[1014/1794] 3m02.10s F CXX obj/third_party/abseil-cpp/absl/debugging/stacktrace/stacktrace.o
[1015/1794] 3m02.11s F AR obj/third_party/perfetto/protos/perfetto/config/libcpp.a
[1016/1791] 3m02.22s F CXX obj/third_party/perfetto/src/protovm/protovm/ro_cursor.o
[1017/1791] 3m02.83s F CXX obj/third_party/perfetto/src/protozero/filtering/bytecode_parser/filter_bytecode_parser.o
[1018/1790] 3m02.84s F AR obj/third_party/perfetto/protos/perfetto/trace/libnon_minimal_zero.a
[1019/1787] 3m03.07s F CXX obj/third_party/abseil-cpp/absl/strings/str_format_internal/float_conversion.o
[1020/1787] 3m03.36s F CXX obj/third_party/spirv-tools/src/spvtools/text_handler.o
[1021/1787] 3m03.44s F CXX obj/third_party/abseil-cpp/absl/strings/strings/match.o
[1022/1787] 3m03.44s F CXX obj/third_party/abseil-cpp/absl/debugging/debugging_internal/vdso_support.o
[1023/1787] 3m03.99s F CXX obj/third_party/abseil-cpp/absl/strings/cord/cord.o
[1024/1787] 3m04.04s F CXX obj/third_party/abseil-cpp/absl/strings/strings/str_replace.o
[1025/1787] 3m04.22s F CXX obj/third_party/abseil-cpp/absl/time/time/format.o
[1026/1787] 3m04.36s F CXX obj/third_party/abseil-cpp/absl/strings/strings/damerau_levenshtein_distance.o
[1027/1787] 3m04.40s F CXX obj/third_party/abseil-cpp/absl/strings/strings/numbers.o
[1028/1787] 3m04.43s F CXX obj/third_party/abseil-cpp/absl/strings/internal/utf8.o
[1029/1787] 3m04.69s F CXX obj/third_party/abseil-cpp/absl/strings/cordz_functions/cordz_functions.o
[1030/1787] 3m05.14s F CXX obj/third_party/abseil-cpp/absl/strings/strings/str_split.o
[1031/1787] 3m05.33s F CXX obj/third_party/spirv-tools/src/spvtools/libspirv.o
[1032/1787] 3m05.43s F CXX obj/third_party/abseil-cpp/absl/strings/strings/escaping.o
[1033/1787] 3m05.60s F CXX obj/third_party/spirv-tools/src/spvtools/disassemble.o
[1034/1787] 3m05.81s F CXX obj/third_party/abseil-cpp/absl/strings/strings/charconv_parse.o
[1035/1787] 3m05.95s F CXX obj/third_party/abseil-cpp/absl/synchronization/synchronization/notification.o
[1036/1787] 3m05.97s F CXX obj/third_party/abseil-cpp/absl/base/base/unscaledcycleclock.o
[1037/1787] 3m06.13s F CXX obj/third_party/abseil-cpp/absl/synchronization/synchronization/waiter_base.o
[1038/1787] 3m06.15s F CXX obj/third_party/spirv-tools/src/spvtools/spirv_target_env.o
[1039/1787] 3m06.54s F CXX obj/third_party/spirv-tools/src/spvtools/table2.o
[1040/1787] 3m06.96s F CXX obj/third_party/abseil-cpp/absl/strings/str_format_internal/parser.o
[1041/1787] 3m07.05s F CXX obj/third_party/abseil-cpp/absl/strings/cord_internal/cord_rep_btree_reader.o
[1042/1787] 3m07.08s F CXX obj/third_party/abseil-cpp/absl/strings/cord/cord_analysis.o
[1043/1787] 3m07.56s F CXX obj/angle_common/event_tracer.o
[1044/1787] 3m07.63s F CXX obj/third_party/perfetto/src/tracing/client_api_without_backends/virtual_destructors.o
[1045/1787] 3m07.73s F CXX obj/third_party/perfetto/src/tracing/client_api_without_backends/console_interceptor.o
[1046/1787] 3m08.01s F CXX obj/third_party/abseil-cpp/absl/strings/cord_internal/cord_internal.o
[1047/1787] 3m08.22s F CXX obj/angle_common/mathutil.o
[1048/1787] 3m08.29s F CXX obj/third_party/spirv-tools/src/spvtools/diagnostic.o
[1049/1787] 3m08.52s F CXX obj/third_party/abseil-cpp/absl/base/base/casts.o
[1050/1787] 3m08.63s F CXX obj/third_party/abseil-cpp/absl/time/internal/cctz/time_zone/time_zone_impl.o
[1051/1787] 3m08.81s F CXX obj/third_party/perfetto/src/tracing/client_api_without_backends/platform.o
[1052/1787] 3m09.05s F CXX obj/angle_common/matrix_utils.o
[1053/1787] 3m09.11s F CXX obj/third_party/abseil-cpp/absl/time/internal/cctz/time_zone/zone_info_source.o
[1054/1787] 3m09.16s F CXX obj/third_party/perfetto/src/tracing/client_api_without_backends/data_source.o
[1055/1787] 3m09.17s F CXX obj/third_party/abseil-cpp/absl/crc/crc_internal/crc.o
[1056/1787] 3m09.38s F CXX obj/third_party/spirv-tools/src/spvtools/spirv_reducer_options.o
[1057/1787] 3m09.56s F CXX obj/angle_common/entry_points_enum_autogen.o
[1058/1787] 3m09.62s F CXX obj/third_party/abseil-cpp/absl/strings/internal/escaping.o
[1059/1787] 3m09.88s F CXX obj/angle_common/platform_helpers.o
[1060/1787] 3m09.90s F CXX obj/third_party/abseil-cpp/absl/synchronization/kernel_timeout_internal/kernel_timeout.o
[1061/1787] 3m10.28s F CXX obj/third_party/abseil-cpp/absl/synchronization/synchronization/pthread_waiter.o
[1062/1787] 3m10.55s F CXX obj/third_party/perfetto/src/tracing/client_api_without_backends/tracing_backend_fake.o
[1063/1787] 3m10.61s F CXX obj/third_party/perfetto/src/tracing/client_api_without_backends/event_context.o
[1064/1787] 3m10.72s F CXX obj/third_party/abseil-cpp/absl/time/time/time.o
[1065/1787] 3m11.23s F CXX obj/third_party/perfetto/src/tracing/client_api_without_backends/traced_value.o
[1066/1787] 3m11.25s F CXX obj/third_party/abseil-cpp/absl/time/internal/cctz/time_zone/time_zone_if.o
[1067/1787] 3m11.37s F CC obj/xxhash/xxhash.o
[1068/1786] 3m11.45s F CXX obj/third_party/abseil-cpp/absl/time/internal/cctz/time_zone/time_zone_posix.o
[1069/1786] 3m11.60s F CXX obj/angle_common/string_utils.o
[1070/1786] 3m11.67s F CXX obj/third_party/perfetto/src/tracing/client_api_without_backends/tracing_policy.o
[1071/1786] 3m11.71s F CXX obj/third_party/abseil-cpp/absl/types/source_location/source_location.o
[1072/1785] 3m11.96s F CXX obj/third_party/perfetto/src/tracing/client_api_without_backends/tracing_muxer_fake.o
[1073/1785] 3m12.16s F CXX obj/third_party/abseil-cpp/absl/strings/str_format_internal/extension.o
[1074/1785] 3m12.19s F CXX obj/third_party/spirv-tools/src/spvtools/spirv_optimizer_options.o
[1075/1785] 3m12.20s F CXX obj/third_party/abseil-cpp/absl/strings/str_format_internal/arg.o
[1076/1785] 3m12.79s F CXX obj/third_party/perfetto/src/tracing/client_api_without_backends/track.o
[1077/1785] 3m12.80s F CXX obj/third_party/abseil-cpp/absl/base/base/spinlock.o
[1078/1785] 3m12.84s F CXX obj/angle_common/system_utils.o
[1079/1785] 3m13.12s F CXX obj/third_party/abseil-cpp/absl/strings/internal/ostringstream.o
[1080/1785] 3m13.13s F CXX obj/third_party/perfetto/src/tracing/client_api_without_backends/platform_windows.o
[1081/1785] 3m13.38s F CXX obj/third_party/perfetto/src/tracing/client_api_without_backends/interceptor.o
[1082/1785] 3m13.41s F CXX obj/third_party/perfetto/src/tracing/client_api_without_backends/tracing.o
[1083/1784] 3m13.71s F CXX obj/third_party/perfetto/src/tracing/service/service/packet_stream_validator.o
[1083/1784] 3m13.71s F CXX obj/third_party/abseil-cpp/absl/profiling/exponential_biased/exponential_biased.o
[1085/1784] 3m13.75s F CXX obj/third_party/perfetto/src/tracing/service/service/random.o
[1086/1784] 3m14.19s F CXX obj/third_party/spirv-tools/src/spvtools/ext_inst.o
[1087/1784] 3m14.75s F CXX obj/third_party/perfetto/src/tracing/client_api_without_backends/track_event_internal.o
[1088/1784] 3m14.95s F CXX obj/third_party/perfetto/src/base/clock_snapshots/clock_snapshots.o
[1089/1783] 3m14.97s F CXX obj/third_party/abseil-cpp/absl/base/tracing_internal/tracing.o
[1090/1782] 3m15.32s F CXX obj/third_party/perfetto/src/tracing/service/service/trace_buffer_v2.o
[1091/1782] 3m15.55s F CXX obj/third_party/abseil-cpp/absl/hash/hash/hash.o
[1092/1782] 3m15.97s S AR obj/third_party/spirv-tools/src/libspvtools.a
[1092/1782] 3m15.97s F CXX obj/third_party/spirv-tools/src/spvtools/extensions.o
[1093/1782] 3m16.06s F CXX obj/third_party/perfetto/src/protozero/filtering/message_filter_config/message_filter_config.o
[1094/1782] 3m16.16s F CXX obj/third_party/perfetto/src/tracing/service/service/tracing_service_session.o
[1095/1780] 3m16.41s F CXX obj/third_party/abseil-cpp/absl/time/internal/cctz/civil_time/civil_time_detail.o
[1096/1780] 3m16.64s F CXX obj/angle_common/tls.o
[1097/1780] 3m16.65s F CXX obj/third_party/abseil-cpp/absl/base/base/thread_identity.o
[1098/1780] 3m17.33s F CXX obj/third_party/abseil-cpp/absl/strings/cord_internal/cord_rep_btree_navigator.o
[1099/1780] 3m17.33s F CXX obj/angle_common/uniform_type_info_autogen.o
[1100/1780] 3m17.52s F CXX obj/angle_common/utilities.o
[1101/1780] 3m18.00s F CXX obj/angle_common/backtrace_utils_noop.o
[1102/1780] 3m18.26s F CXX obj/third_party/perfetto/src/tracing/core/core/id_allocator.o
[1103/1780] 3m18.41s F CXX obj/third_party/perfetto/src/tracing/service/service/trace_buffer_v1.o
[1104/1780] 3m18.56s F CXX obj/third_party/perfetto/src/tracing/core/core/in_process_shared_memory.o
[1105/1780] 3m18.87s F CXX obj/third_party/perfetto/src/tracing/core/core/null_trace_writer.o
[1106/1780] 3m19.08s F CXX obj/third_party/perfetto/src/tracing/service/service/tracing_service_impl.o
[1107/1780] 3m19.41s F CXX obj/third_party/abseil-cpp/absl/synchronization/graphcycles_internal/graphcycles.o
[1108/1780] 3m19.50s F CXX obj/third_party/perfetto/src/tracing/service/service/tracing_service_endpoints_impl.o
[1109/1780] 3m19.62s F CXX obj/third_party/perfetto/src/tracing/core/core/shared_memory_abi.o
[1110/1780] 3m19.89s F CXX obj/third_party/abseil-cpp/absl/debugging/debugging_internal/elf_mem_image.o
[1111/1780] 3m20.26s F CXX obj/third_party/perfetto/src/tracing/client_api_without_backends/track_event_category_registry.o
[1112/1780] 3m20.32s F CXX obj/third_party/perfetto/src/tracing/core/core/trace_packet.o
[1113/1780] 3m20.35s F CXX obj/third_party/perfetto/src/base/version/version.o
[1114/1779] 3m20.99s F CXX obj/third_party/perfetto/src/tracing/core/core/shared_memory_arbiter_impl.o
[1115/1779] 3m21.07s F CXX obj/third_party/abseil-cpp/absl/synchronization/synchronization/sem_waiter.o
[1116/1779] 3m21.17s F CXX obj/third_party/perfetto/src/tracing/client_api_without_backends/track_event_legacy.o
[1117/1779] 3m21.66s F CXX obj/third_party/perfetto/src/tracing/client_api_without_backends/interceptor_trace_writer.o
[1118/1779] 3m22.02s F CXX obj/third_party/perfetto/src/tracing/client_api_without_backends/platform_posix.o
[1119/1779] 3m22.28s F CXX obj/third_party/perfetto/src/tracing/client_api_without_backends/tracing_muxer_impl.o
[1120/1779] 3m22.33s F CXX obj/third_party/perfetto/src/tracing/client_api_without_backends/track_event_state_tracker.o
[1121/1779] 3m22.48s F CXX obj/third_party/perfetto/src/tracing/core/core/trace_writer_impl.o
[1122/1778] 3m22.89s F CXX obj/third_party/perfetto/src/tracing/core/core/virtual_destructors.o
[1123/1778] 3m22.90s F CXX obj/angle_common/Float16ToFloat32.o
[1124/1778] 3m22.94s F CXX obj/third_party/abseil-cpp/absl/strings/str_format_internal/bind.o
[1125/1778] 3m22.95s F CXX obj/third_party/abseil-cpp/absl/synchronization/synchronization/win32_waiter.o
[1126/1778] 3m23.12s F CXX obj/third_party/perfetto/src/protozero/filtering/message_filter/message_filter.o
[1127/1776] 3m23.21s F CXX obj/third_party/perfetto/src/tracing/client_api_without_backends/checked_scope.o
[1128/1748] 3m23.29s F CXX obj/third_party/abseil-cpp/absl/base/log_severity/log_severity.o
[1129/1747] 3m23.35s F CXX obj/third_party/perfetto/src/tracing/client_api_without_backends/debug_annotation.o
[1130/1747] 3m23.46s F CXX obj/third_party/perfetto/src/tracing/service/service/clock.o
[1131/1747] 3m24.02s F CXX obj/angle_common/system_utils_linux.o
[1132/1747] 3m24.07s F CXX obj/third_party/abseil-cpp/absl/strings/strings/str_cat.o
[1133/1747] 3m24.13s F CXX obj/third_party/perfetto/src/tracing/service/service/metatrace_writer.o
[1134/1744] 3m24.15s F CXX obj/third_party/abseil-cpp/absl/synchronization/synchronization/barrier.o
[1135/1744] 3m24.73s F CXX obj/third_party/abseil-cpp/absl/synchronization/synchronization/futex_waiter.o
[1136/1744] 3m24.88s F CXX obj/angle_common/system_utils_posix.o
[1137/1744] 3m24.94s F CXX obj/third_party/abseil-cpp/absl/base/cpu_detect/cpu_detect.o
[1138/1742] 3m24.96s F CXX obj/third_party/abseil-cpp/absl/strings/strings/substitute.o
[1139/1742] 3m25.22s F CXX obj/third_party/abseil-cpp/absl/synchronization/synchronization/mutex.o
[1140/1742] 3m25.38s F CXX obj/third_party/abseil-cpp/absl/strings/strings/memutil.o
[1141/1734] 3m25.45s F CXX obj/third_party/abseil-cpp/absl/strings/strings/stringify_sink.o
[1142/1730] 3m25.68s F CXX obj/third_party/abseil-cpp/absl/synchronization/synchronization/create_thread_identity.o
[1143/1730] 3m25.70s F ASM obj/buildtools/third_party/libunwind/libunwind/UnwindRegistersSave.o
[1144/1730] 3m25.75s F CXX obj/angle_common/PackedEGLEnums_autogen.o
[1145/1730] 3m25.77s F CC obj/third_party/cpu_features/cpuinfo/hwcaps.o
[1146/1730] 3m25.80s F CC obj/third_party/zlib/zlib_adler32_simd/adler32_simd.o
[1147/1729] 3m26.14s F CXX obj/angle_common/PackedEnums.o
[1148/1729] 3m26.17s F CC obj/third_party/cpu_features/cpuinfo/filesystem.o
[1149/1729] 3m26.20s F CC obj/third_party/cpu_features/cpuinfo/stack_line_reader.o
[1150/1729] 3m26.32s F CXX obj/third_party/abseil-cpp/absl/strings/cord_internal/cord_rep_consume.o
[1151/1719] 3m26.32s S AR obj/libangle_common.a
[1151/1719] 3m26.37s F CXX obj/buildtools/third_party/libc++abi/libc++abi/stdlib_stdexcept.o
[1152/1719] 3m26.42s F CXX obj/preprocessor/Preprocessor.o
[1153/1719] 3m26.52s F CXX obj/buildtools/third_party/libc++abi/libc++abi/cxa_guard.o
[1154/1719] 3m27.47s F CXX obj/third_party/spirv-tools/src/spvtools_val/validate_atomics.o
[1155/1719] 3m27.50s F CXX obj/third_party/spirv-tools/src/spvtools_val/validate_barriers.o
[1156/1716] 3m27.51s F AR obj/libangle_common.a
[1157/1716] 3m27.62s F CXX obj/third_party/spirv-tools/src/spvtools_val/validate_bitwise.o
[1158/1716] 3m27.65s F CC obj/third_party/zlib/zlib/zutil.o
[1159/1716] 3m27.66s F CXX obj/third_party/spirv-tools/src/spvtools_val/validate.o
[1160/1716] 3m28.40s F CXX obj/third_party/spirv-tools/src/spvtools_val/instruction.o
[1161/1716] 3m28.47s F CC obj/third_party/zlib/zlib/gzlib.o
[1162/1716] 3m28.53s F CC obj/third_party/cpu_features/cpuinfo/impl_arm_linux_or_android.o
[1163/1716] 3m28.62s F CXX obj/third_party/spirv-tools/src/spvtools_val/validate_derivatives.o
[1164/1716] 3m28.72s F CC obj/third_party/zlib/zlib/inffast.o
[1165/1716] 3m28.75s F CXX obj/third_party/spirv-tools/src/spvtools_val/validate_constants.o
[1166/1716] 3m28.77s F CC obj/third_party/cpu_features/cpuinfo/string_view.o
[1167/1716] 3m28.80s F CC obj/third_party/cpu_features/ndk_compat/cpu-features.o
[1168/1716] 3m28.80s F CC obj/third_party/zlib/zlib/deflate.o
[1169/1716] 3m28.89s F CXX obj/third_party/spirv-tools/src/spvtools_val/validate_arithmetics.o
[1170/1716] 3m28.92s F CC obj/third_party/zlib/zlib/infback.o
[1171/1716] 3m29.44s F CXX obj/preprocessor/Macro.o
[1172/1716] 3m29.46s F CXX obj/buildtools/third_party/libc++abi/libc++abi/cxa_demangle_stub.o
[1173/1716] 3m29.88s F CXX obj/preprocessor/MacroExpander.o
[1174/1716] 3m30.01s F CXX obj/third_party/spirv-tools/src/spvtools_val/validate_layout.o
[1175/1716] 3m30.04s F CC obj/third_party/zlib/zlib/uncompr.o
[1176/1716] 3m30.06s F CC obj/third_party/cpu_features/cpuinfo/hwcaps_freebsd_or_openbsd.o
[1177/1716] 3m30.06s F AR obj/third_party/spirv-tools/src/libspvtools.a
[1178/1716] 3m30.13s F CXX obj/buildtools/third_party/libc++abi/libc++abi/cxa_exception_storage.o
[1179/1716] 3m30.47s F CXX obj/preprocessor/DirectiveParser.o
[1180/1716] 3m30.51s F CC obj/third_party/zlib/zlib/adler32.o
[1181/1716] 3m30.79s F CXX obj/third_party/spirv-tools/src/spvtools_val/validate_decorations.o
[1182/1716] 3m30.96s F CXX obj/third_party/spirv-tools/src/spvtools_val/validate_pipe.o
[1183/1716] 3m31.40s F CXX obj/third_party/spirv-tools/src/spvtools_val/validate_composites.o
[1184/1716] 3m31.78s F CXX obj/third_party/spirv-tools/src/spvtools_val/validate_conversion.o
[1185/1716] 3m31.97s F CXX obj/third_party/spirv-tools/src/spvtools_val/basic_block.o
[1186/1716] 3m32.01s F CXX obj/third_party/spirv-tools/src/spvtools_val/validate_group.o
[1187/1716] 3m32.05s F CC obj/third_party/zlib/zlib/gzread.o
[1188/1716] 3m32.09s F CC obj/third_party/zlib/zlib_arm_crc32/crc32_simd.o
[1189/1715] 3m32.42s F CXX obj/third_party/spirv-tools/src/spvtools_val/validate_image.o
[1190/1715] 3m33.10s F CXX obj/third_party/spirv-tools/src/spvtools_val/validate_graph.o
[1191/1715] 3m33.24s F CXX obj/third_party/spirv-tools/src/spvtools_val/construct.o
[1192/1715] 3m33.49s F CXX obj/third_party/spirv-tools/src/spvtools_val/validate_tensor_layout.o
[1193/1715] 3m33.81s F CXX obj/preprocessor/preprocessor_lex_autogen.o
[1194/1715] 3m34.46s F CXX obj/third_party/spirv-tools/src/spvtools_val/validate_mesh_shading.o
[1195/1715] 3m34.62s F CXX obj/third_party/spirv-tools/src/spvtools_val/validate_misc.o
[1196/1715] 3m35.06s F CXX obj/third_party/spirv-tools/src/spvtools_val/validate_function.o
[1197/1715] 3m35.27s F CXX obj/third_party/spirv-tools/src/spvtools_val/validation_state.o
[1198/1715] 3m35.57s F CXX obj/third_party/spirv-tools/src/spvtools_val/validate_memory_semantics.o
[1199/1715] 3m35.59s F CC obj/buildtools/third_party/libunwind/libunwind/Unwind-sjlj.o
[1200/1715] 3m35.65s F CXX obj/buildtools/third_party/libc++abi/libc++abi/cxa_vector.o
[1201/1715] 3m35.67s F CXX obj/third_party/spirv-tools/src/spvtools_val/validate_small_type_uses.o
[1202/1715] 3m36.35s F CXX obj/third_party/spirv-tools/src/spvtools_val/validate_tensor.o
[1203/1715] 3m36.72s F CXX obj/third_party/spirv-tools/src/spvtools_val/validate_mode_setting.o
[1204/1715] 3m36.74s F CXX obj/third_party/spirv-tools/src/spvtools_val/validate_invalid_type.o
[1205/1715] 3m36.90s F CXX obj/third_party/spirv-tools/src/spvtools_val/validate_id.o
[1206/1715] 3m37.80s F CXX obj/third_party/spirv-tools/src/spvtools_val/validate_logicals.o
[1207/1715] 3m37.87s F CC obj/third_party/zlib/zlib/crc32.o
[1208/1715] 3m37.93s F CXX obj/third_party/spirv-tools/src/spvtools_val/validate_instruction.o
[1209/1715] 3m38.02s F CXX obj/third_party/spirv-tools/src/spvtools_val/validate_ray_tracing.o
[1210/1715] 3m38.84s F CXX obj/third_party/spirv-tools/src/spvtools_val/validate_extensions.o
[1211/1715] 3m38.86s F CXX obj/buildtools/third_party/libc++abi/libc++abi/stdlib_typeinfo.o
[1212/1715] 3m38.87s F CXX obj/third_party/spirv-tools/src/spvtools_val/validate_literals.o
[1213/1715] 3m39.08s F CXX obj/third_party/spirv-tools/src/spvtools_val/validate_execution_limitations.o
[1214/1715] 3m39.23s F CXX obj/buildtools/third_party/libc++abi/libc++abi/cxa_default_handlers.o
[1215/1715] 3m39.40s F CXX obj/third_party/spirv-tools/src/spvtools_val/validate_logical_pointers.o
[1216/1715] 3m40.02s F CXX obj/third_party/spirv-tools/src/spvtools_val/validate_scopes.o
[1217/1715] 3m40.35s F CXX obj/third_party/spirv-tools/src/spvtools_val/validate_non_uniform.o
[1218/1715] 3m40.83s F CXX obj/third_party/spirv-tools/src/spvtools_val/validate_memory.o
[1219/1715] 3m40.86s F CC obj/third_party/zlib/zlib/gzclose.o
[1220/1715] 3m41.16s F CXX obj/third_party/spirv-tools/src/spvtools_val/function.o
[1221/1715] 3m41.44s F CXX obj/third_party/spirv-tools/src/spvtools_val/validate_ray_query.o
[1222/1715] 3m41.47s F CC obj/buildtools/third_party/libunwind/libunwind/UnwindLevel1.o
[1223/1715] 3m41.50s F CXX obj/buildtools/third_party/libc++abi/libc++abi/cxa_aux_runtime.o
[1224/1715] 3m41.53s F CC obj/buildtools/third_party/libunwind/libunwind/UnwindLevel1-gcc-ext.o
[1225/1715] 3m41.54s F CXX obj/third_party/spirv-tools/src/spvtools_val/validate_type.o
[1226/1715] 3m41.56s F CC obj/third_party/zlib/zlib/compress.o
[1227/1715] 3m41.62s F CC obj/third_party/zlib/zlib/gzwrite.o
[1228/1715] 3m41.65s F CXX obj/buildtools/third_party/libc++abi/libc++abi/cxa_personality.o
[1229/1715] 3m41.76s F CXX obj/buildtools/third_party/libunwind/libunwind/libunwind.o
[1230/1715] 3m41.83s F CXX obj/buildtools/third_party/libc++abi/libc++abi/cxa_thread_atexit.o
[1231/1715] 3m41.95s F CC obj/third_party/zlib/zlib_data_chunk_simd/inffast_chunk.o
[1232/1715] 3m42.01s F CC obj/third_party/zlib/zlib_data_chunk_simd/inflate.o
[1233/1714] 3m42.02s F CC obj/third_party/zlib/zlib/inftrees.o
[1234/1714] 3m42.29s F CXX obj/third_party/spirv-tools/src/spvtools_val/validate_annotation.o
[1235/1714] 3m42.35s F CXX obj/third_party/spirv-tools/src/spvtools_val/validate_capability.o
[1236/1714] 3m43.07s F CXX obj/third_party/spirv-tools/src/spvtools_val/validate_adjacency.o
[1237/1714] 3m43.39s F CXX obj/third_party/spirv-tools/src/spvtools_val/validate_debug.o
[1238/1714] 3m43.68s F CXX obj/angle_common_shader_state/CompiledShaderState.o
[1239/1714] 3m43.68s S AR obj/libangle_common_shader_state.a
[1239/1714] 3m43.74s F CXX obj/third_party/spirv-tools/src/spvtools_val/validate_interfaces.o
[1240/1714] 3m43.77s F CC obj/third_party/zlib/zlib/cpu_features.o
[1241/1714] 3m43.79s F ASM obj/buildtools/third_party/libunwind/libunwind/UnwindRegistersRestore.o
[1242/1714] 3m43.97s F CXX obj/buildtools/third_party/libc++abi/libc++abi/cxa_exception.o
[1243/1714] 3m44.00s F CC obj/third_party/cpu_features/cpuinfo/hwcaps_linux_or_android.o
[1244/1712] 3m44.11s F CXX obj/buildtools/third_party/libunwind/libunwind/Unwind-EHABI.o
[1245/1711] 3m44.12s F CXX obj/preprocessor/Lexer.o
[1246/1711] 3m44.15s F CXX obj/buildtools/third_party/libc++abi/libc++abi/stdlib_exception.o
[1247/1711] 3m44.70s F CXX obj/preprocessor/Token.o
[1248/1711] 3m44.71s F CXX obj/buildtools/third_party/libc++abi/libc++abi/cxa_virtual.o
[1249/1711] 3m45.19s F CXX obj/preprocessor/DiagnosticsBase.o
[1250/1711] 3m45.21s F CXX obj/third_party/spirv-tools/src/spvtools_val/validate_dot_product.o
[1251/1711] 3m45.26s F CXX obj/third_party/spirv-tools/src/spvtools_val/validate_explicit_layout.o
[1252/1711] 3m45.37s F CXX obj/buildtools/third_party/libc++abi/libc++abi/private_typeinfo.o
[1253/1711] 3m45.51s F CXX obj/third_party/spirv-tools/src/spvtools_val/validate_cfg.o
[1254/1711] 3m45.55s F CC obj/third_party/zlib/zlib/trees.o
[1255/1711] 3m45.55s S AR obj/third_party/zlib/libchrome_zlib.a
[1255/1711] 3m45.60s F CXX obj/preprocessor/DirectiveHandlerBase.o
[1256/1711] 3m45.95s F CXX obj/preprocessor/preprocessor_tab_autogen.o
[1257/1711] 3m45.98s F CXX obj/buildtools/third_party/libc++abi/libc++abi/abort_message.o
[1258/1711] 3m46.60s F CXX obj/preprocessor/Input.o
[1259/1711] 3m46.60s S AR obj/libpreprocessor.a
[1259/1711] 3m46.65s F CXX obj/third_party/spirv-tools/src/spvtools_val/validate_primitives.o
[1260/1711] 3m46.74s F CXX obj/buildtools/third_party/libc++abi/libc++abi/fallback_malloc.o
[1261/1711] 3m46.75s F CXX obj/buildtools/third_party/libc++abi/libc++abi/cxa_handlers.o
[1262/1711] 3m46.75s S AR obj/buildtools/third_party/libc++abi/libc++abi.a
[1262/1711] 3m46.81s F CXX obj/third_party/spirv-tools/src/spvtools_val/validate_ray_tracing_reorder.o
[1263/1711] 3m47.10s F CXX obj/buildtools/third_party/libc++/libc++/vector.o
[1264/1711] 3m47.45s F CXX obj/buildtools/third_party/libc++/libc++/hash.o
[1265/1711] 3m47.62s F CXX obj/translator/IsASTDepthBelowLimit.o
[1266/1711] 3m48.64s F CXX obj/translator/ValidateVaryingLocations.o
[1267/1711] 3m48.80s F CXX obj/translator/QualifierTypes.o
[1268/1711] 3m49.02s F CXX obj/third_party/spirv-tools/src/spvtools_val/validate_builtins.o
[1269/1711] 3m49.02s S AR obj/third_party/spirv-tools/src/libspvtools_val.a
[1269/1711] 3m49.10s F CXX obj/translator/RewriteStructSamplers.o
[1270/1711] 3m49.50s F CXX obj/translator/PoolAlloc.o
[1271/1711] 3m49.63s F CXX obj/translator/ShaderLang.o
[1272/1711] 3m49.77s F CXX obj/translator/ShaderVars.o
[1273/1711] 3m49.97s F CXX obj/translator/FindFunction.o
[1274/1711] 3m50.43s F CXX obj/translator/RunAtTheBeginningOfShader.o
[1275/1711] 3m50.54s F CXX obj/buildtools/third_party/libc++/libc++/chrono.o
[1276/1711] 3m50.63s F CXX obj/buildtools/third_party/libc++/libc++/d2s.o
[1277/1711] 3m50.68s F CXX obj/translator/SplitSequenceOperator.o
[1278/1711] 3m51.47s F CXX obj/translator/UseGeneratedNamesForAnonymousStructs.o
[1279/1711] 3m51.50s F CXX obj/translator/ValidateAST.o
[1280/1711] 3m51.76s F CXX obj/angle_gpu_info_util/SystemInfo_vulkan.o
[1281/1711] 3m52.41s F CXX obj/translator/VariablePacker.o
[1282/1711] 3m52.45s F CXX obj/translator/DeferGlobalInitializers.o
[1283/1711] 3m52.63s F CXX obj/translator/blocklayout.o
[1284/1711] 3m53.06s F CXX obj/buildtools/third_party/libc++/libc++/atomic.o
[1285/1711] 3m53.32s F CXX obj/translator/IntermNodePatternMatcher.o
[1286/1711] 3m53.61s F CXX obj/translator/AddDefaultReturnStatements.o
[1287/1711] 3m53.84s F CXX obj/translator/glslang_lex_autogen.o
[1288/1711] 3m54.54s F CXX obj/translator/SymbolTable.o
[1289/1711] 3m54.78s F CXX obj/translator/ReplaceArrayOfMatrixVarying.o
[1290/1711] 3m55.18s F CXX obj/angle_version_info/angle_version_info.o
[1291/1710] 3m55.34s F CXX obj/translator/ReplaceClipCullDistanceVariable.o
[1292/1710] 3m55.42s F CXX obj/translator/SymbolUniqueId.o
[1293/1710] 3m55.60s F CXX obj/translator/DeclareAndInitBuiltinsForInstancedMultiview.o
[1294/1710] 3m56.17s F CXX obj/translator/RewriteSampleMaskVariable.o
[1295/1710] 3m56.65s F CXX obj/translator/Operator.o
[1296/1710] 3m57.04s F CXX obj/buildtools/third_party/libc++/libc++/algorithm.o
[1297/1710] 3m57.04s F CXX obj/translator/SizeClipCullDistance.o
[1298/1710] 3m57.27s F CXX obj/translator/EmulateMultiDrawShaderBuiltins.o
[1299/1710] 3m57.61s F CXX obj/buildtools/third_party/libc++/libc++/future.o
[1300/1710] 3m57.66s F CXX obj/translator/SimplifyLoopConditions.o
[1301/1710] 3m57.90s F CXX obj/buildtools/third_party/libc++/libc++/path.o
[1302/1710] 3m58.16s F CXX obj/translator/ScalarizeVecAndMatConstructorArgs.o
[1303/1710] 3m58.55s F CXX obj/translator/ConstantUnion.o
[1304/1710] 3m59.36s F CXX obj/translator/ReplaceVariable.o
[1305/1710] 3m59.85s F CXX obj/translator/RewriteInterpolateAtOffset.o
[1306/1710] 4m00.27s F CXX obj/translator/BuiltInFunctionEmulatorGLSL.o
[1307/1710] 4m00.47s F CXX obj/translator/Compiler.o
[1308/1710] 4m00.60s F CXX obj/translator/glslang_tab_autogen.o
[1309/1710] 4m00.93s F CXX obj/translator/util.o
[1310/1710] 4m01.02s F CXX obj/translator/ImmutableString_autogen.o
[1311/1710] 4m01.70s F CXX obj/translator/OutputTree.o
[1312/1710] 4m02.14s F CXX obj/translator/PruneNoOps.o
[1313/1710] 4m02.27s F CXX obj/buildtools/third_party/libc++/libc++/operations.o
[1314/1710] 4m02.82s F CXX obj/buildtools/third_party/libc++/libc++/random_shuffle.o
[1315/1710] 4m02.89s F CXX obj/translator/IntermRebuild.o
[1316/1710] 4m03.23s F CXX obj/translator/DriverUniform.o
[1317/1710] 4m03.78s F CXX obj/translator/ExtensionGLSL.o
[1318/1710] 4m03.81s F CXX obj/buildtools/third_party/libc++/libc++/verbose_abort.o
[1319/1710] 4m03.82s F CXX obj/translator/OutputESSL.o
[1320/1710] 4m04.02s F CXX obj/buildtools/third_party/libc++/libc++/mutex.o
[1321/1710] 4m04.79s F CXX obj/translator/RewriteRepeatedAssignToSwizzled.o
[1322/1710] 4m05.00s F CXX obj/translator/ExpandFragmentOutputsToVec4.o
[1323/1710] 4m05.80s F CXX obj/translator/DirectiveHandler.o
[1324/1710] 4m05.89s F CXX obj/translator/Initialize.o
[1325/1710] 4m05.97s F CXX obj/translator/ParseContext.o
[1326/1710] 4m06.38s F CXX obj/buildtools/third_party/libc++/libc++/directory_iterator.o
[1327/1710] 4m06.76s F CXX obj/translator/EmulateGLFragColorBroadcast.o
[1328/1710] 4m06.92s F CXX obj/translator/ExtensionBehavior.o
[1329/1710] 4m06.92s F CXX obj/translator/UseInterfaceBlockFields.o
[1330/1710] 4m06.98s F CXX obj/translator/InfoSink.o
[1331/1710] 4m07.23s F CXX obj/buildtools/third_party/libc++/libc++/random.o
[1332/1710] 4m07.73s F CXX obj/src/common/spirv/angle_spirv_base/angle_spirv_utils.o
[1333/1709] 4m07.87s F CXX obj/translator/FlagStd140Structs.o
[1334/1709] 4m07.94s F CXX obj/translator/HashNames.o
[1335/1709] 4m08.17s F CXX obj/buildtools/third_party/libc++/libc++/d2fixed.o
[1336/1709] 4m09.22s F CXX obj/translator/EmulateYUVBuiltIns.o
[1337/1709] 4m09.25s F CXX obj/buildtools/third_party/libc++/libc++/new_helpers.o
[1338/1709] 4m09.30s F CXX obj/third_party/zlib/google/compression_utils_portable/compression_utils_portable.o
[1339/1709] 4m09.63s F CXX obj/translator/InitializeVariables.o
[1340/1709] 4m09.80s F CXX obj/translator/RemoveUnusedFramebufferFetch.o
[1341/1709] 4m10.03s F CXX obj/buildtools/third_party/libc++/libc++/bind.o
[1342/1709] 4m10.45s F CXX obj/translator/IntermNode_util.o
[1343/1709] 4m10.66s F CXX obj/buildtools/third_party/libc++/libc++/locale.o
[1344/1709] 4m10.94s F CXX obj/buildtools/third_party/libc++/libc++/system_error.o
[1345/1709] 4m10.99s F CXX obj/translator/RunAtTheEndOfShader.o
[1346/1709] 4m11.12s F CXX obj/buildtools/third_party/libc++/libc++/strstream.o
[1347/1709] 4m11.56s F CXX obj/translator/DeclarePerVertexBlocks.o
[1348/1709] 4m11.58s F CXX obj/buildtools/third_party/libc++/libc++/typeinfo.o
[1349/1709] 4m11.81s F CXX obj/translator/FoldExpressions.o
[1350/1709] 4m11.89s F CXX obj/buildtools/third_party/libc++/libc++/string.o
[1351/1709] 4m12.05s F CXX obj/angle_image_util/loadimage_etc.o
[1352/1709] 4m12.80s F CXX obj/translator/ReswizzleYUVOps.o
[1353/1709] 4m12.93s F CXX obj/buildtools/third_party/libc++/libc++/shared_mutex.o
[1354/1709] 4m13.16s F CXX obj/translator/FlagSamplersWithTexelFetch.o
[1355/1709] 4m13.74s F CXX obj/translator/SymbolTable_autogen.o
[1356/1709] 4m13.96s F CXX obj/translator/IntermNode.o
[1357/1709] 4m14.27s F CXX obj/buildtools/third_party/libc++/libc++/memory.o
[1358/1709] 4m14.54s F CXX obj/translator/RewritePixelLocalStorage.o
[1359/1709] 4m14.78s F CXX obj/angle_image_util/copyimage.o
[1360/1709] 4m14.80s F CXX obj/buildtools/third_party/libc++/libc++/stdexcept.o
[1361/1709] 4m15.01s F CXX obj/angle_image_util/AstcDecompressorNoOp.o
[1362/1709] 4m15.09s F CXX obj/translator/MonomorphizeUnsupportedFunctions.o
[1363/1709] 4m15.74s F CXX obj/translator/Name.o
[1364/1709] 4m15.93s F CXX obj/src/common/vulkan/angle_vulkan_icd/vulkan_icd.o
[1365/1709] 4m16.66s F CXX obj/angle_image_util/storeimage_paletted.o
[1366/1709] 4m16.85s F CXX obj/src/common/spirv/angle_spirv_builder/spirv_instruction_builder_autogen.o
[1367/1708] 4m16.87s F CXX obj/buildtools/third_party/libc++/libc++/error_category.o
[1368/1708] 4m16.88s F CXX obj/buildtools/third_party/libc++/libc++/exception.o
[1369/1708] 4m16.99s F CXX obj/angle_image_util/loadimage.o
[1370/1708] 4m17.20s F CXX obj/translator/TranslatorSPIRV.o
[1371/1708] 4m17.54s F CXX obj/angle_gpu_info_util/SystemInfo_android.o
[1372/1708] 4m17.56s F CXX obj/angle_image_util/loadimage_astc.o
[1373/1708] 4m17.64s F CXX obj/angle_gpu_info_util/SystemInfo.o
[1374/1708] 4m17.95s F CXX obj/translator/BaseTypes.o
[1375/1707] 4m18.07s F CXX obj/src/common/vulkan/angle_libvulkan_loader/libvulkan_loader.o
[1376/1707] 4m18.91s F CXX obj/translator/WrapStructConstructors.o
[1377/1707] 4m19.03s F CXX obj/translator/RewriteSamplerExternalTexelFetch.o
[1378/1707] 4m19.03s F CXX obj/translator/IntermTraverse.o
[1379/1707] 4m19.06s F CXX obj/translator/BuiltInFunctionEmulator.o
[1380/1707] 4m20.01s F CXX obj/translator/OutputGLSL.o
[1381/1707] 4m20.31s F CXX obj/translator/CollectVariables.o
[1382/1707] 4m20.50s F CXX obj/translator/OutputGLSLBase.o
[1383/1707] 4m20.77s F CXX obj/translator/RewriteR32fImages.o
[1384/1707] 4m21.01s F CXX obj/angle_image_util/imageformats.o
[1385/1707] 4m21.69s F CXX obj/translator/CallDAG.o
[1386/1707] 4m21.98s F CXX obj/translator/RewriteDfdy.o
[1387/1707] 4m22.60s F CXX obj/translator/EmulateFramebufferFetch.o
[1388/1707] 4m22.61s F CXX obj/translator/RemoveUnreferencedVariables.o
[1389/1707] 4m22.84s F CXX obj/translator/VersionGLSL.o
[1390/1707] 4m22.88s F CXX obj/translator/TranslatorESSL.o
[1391/1707] 4m23.19s F CXX obj/buildtools/third_party/libc++/libc++/charconv.o
[1392/1707] 4m23.47s F CXX obj/translator/FindMain.o
[1393/1707] 4m23.47s F AR obj/third_party/spirv-tools/src/libspvtools_val.a
[1394/1707] 4m23.82s F CXX obj/translator/PruneEmptyCases.o
[1395/1707] 4m23.93s F CXX obj/translator/Declarator.o
[1396/1707] 4m24.09s F CXX obj/buildtools/third_party/libc++/libc++/f2s.o
[1397/1707] 4m24.22s F CXX obj/buildtools/third_party/libc++/libc++/regex.o
[1398/1707] 4m24.22s F AR obj/libpreprocessor.a
[1399/1707] 4m24.23s F AR obj/buildtools/third_party/libc++abi/libc++abi.a
[1400/1707] 4m24.73s F CXX obj/translator/RecordConstantPrecision.o
[1401/1707] 4m24.74s S AR obj/third_party/zlib/google/libcompression_utils_portable.a
[1401/1707] 4m24.74s F AR obj/third_party/zlib/libchrome_zlib.a
[1402/1707] 4m24.80s F CXX obj/buildtools/third_party/libc++/libc++/condition_variable_destructor.o
[1403/1707] 4m25.11s F CXX obj/translator/RemoveArrayLengthMethod.o
[1404/1707] 4m25.16s F CXX obj/translator/FindPreciseNodes.o
[1405/1707] 4m25.22s F CXX obj/translator/ReduceInterfaceBlocks.o
[1406/1707] 4m25.92s F CXX obj/buildtools/third_party/libc++/libc++/thread.o
[1407/1707] 4m26.10s F CXX obj/translator/BuiltinsWorkaround.o
[1408/1707] 4m26.33s F CXX obj/translator/RemoveDynamicIndexing.o
[1409/1707] 4m26.44s F CXX obj/translator/CodeGen.o
[1410/1707] 4m26.92s F CXX obj/translator/RemoveAtomicCounterBuiltins.o
[1411/1707] 4m27.15s F CXX obj/translator/ClampGLLayer.o
[1412/1707] 4m27.91s F CXX obj/buildtools/third_party/libc++/libc++/filesystem_clock.o
[1413/1707] 4m28.05s F CXX obj/buildtools/third_party/libc++/libc++/new_handler.o
[1414/1707] 4m28.14s F CXX obj/translator/EmulateFragColorData.o
[1415/1707] 4m28.66s F CXX obj/translator/EmulateAdvancedBlendEquations.o
[1416/1707] 4m29.09s F CXX obj/translator/PreTransformTextureCubeGradDerivatives.o
[1417/1705] 4m29.46s F CC obj/src/third_party/volk/volk/volk.o
[1418/1703] 4m29.46s S AR obj/libangle_gpu_info_util.a
[1418/1703] 4m29.96s F CXX obj/translator/SeparateDeclarations.o
[1419/1703] 4m30.22s F CXX obj/translator/BuildSPIRV.o
[1420/1703] 4m30.30s F CXX obj/buildtools/third_party/libc++/libc++/variant.o
[1421/1703] 4m30.47s F CXX obj/buildtools/third_party/libc++/libc++/call_once.o
[1422/1703] 4m30.54s F CXX obj/translator/RewriteArrayOfArrayOfOpaqueUniforms.o
[1423/1703] 4m30.62s F CXX obj/angle_image_util/loadimage_paletted.o
[1423/1703] 4m30.62s S AR obj/libangle_image_util.a
[1424/1703] 4m30.63s F AR obj/libangle_common_shader_state.a
[1425/1703] 4m31.01s F CXX obj/buildtools/third_party/libc++/libc++/condition_variable.o
[1426/1703] 4m31.21s F CXX obj/translator/RewriteAtomicCounters.o
[1427/1703] 4m31.54s F CXX obj/translator/RemoveInvariantDeclaration.o
[1428/1703] 4m31.73s F CXX obj/translator/TranslatorGLSL.o
[1429/1703] 4m32.40s F CXX obj/buildtools/third_party/libc++/libc++/ios.o
[1430/1703] 4m32.59s F CXX obj/translator/RemoveInactiveInterfaceVariables.o
[1431/1703] 4m32.62s F CXX obj/buildtools/third_party/libc++/libc++/any.o
[1432/1703] 4m33.15s F CXX obj/translator/GatherDefaultUniforms.o
[1433/1703] 4m33.36s F CXX obj/translator/RewriteTexelFetchOffset.o
[1434/1703] 4m33.56s F CXX obj/translator/ClampFragDepth.o
[1435/1703] 4m33.62s F CXX obj/buildtools/third_party/libc++/libc++/mutex_destructor.o
[1436/1703] 4m33.71s F CXX obj/buildtools/third_party/libc++/libc++/filesystem_error.o
[1437/1703] 4m34.39s F CXX obj/buildtools/third_party/libc++/libc++/iostream.o
[1438/1703] 4m34.53s F CXX obj/translator/OutputSPIRV.o
[1439/1703] 4m34.53s F CXX obj/translator/Types.o
[1440/1703] 4m34.56s F CXX obj/buildtools/third_party/libc++/libc++/valarray.o
[1441/1703] 4m34.77s F CXX obj/buildtools/third_party/libc++/libc++/functional.o
[1442/1703] 4m35.22s F CXX obj/buildtools/third_party/libc++/libc++/ios.instantiations.o
[1443/1703] 4m35.40s F CXX obj/translator/FindSymbolNode.o
[1444/1703] 4m35.71s F CXX obj/translator/ClampPointSize.o
[1445/1703] 4m36.19s F CXX obj/translator/Symbol.o
[1446/1703] 4m36.22s F CXX obj/buildtools/third_party/libc++/libc++/barrier.o
[1447/1703] 4m36.23s F CXX obj/buildtools/third_party/libc++/libc++/new.o
[1448/1703] 4m36.25s F CXX obj/translator/Diagnostics.o
[1449/1703] 4m36.25s F CXX obj/translator/ReplaceShadowingVariables.o
[1450/1703] 4m36.33s F CXX obj/buildtools/third_party/libc++/libc++/optional.o
[1450/1703] 4m36.33s S AR obj/buildtools/third_party/libc++/libc++.a
[1451/1703] 4m36.97s F CXX obj/translator/ImmutableStringBuilder.o
[1452/1703] 4m37.15s F CXX obj/translator/FunctionLookup.o
[1453/1703] 4m37.15s F AR obj/buildtools/third_party/libc++/libc++.a
[1454/1703] 4m37.21s F CXX obj/translator/ValidateGlobalInitializer.o
[1455/1703] 4m37.29s F CXX obj/translator/ClampIndirectIndices.o
[1455/1703] 4m37.29s S AR obj/libtranslator.a
[1456/1703] 4m38.13s F CXX obj/libANGLE_no_vulkan/Config.o
[1457/1703] 4m39.75s F CXX obj/src/libANGLE/renderer/gl/angle_gl_backend/ShaderGL.o
[1458/1703] 4m39.76s F AR obj/libtranslator.a
[1459/1703] 4m40.20s F CXX obj/src/libANGLE/renderer/gl/angle_gl_backend/TextureGL.o
[1460/1703] 4m40.60s F CXX obj/libANGLE_no_vulkan/EGLSync.o
[1461/1703] 4m41.16s F CXX obj/src/libANGLE/renderer/vulkan/angle_vulkan_backend/HardwareBufferImageSiblingVkAndroid.o
[1462/1703] 4m41.76s F CXX obj/src/libANGLE/renderer/null/angle_null_backend/DeviceNULL.o
[1463/1703] 4m42.20s F CXX obj/libANGLE_no_vulkan/TextureImpl.o
[1464/1703] 4m43.74s F CXX obj/src/libANGLE/renderer/gl/angle_gl_backend/DisplayGL.o
[1465/1703] 4m43.95s F CXX obj/libANGLE_no_vulkan/ProgramPipelineImpl.o
[1466/1703] 4m44.18s F AR obj/third_party/zlib/google/libcompression_utils_portable.a
[1467/1703] 4m44.18s F CXX obj/src/libANGLE/renderer/vulkan/angle_vulkan_backend/DisplayVk.o
[1468/1703] 4m44.65s F CXX obj/libANGLE_no_vulkan/ImageIndex.o
[1469/1703] 4m44.75s F CXX obj/libANGLE_no_vulkan/TransformFeedbackImpl.o
[1470/1703] 4m45.38s F CXX obj/src/libANGLE/renderer/gl/angle_gl_backend/ProgramGL.o
[1471/1703] 4m46.08s F CXX obj/libANGLE_no_vulkan/Observer.o
[1472/1703] 4m46.22s F CXX obj/src/libANGLE/renderer/gl/angle_gl_backend/ClearMultiviewGL.o
[1473/1703] 4m46.37s F CXX obj/src/libANGLE/renderer/gl/angle_gl_backend/FunctionsGL.o
[1474/1703] 4m46.91s F CXX obj/libANGLE_no_vulkan/RenderbufferImpl.o
[1475/1703] 4m47.07s F CXX obj/libGLESv2/egl_stubs_getprocaddress_autogen.o
[1476/1703] 4m47.54s F CXX obj/src/libANGLE/renderer/gl/angle_gl_backend/BlitGL.o
[1477/1703] 4m48.97s F CXX obj/libANGLE_no_vulkan/VaryingPacking.o
[1478/1703] 4m49.19s F CXX obj/third_party/vulkan_memory_allocator/vulkan_memory_allocator/vma.o
[1479/1702] 4m49.42s F CXX obj/libANGLE_no_vulkan/Image.o
[1480/1702] 4m51.78s F CXX obj/src/libANGLE/renderer/null/angle_null_backend/FramebufferNULL.o
[1481/1702] 4m51.82s F CXX obj/libGLESv2/egl_ext_stubs.o
[1482/1702] 4m52.08s F CXX obj/src/libANGLE/renderer/vulkan/angle_vulkan_backend/TextureVk.o
[1483/1702] 4m52.28s F CXX obj/libANGLE_no_vulkan/Shader.o
[1484/1702] 4m52.79s F CXX obj/libANGLE_no_vulkan/HandleAllocator.o
[1485/1702] 4m54.20s F CXX obj/src/libANGLE/renderer/gl/angle_gl_backend/BufferGL.o
[1486/1702] 4m54.47s F CXX obj/src/libANGLE/renderer/gl/angle_gl_backend/SyncGL.o
[1487/1702] 4m54.92s F CXX obj/src/libANGLE/renderer/gl/angle_gl_backend/ImageEGL.o
[1488/1702] 4m55.28s F CXX obj/libANGLE_no_vulkan/Stream.o
[1489/1702] 4m56.04s F CXX obj/libANGLE_no_vulkan/Error.o
[1490/1702] 4m56.17s F CXX obj/libANGLE_no_vulkan/IndexRangeCache.o
[1491/1702] 4m57.77s F CXX obj/src/libANGLE/renderer/gl/angle_gl_backend/ImageGL.o
[1492/1702] 4m58.18s F CXX obj/src/libANGLE/renderer/vulkan/angle_vulkan_backend/TransformFeedbackVk.o
[1493/1702] 4m59.60s F CXX obj/src/libANGLE/renderer/vulkan/angle_vulkan_backend/MemoryTracking.o
[1494/1702] 5m00.14s F CXX obj/src/libANGLE/renderer/null/angle_null_backend/SurfaceNULL.o
[1495/1702] 5m00.18s F CXX obj/libANGLE_no_vulkan/Display.o
[1496/1702] 5m00.79s F CXX obj/libANGLE_no_vulkan/Framebuffer.o
[1497/1702] 5m01.16s F CXX obj/libANGLE_no_vulkan/ImageImpl.o
[1498/1702] 5m03.59s F CXX obj/src/libANGLE/renderer/gl/angle_gl_backend/SemaphoreGL.o
[1499/1702] 5m04.24s F CXX obj/src/libANGLE/renderer/gl/angle_gl_backend/StateManagerGL.o
[1500/1702] 5m04.69s F CXX obj/src/libANGLE/renderer/vulkan/angle_vulkan_backend/SemaphoreVk.o
[1501/1702] 5m04.85s F CXX obj/libANGLE_no_vulkan/ProgramExecutable.o
[1502/1702] 5m05.53s F CXX obj/libANGLE_no_vulkan/QueryImpl.o
[1503/1702] 5m06.59s F CXX obj/libANGLE_no_vulkan/ProgramPipeline.o
[1504/1702] 5m07.24s F CXX obj/src/libANGLE/renderer/gl/angle_gl_backend/DmaBufImageSiblingEGL.o
[1505/1702] 5m07.77s F CXX obj/libANGLE_no_vulkan/format_map_autogen.o
[1506/1702] 5m08.05s F CXX obj/libANGLE_no_vulkan/ResourceManager.o
[1507/1702] 5m08.12s F CXX obj/libANGLE_no_vulkan/State.o
[1508/1702] 5m10.33s F CXX obj/src/libANGLE/renderer/vulkan/angle_vulkan_backend/SamplerVk.o
[1509/1702] 5m10.47s F CXX obj/libANGLE_no_vulkan/EGLReusableSync.o
[1510/1702] 5m10.95s F CXX obj/libANGLE_no_vulkan/Texture.o
[1511/1702] 5m10.98s F CXX obj/src/libANGLE/renderer/vulkan/angle_vulkan_backend/SecondaryCommandPool.o
[1512/1702] 5m12.68s F CXX obj/src/libANGLE/renderer/null/angle_null_backend/ProgramExecutableNULL.o
[1513/1702] 5m12.69s F CXX obj/src/libANGLE/renderer/null/angle_null_backend/ShaderNULL.o
[1514/1702] 5m13.56s F CXX obj/libANGLE_no_vulkan/validationES31.o
[1515/1702] 5m14.21s F CXX obj/src/libANGLE/renderer/vulkan/angle_vulkan_backend/FenceNVVk.o
[1516/1702] 5m14.88s F CXX obj/src/libANGLE/renderer/gl/angle_gl_backend/DispatchTableGL_autogen.o
[1517/1702] 5m15.11s F CXX obj/src/libANGLE/renderer/gl/angle_gl_backend/ContextEGL.o
[1518/1702] 5m15.27s F CXX obj/libANGLE_no_vulkan/queryconversions.o
[1519/1702] 5m16.71s F CXX obj/src/libANGLE/renderer/null/angle_null_backend/VertexArrayNULL.o
[1520/1702] 5m16.76s F CXX obj/libANGLE_no_vulkan/TransformFeedback.o
[1521/1702] 5m18.36s F CXX obj/libANGLE_no_vulkan/VertexArrayImpl.o
[1522/1702] 5m18.48s F CXX obj/libANGLE_no_vulkan/Format_table_autogen.o
[1523/1702] 5m18.78s F CXX obj/libANGLE_no_vulkan/validationES.o
[1524/1702] 5m19.23s F CXX obj/src/libANGLE/renderer/null/angle_null_backend/ContextNULL.o
[1525/1702] 5m20.23s F CXX obj/src/libANGLE/renderer/gl/angle_gl_backend/ProgramPipelineGL.o
[1526/1702] 5m21.16s F CXX obj/libANGLE_no_vulkan/validationES3.o
[1527/1702] 5m21.89s F CXX obj/libANGLE_no_vulkan/Device.o
[1528/1702] 5m22.84s F CXX obj/libGLESv2/egl_stubs.o
[1529/1702] 5m23.53s F CXX obj/src/libANGLE/renderer/null/angle_null_backend/BufferNULL.o
[1530/1702] 5m23.54s F CXX obj/libANGLE_no_vulkan/VertexAttribute.o
[1531/1702] 5m23.95s F CXX obj/src/libANGLE/renderer/gl/angle_gl_backend/formatutilsgl.o
[1532/1702] 5m25.82s F CXX obj/libGLESv2/entry_points_egl_autogen.o
[1533/1702] 5m25.94s F CXX obj/libANGLE_no_vulkan/validationES32.o
[1534/1702] 5m26.40s F CXX obj/libANGLE_no_vulkan/Thread.o
[1535/1702] 5m27.44s F CXX obj/src/libANGLE/renderer/vulkan/angle_vulkan_backend/vk_resource.o
[1536/1702] 5m27.93s F CXX obj/src/libANGLE/renderer/vulkan/angle_vulkan_backend/AHBFunctions.o
[1537/1702] 5m28.31s F CXX obj/libANGLE_no_vulkan/DisplayImpl.o
[1538/1702] 5m28.67s F CXX obj/libANGLE_no_vulkan/GLES1State.o
[1539/1702] 5m29.39s F CXX obj/libANGLE_no_vulkan/validationES2.o
[1540/1702] 5m30.46s F CXX obj/src/libANGLE/renderer/gl/angle_gl_backend/QueryGL.o
[1541/1702] 5m32.12s F CXX obj/src/libANGLE/renderer/vulkan/angle_vulkan_backend/RenderbufferVk.o
[1542/1702] 5m32.33s F CXX obj/src/libANGLE/renderer/vulkan/angle_vulkan_backend/Suballocation.o
[1543/1702] 5m33.20s F CXX obj/src/libANGLE/renderer/vulkan/angle_vulkan_backend/vk_android_utils.o
[1544/1702] 5m33.32s F CXX obj/libANGLE_no_vulkan/Uniform.o
[1545/1702] 5m33.82s F CXX obj/src/libANGLE/renderer/gl/angle_gl_backend/renderergl_utils.o
[1546/1702] 5m34.41s F CXX obj/src/libANGLE/renderer/gl/angle_gl_backend/FunctionsEGLDL.o
[1547/1702] 5m34.60s F CXX obj/libANGLE_no_vulkan/validationES1.o
[1548/1702] 5m35.68s F CXX obj/src/libANGLE/renderer/null/angle_null_backend/DisplayNULL.o
[1549/1702] 5m36.99s F CXX obj/src/libANGLE/renderer/vulkan/angle_vulkan_backend/vk_format_table_autogen.o
[1550/1702] 5m37.55s F CXX obj/libANGLE_no_vulkan/GlobalMutex.o
[1551/1702] 5m37.87s F CXX obj/src/libANGLE/renderer/vulkan/angle_vulkan_backend/vk_caps_utils.o
[1552/1702] 5m38.02s F CXX obj/src/libANGLE/renderer/vulkan/angle_vulkan_backend/FramebufferVk.o
[1553/1702] 5m39.80s F CXX obj/src/libANGLE/renderer/vulkan/angle_vulkan_backend/PersistentCommandPool.o
[1554/1702] 5m39.82s F CXX obj/libANGLE_no_vulkan/renderer_utils.o
[1555/1702] 5m40.46s F CXX obj/src/libANGLE/renderer/vulkan/angle_vulkan_backend/CompilerVk.o
[1556/1702] 5m40.95s F CXX obj/src/common/spirv/angle_spirv_parser/spirv_instruction_parser_autogen.o
[1557/1701] 5m41.76s F CXX obj/src/libANGLE/renderer/vulkan/angle_vulkan_backend/CommandQueue.o
[1558/1701] 5m42.82s F CXX obj/libANGLE_no_vulkan/Sampler.o
[1559/1701] 5m43.01s F CXX obj/src/libANGLE/renderer/vulkan/angle_vulkan_backend/ShaderInterfaceVariableInfoMap.o
[1560/1701] 5m43.99s F CXX obj/libANGLE_no_vulkan/driver_utils.o
[1561/1701] 5m44.80s F CXX obj/src/libANGLE/renderer/null/angle_null_backend/TransformFeedbackNULL.o
[1562/1701] 5m45.25s F CXX obj/src/libANGLE/renderer/vulkan/angle_vulkan_backend/ContextVk.o
[1563/1701] 5m45.87s F CXX obj/src/libANGLE/renderer/gl/angle_gl_backend/FunctionsEGL.o
[1564/1701] 5m45.89s F CXX obj/libGLESv2/entry_points_gles_3_2_autogen.o
[1565/1701] 5m46.73s F CXX obj/src/libANGLE/renderer/null/angle_null_backend/SamplerNULL.o
[1566/1701] 5m46.85s F CXX obj/libANGLE_no_vulkan/SurfaceImpl.o
[1567/1701] 5m46.99s F CXX obj/src/libANGLE/renderer/vulkan/angle_vulkan_backend/ProgramExecutableVk.o
[1568/1701] 5m47.86s F CXX obj/libANGLE_no_vulkan/MemoryObject.o
[1569/1701] 5m49.15s F CXX obj/src/libANGLE/renderer/gl/angle_gl_backend/TransformFeedbackGL.o
[1570/1701] 5m49.41s F CXX obj/libANGLE_no_vulkan/Renderbuffer.o
[1571/1701] 5m49.80s F CXX obj/libANGLE_no_vulkan/gles_extensions_autogen.o
[1572/1701] 5m50.85s F CXX obj/src/libANGLE/renderer/vulkan/angle_vulkan_backend/QueryVk.o
[1573/1701] 5m51.34s F CXX obj/libANGLE_no_vulkan/DeviceImpl.o
[1574/1701] 5m51.86s F CXX obj/src/libANGLE/renderer/gl/angle_gl_backend/RendererEGL.o
[1575/1701] 5m51.87s F CXX obj/angle_frame_capture_mock/serialize_mock.o
[1576/1701] 5m52.96s F CXX obj/libANGLE_no_vulkan/Caps.o
[1577/1701] 5m53.57s F CXX obj/src/libANGLE/renderer/vulkan/angle_vulkan_backend/vk_mandatory_format_support_table_autogen.o
[1578/1701] 5m55.69s F CXX obj/src/libANGLE/renderer/gl/angle_gl_backend/VertexArrayGL.o
[1579/1701] 5m55.74s F CXX obj/src/libANGLE/renderer/vulkan/angle_vulkan_backend/RenderTargetVk.o
[1580/1701] 5m55.99s F CXX obj/libANGLE_no_vulkan/FramebufferAttachment.o
[1581/1701] 5m56.10s F CXX obj/libANGLE_no_vulkan/Context.o
[1582/1701] 5m56.40s F CXX obj/libGLESv2/libGLESv2_autogen.o
[1583/1701] 5m58.10s F CXX obj/libANGLE_no_vulkan/MemoryShaderCache.o
[1584/1701] 5m58.56s F CXX obj/libANGLE_no_vulkan/Context_gles_1_0.o
[1585/1701] 5m59.19s F CXX obj/src/libANGLE/renderer/null/angle_null_backend/CompilerNULL.o
[1586/1701] 5m59.44s F CXX obj/libANGLE_no_vulkan/queryutils.o
[1587/1701] 5m59.93s F CXX obj/src/libANGLE/renderer/vulkan/angle_vulkan_backend/SyncVk.o
[1588/1701] 6m00.40s F CXX obj/libANGLE_no_vulkan/Debug.o
[1589/1700] 6m00.49s F CXX obj/src/libANGLE/renderer/vulkan/angle_vk_mem_alloc_wrapper/vk_mem_alloc_wrapper.o
[1590/1700] 6m00.63s F CXX obj/src/libANGLE/renderer/gl/angle_gl_backend/SyncEGL.o
[1591/1700] 6m01.69s F CXX obj/libANGLE_no_vulkan/LoggingAnnotator.o
[1592/1700] 6m02.00s F CXX obj/src/libANGLE/renderer/gl/angle_gl_backend/SurfaceEGL.o
[1593/1700] 6m02.31s F CXX obj/src/libANGLE/renderer/gl/angle_gl_backend/FenceNVGL.o
[1594/1700] 6m02.83s F CXX obj/libANGLE_no_vulkan/Platform.o
[1595/1700] 6m03.05s F CXX obj/libANGLE_no_vulkan/Compiler.o
[1596/1700] 6m03.32s F CXX obj/libANGLE_no_vulkan/es3_copy_conversion_table_autogen.o
[1597/1700] 6m03.43s F CXX obj/src/libANGLE/renderer/null/angle_null_backend/ProgramPipelineNULL.o
[1598/1700] 6m04.91s F CXX obj/libANGLE_no_vulkan/validationESEXT.o
[1599/1700] 6m05.46s F CXX obj/libANGLE_no_vulkan/ContextImpl.o
[1600/1700] 6m06.11s F CXX obj/src/libANGLE/renderer/gl/angle_gl_backend/ContextGL.o
[1601/1700] 6m06.67s F CXX obj/src/libANGLE/renderer/null/angle_null_backend/ProgramNULL.o
[1602/1700] 6m07.70s F CXX obj/libANGLE_no_vulkan/load_functions_table_autogen.o
[1603/1700] 6m09.25s F CXX obj/libANGLE_no_vulkan/Surface.o
[1604/1700] 6m09.76s F CXX obj/src/libANGLE/renderer/vulkan/angle_vulkan_backend/vk_barrier_data.o
[1605/1700] 6m10.90s F CXX obj/src/libANGLE/renderer/gl/angle_gl_backend/PbufferSurfaceEGL.o
[1606/1700] 6m12.18s F CXX obj/libANGLE_no_vulkan/ProgramLinkedResources.o
[1607/1700] 6m12.91s F CXX obj/libGLESv2/entry_points_egl_ext_autogen.o
[1608/1700] 6m12.92s F CXX obj/src/libANGLE/renderer/vulkan/angle_vulkan_backend/vk_helpers.o
[1609/1700] 6m13.77s F CXX obj/libANGLE_no_vulkan/AttributeMap.o
[1610/1700] 6m13.78s F CXX obj/src/libANGLE/renderer/gl/angle_gl_backend/RendererGL.o
[1611/1700] 6m14.54s F CXX obj/src/libANGLE/renderer/null/angle_null_backend/TextureNULL.o
[1612/1700] 6m15.52s F CXX obj/libGLESv2/entry_points_gles_3_0_autogen.o
[1613/1700] 6m16.62s F CXX obj/src/libANGLE/renderer/vulkan/angle_vulkan_backend/AllocatorHelperPool.o
[1614/1700] 6m16.89s F CXX obj/src/libANGLE/renderer/vulkan/angle_vulkan_backend/WindowSurfaceVkAndroid.o
[1615/1700] 6m16.92s F CXX obj/libANGLE_no_vulkan/validationEGL.o
[1616/1700] 6m19.41s F CXX obj/src/libANGLE/renderer/vulkan/angle_vulkan_backend/spv_utils.o
[1617/1700] 6m20.69s F CXX obj/src/libANGLE/renderer/vulkan/angle_vulkan_backend/ShareGroupVk.o
[1618/1700] 6m20.88s F CXX obj/src/libANGLE/renderer/vulkan/angle_vulkan_backend/ImageVk.o
[1619/1700] 6m23.21s F CXX obj/src/libANGLE/renderer/vulkan/angle_vulkan_backend/vk_format_utils.o
[1620/1700] 6m23.28s F CXX obj/src/libANGLE/renderer/vulkan/angle_vulkan_backend/SecondaryCommandBuffer.o
[1621/1700] 6m24.22s F CXX obj/src/libANGLE/renderer/vulkan/angle_vulkan_backend/vk_renderer.o
[1622/1700] 6m24.47s F CXX obj/src/libANGLE/renderer/vulkan/angle_vulkan_backend/ProgramPipelineVk.o
[1623/1700] 6m24.47s F AR obj/libangle_image_util.a
[1624/1700] 6m25.83s F CXX obj/src/libANGLE/renderer/gl/angle_gl_backend/NativeBufferImageSiblingAndroid.o
[1625/1700] 6m25.92s F CXX obj/src/libANGLE/renderer/gl/angle_gl_backend/FramebufferGL.o
[1626/1700] 6m26.61s F CXX obj/libANGLE_no_vulkan/EGLSyncImpl.o
[1627/1700] 6m27.00s F CXX obj/src/libANGLE/renderer/vulkan/angle_vulkan_backend/DebugAnnotatorVk.o
[1628/1700] 6m27.40s F CXX obj/src/libANGLE/renderer/gl/angle_gl_backend/egl_utils.o
[1629/1700] 6m27.51s F CXX obj/src/libANGLE/renderer/gl/angle_gl_backend/WindowSurfaceEGL.o
[1630/1700] 6m28.58s F CXX obj/src/libANGLE/renderer/vulkan/angle_vulkan_backend/ProgramVk.o
[1631/1700] 6m29.23s F CXX obj/src/common/linux/angle_dma_buf/dma_buf_utils.o
[1632/1699] 6m29.51s F CXX obj/libANGLE_no_vulkan/Query.o
[1633/1699] 6m29.63s F CXX obj/libANGLE_no_vulkan/VertexArray.o
[1634/1699] 6m30.27s F CXX obj/libANGLE_no_vulkan/ShaderImpl.o
[1635/1699] 6m32.75s F CXX obj/src/libANGLE/renderer/gl/angle_gl_backend/DisplayAndroid.o
[1636/1699] 6m32.93s F CXX obj/src/libANGLE/renderer/vulkan/angle_vulkan_backend/VulkanSecondaryCommandBuffer.o
[1637/1699] 6m33.37s F CXX obj/src/libANGLE/renderer/vulkan/angle_vulkan_backend/MemoryObjectVk.o
[1638/1699] 6m33.89s F CXX obj/libGLESv2/entry_points_gles_ext_autogen.o
[1639/1699] 6m35.48s F CXX obj/libANGLE_no_vulkan/Buffer.o
[1640/1699] 6m35.81s F CXX obj/libANGLE_no_vulkan/GLES1Renderer.o
[1641/1699] 6m36.17s F CXX obj/src/libANGLE/renderer/null/angle_null_backend/QueryNULL.o
[1642/1699] 6m36.34s F CXX obj/libANGLE_no_vulkan/ShareGroup.o
[1643/1699] 6m36.64s F CXX obj/libANGLE_no_vulkan/BufferImpl.o
[1644/1699] 6m37.14s F CXX obj/src/libANGLE/renderer/vulkan/angle_vulkan_backend/DisplayVkAndroid.o
[1645/1699] 6m37.66s F CXX obj/src/libANGLE/renderer/null/angle_null_backend/SyncNULL.o
[1646/1699] 6m38.67s F CXX obj/libGLESv2/global_state.o
[1647/1699] 6m39.16s F CXX obj/src/libANGLE/renderer/gl/angle_gl_backend/DeviceEGL.o
[1648/1699] 6m39.43s F CXX obj/src/libANGLE/renderer/gl/angle_gl_backend/DisplayEGL.o
[1649/1699] 6m41.04s F CXX obj/libANGLE_no_vulkan/Fence.o
[1650/1699] 6m41.76s F CXX obj/src/libANGLE/renderer/vulkan/angle_vulkan_backend/vk_api_perf_counters.o
[1651/1699] 6m41.91s F CXX obj/libANGLE_no_vulkan/ContextMutex.o
[1652/1699] 6m43.03s F CXX obj/libANGLE_no_vulkan/formatutils.o
[1653/1699] 6m44.14s F CXX obj/src/libANGLE/renderer/gl/angle_gl_backend/SamplerGL.o
[1654/1699] 6m45.46s F CXX obj/src/libANGLE/renderer/vulkan/angle_vulkan_backend/vk_ref_counted_event.o
[1655/1699] 6m45.58s F CXX obj/src/libANGLE/renderer/gl/angle_gl_backend/ProgramExecutableGL.o
[1656/1699] 6m47.10s F CXX obj/src/libANGLE/renderer/vulkan/angle_vulkan_backend/vk_cache_utils.o
[1657/1699] 6m48.02s F CXX obj/libANGLE_no_vulkan/PixelLocalStorage.o
[1658/1699] 6m48.02s F AR obj/libangle_gpu_info_util.a
[1659/1699] 6m48.53s F CXX obj/libANGLE_no_vulkan/MemoryProgramCache.o
[1660/1699] 6m48.87s F CXX obj/src/libANGLE/renderer/null/angle_null_backend/RenderbufferNULL.o
[1661/1699] 6m49.53s F CXX obj/src/libANGLE/renderer/vulkan/angle_vulkan_backend/UtilsVk.o
[1662/1699] 6m52.00s F CXX obj/libANGLE_no_vulkan/Program.o
[1663/1699] 6m52.24s F CXX obj/src/libANGLE/renderer/vulkan/angle_vulkan_backend/VkImageImageSiblingVk.o
[1664/1699] 6m52.65s F CXX obj/angle_frame_capture_mock/FrameCapture_mock.o
[1665/1698] 6m52.79s F CXX obj/src/libANGLE/renderer/vulkan/angle_vulkan_backend/ShaderVk.o
[1666/1698] 6m53.97s F CXX obj/libANGLE_no_vulkan/ProgramImpl.o
[1667/1698] 6m54.42s F CXX obj/src/libANGLE/renderer/gl/angle_gl_backend/RenderbufferGL.o
[1668/1698] 6m55.55s F CXX obj/src/libANGLE/renderer/null/angle_null_backend/ImageNULL.o
[1669/1698] 6m55.79s F CXX obj/libGLESv2/entry_points_gles_3_1_autogen.o
[1670/1698] 6m56.46s F CXX obj/libGLESv2/entry_points_gles_2_0_autogen.o
[1671/1698] 6m56.98s F CXX obj/src/libANGLE/renderer/null/angle_null_backend/FenceNVNULL.o
[1672/1697] 6m57.53s F CXX obj/libANGLE_no_vulkan/Semaphore.o
[1673/1697] 6m58.23s F CXX obj/src/libANGLE/renderer/vulkan/angle_vulkan_backend/vk_internal_shaders_autogen.o
[1674/1697] 6m59.38s F CXX obj/src/libANGLE/renderer/gl/angle_gl_backend/MemoryObjectGL.o
[1675/1697] 6m59.93s F CXX obj/src/libANGLE/renderer/vulkan/angle_vulkan_backend/SurfaceVk.o
[1676/1697] 7m01.27s F CXX obj/src/libANGLE/renderer/vulkan/angle_vulkan_backend/DeviceVk.o
[1677/1697] 7m01.91s F CXX obj/libANGLE_no_vulkan/FramebufferImpl.o
[1678/1697] 7m02.26s F CXX obj/libANGLE_no_vulkan/BlobCache.o
[1679/1697] 7m02.50s F CXX obj/src/libANGLE/renderer/vulkan/angle_vulkan_backend/vk_utils.o
[1680/1697] 7m04.69s F CXX obj/src/libANGLE/renderer/gl/angle_gl_backend/SurfaceGL.o
[1681/1697] 7m05.78s F CXX obj/libGLESv2/entry_points_gles_1_0_autogen.o
[1682/1697] 7m05.85s F CXX obj/src/libANGLE/renderer/vulkan/angle_vulkan_backend/VertexArrayVk.o
[1683/1697] 7m05.89s F CXX obj/libEGL_egl_loader/egl_loader_autogen.o
[1684/1695] 7m06.28s F CXX obj/src/libANGLE/renderer/vulkan/angle_vulkan_backend/BufferVk.o
[1685/1695] 7m06.48s F CXX obj/libEGL/libEGL_autogen.o
[1686/1695] 7m06.67s F CXX obj/src/libANGLE/renderer/gl/angle_gl_backend/CompilerGL.o
[1687/1694] 7m07.47s F CXX obj/libANGLE_no_vulkan/angletypes.o
[1688/1692] 7m07.48s S SOLINK ./libGLESv2_angle.so
[1688/1692] 7m07.73s F SOLINK ./libGLESv2_angle.so
[1689/1691] 7m07.74s S SOLINK ./libEGL_angle.so
[1689/1690] 7m07.89s F SOLINK ./libEGL_angle.so
build finished

	
noexec:0 local:1690 remote:0 cache:0 skip:563
  cache-write:0(err:0) fallback:0 retry:0
fs: ops: 35128(err:3960) / r:11146(err:0) 338.86MiB / w:87(err:0) 209.97KiB


 resource/capa used(err)  wait-avg |   s m |  serv-avg |   s m |
   localexec/4   1611(0)  1m33.75s |▂▂▂▄▄█ |     1.06s |▃▅██▂  |
shutdown cloud logging/monitoring done 6.082µs

7m07.92s Build Succeeded: 1690 steps - 3.95/s
