offline mode
ninja: Entering directory `out/Android_arm64'


disable fast local for non-interactive: fastlocal=1->0
 use `--fast_local` to enable fast local with non-interactive mode
schedule pending:1+ready:0 (node:5701 edge:2)
build start: Ready 1 Pending 1
rebuild manifest finished

loading build.ninja... done 80.727552ms
load siso config done 703.243917ms
schedule pending:1+ready:0 (node:19605 edge:2)
build start: Ready 1 Pending 1
rebuild manifest finished
schedule pending:1+ready:0 (node:19605 edge:6)
build start: Ready 243 Pending 2014
[0/2253] 0.99s S CXX clang_x64/obj/third_party/abseil-cpp/absl/log/log_entry/log_entry.o
[0/2253] 0.99s S CXX clang_x64/obj/third_party/abseil-cpp/absl/log/internal/check_op/check_op.o
[0/2253] 0.99s S CXX clang_x64/obj/third_party/abseil-cpp/absl/debugging/examine_stack/examine_stack.o
[0/2253] 0.99s S CXX clang_x64/obj/third_party/abseil-cpp/absl/log/initialize/initialize.o
[0/2251] 0.99s S CXX clang_x64/obj/third_party/abseil-cpp/absl/base/tracing_internal/tracing.o
[0/2251] 0.99s S CXX clang_x64/obj/third_party/abseil-cpp/absl/time/clock_interface/clock_interface.o
[0/2251] 0.99s S CXX clang_x64/obj/third_party/abseil-cpp/absl/strings/str_format_internal/bind.o
[0/2251] 0.99s S CXX clang_x64/obj/third_party/abseil-cpp/absl/log/die_if_null/die_if_null.o
[0/2251] 0.99s S CC clang_x64/obj/third_party/protobuf/utf8_range/utf8_range.o
[0/2251] 0.99s S CXX clang_x64/obj/third_party/abseil-cpp/absl/log/internal/fnmatch/fnmatch.o
[0/2251] 0.99s S CXX clang_x64/obj/third_party/abseil-cpp/absl/log/internal/vlog_config/vlog_config.o
[0/2250] 0.99s S CXX clang_x64/obj/third_party/abseil-cpp/absl/log/globals/globals.o
[0/2250] 0.99s S CXX clang_x64/obj/third_party/abseil-cpp/absl/status/statusor/statusor.o
[0/2250] 0.99s S CXX clang_x64/obj/third_party/abseil-cpp/absl/log/internal/conditions/conditions.o
[0/2249] 0.99s S CXX clang_x64/obj/third_party/abseil-cpp/absl/log/internal/log_sink_set/log_sink_set.o
[0/2249] 0.99s S CXX clang_x64/obj/third_party/abseil-cpp/absl/strings/internal/ostringstream.o
[0/2249] 0.99s S CXX clang_x64/obj/third_party/abseil-cpp/absl/status/status_builder/status_builder.o
[0/2249] 0.99s S CXX clang_x64/obj/third_party/abseil-cpp/absl/log/internal/globals/globals.o
[0/2248] 0.99s S CXX clang_x64/obj/third_party/abseil-cpp/absl/base/strerror/strerror.o
[0/2248] 0.99s S CXX clang_x64/obj/third_party/abseil-cpp/absl/status/status/status.o
[0/2248] 0.99s S CXX clang_x64/obj/third_party/abseil-cpp/absl/log/internal/format/log_format.o
[0/2248] 0.99s S CXX clang_x64/obj/third_party/abseil-cpp/absl/log/internal/structured_proto/structured_proto.o
[0/2248] 0.99s S CXX clang_x64/obj/third_party/abseil-cpp/absl/random/internal/seed_material/seed_material.o
[0/2248] 0.99s S CXX clang_x64/obj/third_party/abseil-cpp/absl/log/internal/log_message/log_message.o
[0/2248] 0.99s S CXX clang_x64/obj/third_party/abseil-cpp/absl/random/internal/randen_slow/randen_slow.o
[0/2248] 0.99s S CXX clang_x64/obj/third_party/abseil-cpp/absl/log/internal/proto/proto.o
[0/2248] 0.99s S CXX clang_x64/obj/third_party/abseil-cpp/absl/log/log_sink/log_sink.o
[0/2248] 0.99s S CXX clang_x64/obj/third_party/abseil-cpp/absl/random/internal/randen_hwaes_impl/randen_hwaes.o
[0/2248] 0.99s S CXX clang_x64/obj/third_party/abseil-cpp/absl/random/seed_sequences/seed_sequences.o
[0/2248] 0.99s S CXX clang_x64/obj/third_party/abseil-cpp/absl/crc/crc_cord_state/crc_cord_state.o
[0/2248] 0.99s S CXX clang_x64/obj/third_party/abseil-cpp/absl/base/raw_logging_internal/raw_logging.o
[0/2247] 1.00s S CXX clang_x64/obj/third_party/abseil-cpp/absl/random/distributions/discrete_distribution.o
[0/2247] 1.00s S CXX clang_x64/obj/third_party/abseil-cpp/absl/random/internal/randen_hwaes/randen_detect.o
[0/2247] 1.00s S CXX clang_x64/obj/third_party/abseil-cpp/absl/random/internal/randen/randen.o
[0/2247] 1.00s S CXX clang_x64/obj/third_party/abseil-cpp/absl/random/distributions/gaussian_distribution.o
[0/2230] 1.00s S CXX clang_x64/obj/third_party/abseil-cpp/absl/random/internal/platform/randen_round_keys.o
[0/2229] 1.00s S CXX clang_x64/obj/third_party/abseil-cpp/absl/synchronization/kernel_timeout_internal/kernel_timeout.o
[0/2229] 1.00s S CXX obj/libEGL_egl_loader/egl_loader_autogen.o
[0/2228] 1.00s S CXX clang_x64/obj/third_party/protobuf/protobuf_lite_library/type_id.o
[0/2228] 1.00s S CXX clang_x64/obj/third_party/abseil-cpp/absl/hash/hash/hash.o
[0/2217] 1.00s S CXX clang_x64/obj/third_party/abseil-cpp/absl/random/internal/entropy_pool/entropy_pool.o
[0/2217] 1.00s S CXX clang_x64/obj/third_party/abseil-cpp/absl/debugging/failure_signal_handler/failure_signal_handler.o
[0/2216] 1.00s S CXX clang_x64/obj/third_party/abseil-cpp/absl/container/hashtablez_sampler/hashtablez_sampler_force_weak_definition.o
[0/2216] 1.00s S CXX clang_x64/obj/third_party/abseil-cpp/absl/debugging/leak_check/leak_check.o
[0/2216] 1.00s S ACTION //third_party/spirv-tools/src:spvtools_generators_inc(//build/toolchain/android:android_clang_arm64)
[0/2216] 1.00s S CXX clang_x64/obj/third_party/abseil-cpp/absl/log/internal/nullguard/nullguard.o
[0/2216] 1.00s S ACTION //third_party/spirv-tools/src:spvtools_language_header_armexperimentalmloperations(//build/toolchain/android:android_clang_arm64)
[0/2216] 1.00s S CXX clang_x64/obj/third_party/abseil-cpp/absl/container/raw_hash_set/raw_hash_set.o
[0/2215] 1.01s S ACTION //third_party/spirv-tools/src:spvtools_core_tables(//build/toolchain/android:android_clang_arm64)
[0/2214] 1.01s S CXX clang_x64/obj/third_party/abseil-cpp/absl/debugging/symbolize/symbolize.o
[0/2214] 1.01s S ACTION //third_party/spirv-tools/src:spvtools_language_header_debuginfo(//build/toolchain/android:android_clang_arm64)
[0/2213] 1.01s S CXX clang_x64/obj/third_party/abseil-cpp/absl/debugging/debugging_internal/elf_mem_image.o
[0/2212] 1.01s S CXX clang_x64/obj/third_party/abseil-cpp/absl/debugging/stacktrace/stacktrace.o
[0/2211] 1.01s S CXX clang_x64/obj/third_party/abseil-cpp/absl/time/internal/cctz/time_zone/time_zone_format.o
[0/2210] 1.01s S ACTION //third_party/spirv-tools/src:spvtools_language_header_vkdebuginfo(//build/toolchain/android:android_clang_arm64)
[0/2210] 1.01s S CXX clang_x64/obj/third_party/abseil-cpp/absl/time/internal/cctz/civil_time/civil_time_detail.o
[0/2210] 1.01s S ACTION //third_party/spirv-tools/src:spvtools_language_header_graphdebuginfo(//build/toolchain/android:android_clang_arm64)
[0/2209] 1.01s S CXX clang_x64/obj/third_party/abseil-cpp/absl/time/time/clock.o
[0/2176] 1.02s S CXX clang_x64/obj/third_party/abseil-cpp/absl/base/malloc_internal/low_level_alloc.o
[0/2176] 1.02s S CC obj/third_party/zlib/zlib/compress.o
[0/2175] 1.02s S CC obj/third_party/zlib/zlib_data_chunk_simd/inflate.o
[0/2174] 1.02s S CXX obj/buildtools/third_party/libc++abi/libc++abi/cxa_aux_runtime.o
[0/2174] 1.02s S CXX clang_x64/obj/third_party/abseil-cpp/absl/random/seed_gen_exception/seed_gen_exception.o
[0/2174] 1.03s S ACTION //:angle_commit_id(//build/toolchain/android:android_clang_arm64)
[0/2174] 1.03s S CXX clang_x64/obj/third_party/protobuf/protobuf_lite_library/any_lite.o
[0/2174] 1.03s S CXX clang_x64/obj/third_party/abseil-cpp/absl/synchronization/graphcycles_internal/graphcycles.o
[0/2173] 1.03s S CXX clang_x64/obj/third_party/abseil-cpp/absl/synchronization/synchronization/blocking_counter.o
[0/2173] 1.03s S CXX clang_x64/obj/third_party/abseil-cpp/absl/strings/cordz_handle/cordz_handle.o
[0/2173] 1.03s S CXX clang_x64/obj/third_party/abseil-cpp/absl/profiling/exponential_biased/exponential_biased.o
[0/2173] 1.03s S CXX obj/third_party/abseil-cpp/absl/debugging/demangle_rust/demangle_rust.o
[0/2173] 1.03s S CXX clang_x64/obj/third_party/protobuf/protobuf_lite_library/zero_copy_sink.o
[0/2173] 1.03s S CXX clang_x64/obj/third_party/protobuf/protobuf_lite_library/arenaz_sampler.o
[0/2173] 1.03s S CXX clang_x64/obj/third_party/protobuf/protobuf_lite_library/wire_format_lite.o
[0/2173] 1.03s S CXX clang_x64/obj/third_party/protobuf/protobuf_lite_library/unknown_field_set_lite.o
[0/2173] 1.03s S CXX clang_x64/obj/third_party/abseil-cpp/absl/status/status/status_internal.o
[0/2173] 1.03s S CXX clang_x64/obj/third_party/protobuf/protobuf_lite_library/extension_set.o
[0/2173] 1.03s S CXX clang_x64/obj/third_party/protobuf/protobuf_lite_library/generated_enum_util.o
[0/2173] 1.04s S CXX clang_x64/obj/third_party/abseil-cpp/absl/status/status/status_payload_printer.o
[0/2173] 1.04s S CXX clang_x64/obj/third_party/abseil-cpp/absl/strings/cordz_functions/cordz_functions.o
[0/2173] 1.04s S CXX clang_x64/obj/third_party/abseil-cpp/absl/strings/cordz_info/cordz_info.o
[0/2173] 1.04s S CXX clang_x64/obj/third_party/abseil-cpp/absl/base/cpu_detect/cpu_detect.o
[0/2171] 1.05s S CC obj/third_party/zlib/zlib_arm_crc32/crc32_simd.o
[0/2171] 1.05s S CXX clang_x64/obj/third_party/abseil-cpp/absl/crc/crc_internal/crc_x86_arm_combined.o
[0/2170] 1.05s S CC obj/third_party/cpu_features/ndk_compat/cpu-features.o
[0/2170] 1.05s S CXX clang_x64/obj/third_party/abseil-cpp/absl/crc/crc32c/crc_memcpy_fallback.o
[0/2167] 1.05s S CXX clang_x64/obj/third_party/abseil-cpp/absl/types/source_location/source_location.o
[0/2166] 1.05s S CXX clang_x64/obj/third_party/abseil-cpp/absl/debugging/utf8_for_code_point/utf8_for_code_point.o
[0/2166] 1.05s S CXX clang_x64/obj/third_party/abseil-cpp/absl/debugging/decode_rust_punycode/decode_rust_punycode.o
[0/2166] 1.05s S CXX clang_x64/obj/third_party/abseil-cpp/absl/debugging/demangle_rust/demangle_rust.o
[0/2166] 1.05s S CXX clang_x64/obj/third_party/abseil-cpp/absl/debugging/demangle_internal/demangle.o
[0/2165] 1.05s S CXX clang_x64/obj/third_party/abseil-cpp/absl/hash/city/city.o
[0/2165] 1.05s S CXX clang_x64/obj/third_party/abseil-cpp/absl/base/throw_delegate/throw_delegate.o
[0/2164] 1.06s S CXX clang_x64/obj/third_party/abseil-cpp/absl/base/log_severity/log_severity.o
[0/2163] 1.06s S ACTION //:angle_program_version_id(//build/toolchain/android:android_clang_arm64)
[0/2163] 1.06s S CXX clang_x64/obj/third_party/protobuf/protobuf_lite_library/arena.o
[0/2163] 1.06s S CXX clang_x64/obj/third_party/protobuf/protobuf_lite_library/repeated_ptr_field.o
[0/2163] 1.06s S CXX clang_x64/obj/third_party/protobuf/protobuf_lite_library/arena_align.o
[0/2162] 1.06s S CXX clang_x64/obj/buildtools/third_party/libc++abi/libc++abi/cxa_guard.o
[0/2162] 1.06s S CXX clang_x64/obj/buildtools/third_party/libc++abi/libc++abi/stdlib_typeinfo.o
[0/2162] 1.06s S CXX clang_x64/obj/buildtools/third_party/libc++abi/libc++abi/stdlib_stdexcept.o
[0/2162] 1.07s S CXX clang_x64/obj/third_party/protobuf/protobuf_lite_library/repeated_field.o
[0/2162] 1.07s S CXX clang_x64/obj/third_party/protobuf/protobuf_lite_library/generated_message_util.o
[0/2162] 1.07s S CXX clang_x64/obj/buildtools/third_party/libc++abi/libc++abi/stdlib_exception.o
[0/2162] 1.07s S CC obj/third_party/zlib/zlib_adler32_simd/adler32_simd.o
[0/2161] 1.07s S CXX clang_x64/obj/buildtools/third_party/libc++abi/libc++abi/private_typeinfo.o
[0/2161] 1.07s S CXX clang_x64/obj/buildtools/third_party/libc++abi/libc++abi/fallback_malloc.o
[0/2161] 1.07s S CXX obj/buildtools/third_party/libc++/libc++/any.o
[0/2161] 1.07s S CXX clang_x64/obj/third_party/protobuf/protobuf_lite_library/port.o
[0/2161] 1.07s S CXX clang_x64/obj/third_party/protobuf/protobuf_lite_library/parse_context.o
[0/2161] 1.07s S CXX clang_x64/obj/third_party/protobuf/protobuf_lite_library/micro_string.o
[0/2160] 1.07s S CXX obj/third_party/zlib/google/compression_utils_portable/compression_utils_portable.o
[0/2160] 1.07s S CXX clang_x64/obj/buildtools/third_party/libc++abi/libc++abi/cxa_virtual.o
[0/2160] 1.08s S CXX clang_x64/obj/buildtools/third_party/libc++abi/libc++abi/cxa_vector.o
[0/2160] 1.08s S CXX clang_x64/obj/buildtools/third_party/libc++abi/libc++abi/cxa_handlers.o
[0/2160] 1.08s S CXX clang_x64/obj/buildtools/third_party/libc++abi/libc++abi/cxa_personality.o
[0/2160] 1.08s S CXX clang_x64/obj/third_party/protobuf/protobuf_lite_library/message_lite.o
[0/2160] 1.08s S CC obj/xxhash/xxhash.o
[0/2160] 1.08s S CXX clang_x64/obj/third_party/protobuf/protobuf_lite_library/raw_ptr.o
[0/2160] 1.08s S CXX obj/third_party/abseil-cpp/absl/profiling/exponential_biased/exponential_biased.o
[0/2160] 1.08s S CXX clang_x64/obj/third_party/protobuf/protobuf_lite_library/zero_copy_stream_impl_lite.o
[0/2160] 1.08s S CXX obj/third_party/abseil-cpp/absl/debugging/demangle_internal/demangle.o
[0/2160] 1.08s S CXX obj/third_party/abseil-cpp/absl/debugging/debugging_internal/elf_mem_image.o
[0/2160] 1.08s S CXX clang_x64/obj/third_party/protobuf/protobuf_lite_library/implicit_weak_message.o
[0/2160] 1.08s S CXX clang_x64/obj/third_party/protobuf/protobuf_lite_library/zero_copy_stream.o
[0/2160] 1.08s S CXX obj/third_party/abseil-cpp/absl/strings/strings/charconv.o
[0/2160] 1.08s S CXX obj/third_party/abseil-cpp/absl/base/malloc_internal/low_level_alloc.o
[0/2160] 1.08s S CXX obj/third_party/abseil-cpp/absl/base/log_severity/log_severity.o
[0/2160] 1.09s S CXX obj/third_party/abseil-cpp/absl/synchronization/synchronization/blocking_counter.o
[0/2160] 1.09s S CXX obj/third_party/abseil-cpp/absl/strings/cordz_info/cordz_info.o
[0/2160] 1.09s S CXX clang_x64/obj/third_party/protobuf/protobuf_lite_library/inlined_string_field.o
[0/2160] 1.09s S CXX clang_x64/obj/third_party/protobuf/protobuf_lite_library/tokenizer.o
[0/2160] 1.09s S CXX clang_x64/obj/buildtools/third_party/libc++abi/libc++abi/cxa_exception_storage.o
[0/2160] 1.09s S CXX clang_x64/obj/third_party/protobuf/protobuf_lite_library/strtod.o
[0/2160] 1.09s S CXX clang_x64/obj/buildtools/third_party/libc++abi/libc++abi/cxa_exception.o
[0/2160] 1.09s S CXX obj/third_party/vulkan_memory_allocator/vulkan_memory_allocator/vma.o
[0/2160] 1.09s S CXX clang_x64/obj/buildtools/third_party/libc++abi/libc++abi/cxa_default_handlers.o
[0/2157] 1.09s S CXX obj/third_party/abseil-cpp/absl/container/raw_hash_set/raw_hash_set.o
[0/2157] 1.09s S CXX clang_x64/obj/third_party/protobuf/protoc_lib/code_generator_lite.o
[0/2156] 1.09s S CXX obj/third_party/abseil-cpp/absl/crc/crc32c/crc_memcpy_fallback.o
[0/2156] 1.09s S CXX obj/third_party/abseil-cpp/absl/base/spinlock_wait/spinlock_wait.o
[0/2156] 1.10s S CXX clang_x64/obj/third_party/protobuf/protobuf_lite_library/printer.o
[0/2156] 1.10s S CXX clang_x64/obj/third_party/protobuf/protobuf_lite_library/common.o
[0/2156] 1.10s S CXX obj/third_party/abseil-cpp/absl/strings/internal/ostringstream.o
[0/2156] 1.10s S CXX clang_x64/obj/third_party/protobuf/protobuf_lite_library/coded_stream.o
[0/2156] 1.10s S CXX obj/third_party/abseil-cpp/absl/hash/hash/hash.o
[0/2156] 1.10s S CXX obj/third_party/abseil-cpp/absl/numeric/int128/int128.o
[0/2156] 1.10s S CXX obj/third_party/abseil-cpp/absl/debugging/decode_rust_punycode/decode_rust_punycode.o
[0/2156] 1.10s S CXX obj/third_party/abseil-cpp/absl/hash/city/city.o
[0/2156] 1.10s S CXX obj/third_party/abseil-cpp/absl/base/base/cycleclock.o
[0/2156] 1.10s S CXX clang_x64/obj/third_party/protobuf/protobuf_lite_library/arena_allocation_policy.o
[0/2156] 1.10s S CXX clang_x64/obj/third_party/protobuf/protobuf_lite_library/io_win32.o
[0/2156] 1.10s S CXX clang_x64/obj/third_party/protobuf/protobuf_lite_library/arenastring.o
[0/2156] 1.10s S CXX clang_x64/obj/third_party/protobuf/protobuf_lite_library/generated_message_tctable_lite.o
[0/2156] 1.10s S CXX clang_x64/obj/third_party/protobuf/protoc_java_full/enum_field.o
[0/2155] 1.10s S CXX clang_x64/obj/third_party/protobuf/protoc_python/helpers.o
[0/2155] 1.10s S CXX obj/third_party/abseil-cpp/absl/types/source_location/source_location.o
[0/2154] 1.10s S CXX clang_x64/obj/third_party/abseil-cpp/absl/strings/str_format_internal/arg.o
[0/2154] 1.10s S CXX obj/third_party/abseil-cpp/absl/synchronization/kernel_timeout_internal/kernel_timeout.o
[0/2154] 1.11s S CXX clang_x64/obj/third_party/protobuf/protoc_java_lite/enum_field.o
[0/2154] 1.11s S CXX clang_x64/obj/third_party/abseil-cpp/absl/strings/str_format_internal/parser.o
[0/2153] 1.11s S CXX clang_x64/obj/third_party/protobuf/protoc_java/doc_comment.o
[0/2153] 1.11s S CXX clang_x64/obj/third_party/abseil-cpp/absl/strings/str_format_internal/output.o
[0/2152] 1.11s S CXX clang_x64/obj/third_party/protobuf/protoc_cpp/extension.o
[0/2142] 1.12s S CXX clang_x64/obj/third_party/abseil-cpp/absl/strings/str_format_internal/float_conversion.o
[0/2142] 1.12s S CXX clang_x64/obj/third_party/abseil-cpp/absl/strings/str_format_internal/extension.o
[0/2142] 1.12s S CXX clang_x64/obj/third_party/protobuf/protobuf_lite_library/zero_copy_stream_impl.o
[0/2120] 1.12s S CXX clang_x64/obj/third_party/abseil-cpp/absl/container/hashtablez_sampler/hashtablez_sampler.o
[0/2120] 1.12s S CXX obj/third_party/abseil-cpp/absl/strings/cordz_functions/cordz_functions.o
[0/2120] 1.12s S CXX obj/third_party/abseil-cpp/absl/crc/crc_internal/crc_x86_arm_combined.o
[0/2120] 1.12s S CXX obj/third_party/abseil-cpp/absl/strings/cordz_handle/cordz_handle.o
[0/2120] 1.12s S CXX obj/third_party/abseil-cpp/absl/base/cpu_detect/cpu_detect.o
[0/2120] 1.12s S CXX clang_x64/obj/buildtools/third_party/libc++/libc++/mutex.o
[0/2120] 1.16s S CXX clang_x64/obj/third_party/abseil-cpp/absl/crc/crc_internal/crc.o
[0/2120] 1.13s S CXX obj/third_party/abseil-cpp/absl/synchronization/graphcycles_internal/graphcycles.o
[0/2120] 1.13s S CXX obj/third_party/abseil-cpp/absl/time/internal/cctz/civil_time/civil_time_detail.o
[0/2120] 1.17s S CXX clang_x64/obj/buildtools/third_party/libc++/libc++/condition_variable.o
[0/2120] 1.13s S CXX obj/third_party/abseil-cpp/absl/strings/cord_internal/cord_rep_btree.o
[0/2120] 1.13s S CXX obj/third_party/abseil-cpp/absl/strings/cord/cord_analysis.o
[0/2120] 1.12s S CXX obj/third_party/abseil-cpp/absl/strings/str_format_internal/extension.o
[0/2120] 1.13s S CXX obj/third_party/abseil-cpp/absl/crc/crc_cord_state/crc_cord_state.o
[0/2120] 1.13s S CXX obj/third_party/abseil-cpp/absl/time/time/clock.o
[0/2120] 1.13s S CXX obj/third_party/abseil-cpp/absl/strings/str_format_internal/bind.o
[0/2120] 1.13s S CC obj/third_party/cpu_features/cpuinfo/hwcaps.o
[0/2120] 1.13s S CXX obj/third_party/abseil-cpp/absl/debugging/symbolize/symbolize.o
[0/2120] 1.13s S CXX clang_x64/obj/buildtools/third_party/libc++abi/libc++abi/abort_message.o
[0/2120] 1.13s S CXX clang_x64/obj/third_party/protobuf/protobuf_full_library/importer.o
[0/2120] 1.17s S CXX obj/buildtools/third_party/libc++/libc++/strstream.o
[0/2120] 1.13s S CXX clang_x64/obj/buildtools/third_party/libc++abi/libc++abi/cxa_demangle.o
[0/2120] 1.13s S CXX clang_x64/obj/buildtools/third_party/libc++abi/libc++abi/cxa_thread_atexit.o
[0/2120] 1.13s S CXX obj/src/libANGLE/renderer/vulkan/angle_vk_mem_alloc_wrapper/vk_mem_alloc_wrapper.o
[0/2120] 1.13s S CXX clang_x64/obj/third_party/abseil-cpp/absl/strings/internal/escaping.o
[0/2120] 1.13s S CXX obj/third_party/abseil-cpp/absl/debugging/debugging_internal/address_is_readable.o
[0/2120] 1.13s S CXX obj/third_party/abseil-cpp/absl/debugging/debugging_internal/vdso_support.o
[0/2120] 1.13s S CXX clang_x64/obj/third_party/abseil-cpp/absl/strings/internal/utf8.o
[0/2120] 1.13s S CXX obj/third_party/abseil-cpp/absl/strings/strings/ascii.o
[0/2120] 1.13s S CXX clang_x64/obj/third_party/abseil-cpp/absl/debugging/debugging_internal/address_is_readable.o
[0/2120] 1.13s S CXX obj/third_party/abseil-cpp/absl/time/internal/cctz/time_zone/time_zone_format.o
[0/2120] 1.13s S CXX clang_x64/obj/buildtools/third_party/libc++/libc++/memory.o
[0/2120] 1.13s S CXX obj/third_party/abseil-cpp/absl/strings/strings/str_split.o
[0/2120] 1.13s S CXX obj/third_party/abseil-cpp/absl/strings/strings/str_replace.o
[0/2120] 1.13s S CXX obj/third_party/abseil-cpp/absl/base/tracing_internal/tracing.o
[0/2120] 1.13s S CXX obj/third_party/abseil-cpp/absl/strings/strings/numbers.o
[0/2120] 1.13s S CXX obj/third_party/abseil-cpp/absl/strings/strings/str_cat.o
[0/2120] 1.13s S CXX obj/third_party/abseil-cpp/absl/strings/strings/memutil.o
[0/2120] 1.13s S CXX clang_x64/obj/buildtools/third_party/libc++/libc++/locale.o
[0/2120] 1.13s S CXX obj/third_party/abseil-cpp/absl/strings/strings/charconv_parse.o
[0/2120] 1.13s S CXX obj/third_party/abseil-cpp/absl/strings/strings/match.o
[0/2120] 1.13s S CXX obj/third_party/abseil-cpp/absl/strings/strings/damerau_levenshtein_distance.o
[0/2120] 1.13s S CXX clang_x64/obj/buildtools/third_party/libc++abi/libc++abi/cxa_aux_runtime.o
[0/2120] 1.13s S CXX obj/third_party/abseil-cpp/absl/strings/strings/charconv_bigint.o
[0/2120] 1.13s S CXX obj/third_party/abseil-cpp/absl/strings/strings/escaping.o
[0/2120] 1.13s S CXX obj/third_party/abseil-cpp/absl/synchronization/synchronization/mutex.o
[0/2120] 1.13s S CXX obj/third_party/abseil-cpp/absl/synchronization/synchronization/notification.o
[0/2120] 1.18s S CXX clang_x64/obj/buildtools/third_party/libc++/libc++/call_once.o
[0/2120] 1.13s S CXX obj/third_party/abseil-cpp/absl/synchronization/synchronization/waiter_base.o
[0/2120] 1.13s S CXX obj/third_party/abseil-cpp/absl/synchronization/synchronization/stdcpp_waiter.o
[0/2120] 1.13s S CXX obj/third_party/abseil-cpp/absl/synchronization/synchronization/pthread_waiter.o
[0/2120] 1.18s S CXX obj/buildtools/third_party/libc++/libc++/new_helpers.o
[0/2120] 1.13s S CXX obj/third_party/abseil-cpp/absl/synchronization/synchronization/per_thread_sem.o
[0/2120] 1.13s S CXX obj/third_party/abseil-cpp/absl/crc/crc32c/crc32c.o
[0/2120] 1.13s S CXX obj/third_party/abseil-cpp/absl/synchronization/synchronization/futex_waiter.o
[0/2120] 1.13s S CXX obj/third_party/abseil-cpp/absl/crc/crc32c/crc_non_temporal_memcpy.o
[0/2120] 1.13s S CXX obj/third_party/abseil-cpp/absl/strings/internal/escaping.o
[0/2120] 1.13s S CXX obj/third_party/abseil-cpp/absl/crc/crc32c/crc_memcpy_x86_arm_combined.o
[0/2120] 1.13s S CXX obj/third_party/abseil-cpp/absl/strings/internal/utf8.o
[0/2120] 1.13s S CXX obj/third_party/abseil-cpp/absl/synchronization/synchronization/barrier.o
[0/2120] 1.13s S CXX clang_x64/obj/third_party/protobuf/protoc/main.o
[0/2120] 1.13s S CXX obj/third_party/abseil-cpp/absl/base/base/unscaledcycleclock.o
[0/2120] 1.13s S CXX obj/third_party/abseil-cpp/absl/base/base/casts.o
[0/2120] 1.13s S CXX obj/third_party/abseil-cpp/absl/synchronization/synchronization/sem_waiter.o
[0/2120] 1.13s S CXX clang_x64/obj/third_party/protobuf/protobuf_lite_library/map.o
[0/2120] 1.13s S CXX obj/third_party/abseil-cpp/absl/time/internal/cctz/time_zone/time_zone_fixed.o
[0/2120] 1.13s S CXX obj/third_party/abseil-cpp/absl/time/internal/cctz/time_zone/time_zone_lookup.o
[0/2120] 1.13s S CXX obj/third_party/abseil-cpp/absl/time/internal/cctz/time_zone/time_zone_impl.o
[0/2120] 1.13s S CXX obj/third_party/abseil-cpp/absl/time/internal/cctz/time_zone/time_zone_if.o
[0/2120] 1.13s S CXX obj/third_party/abseil-cpp/absl/strings/cord_internal/cord_internal.o
[0/2120] 1.13s S CXX obj/third_party/abseil-cpp/absl/strings/cord_internal/cord_rep_crc.o
[0/2120] 1.13s S CXX obj/third_party/abseil-cpp/absl/strings/cord_internal/cord_rep_consume.o
[0/2120] 1.14s S CXX clang_x64/obj/third_party/abseil-cpp/absl/strings/cord_internal/cord_rep_btree_reader.o
[0/2120] 1.14s S CXX obj/third_party/abseil-cpp/absl/time/time/format.o
[0/2120] 1.14s S CXX obj/third_party/abseil-cpp/absl/strings/cord/cord.o
[0/2120] 1.14s S CXX obj/third_party/abseil-cpp/absl/strings/str_format_internal/output.o
[0/2120] 1.14s S CXX obj/third_party/abseil-cpp/absl/base/base/sysinfo.o
[0/2120] 1.13s S CXX obj/third_party/abseil-cpp/absl/synchronization/synchronization/create_thread_identity.o
[0/2120] 1.14s S CXX clang_x64/obj/third_party/abseil-cpp/absl/strings/strings/stringify_sink.o
[0/2120] 1.14s S CXX clang_x64/obj/third_party/abseil-cpp/absl/base/base/unscaledcycleclock.o
[0/2120] 1.14s S CXX clang_x64/obj/third_party/abseil-cpp/absl/base/base/thread_identity.o
[0/2120] 1.14s S CC obj/third_party/cpu_features/cpuinfo/filesystem.o
[0/2120] 1.14s S CXX clang_x64/obj/third_party/abseil-cpp/absl/base/base/spinlock.o
[0/2120] 1.14s S CXX clang_x64/obj/third_party/abseil-cpp/absl/base/base/casts.o
[0/2120] 1.14s S CXX clang_x64/obj/third_party/abseil-cpp/absl/base/base/sysinfo.o
[0/2120] 1.14s S CXX clang_x64/obj/third_party/abseil-cpp/absl/base/base/cycleclock.o
[0/2120] 1.14s S CXX clang_x64/obj/third_party/abseil-cpp/absl/strings/cord_internal/cord_rep_btree.o
[0/2120] 1.14s S CXX clang_x64/obj/third_party/abseil-cpp/absl/strings/strings/str_split.o
[0/2120] 1.14s S CXX clang_x64/obj/third_party/abseil-cpp/absl/strings/strings/str_replace.o
[0/2120] 1.14s S CXX clang_x64/obj/third_party/abseil-cpp/absl/base/spinlock_wait/spinlock_wait.o
[0/2120] 1.14s S CXX clang_x64/obj/third_party/abseil-cpp/absl/strings/strings/substitute.o
[0/2120] 1.20s S CXX clang_x64/obj/third_party/protobuf/protobuf_full_library/wire_format.o
[0/2120] 1.14s S CXX obj/third_party/abseil-cpp/absl/strings/strings/substitute.o
[0/2120] 1.14s S CXX obj/third_party/abseil-cpp/absl/strings/cord_internal/cord_rep_btree_reader.o
[0/2120] 1.14s S CXX obj/third_party/abseil-cpp/absl/strings/cord_internal/cord_rep_btree_navigator.o
[0/2120] 1.14s S CXX obj/third_party/abseil-cpp/absl/strings/strings/stringify_sink.o
[0/2120] 1.14s S CXX clang_x64/obj/third_party/abseil-cpp/absl/strings/cord_internal/cord_rep_crc.o
[0/2120] 1.14s S CXX clang_x64/obj/third_party/abseil-cpp/absl/debugging/debugging_internal/vdso_support.o
[0/2120] 1.14s S CC obj/src/third_party/volk/volk/volk.o
[0/2120] 1.14s S CXX obj/third_party/abseil-cpp/absl/base/throw_delegate/throw_delegate.o
[0/2120] 1.20s S CXX clang_x64/obj/buildtools/third_party/libc++/libc++/bind.o
[0/2120] 1.14s S CXX clang_x64/obj/third_party/abseil-cpp/absl/time/internal/cctz/time_zone/zone_info_source.o
[0/2120] 1.14s S CXX clang_x64/obj/third_party/abseil-cpp/absl/time/internal/cctz/time_zone/time_zone_posix.o
[0/2120] 1.14s S CXX clang_x64/obj/third_party/abseil-cpp/absl/time/internal/cctz/time_zone/time_zone_lookup.o
[0/2120] 1.14s S CXX clang_x64/obj/third_party/abseil-cpp/absl/time/internal/cctz/time_zone/time_zone_libc.o
[0/2120] 1.14s S CC obj/third_party/cpu_features/cpuinfo/impl_aarch64_windows.o
[0/2120] 1.14s S CXX clang_x64/obj/third_party/abseil-cpp/absl/time/internal/cctz/time_zone/time_zone_info.o
[0/2120] 1.14s S CXX clang_x64/obj/third_party/abseil-cpp/absl/time/internal/cctz/time_zone/time_zone_impl.o
[0/2120] 1.14s S CC obj/third_party/cpu_features/cpuinfo/impl_aarch64_macos_or_iphone.o
[0/2120] 1.14s S CC obj/third_party/cpu_features/cpuinfo/impl_aarch64_linux_or_android.o
[0/2120] 1.14s S CC obj/third_party/cpu_features/cpuinfo/impl_aarch64_freebsd_or_openbsd.o
[0/2120] 1.14s S CXX clang_x64/obj/third_party/abseil-cpp/absl/numeric/int128/int128.o
[0/2120] 1.14s S CXX clang_x64/obj/third_party/abseil-cpp/absl/strings/strings/numbers.o
[0/2120] 1.14s S CXX clang_x64/obj/third_party/abseil-cpp/absl/strings/strings/memutil.o
[0/2120] 1.25s S CXX clang_x64/obj/third_party/protobuf/protoc_java_lite/message_builder.o
[0/2120] 1.14s S CXX clang_x64/obj/third_party/abseil-cpp/absl/strings/strings/damerau_levenshtein_distance.o
[0/2120] 1.14s S CXX clang_x64/obj/third_party/abseil-cpp/absl/strings/strings/charconv_parse.o
[0/2120] 1.25s S CXX clang_x64/obj/buildtools/third_party/libc++/libc++/new.o
[0/2120] 1.14s S CXX clang_x64/obj/third_party/abseil-cpp/absl/strings/strings/charconv_bigint.o
[0/2120] 1.14s S CXX clang_x64/obj/third_party/abseil-cpp/absl/strings/strings/escaping.o
[0/2120] 1.14s S CXX clang_x64/obj/third_party/abseil-cpp/absl/strings/strings/charconv.o
[0/2120] 1.14s S CXX clang_x64/obj/third_party/abseil-cpp/absl/strings/strings/ascii.o
[0/2120] 1.25s S CXX clang_x64/obj/buildtools/third_party/libc++/libc++/verbose_abort.o
[0/2120] 1.15s S CXX clang_x64/obj/third_party/abseil-cpp/absl/strings/cord/cord_analysis.o
[0/2120] 1.15s S CC obj/third_party/cpu_features/cpuinfo/hwcaps_linux_or_android.o
[0/2120] 1.15s S CC obj/third_party/cpu_features/cpuinfo/hwcaps_freebsd_or_openbsd.o
[0/2120] 1.15s S CXX clang_x64/obj/third_party/abseil-cpp/absl/strings/cord_internal/cord_rep_consume.o
[0/2120] 1.14s S CC obj/third_party/cpu_features/cpuinfo/string_view.o
[0/2120] 1.15s S CXX obj/buildtools/third_party/libunwind/libunwind/Unwind-EHABI.o
[0/2120] 1.15s S ASM obj/buildtools/third_party/libunwind/libunwind/UnwindRegistersSave.o
[0/2120] 1.15s S CXX obj/third_party/abseil-cpp/absl/time/internal/cctz/time_zone/time_zone_libc.o
[0/2120] 1.15s S ASM obj/buildtools/third_party/libunwind/libunwind/UnwindRegistersRestore.o
[0/2120] 1.15s S CXX clang_x64/obj/buildtools/third_party/libc++/libc++/iostream.o
[0/2120] 1.15s S CC obj/buildtools/third_party/libunwind/libunwind/UnwindLevel1.o
[0/2120] 1.15s S CXX clang_x64/obj/buildtools/third_party/libc++/libc++/ios.instantiations.o
[0/2120] 1.15s S CC obj/buildtools/third_party/libunwind/libunwind/UnwindLevel1-gcc-ext.o
[0/2120] 1.15s S CC obj/buildtools/third_party/libunwind/libunwind/Unwind-sjlj.o
[0/2120] 1.15s S CXX clang_x64/obj/third_party/abseil-cpp/absl/time/internal/cctz/time_zone/time_zone_if.o
[0/2120] 1.15s S CC obj/third_party/zlib/zlib/adler32.o
[0/2120] 1.15s S CXX clang_x64/obj/third_party/abseil-cpp/absl/time/time/civil_time.o
[0/2120] 1.15s S CC obj/third_party/zlib/zlib/zutil.o
[0/2120] 1.15s S CXX clang_x64/obj/third_party/abseil-cpp/absl/strings/cord/cord.o
[0/2120] 1.15s S CXX clang_x64/obj/third_party/abseil-cpp/absl/time/time/format.o
[0/2120] 1.15s S CC obj/third_party/zlib/zlib/trees.o
[0/2120] 1.15s S CXX clang_x64/obj/third_party/abseil-cpp/absl/time/time/duration.o
[0/2120] 1.15s S CC obj/third_party/zlib/zlib/inftrees.o
[0/2120] 1.15s S CC obj/third_party/zlib/zlib/inffast.o
[0/2120] 1.15s S CXX clang_x64/obj/third_party/abseil-cpp/absl/time/time/time.o
[0/2120] 1.15s S CXX obj/buildtools/third_party/libunwind/libunwind/libunwind.o
[0/2120] 1.15s S CC obj/third_party/zlib/zlib/infback.o
[0/2120] 1.15s S CXX clang_x64/obj/third_party/abseil-cpp/absl/synchronization/synchronization/barrier.o
[0/2120] 1.15s S CC obj/third_party/zlib/zlib/gzwrite.o
[0/2120] 1.15s S CXX clang_x64/obj/third_party/abseil-cpp/absl/synchronization/synchronization/notification.o
[0/2120] 1.15s S CXX clang_x64/obj/third_party/abseil-cpp/absl/synchronization/synchronization/mutex.o
[0/2120] 1.15s S CC obj/third_party/zlib/zlib/gzread.o
[0/2120] 1.15s S CC obj/third_party/zlib/zlib/uncompr.o
[0/2120] 1.15s S CC obj/third_party/zlib/zlib/gzlib.o
[0/2120] 1.15s S CXX clang_x64/obj/buildtools/third_party/libc++/libc++/ios.o
[0/2120] 1.15s S CXX clang_x64/obj/buildtools/third_party/libc++/libc++/hash.o
[0/2120] 1.15s S CXX clang_x64/obj/buildtools/third_party/libc++/libc++/future.o
[0/2120] 1.15s S CXX clang_x64/obj/third_party/abseil-cpp/absl/synchronization/synchronization/win32_waiter.o
[0/2120] 1.15s S CXX clang_x64/obj/buildtools/third_party/libc++/libc++/path.o
[0/2120] 1.27s S CXX clang_x64/obj/third_party/protobuf/protoc_cpp/namespace_printer.o
[0/2120] 1.28s S CXX clang_x64/obj/buildtools/third_party/libc++/libc++/d2s.o
[0/2120] 1.15s S CXX clang_x64/obj/buildtools/third_party/libc++/libc++/filesystem_clock.o
[0/2120] 1.15s S CXX clang_x64/obj/buildtools/third_party/libc++/libc++/directory_iterator.o
[0/2120] 1.16s S CC obj/third_party/zlib/zlib/gzclose.o
[0/2120] 1.16s S CXX clang_x64/obj/buildtools/third_party/libc++/libc++/exception.o
[0/2120] 1.15s S CXX clang_x64/obj/buildtools/third_party/libc++/libc++/operations.o
[0/2120] 1.16s S CC obj/third_party/zlib/zlib/crc32.o
[0/2120] 1.16s S CXX clang_x64/obj/buildtools/third_party/libc++/libc++/error_category.o
[0/2120] 1.16s S CC obj/third_party/zlib/zlib/cpu_features.o
[0/2120] 1.16s S CXX clang_x64/obj/buildtools/third_party/libc++/libc++/condition_variable_destructor.o
[0/2120] 1.16s S CXX clang_x64/obj/third_party/abseil-cpp/absl/strings/strings/match.o
[0/2120] 1.16s S CC obj/third_party/zlib/zlib_data_chunk_simd/inffast_chunk.o
[0/2120] 1.16s S CC obj/third_party/zlib/zlib/deflate.o
[0/2120] 1.16s S CXX obj/buildtools/third_party/libc++abi/libc++abi/abort_message.o
[0/2120] 1.16s S CXX obj/buildtools/third_party/libc++/libc++/algorithm.o
[0/2120] 1.16s S CXX obj/buildtools/third_party/libc++abi/libc++abi/cxa_thread_atexit.o
[0/2120] 1.16s S CXX obj/buildtools/third_party/libc++/libc++/new.o
[0/2120] 1.16s S CXX obj/buildtools/third_party/libc++abi/libc++abi/cxa_demangle_stub.o
[0/2120] 1.16s S CXX obj/buildtools/third_party/libc++/libc++/verbose_abort.o
[0/2120] 1.16s S CXX obj/buildtools/third_party/libc++abi/libc++abi/cxa_guard.o
[0/2120] 1.16s S CXX obj/buildtools/third_party/libc++/libc++/vector.o
[0/2120] 1.16s S CXX obj/buildtools/third_party/libc++abi/libc++abi/stdlib_typeinfo.o
[0/2120] 1.16s S CXX obj/buildtools/third_party/libc++/libc++/variant.o
[0/2120] 1.29s S CXX clang_x64/obj/third_party/protobuf/protoc_cpp/primitive_field.o
[0/2120] 1.16s S CXX obj/buildtools/third_party/libc++/libc++/valarray.o
[0/2120] 1.16s S CXX obj/buildtools/third_party/libc++abi/libc++abi/stdlib_stdexcept.o
[0/2120] 1.30s S CXX clang_x64/obj/third_party/protobuf/protoc_cpp/message_field.o
[0/2120] 1.16s S CXX obj/buildtools/third_party/libc++/libc++/thread.o
[0/2120] 1.16s S CXX obj/buildtools/third_party/libc++/libc++/system_error.o
[0/2120] 1.16s S CXX obj/buildtools/third_party/libc++abi/libc++abi/stdlib_exception.o
[0/2120] 1.16s S CXX obj/buildtools/third_party/libc++abi/libc++abi/private_typeinfo.o
[0/2120] 1.16s S CXX obj/buildtools/third_party/libc++abi/libc++abi/cxa_virtual.o
[0/2120] 1.16s S CXX clang_x64/obj/third_party/abseil-cpp/absl/synchronization/synchronization/waiter_base.o
[0/2120] 1.16s S CXX obj/buildtools/third_party/libc++abi/libc++abi/fallback_malloc.o
[0/2120] 1.16s S CXX clang_x64/obj/third_party/abseil-cpp/absl/synchronization/synchronization/stdcpp_waiter.o
[0/2120] 1.16s S CXX obj/buildtools/third_party/libc++abi/libc++abi/cxa_personality.o
[0/2120] 1.16s S CXX clang_x64/obj/third_party/abseil-cpp/absl/synchronization/synchronization/sem_waiter.o
[0/2120] 1.16s S CXX obj/buildtools/third_party/libc++abi/libc++abi/cxa_handlers.o
[0/2120] 1.16s S CXX clang_x64/obj/third_party/abseil-cpp/absl/synchronization/synchronization/pthread_waiter.o
[0/2120] 1.16s S CXX obj/buildtools/third_party/libc++abi/libc++abi/cxa_exception_storage.o
[0/2120] 1.16s S CXX clang_x64/obj/third_party/abseil-cpp/absl/synchronization/synchronization/per_thread_sem.o
[0/2120] 1.16s S CXX obj/buildtools/third_party/libc++abi/libc++abi/cxa_exception.o
[0/2120] 1.30s S CXX clang_x64/obj/third_party/protobuf/protoc_cpp/map_field.o
[0/2120] 1.16s S CXX clang_x64/obj/third_party/abseil-cpp/absl/synchronization/synchronization/futex_waiter.o
[0/2120] 1.16s S CXX obj/buildtools/third_party/libc++abi/libc++abi/cxa_default_handlers.o
[0/2120] 1.16s S CXX clang_x64/obj/third_party/abseil-cpp/absl/synchronization/synchronization/create_thread_identity.o
[0/2120] 1.16s S CXX obj/third_party/abseil-cpp/absl/debugging/utf8_for_code_point/utf8_for_code_point.o
[0/2120] 1.13s S CXX obj/third_party/abseil-cpp/absl/synchronization/synchronization/win32_waiter.o
[0/2120] 1.18s S CXX clang_x64/obj/buildtools/third_party/libc++/libc++/chrono.o
[0/2120] 1.18s S CXX clang_x64/obj/buildtools/third_party/libc++/libc++/charconv.o
[0/2120] 1.13s S CXX obj/third_party/abseil-cpp/absl/container/hashtablez_sampler/hashtablez_sampler.o
[0/2120] 1.18s S CXX obj/buildtools/third_party/libc++/libc++/string.o
[0/2120] 1.18s S CXX obj/buildtools/third_party/libc++/libc++/stdexcept.o
[0/2120] 1.18s S CXX obj/buildtools/third_party/libc++/libc++/shared_mutex.o
[0/2120] 1.18s S CXX obj/buildtools/third_party/libc++/libc++/f2s.o
[0/2120] 1.18s S CXX obj/buildtools/third_party/libc++/libc++/d2s.o
[0/2120] 1.18s S CXX obj/buildtools/third_party/libc++/libc++/d2fixed.o
[0/2120] 1.18s S CXX obj/buildtools/third_party/libc++/libc++/regex.o
[0/2120] 1.18s S CXX obj/buildtools/third_party/libc++/libc++/random_shuffle.o
[0/2120] 1.18s S CXX obj/buildtools/third_party/libc++/libc++/random.o
[0/2120] 1.18s S CXX obj/buildtools/third_party/libc++/libc++/optional.o
[0/2120] 1.13s S CXX obj/third_party/abseil-cpp/absl/crc/crc_internal/crc.o
[0/2120] 1.19s S CXX clang_x64/obj/third_party/abseil-cpp/absl/crc/crc32c/crc32c.o
[0/2120] 1.19s S CXX clang_x64/obj/third_party/abseil-cpp/absl/crc/crc32c/crc_non_temporal_memcpy.o
[0/2120] 1.19s S CXX clang_x64/obj/third_party/abseil-cpp/absl/crc/crc32c/crc_memcpy_x86_arm_combined.o
[0/2120] 1.19s S CXX obj/third_party/abseil-cpp/absl/container/hashtablez_sampler/hashtablez_sampler_force_weak_definition.o
[0/2120] 1.19s S CXX clang_x64/obj/third_party/protobuf/protobuf_full_library/any.o
[0/2120] 1.14s S CXX clang_x64/obj/third_party/abseil-cpp/absl/time/internal/cctz/time_zone/time_zone_fixed.o
[0/2120] 1.20s S CXX obj/buildtools/third_party/libc++/libc++/new_handler.o
[0/2120] 1.20s S CXX obj/buildtools/third_party/libc++/libc++/mutex_destructor.o
[0/2120] 1.20s S CXX obj/buildtools/third_party/libc++/libc++/mutex.o
[0/2120] 1.20s S CXX obj/buildtools/third_party/libc++/libc++/memory.o
[0/2120] 1.21s S CXX obj/buildtools/third_party/libc++/libc++/locale.o
[0/2120] 1.21s S CXX obj/buildtools/third_party/libc++/libc++/iostream.o
[0/2120] 1.21s S CXX obj/buildtools/third_party/libc++/libc++/ios.instantiations.o
[0/2120] 1.21s S CXX obj/buildtools/third_party/libc++/libc++/ios.o
[0/2120] 1.21s S CXX obj/buildtools/third_party/libc++/libc++/hash.o
[0/2120] 1.21s S CXX obj/buildtools/third_party/libc++/libc++/future.o
[0/2120] 1.21s S CXX obj/buildtools/third_party/libc++/libc++/functional.o
[0/2120] 1.14s S CXX clang_x64/obj/third_party/abseil-cpp/absl/strings/cord_internal/cord_internal.o
[0/2120] 1.21s S CXX clang_x64/obj/third_party/protobuf/protobuf_full_library/message_differencer.o
[0/2120] 1.21s S CXX clang_x64/obj/third_party/protobuf/protobuf_full_library/field_comparator.o
[0/2120] 1.21s S CXX clang_x64/obj/third_party/protobuf/protobuf_full_library/delimited_message_util.o
[0/2120] 1.21s S CXX clang_x64/obj/third_party/protobuf/protobuf_full_library/unknown_field_set.o
[0/2120] 1.21s S CXX clang_x64/obj/third_party/protobuf/protobuf_full_library/text_format.o
[0/2120] 1.21s S CXX clang_x64/obj/third_party/protobuf/protobuf_full_library/symbol_checker.o
[0/2120] 1.21s S CXX clang_x64/obj/third_party/protobuf/protobuf_full_library/symbol.o
[0/2120] 1.21s S CXX clang_x64/obj/third_party/protobuf/protobuf_full_library/service.o
[0/2120] 1.21s S CXX clang_x64/obj/third_party/protobuf/protobuf_full_library/reflection_ops.o
[0/2120] 1.21s S CXX clang_x64/obj/third_party/protobuf/protobuf_full_library/reflection_mode.o
[0/2120] 1.14s S CC obj/third_party/cpu_features/cpuinfo/impl_aarch64_cpuid.o
[0/2120] 1.14s S CXX clang_x64/obj/third_party/abseil-cpp/absl/strings/strings/str_cat.o
[0/2120] 1.21s S CXX clang_x64/obj/buildtools/third_party/libc++/libc++/barrier.o
[0/2120] 1.21s S CXX clang_x64/obj/buildtools/third_party/libc++/libc++/atomic.o
[0/2120] 1.21s S CXX obj/third_party/abseil-cpp/absl/time/time/duration.o
[0/2120] 1.21s S CXX clang_x64/obj/third_party/protobuf/protoc_lib/code_generator.o
[0/2120] 1.21s S CXX clang_x64/obj/third_party/protobuf/protoc_lib/zip_writer.o
[0/2120] 1.21s S CXX clang_x64/obj/third_party/protobuf/protoc_lib/versions.o
[0/2120] 1.21s S CXX clang_x64/obj/third_party/protobuf/protoc_lib/subprocess.o
[0/2120] 1.21s S CXX clang_x64/obj/third_party/protobuf/protoc_lib/retention.o
[0/2120] 1.21s S CXX clang_x64/obj/third_party/protobuf/protoc_lib/plugin.pb.o
[0/2120] 1.21s S CXX clang_x64/obj/third_party/protobuf/protoc_lib/plugin.o
[0/2120] 1.21s S CXX obj/buildtools/third_party/libc++/libc++/path.o
[0/2120] 1.21s S CXX obj/buildtools/third_party/libc++/libc++/operations.o
[0/2120] 1.21s S CXX obj/buildtools/third_party/libc++/libc++/filesystem_error.o
[0/2120] 1.21s S CXX obj/buildtools/third_party/libc++/libc++/filesystem_clock.o
[0/2120] 1.21s S CXX obj/buildtools/third_party/libc++/libc++/directory_iterator.o
[0/2120] 1.21s S CXX obj/buildtools/third_party/libc++/libc++/exception.o
[0/2120] 1.21s S CXX obj/buildtools/third_party/libc++/libc++/error_category.o
[0/2120] 1.21s S CXX obj/buildtools/third_party/libc++/libc++/condition_variable_destructor.o
[0/2120] 1.22s S CXX obj/buildtools/third_party/libc++/libc++/condition_variable.o
[0/2120] 1.22s S CXX obj/buildtools/third_party/libc++/libc++/chrono.o
[0/2120] 1.22s S CXX obj/buildtools/third_party/libc++/libc++/charconv.o
[0/2120] 1.22s S CXX clang_x64/obj/third_party/protobuf/protobuf_full_library/naming_style.o
[0/2120] 1.22s S CXX clang_x64/obj/third_party/protobuf/protobuf_full_library/message.o
[0/2120] 1.22s S CXX obj/third_party/abseil-cpp/absl/strings/str_format_internal/arg.o
[0/2120] 1.22s S CXX clang_x64/obj/third_party/protobuf/protobuf_full_library/map_field.o
[0/2120] 1.22s S CXX clang_x64/obj/third_party/protobuf/protobuf_full_library/json_enumvalue_options.pb.o
[0/2120] 1.22s S CXX clang_x64/obj/third_party/protobuf/protobuf_full_library/internal_feature_helper.o
[0/2120] 1.22s S CXX clang_x64/obj/third_party/protobuf/protobuf_full_library/generated_message_tctable_gen.o
[0/2120] 1.22s S CXX clang_x64/obj/third_party/protobuf/protobuf_full_library/generated_message_tctable_full.o
[0/2120] 1.22s S CXX clang_x64/obj/third_party/protobuf/protobuf_full_library/generated_message_reflection.o
[0/2120] 1.22s S CXX clang_x64/obj/third_party/protobuf/protobuf_full_library/generated_message_bases.o
[0/2120] 1.22s S CXX clang_x64/obj/third_party/protobuf/protobuf_full_library/feature_resolver.o
[0/2120] 1.22s S CXX clang_x64/obj/third_party/protobuf/protobuf_full_library/extension_set_heavy.o
[0/2120] 1.22s S CXX clang_x64/obj/third_party/protobuf/protoc_lib/command_line_interface.o
[0/2120] 1.22s S CXX clang_x64/obj/third_party/protobuf/protoc_java_full/enum.o
[0/2120] 1.22s S CXX clang_x64/obj/third_party/protobuf/protoc_java_full/string_field.o
[0/2120] 1.22s S CXX clang_x64/obj/third_party/protobuf/protoc_java_full/service.o
[0/2120] 1.22s S CXX clang_x64/obj/third_party/protobuf/protoc_java_full/primitive_field.o
[0/2120] 1.22s S CXX clang_x64/obj/third_party/protobuf/protoc_java_full/message_field.o
[0/2120] 1.22s S CXX clang_x64/obj/third_party/protobuf/protoc_java_full/message_builder.o
[0/2120] 1.22s S CXX clang_x64/obj/third_party/protobuf/protoc_java_full/message.o
[0/2120] 1.22s S CXX clang_x64/obj/third_party/protobuf/protoc_java_full/map_field.o
[0/2120] 1.22s S CXX clang_x64/obj/third_party/protobuf/protoc_java_full/make_field_gens.o
[0/2120] 1.22s S CXX clang_x64/obj/third_party/protobuf/protoc_java_full/generator_factory.o
[0/2120] 1.22s S CXX obj/buildtools/third_party/libc++/libc++/call_once.o
[0/2120] 1.22s S CXX obj/buildtools/third_party/libc++/libc++/bind.o
[0/2120] 1.22s S CXX obj/buildtools/third_party/libc++/libc++/barrier.o
[0/2120] 1.22s S CXX obj/third_party/abseil-cpp/absl/strings/str_format_internal/parser.o
[0/2120] 1.22s S CXX obj/buildtools/third_party/libc++/libc++/atomic.o
[0/2120] 1.22s S CXX obj/third_party/abseil-cpp/absl/debugging/stacktrace/stacktrace.o
[0/2120] 1.22s S CXX obj/third_party/abseil-cpp/absl/base/raw_logging_internal/raw_logging.o
[0/2120] 1.23s S CXX clang_x64/obj/third_party/protobuf/protobuf_full_library/dynamic_message.o
[0/2120] 1.23s S CXX clang_x64/obj/third_party/protobuf/protobuf_full_library/descriptor_database.o
[0/2120] 1.23s S CXX clang_x64/obj/third_party/protobuf/protobuf_full_library/descriptor.pb.o
[0/2120] 1.23s S CXX clang_x64/obj/third_party/protobuf/protobuf_full_library/descriptor.o
[0/2120] 1.23s S CXX obj/third_party/abseil-cpp/absl/strings/str_format_internal/float_conversion.o
[0/2120] 1.23s S CXX clang_x64/obj/third_party/protobuf/protobuf_full_library/cpp_file_options.pb.o
[0/2120] 1.23s S CXX clang_x64/obj/third_party/protobuf/protobuf_full_library/cpp_features.pb.o
[0/2120] 1.23s S CXX clang_x64/obj/third_party/protobuf/protobuf_full_library/parser.o
[0/2120] 1.23s S CXX clang_x64/obj/third_party/protobuf/protoc_java_full/extension.o
[0/2120] 1.23s S CXX obj/third_party/abseil-cpp/absl/time/internal/cctz/time_zone/time_zone_posix.o
[0/2120] 1.23s S CXX obj/third_party/abseil-cpp/absl/time/internal/cctz/time_zone/time_zone_info.o
[0/2120] 1.23s S CXX obj/third_party/abseil-cpp/absl/time/time/civil_time.o
[0/2120] 1.23s S CXX obj/third_party/abseil-cpp/absl/time/time/time.o
[0/2120] 1.23s S CXX obj/third_party/abseil-cpp/absl/base/base/thread_identity.o
[0/2120] 1.23s S CXX obj/third_party/abseil-cpp/absl/base/base/spinlock.o
[0/2120] 1.23s S CXX clang_x64/obj/buildtools/third_party/libc++/libc++/algorithm.o
[0/2120] 1.23s S CXX clang_x64/obj/third_party/protobuf/protoc_python/generator.o
[0/2120] 1.23s S CXX clang_x64/obj/third_party/protobuf/protoc_python/pyi_generator.o
[0/2120] 1.23s S CXX clang_x64/obj/third_party/protobuf/protoc_java_lite/enum.o
[0/2120] 1.23s S CXX clang_x64/obj/buildtools/third_party/libc++/libc++/any.o
[0/2120] 1.23s S CXX clang_x64/obj/third_party/protobuf/protoc_java_lite/string_field.o
[0/2120] 1.43s S ACTION //third_party/perfetto/gn:gen_buildflags(//build/toolchain/linux:clang_x64)
[0/2120] 1.24s S CXX clang_x64/obj/third_party/protobuf/protoc_java_lite/primitive_field.o
[0/2120] 1.24s S CXX obj/third_party/abseil-cpp/absl/time/internal/cctz/time_zone/zone_info_source.o
[0/2120] 1.24s S CXX clang_x64/obj/third_party/protobuf/protoc_java_lite/message_field.o
[0/2120] 1.15s S ACTION //third_party/spirv-tools/src:spvtools_language_header_debugprintf(//build/toolchain/android:android_clang_arm64)
[0/2120] 1.15s S CXX clang_x64/obj/buildtools/third_party/libc++/libc++/functional.o
[0/2120] 1.26s S CXX clang_x64/obj/third_party/protobuf/protoc_java_lite/message.o
[0/2120] 1.26s S CXX clang_x64/obj/third_party/protobuf/protoc_java_lite/map_field.o
[0/2120] 1.26s S CXX clang_x64/obj/third_party/protobuf/protoc_java_lite/make_field_gens.o
[0/2120] 1.26s S CXX clang_x64/obj/third_party/protobuf/protoc_java_lite/generator_factory.o
[0/2120] 1.26s S CXX clang_x64/obj/third_party/protobuf/protoc_java_lite/extension.o
[0/2120] 1.26s S CXX clang_x64/obj/third_party/protobuf/protoc_java/context.o
[0/2120] 1.26s S CXX clang_x64/obj/third_party/protobuf/protoc_java/shared_code_generator.o
[0/2120] 1.26s S CXX clang_x64/obj/third_party/protobuf/protoc_java/names.o
[0/2120] 1.24s S CXX clang_x64/obj/buildtools/third_party/libc++/libc++/directory_entry.o
[0/2120] 1.27s S CXX clang_x64/obj/third_party/protobuf/protoc_java/name_resolver.o
[0/2120] 1.27s S CXX clang_x64/obj/third_party/protobuf/protoc_java/message_serialization.o
[0/2120] 1.27s S CXX clang_x64/obj/buildtools/third_party/libc++/libc++/vector.o
[0/2120] 1.27s S CXX clang_x64/obj/buildtools/third_party/libc++/libc++/variant.o
[0/2120] 1.27s S CXX clang_x64/obj/buildtools/third_party/libc++/libc++/valarray.o
[0/2120] 1.27s S CXX clang_x64/obj/buildtools/third_party/libc++/libc++/typeinfo.o
[0/2120] 1.27s S CXX clang_x64/obj/third_party/protobuf/protoc_java/java_features.pb.o
[0/2120] 1.27s S CXX clang_x64/obj/buildtools/third_party/libc++/libc++/system_error.o
[0/2120] 1.27s S CXX clang_x64/obj/buildtools/third_party/libc++/libc++/strstream.o
[0/2120] 1.27s S CXX clang_x64/obj/buildtools/third_party/libc++/libc++/string.o
[0/2120] 1.27s S CXX clang_x64/obj/buildtools/third_party/libc++/libc++/stdexcept.o
[0/2120] 1.27s S CXX clang_x64/obj/buildtools/third_party/libc++/libc++/shared_mutex.o
[0/2120] 1.27s S CXX clang_x64/obj/buildtools/third_party/libc++/libc++/f2s.o
[0/2120] 1.27s S CXX clang_x64/obj/third_party/protobuf/protoc_java/internal_helpers.o
[0/2120] 1.27s S CXX clang_x64/obj/third_party/protobuf/protoc_java/helpers.o
[0/2120] 1.27s S CXX clang_x64/obj/third_party/protobuf/protoc_java/generator.o
[0/2120] 1.27s S CXX clang_x64/obj/third_party/protobuf/protoc_java/file.o
[0/2120] 1.27s S CXX clang_x64/obj/third_party/protobuf/protoc_java/field_common.o
[0/2120] 1.27s S CXX clang_x64/obj/third_party/protobuf/protoc_cpp/enum.o
[0/2120] 1.27s S CXX clang_x64/obj/third_party/protobuf/protoc_cpp/tracker.o
[0/2120] 1.27s S CXX clang_x64/obj/third_party/protobuf/protoc_cpp/service.o
[0/2120] 1.27s S CXX clang_x64/obj/third_party/protobuf/protoc_cpp/parse_function_generator.o
[0/2120] 1.28s S CXX clang_x64/obj/buildtools/third_party/libc++/libc++/d2fixed.o
[0/2120] 1.15s S CXX clang_x64/obj/buildtools/third_party/libc++/libc++/filesystem_error.o
[0/2120] 1.28s S CXX clang_x64/obj/buildtools/third_party/libc++/libc++/regex.o
[0/2120] 1.28s S CXX clang_x64/obj/buildtools/third_party/libc++/libc++/random_shuffle.o
[0/2120] 1.28s S CXX clang_x64/obj/third_party/protobuf/protoc_cpp/message_layout_helper.o
[0/2120] 1.28s S CXX clang_x64/obj/buildtools/third_party/libc++/libc++/random.o
[0/2120] 1.29s S CXX clang_x64/obj/third_party/protobuf/protoc_cpp/message.o
[0/2120] 1.29s S CXX clang_x64/obj/buildtools/third_party/libc++/libc++/optional.o
[0/2120] 1.29s S CXX clang_x64/obj/third_party/protobuf/protoc_cpp/ifndef_guard.o
[0/2120] 1.29s S CXX clang_x64/obj/buildtools/third_party/libc++/libc++/new_helpers.o
[0/2120] 1.29s S CXX clang_x64/obj/third_party/protobuf/protoc_cpp/helpers.o
[0/2120] 1.29s S CXX clang_x64/obj/buildtools/third_party/libc++/libc++/new_handler.o
[0/2120] 1.29s S CXX clang_x64/obj/third_party/protobuf/protoc_cpp/generator.o
[0/2120] 1.29s S CXX clang_x64/obj/buildtools/third_party/libc++/libc++/mutex_destructor.o
[0/2120] 1.14s S CC obj/third_party/cpu_features/cpuinfo/stack_line_reader.o
[0/2120] 1.29s S CXX clang_x64/obj/third_party/protobuf/protoc_cpp/file.o
[0/2120] 1.29s S CXX clang_x64/obj/third_party/protobuf/protoc_cpp/field_layout.o
[0/2120] 1.29s S CXX clang_x64/obj/third_party/protobuf/protoc_cpp/string_view_field.o
[0/2120] 1.29s S CXX clang_x64/obj/third_party/protobuf/protoc_cpp/string_field.o
[0/2120] 1.16s S CXX clang_x64/obj/third_party/abseil-cpp/absl/strings/cord_internal/cord_rep_btree_navigator.o
[0/2120] 1.16s S CXX obj/buildtools/third_party/libc++abi/libc++abi/cxa_vector.o
[0/2120] 1.16s S ACTION //third_party/spirv-tools/src:spvtools_language_header_cldebuginfo100(//build/toolchain/android:android_clang_arm64)
[0/2120] 1.30s S CXX clang_x64/obj/third_party/protobuf/protoc_cpp/enum_field.o
[0/2120] 1.30s S CXX clang_x64/obj/third_party/protobuf/protoc_cpp/cord_field.o
[0/2120] 1.30s S CXX clang_x64/obj/third_party/protobuf/protoc_cpp/field_chunk.o
[0/2120] 1.30s S CXX clang_x64/obj/third_party/protobuf/protoc_cpp/field.o
[0/2120] 1.16s S CXX obj/buildtools/third_party/libc++/libc++/typeinfo.o
[0/2120] 1.27s S CXX clang_x64/obj/buildtools/third_party/libc++/libc++/thread.o
[0/2120] 1.44s S ACTION //third_party/perfetto/gn:gen_buildflags(//build/toolchain/android:android_clang_arm64)
[0/2120] 1.52s F ACTION //third_party/spirv-tools/src:spvtools_language_header_debuginfo(//build/toolchain/android:android_clang_arm64)
[1/2119] 1.56s F ACTION //third_party/spirv-tools/src:spvtools_language_header_armexperimentalmloperations(//build/toolchain/android:android_clang_arm64)
[2/2118] 1.61s F ACTION //third_party/spirv-tools/src:spvtools_generators_inc(//build/toolchain/android:android_clang_arm64)
[3/2117] 2.05s F ACTION //third_party/spirv-tools/src:spvtools_language_header_vkdebuginfo(//build/toolchain/android:android_clang_arm64)
[4/2116] 2.10s F ACTION //third_party/spirv-tools/src:spvtools_core_tables(//build/toolchain/android:android_clang_arm64)
[5/2114] 2.16s S CXX clang_x64/obj/third_party/perfetto/src/protozero/protoc_plugin/protozero_plugin/protozero_plugin.o
[5/2114] 2.16s S CXX clang_x64/obj/third_party/perfetto/src/base/base/string_view.o
[5/2114] 2.16s S CXX clang_x64/obj/third_party/perfetto/src/protozero/protoc_plugin/cppgen_plugin/cppgen_plugin.o
[5/2114] 2.16s S CXX clang_x64/obj/third_party/perfetto/src/base/base/android_utils.o
[5/2114] 2.16s S CXX clang_x64/obj/third_party/perfetto/src/base/perfetto_base_default_platform/default_platform.o
[5/2114] 2.16s S CXX clang_x64/obj/third_party/perfetto/src/base/base/logging.o
[5/2114] 2.16s S CXX clang_x64/obj/third_party/perfetto/src/base/base/string_utils.o
[5/2114] 2.16s S CXX clang_x64/obj/third_party/perfetto/src/base/base/string_splitter.o
[5/2114] 2.16s S CXX clang_x64/obj/third_party/perfetto/src/base/base/status.o
[5/2114] 2.17s S CXX clang_x64/obj/third_party/perfetto/src/base/check_cpu_optimizations/check_cpu_optimizations.o
[5/2114] 2.17s S CXX clang_x64/obj/third_party/perfetto/src/base/base/subprocess_windows.o
[5/2114] 2.17s S CXX clang_x64/obj/third_party/perfetto/src/base/base/subprocess_posix.o
[5/2114] 2.17s S CXX clang_x64/obj/third_party/perfetto/src/base/base/intrusive_tree.o
[5/2114] 2.17s S CXX clang_x64/obj/third_party/perfetto/src/base/base/intrusive_list.o
[5/2114] 2.17s S CXX clang_x64/obj/third_party/perfetto/src/base/base/getopt_compat.o
[5/2114] 2.17s S CXX clang_x64/obj/third_party/perfetto/src/base/base/file_utils.o
[5/2114] 2.17s F ACTION //third_party/perfetto/gn:gen_buildflags(//build/toolchain/linux:clang_x64)
[6/2114] 2.17s S CXX clang_x64/obj/third_party/perfetto/src/base/base/cpu_info.o
[6/2114] 2.18s S CXX clang_x64/obj/third_party/perfetto/src/base/base/scoped_sched_boost.o
[6/2114] 2.18s S CXX clang_x64/obj/third_party/perfetto/src/base/base/scoped_mmap.o
[6/2114] 2.18s S CXX clang_x64/obj/third_party/perfetto/src/base/base/rt_mutex.o
[6/2114] 2.18s S CXX clang_x64/obj/third_party/perfetto/src/base/base/pipe.o
[6/2114] 2.18s S CXX clang_x64/obj/third_party/perfetto/src/base/base/uuid.o
[6/2114] 2.18s S CXX clang_x64/obj/third_party/perfetto/src/base/base/utils.o
[6/2114] 2.18s S CXX clang_x64/obj/third_party/perfetto/src/base/base/periodic_task.o
[6/2114] 2.18s S CXX clang_x64/obj/third_party/perfetto/src/base/base/dynamic_string_writer.o
[6/2114] 2.18s S CXX clang_x64/obj/third_party/perfetto/src/base/base/time.o
[6/2114] 2.18s S CXX clang_x64/obj/third_party/perfetto/src/base/base/ctrl_c_handler.o
[6/2114] 2.18s S CXX clang_x64/obj/third_party/perfetto/src/base/base/thread_utils.o
[6/2114] 2.18s S CXX clang_x64/obj/third_party/perfetto/src/base/base/thread_checker.o
[6/2114] 2.19s S CXX clang_x64/obj/third_party/perfetto/src/base/base/temp_file.o
[6/2114] 2.19s S CXX clang_x64/obj/third_party/perfetto/src/base/base/thread_task_runner.o
[6/2114] 2.19s S CXX clang_x64/obj/third_party/perfetto/src/base/base/lock_free_task_runner.o
[6/2114] 2.19s S CXX clang_x64/obj/third_party/perfetto/src/base/base/event_fd.o
[6/2114] 2.19s S CXX clang_x64/obj/third_party/perfetto/src/base/base/weak_runner.o
[6/2114] 2.19s S CXX clang_x64/obj/third_party/perfetto/src/base/base/subprocess.o
[6/2114] 2.19s S CXX clang_x64/obj/third_party/perfetto/src/base/base/unix_task_runner.o
[6/2114] 2.19s S CXX clang_x64/obj/third_party/perfetto/src/base/base/paged_memory.o
[6/2114] 2.19s S CXX clang_x64/obj/third_party/perfetto/src/base/base/watchdog_posix.o
[6/2114] 2.19s S CXX clang_x64/obj/third_party/perfetto/src/base/base/virtual_destructors.o
[6/2114] 2.19s S CXX clang_x64/obj/third_party/perfetto/src/base/base/crash_keys.o
[6/2114] 2.19s S CXX clang_x64/obj/third_party/perfetto/src/base/base/base64.o
[6/2114] 2.19s S CXX clang_x64/obj/third_party/perfetto/src/base/base/waitable_event.o
[6/2114] 2.19s S CXX clang_x64/obj/third_party/perfetto/src/base/base/string_view_splitter.o
[6/2114] 2.20s S CXX clang_x64/obj/third_party/perfetto/src/base/base/metatrace.o
[6/2112] 2.35s S CXX obj/third_party/perfetto/src/protozero/protozero/gen_field_helpers.o
[6/2112] 2.35s S CXX obj/third_party/perfetto/src/base/base/file_utils.o
[6/2112] 2.35s S CXX obj/third_party/perfetto/src/base/base/thread_task_runner.o
[6/2112] 2.35s S CXX obj/third_party/perfetto/src/base/base/lock_free_task_runner.o
[6/2112] 2.35s S CXX obj/third_party/perfetto/src/protozero/protozero/scattered_stream_null_delegate.o
[6/2112] 2.35s S CXX obj/third_party/perfetto/src/base/base/ctrl_c_handler.o
[6/2112] 2.35s S CXX obj/third_party/perfetto/src/base/base/string_splitter.o
[6/2112] 2.35s S CXX obj/third_party/perfetto/src/base/base/string_utils.o
[6/2112] 2.35s S CXX obj/third_party/perfetto/src/base/base/dynamic_string_writer.o
[6/2112] 2.35s F ACTION //third_party/perfetto/gn:gen_buildflags(//build/toolchain/android:android_clang_arm64)
[6/2112] 2.35s S CXX obj/third_party/perfetto/src/protozero/protozero/message_arena.o
[6/2112] 2.36s S CXX obj/third_party/perfetto/src/base/base/status.o
[6/2112] 2.36s S CXX obj/third_party/perfetto/src/base/base/string_view.o
[6/2112] 2.36s S CXX obj/third_party/perfetto/src/protozero/protozero/message.o
[6/2112] 2.36s S CXX obj/third_party/perfetto/src/base/base/scoped_mmap.o
[6/2112] 2.36s S CXX obj/third_party/perfetto/src/base/base/rt_mutex.o
[6/2112] 2.36s S CXX obj/third_party/perfetto/src/base/base/scoped_sched_boost.o
[6/2112] 2.36s S CXX obj/third_party/perfetto/src/base/base/crash_keys.o
[6/2112] 2.37s S CXX obj/third_party/perfetto/src/base/base/cpu_info.o
[6/2112] 2.37s S CXX obj/third_party/perfetto/src/base/check_cpu_optimizations/check_cpu_optimizations.o
[6/2112] 2.37s S CXX obj/third_party/perfetto/src/base/perfetto_base_default_platform/default_platform.o
[6/2112] 2.37s S CXX obj/third_party/perfetto/src/base/base/subprocess_windows.o
[6/2112] 2.37s S CXX obj/third_party/perfetto/src/base/base/weak_runner.o
[6/2112] 2.37s S CXX obj/third_party/perfetto/src/base/base/watchdog_posix.o
[6/2112] 2.37s S CXX obj/third_party/perfetto/src/base/base/subprocess_posix.o
[6/2112] 2.37s S CXX obj/third_party/perfetto/src/base/base/waitable_event.o
[6/2112] 2.37s S CXX obj/third_party/perfetto/src/base/base/subprocess.o
[6/2112] 2.37s S CXX obj/third_party/perfetto/src/base/base/pipe.o
[6/2112] 2.37s S CXX obj/third_party/perfetto/src/base/base/virtual_destructors.o
[6/2112] 2.37s S CXX obj/third_party/perfetto/src/base/base/paged_memory.o
[6/2112] 2.37s S CXX obj/third_party/perfetto/src/base/base/metatrace.o
[6/2112] 2.37s S CXX obj/third_party/perfetto/src/base/base/logging.o
[6/2112] 2.37s S CXX obj/third_party/perfetto/src/base/base/intrusive_tree.o
[6/2112] 2.38s S CXX obj/third_party/perfetto/src/base/base/base64.o
[6/2112] 2.38s S CXX obj/third_party/perfetto/src/base/base/unix_task_runner.o
[6/2112] 2.38s S CXX obj/third_party/perfetto/src/protozero/protozero/proto_decoder.o
[6/2112] 2.38s S CXX obj/third_party/perfetto/src/base/base/android_utils.o
[6/2112] 2.35s S CXX obj/third_party/perfetto/src/protozero/protozero/field.o
[6/2111] 2.38s S CXX obj/third_party/perfetto/src/protozero/protozero/scattered_heap_buffer.o
[7/2111] 2.38s S CXX obj/third_party/perfetto/src/base/base/periodic_task.o
[7/2111] 2.38s S CXX obj/third_party/perfetto/src/protozero/protozero/static_buffer.o
[7/2111] 2.38s S CXX obj/third_party/perfetto/src/base/base/intrusive_list.o
[7/2111] 2.39s S CXX obj/third_party/perfetto/src/base/version/version.o
[7/2111] 2.39s S CXX obj/third_party/perfetto/src/protozero/protozero/packed_repeated_fields.o
[7/2111] 2.39s S CXX obj/third_party/perfetto/src/protozero/filtering/bytecode_parser/filter_bytecode_parser.o
[7/2111] 2.39s S CXX obj/third_party/perfetto/src/protozero/filtering/string_filter/string_filter.o
[7/2111] 2.39s S CXX obj/third_party/perfetto/src/base/regex/regex/regex.o
[7/2111] 2.39s S CXX obj/third_party/perfetto/src/protozero/filtering/message_filter/message_filter.o
[7/2111] 2.39s S CXX obj/third_party/perfetto/src/android_stats/android_stats/statsd_logging_helper.o
[7/2111] 2.39s S CXX obj/third_party/perfetto/src/base/base/thread_checker.o
[7/2111] 2.39s S CXX obj/third_party/perfetto/src/base/base/uuid.o
[7/2111] 2.39s S CXX obj/third_party/perfetto/src/base/base/utils.o
[7/2111] 2.39s S CXX obj/third_party/perfetto/src/base/base/time.o
[7/2111] 2.39s S CXX obj/third_party/perfetto/src/base/base/thread_utils.o
[7/2111] 2.39s S CXX obj/third_party/perfetto/src/protozero/protozero/scattered_stream_writer.o
[7/2111] 2.39s S CXX obj/third_party/perfetto/src/base/base/string_view_splitter.o
[7/2111] 2.39s S CXX obj/third_party/perfetto/src/base/base/getopt_compat.o
[7/2111] 2.40s S CXX obj/third_party/perfetto/src/base/base/event_fd.o
[7/2111] 2.40s S CXX obj/third_party/perfetto/src/protozero/protozero/virtual_destructors.o
[7/2111] 2.40s S CXX obj/third_party/perfetto/src/base/base/temp_file.o
[7/2111] 2.41s F ACTION //third_party/spirv-tools/src:spvtools_language_header_debugprintf(//build/toolchain/android:android_clang_arm64)
[8/2110] 2.47s F ACTION //third_party/spirv-tools/src:spvtools_language_header_graphdebuginfo(//build/toolchain/android:android_clang_arm64)
[9/2109] 2.48s F ACTION //third_party/spirv-tools/src:spvtools_language_header_cldebuginfo100(//build/toolchain/android:android_clang_arm64)
[10/2107] 2.49s S CXX obj/third_party/spirv-tools/src/spvtools_val/construct.o
[10/2107] 2.49s S CXX obj/third_party/spirv-tools/src/spvtools_val/validate_primitives.o
[10/2107] 2.49s S CXX obj/third_party/spirv-tools/src/spvtools_val/validate_pipe.o
[10/2107] 2.49s S CXX obj/third_party/spirv-tools/src/spvtools_val/validate_image.o
[10/2107] 2.49s S CXX obj/third_party/spirv-tools/src/spvtools_val/validate_non_uniform.o
[10/2106] 2.49s S CXX obj/third_party/spirv-tools/src/spvtools_val/validate_mode_setting.o
[10/2106] 2.49s S CXX obj/third_party/spirv-tools/src/spvtools/binary.o
[10/2106] 2.49s S CXX obj/third_party/spirv-tools/src/spvtools_val/validate_constants.o
[10/2106] 2.49s S CXX obj/third_party/spirv-tools/src/spvtools_val/basic_block.o
[10/2106] 2.49s S CXX obj/third_party/spirv-tools/src/spvtools_val/validate_id.o
[10/2106] 2.49s S CXX obj/third_party/spirv-tools/src/spvtools_val/validate_group.o
[10/2106] 2.49s S CXX obj/third_party/spirv-tools/src/spvtools_val/validate_composites.o
[10/2106] 2.49s S CXX obj/third_party/spirv-tools/src/spvtools_val/validate_misc.o
[10/2106] 2.49s S CXX obj/third_party/spirv-tools/src/spvtools_val/validate_function.o
[10/2106] 2.49s S CXX obj/third_party/spirv-tools/src/spvtools_val/validation_state.o
[10/2106] 2.49s S CXX obj/third_party/spirv-tools/src/spvtools_val/validate_extensions.o
[10/2106] 2.49s S CXX obj/third_party/spirv-tools/src/spvtools_val/validate_invalid_type.o
[10/2106] 2.50s S CXX obj/third_party/spirv-tools/src/spvtools_val/validate_graph.o
[10/2106] 2.50s S CXX obj/third_party/spirv-tools/src/spvtools_val/validate_cfg.o
[10/2106] 2.50s S CXX obj/third_party/spirv-tools/src/spvtools_val/validate_explicit_layout.o
[10/2106] 2.50s S CXX obj/third_party/spirv-tools/src/spvtools_val/validate_capability.o
[10/2106] 2.50s S CXX obj/third_party/spirv-tools/src/spvtools_val/validate_execution_limitations.o
[10/2106] 2.50s S CXX obj/third_party/spirv-tools/src/spvtools/spirv_target_env.o
[10/2106] 2.50s S CXX obj/third_party/spirv-tools/src/spvtools_val/validate_tensor_layout.o
[10/2106] 2.50s S CXX obj/third_party/spirv-tools/src/spvtools_val/validate_derivatives.o
[10/2106] 2.50s S CXX obj/third_party/spirv-tools/src/spvtools_val/validate_tensor.o
[10/2106] 2.50s S CXX obj/third_party/spirv-tools/src/spvtools_val/validate_dot_product.o
[10/2106] 2.50s S CXX obj/third_party/spirv-tools/src/spvtools/spirv_reducer_options.o
[10/2106] 2.50s S CXX obj/third_party/spirv-tools/src/spvtools_val/validate_ray_query.o
[10/2106] 2.50s S CXX obj/third_party/spirv-tools/src/spvtools_val/validate_small_type_uses.o
[10/2106] 2.50s S CXX obj/third_party/spirv-tools/src/spvtools/parse_number.o
[10/2106] 2.50s S CXX obj/third_party/spirv-tools/src/spvtools_val/validate_mesh_shading.o
[10/2106] 2.50s S CXX obj/third_party/spirv-tools/src/spvtools/timer.o
[10/2106] 2.50s S CXX obj/third_party/spirv-tools/src/spvtools/string_utils.o
[10/2106] 2.51s S CXX obj/third_party/spirv-tools/src/spvtools/assembly_grammar.o
[10/2106] 2.51s S CXX obj/third_party/spirv-tools/src/spvtools_val/validate_scopes.o
[10/2106] 2.51s S CXX obj/third_party/spirv-tools/src/spvtools_val/validate_ray_tracing.o
[10/2106] 2.51s S CXX obj/third_party/spirv-tools/src/spvtools/to_string.o
[10/2106] 2.50s S CXX obj/third_party/spirv-tools/src/spvtools_val/validate_ray_tracing_reorder.o
[10/2106] 2.51s S CXX obj/third_party/spirv-tools/src/spvtools_val/validate_debug.o
[10/2106] 2.51s S CXX obj/third_party/spirv-tools/src/spvtools_val/validate_memory_semantics.o
[10/2106] 2.51s S CXX obj/third_party/spirv-tools/src/spvtools/table2.o
[10/2106] 2.51s S CXX obj/third_party/spirv-tools/src/spvtools/text.o
[10/2106] 2.51s S CXX obj/third_party/spirv-tools/src/spvtools/text_handler.o
[10/2106] 2.51s S CXX obj/third_party/spirv-tools/src/spvtools_val/validate_builtins.o
[10/2106] 2.51s S CXX obj/third_party/spirv-tools/src/spvtools_val/validate_memory.o
[10/2106] 2.51s S CXX obj/third_party/spirv-tools/src/spvtools_val/validate_logicals.o
[10/2106] 2.51s S CXX obj/third_party/spirv-tools/src/spvtools_val/validate_logical_pointers.o
[10/2106] 2.51s S CXX obj/third_party/spirv-tools/src/spvtools/spirv_validator_options.o
[10/2106] 2.52s S CXX obj/third_party/spirv-tools/src/spvtools_val/validate_interfaces.o
[10/2106] 2.52s S CXX obj/third_party/spirv-tools/src/spvtools/spirv_endian.o
[10/2106] 2.51s S CXX obj/third_party/spirv-tools/src/spvtools_val/validate_annotation.o
[10/2106] 2.51s S CXX obj/third_party/spirv-tools/src/spvtools_val/validate_bitwise.o
[10/2106] 2.51s S CXX obj/third_party/spirv-tools/src/spvtools_val/validate_barriers.o
[10/2106] 2.51s S CXX obj/third_party/spirv-tools/src/spvtools_val/validate_atomics.o
[10/2106] 2.51s S CXX obj/third_party/spirv-tools/src/spvtools_val/validate_arithmetics.o
[10/2106] 2.51s S CXX obj/third_party/spirv-tools/src/spvtools/opcode.o
[10/2106] 2.52s S CXX obj/third_party/spirv-tools/src/spvtools_val/validate_adjacency.o
[10/2106] 2.52s S CXX obj/third_party/spirv-tools/src/spvtools_val/validate.o
[10/2106] 2.52s S CXX obj/third_party/spirv-tools/src/spvtools_val/function.o
[10/2106] 2.51s S CXX obj/third_party/spirv-tools/src/spvtools/table.o
[10/2106] 2.52s S CXX obj/third_party/spirv-tools/src/spvtools/name_mapper.o
[10/2106] 2.52s S CXX obj/third_party/spirv-tools/src/spvtools/print.o
[10/2106] 2.53s S CXX obj/third_party/spirv-tools/src/spvtools_val/validate_instruction.o
[10/2106] 2.52s S CXX obj/third_party/spirv-tools/src/spvtools/extensions.o
[10/2106] 2.52s S CXX obj/third_party/spirv-tools/src/spvtools/diagnostic.o
[10/2106] 2.52s S CXX obj/third_party/spirv-tools/src/spvtools/libspirv.o
[10/2106] 2.52s S CXX obj/third_party/spirv-tools/src/spvtools/disassemble.o
[10/2106] 2.52s S CXX obj/third_party/spirv-tools/src/spvtools/spirv_optimizer_options.o
[10/2106] 2.52s S CXX obj/third_party/spirv-tools/src/spvtools_val/validate_layout.o
[10/2106] 2.52s S CXX obj/third_party/spirv-tools/src/spvtools_val/validate_decorations.o
[10/2106] 2.52s S CXX obj/third_party/spirv-tools/src/spvtools_val/validate_type.o
[10/2106] 2.52s S CXX obj/third_party/spirv-tools/src/spvtools/bit_vector.o
[10/2106] 2.52s S CXX obj/third_party/spirv-tools/src/spvtools_val/validate_conversion.o
[10/2106] 2.53s S CXX obj/third_party/spirv-tools/src/spvtools/parsed_operand.o
[10/2106] 2.52s S CXX obj/third_party/spirv-tools/src/spvtools_val/validate_literals.o
[10/2106] 2.52s S CXX obj/third_party/spirv-tools/src/spvtools_val/instruction.o
[10/2106] 2.52s S CXX obj/third_party/spirv-tools/src/spvtools/ext_inst.o
[10/2106] 2.53s S CXX obj/third_party/spirv-tools/src/spvtools/spirv_fuzzer_options.o
[10/2106] 2.53s S CXX obj/third_party/spirv-tools/src/spvtools/operand.o
[10/2106] 2.83s F ACTION //:angle_commit_id(//build/toolchain/android:android_clang_arm64)
[11/2105] 2.90s F ACTION //:angle_program_version_id(//build/toolchain/android:android_clang_arm64)
[11/2102] 2.90s S CXX obj/angle_version_info/angle_version_info.o
[12/2102] 2.96s F CXX clang_x64/obj/third_party/abseil-cpp/absl/debugging/examine_stack/examine_stack.o
[13/2102] 2.99s F CXX clang_x64/obj/third_party/abseil-cpp/absl/base/tracing_internal/tracing.o
[14/2101] 3.27s F CXX clang_x64/obj/third_party/abseil-cpp/absl/log/initialize/initialize.o
[15/2101] 3.30s F CC clang_x64/obj/third_party/protobuf/utf8_range/utf8_range.o
[16/2101] 3.84s F CXX clang_x64/obj/third_party/abseil-cpp/absl/log/internal/check_op/check_op.o
[17/2101] 3.95s F CXX clang_x64/obj/third_party/abseil-cpp/absl/log/log_entry/log_entry.o
[18/2101] 4.52s F CXX clang_x64/obj/third_party/abseil-cpp/absl/time/clock_interface/clock_interface.o
[19/2101] 5.08s F CXX clang_x64/obj/third_party/abseil-cpp/absl/synchronization/kernel_timeout_internal/kernel_timeout.o
[20/2101] 5.16s F CXX clang_x64/obj/third_party/abseil-cpp/absl/log/globals/globals.o
[21/2101] 5.75s F CXX clang_x64/obj/third_party/abseil-cpp/absl/debugging/debugging_internal/address_is_readable.o
[22/2101] 6.09s F CXX clang_x64/obj/third_party/abseil-cpp/absl/status/status/status.o
[23/2101] 7.03s F CXX clang_x64/obj/third_party/abseil-cpp/absl/status/status/status_internal.o
[24/2101] 7.34s F CXX clang_x64/obj/third_party/protobuf/protobuf_lite_library/strtod.o
[25/2101] 8.44s F CXX clang_x64/obj/third_party/abseil-cpp/absl/strings/strings/stringify_sink.o
[26/2101] 9.27s F CXX clang_x64/obj/third_party/protobuf/protobuf_lite_library/common.o
[27/2101] 9.30s F CXX clang_x64/obj/third_party/abseil-cpp/absl/base/base/cycleclock.o
[28/2100] 9.31s F CXX clang_x64/obj/third_party/abseil-cpp/absl/random/internal/platform/randen_round_keys.o
[29/2100] 10.35s F CXX clang_x64/obj/third_party/protobuf/protobuf_lite_library/printer.o
[30/2100] 10.36s F CXX clang_x64/obj/third_party/abseil-cpp/absl/numeric/int128/int128.o
[31/2100] 11.02s F CXX clang_x64/obj/third_party/protobuf/protobuf_lite_library/extension_set.o
[32/2100] 11.03s F CXX clang_x64/obj/third_party/abseil-cpp/absl/strings/strings/memutil.o
[33/2100] 11.21s F CXX clang_x64/obj/third_party/abseil-cpp/absl/status/status/status_payload_printer.o
[34/2100] 11.75s F CXX clang_x64/obj/third_party/abseil-cpp/absl/strings/strings/damerau_levenshtein_distance.o
[35/2100] 11.76s F CXX clang_x64/obj/third_party/abseil-cpp/absl/strings/cordz_functions/cordz_functions.o
[36/2100] 11.84s F CXX clang_x64/obj/third_party/abseil-cpp/absl/strings/strings/numbers.o
[37/2100] 12.33s F CXX clang_x64/obj/third_party/abseil-cpp/absl/debugging/debugging_internal/vdso_support.o
[38/2100] 12.42s F CXX clang_x64/obj/third_party/abseil-cpp/absl/strings/cord_internal/cord_rep_btree_navigator.o
[39/2100] 12.47s F CXX clang_x64/obj/third_party/abseil-cpp/absl/strings/strings/charconv_parse.o
[40/2100] 13.38s F CXX clang_x64/obj/third_party/abseil-cpp/absl/log/internal/format/log_format.o
[41/2100] 13.52s F CXX clang_x64/obj/third_party/protobuf/protobuf_lite_library/arena_allocation_policy.o
[42/2100] 13.77s F CXX clang_x64/obj/third_party/abseil-cpp/absl/strings/strings/charconv.o
[43/2100] 14.52s F CXX clang_x64/obj/third_party/abseil-cpp/absl/strings/strings/ascii.o
[44/2100] 14.87s F CXX clang_x64/obj/third_party/protobuf/protobuf_lite_library/coded_stream.o
[45/2100] 14.89s F CXX clang_x64/obj/third_party/protobuf/protobuf_lite_library/io_win32.o
[46/2100] 15.11s F CXX clang_x64/obj/third_party/protobuf/protobuf_lite_library/generated_enum_util.o
[47/2100] 15.12s F CXX clang_x64/obj/third_party/abseil-cpp/absl/strings/strings/escaping.o
[48/2100] 15.49s F CXX clang_x64/obj/third_party/abseil-cpp/absl/base/cpu_detect/cpu_detect.o
[49/2099] 16.01s F CXX clang_x64/obj/third_party/abseil-cpp/absl/strings/strings/charconv_bigint.o
[50/2099] 16.38s F CXX clang_x64/obj/third_party/abseil-cpp/absl/hash/hash/hash.o
[51/2099] 16.41s F CXX clang_x64/obj/third_party/abseil-cpp/absl/strings/cordz_info/cordz_info.o
[52/2099] 17.39s F CXX clang_x64/obj/third_party/abseil-cpp/absl/strings/cord_internal/cord_rep_consume.o
[53/2099] 17.60s F CXX clang_x64/obj/third_party/abseil-cpp/absl/random/internal/seed_material/seed_material.o
[54/2099] 18.05s F CXX clang_x64/obj/third_party/protobuf/protobuf_lite_library/arenastring.o
[55/2099] 18.42s F CXX clang_x64/obj/third_party/abseil-cpp/absl/status/statusor/statusor.o
[56/2099] 18.68s F CXX clang_x64/obj/third_party/abseil-cpp/absl/random/internal/entropy_pool/entropy_pool.o
[57/2099] 19.03s F CXX clang_x64/obj/third_party/abseil-cpp/absl/strings/str_format_internal/arg.o
[58/2099] 19.16s F CXX clang_x64/obj/third_party/abseil-cpp/absl/time/internal/cctz/time_zone/time_zone_if.o
[59/2099] 19.62s F CXX clang_x64/obj/third_party/abseil-cpp/absl/crc/crc32c/crc_memcpy_fallback.o
[60/2099] 20.30s F CXX clang_x64/obj/third_party/abseil-cpp/absl/strings/str_format_internal/parser.o
[61/2099] 20.35s F CXX clang_x64/obj/third_party/abseil-cpp/absl/strings/cord/cord_analysis.o
[62/2098] 20.40s F CXX clang_x64/obj/third_party/abseil-cpp/absl/types/source_location/source_location.o
[63/2098] 20.80s F CXX clang_x64/obj/third_party/abseil-cpp/absl/time/time/format.o
[64/2098] 21.04s F CXX clang_x64/obj/third_party/abseil-cpp/absl/debugging/failure_signal_handler/failure_signal_handler.o
[65/2098] 21.43s F CXX clang_x64/obj/third_party/abseil-cpp/absl/strings/str_format_internal/output.o
[66/2098] 21.47s F CXX clang_x64/obj/third_party/abseil-cpp/absl/debugging/utf8_for_code_point/utf8_for_code_point.o
[67/2097] 21.97s F CXX clang_x64/obj/third_party/abseil-cpp/absl/time/time/duration.o
[68/2097] 22.04s F CXX clang_x64/obj/third_party/abseil-cpp/absl/strings/cord/cord.o
[69/2097] 22.27s F CXX clang_x64/obj/third_party/abseil-cpp/absl/time/time/time.o
[70/2097] 23.05s F CXX clang_x64/obj/third_party/abseil-cpp/absl/log/internal/structured_proto/structured_proto.o
[71/2097] 23.23s F CXX clang_x64/obj/third_party/abseil-cpp/absl/synchronization/synchronization/barrier.o
[72/2097] 23.76s F CXX clang_x64/obj/third_party/abseil-cpp/absl/debugging/decode_rust_punycode/decode_rust_punycode.o
[73/2097] 23.76s F CXX clang_x64/obj/third_party/protobuf/protobuf_lite_library/type_id.o
[74/2097] 25.02s F CXX clang_x64/obj/third_party/abseil-cpp/absl/synchronization/synchronization/notification.o
[75/2097] 25.36s F CXX clang_x64/obj/third_party/abseil-cpp/absl/strings/str_format_internal/float_conversion.o
[76/2097] 25.38s F CXX clang_x64/obj/third_party/abseil-cpp/absl/synchronization/synchronization/mutex.o
[77/2097] 25.63s F CXX clang_x64/obj/third_party/abseil-cpp/absl/debugging/demangle_rust/demangle_rust.o
[78/2097] 25.68s F CXX clang_x64/obj/third_party/abseil-cpp/absl/strings/str_format_internal/extension.o
[79/2097] 26.69s F CXX clang_x64/obj/third_party/abseil-cpp/absl/container/hashtablez_sampler/hashtablez_sampler.o
[80/2097] 26.96s F CXX clang_x64/obj/third_party/abseil-cpp/absl/container/hashtablez_sampler/hashtablez_sampler_force_weak_definition.o
[81/2097] 26.98s F CXX clang_x64/obj/third_party/abseil-cpp/absl/synchronization/synchronization/win32_waiter.o
[82/2097] 27.21s F CXX clang_x64/obj/third_party/abseil-cpp/absl/time/time/civil_time.o
[83/2097] 27.27s F CXX clang_x64/obj/third_party/protobuf/protobuf_lite_library/generated_message_tctable_lite.o
[84/2097] 27.47s F CXX clang_x64/obj/third_party/abseil-cpp/absl/crc/crc_internal/crc_x86_arm_combined.o
[85/2097] 27.64s F CXX clang_x64/obj/third_party/abseil-cpp/absl/log/internal/conditions/conditions.o
[86/2097] 27.78s F CXX clang_x64/obj/third_party/abseil-cpp/absl/log/internal/fnmatch/fnmatch.o
[87/2095] 27.81s F CXX clang_x64/obj/third_party/abseil-cpp/absl/debugging/leak_check/leak_check.o
[88/2095] 28.17s F CXX clang_x64/obj/third_party/abseil-cpp/absl/debugging/demangle_internal/demangle.o
[89/2095] 28.67s F CXX clang_x64/obj/third_party/abseil-cpp/absl/hash/city/city.o
[90/2095] 29.11s F CXX clang_x64/obj/third_party/abseil-cpp/absl/crc/crc_internal/crc.o
[91/2095] 29.34s F CXX clang_x64/obj/third_party/protobuf/protobuf_lite_library/zero_copy_stream_impl.o
[92/2095] 29.41s F CXX clang_x64/obj/third_party/abseil-cpp/absl/base/throw_delegate/throw_delegate.o
[93/2095] 29.46s F CXX clang_x64/obj/third_party/abseil-cpp/absl/log/internal/log_message/log_message.o
[94/2095] 29.53s F CXX clang_x64/obj/third_party/abseil-cpp/absl/log/internal/nullguard/nullguard.o
[95/2094] 29.99s F CXX clang_x64/obj/third_party/abseil-cpp/absl/strings/strings/match.o
[96/2094] 30.36s F CXX clang_x64/obj/third_party/abseil-cpp/absl/random/internal/randen_slow/randen_slow.o
[97/2094] 31.40s F CXX clang_x64/obj/third_party/protobuf/protobuf_lite_library/arena.o
[98/2094] 31.79s F CXX clang_x64/obj/third_party/protobuf/protobuf_lite_library/arena_align.o
[99/2094] 31.85s F CXX clang_x64/obj/third_party/protobuf/protobuf_lite_library/repeated_ptr_field.o
[100/2094] 31.92s F CXX clang_x64/obj/third_party/abseil-cpp/absl/base/log_severity/log_severity.o
[101/2092] 32.54s F CXX clang_x64/obj/third_party/abseil-cpp/absl/container/raw_hash_set/raw_hash_set.o
[102/2092] 32.94s F CXX clang_x64/obj/third_party/abseil-cpp/absl/synchronization/synchronization/futex_waiter.o
[103/2092] 33.05s F CXX clang_x64/obj/third_party/abseil-cpp/absl/debugging/symbolize/symbolize.o
[104/2092] 33.41s F CXX clang_x64/obj/third_party/abseil-cpp/absl/log/internal/log_sink_set/log_sink_set.o
[105/2092] 33.47s F CXX clang_x64/obj/third_party/abseil-cpp/absl/log/internal/proto/proto.o
[106/2092] 33.55s F CXX clang_x64/obj/third_party/abseil-cpp/absl/debugging/debugging_internal/elf_mem_image.o
[107/2092] 33.85s F CXX clang_x64/obj/third_party/abseil-cpp/absl/strings/internal/escaping.o
[108/2092] 34.60s F CXX clang_x64/obj/third_party/abseil-cpp/absl/synchronization/synchronization/waiter_base.o
[109/2092] 34.62s F CXX clang_x64/obj/third_party/abseil-cpp/absl/synchronization/synchronization/create_thread_identity.o
[110/2092] 34.65s F CXX clang_x64/obj/third_party/abseil-cpp/absl/strings/internal/utf8.o
[111/2092] 35.06s F CXX clang_x64/obj/third_party/abseil-cpp/absl/synchronization/synchronization/stdcpp_waiter.o
[112/2092] 35.14s F CXX clang_x64/obj/third_party/abseil-cpp/absl/debugging/stacktrace/stacktrace.o
[113/2092] 35.77s F CXX clang_x64/obj/third_party/abseil-cpp/absl/synchronization/synchronization/sem_waiter.o
[114/2092] 35.89s F CXX clang_x64/obj/third_party/protobuf/protobuf_lite_library/repeated_field.o
[115/2092] 36.19s F CXX clang_x64/obj/third_party/abseil-cpp/absl/synchronization/synchronization/pthread_waiter.o
[116/2092] 36.36s F CXX clang_x64/obj/third_party/abseil-cpp/absl/synchronization/synchronization/per_thread_sem.o
[117/2092] 37.01s F CXX clang_x64/obj/third_party/abseil-cpp/absl/time/internal/cctz/civil_time/civil_time_detail.o
[118/2091] 37.08s F CXX clang_x64/obj/third_party/abseil-cpp/absl/log/log_sink/log_sink.o
[119/2091] 37.23s F CXX clang_x64/obj/third_party/abseil-cpp/absl/time/internal/cctz/time_zone/time_zone_format.o
[120/2091] 38.20s F CXX clang_x64/obj/third_party/abseil-cpp/absl/crc/crc32c/crc32c.o
[121/2091] 38.78s F CXX clang_x64/obj/third_party/protobuf/protobuf_lite_library/generated_message_util.o
[122/2091] 38.89s F CXX clang_x64/obj/third_party/abseil-cpp/absl/crc/crc32c/crc_non_temporal_memcpy.o
[123/2091] 39.21s F CXX clang_x64/obj/third_party/protobuf/protobuf_lite_library/port.o
[124/2091] 39.38s F CXX clang_x64/obj/third_party/abseil-cpp/absl/strings/internal/ostringstream.o
[125/2091] 39.60s F CXX clang_x64/obj/third_party/abseil-cpp/absl/strings/str_format_internal/bind.o
[126/2091] 39.94s F CXX clang_x64/obj/third_party/abseil-cpp/absl/random/internal/randen_hwaes_impl/randen_hwaes.o
[127/2091] 40.51s F CXX clang_x64/obj/third_party/abseil-cpp/absl/time/time/clock.o
[128/2091] 40.69s F CXX clang_x64/obj/third_party/abseil-cpp/absl/log/internal/vlog_config/vlog_config.o
[129/2091] 40.99s F CXX clang_x64/obj/third_party/abseil-cpp/absl/time/internal/cctz/time_zone/time_zone_fixed.o
[130/2091] 41.67s F CXX clang_x64/obj/third_party/abseil-cpp/absl/base/malloc_internal/low_level_alloc.o
[131/2091] 41.72s F CXX clang_x64/obj/third_party/abseil-cpp/absl/crc/crc32c/crc_memcpy_x86_arm_combined.o
[132/2091] 42.61s F CXX clang_x64/obj/third_party/abseil-cpp/absl/strings/cord_internal/cord_internal.o
[133/2091] 42.86s F CXX clang_x64/obj/third_party/protobuf/protobuf_lite_library/parse_context.o
[134/2091] 42.88s F CXX clang_x64/obj/third_party/abseil-cpp/absl/random/seed_sequences/seed_sequences.o
[135/2091] 43.82s F CXX clang_x64/obj/third_party/abseil-cpp/absl/strings/strings/str_cat.o
[136/2091] 43.89s F CXX clang_x64/obj/third_party/protobuf/protobuf_lite_library/micro_string.o
[137/2091] 44.35s F CXX clang_x64/obj/third_party/abseil-cpp/absl/crc/crc_cord_state/crc_cord_state.o
[138/2091] 44.36s F CXX clang_x64/obj/third_party/abseil-cpp/absl/random/seed_gen_exception/seed_gen_exception.o
[139/2091] 44.82s F CXX clang_x64/obj/third_party/protobuf/protobuf_lite_library/raw_ptr.o
[140/2091] 44.97s F CXX clang_x64/obj/third_party/abseil-cpp/absl/status/status_builder/status_builder.o
[141/2091] 45.56s F CXX clang_x64/obj/third_party/abseil-cpp/absl/base/raw_logging_internal/raw_logging.o
[142/2080] 46.86s F CXX clang_x64/obj/third_party/abseil-cpp/absl/synchronization/graphcycles_internal/graphcycles.o
[143/2080] 46.88s F CXX clang_x64/obj/third_party/protobuf/protobuf_lite_library/any_lite.o
[144/2080] 46.97s F CXX clang_x64/obj/third_party/protobuf/protobuf_lite_library/message_lite.o
[145/2080] 47.91s F CXX clang_x64/obj/third_party/protobuf/protobuf_lite_library/map.o
[146/2080] 48.15s F CXX clang_x64/obj/third_party/abseil-cpp/absl/synchronization/synchronization/blocking_counter.o
[147/2080] 49.14s F CXX clang_x64/obj/third_party/protobuf/protobuf_lite_library/zero_copy_stream_impl_lite.o
[148/2080] 49.47s F CXX clang_x64/obj/third_party/protobuf/protobuf_lite_library/implicit_weak_message.o
[149/2080] 49.55s F CXX clang_x64/obj/third_party/abseil-cpp/absl/strings/cord_internal/cord_rep_btree_reader.o
[150/2080] 49.99s F CXX clang_x64/obj/third_party/protobuf/protobuf_lite_library/zero_copy_stream.o
[151/2080] 50.59s F CXX clang_x64/obj/third_party/abseil-cpp/absl/random/distributions/discrete_distribution.o
[152/2080] 50.61s F CXX clang_x64/obj/third_party/abseil-cpp/absl/log/internal/globals/globals.o
[153/2080] 50.63s F CXX clang_x64/obj/third_party/abseil-cpp/absl/log/die_if_null/die_if_null.o
[154/2080] 50.69s F CXX clang_x64/obj/third_party/abseil-cpp/absl/base/base/unscaledcycleclock.o
[155/2080] 51.36s F CXX clang_x64/obj/third_party/abseil-cpp/absl/strings/cordz_handle/cordz_handle.o
[156/2080] 51.45s F CXX clang_x64/obj/third_party/abseil-cpp/absl/base/base/casts.o
[157/2080] 51.47s F CXX clang_x64/obj/third_party/abseil-cpp/absl/random/internal/randen_hwaes/randen_detect.o
[158/2079] 51.53s F CXX clang_x64/obj/third_party/abseil-cpp/absl/base/base/spinlock.o
[159/2079] 51.53s F CXX clang_x64/obj/third_party/abseil-cpp/absl/base/base/thread_identity.o
[160/2079] 52.44s F CXX clang_x64/obj/third_party/abseil-cpp/absl/base/base/sysinfo.o
[161/2079] 53.39s F CXX clang_x64/obj/third_party/protobuf/protobuf_lite_library/zero_copy_sink.o
[162/2079] 53.50s F CXX clang_x64/obj/third_party/abseil-cpp/absl/strings/strings/str_split.o
[163/2079] 53.53s F CXX clang_x64/obj/third_party/abseil-cpp/absl/strings/cord_internal/cord_rep_btree.o
[164/2079] 54.03s F CXX clang_x64/obj/third_party/abseil-cpp/absl/profiling/exponential_biased/exponential_biased.o
[165/2077] 54.06s F CXX clang_x64/obj/third_party/protobuf/protobuf_lite_library/inlined_string_field.o
[166/2077] 54.20s F CXX clang_x64/obj/third_party/abseil-cpp/absl/base/spinlock_wait/spinlock_wait.o
[167/2044] 54.41s F CXX clang_x64/obj/third_party/abseil-cpp/absl/strings/strings/str_replace.o
[167/2043] 54.41s F CXX clang_x64/obj/third_party/abseil-cpp/absl/base/strerror/strerror.o
[169/2043] 55.04s F CXX clang_x64/obj/third_party/abseil-cpp/absl/random/distributions/gaussian_distribution.o
[170/2043] 55.96s F CXX clang_x64/obj/third_party/abseil-cpp/absl/strings/cord_internal/cord_rep_crc.o
[171/2043] 55.99s F CXX clang_x64/obj/third_party/protobuf/protobuf_lite_library/tokenizer.o
[172/2043] 56.02s F CXX clang_x64/obj/third_party/abseil-cpp/absl/random/internal/randen/randen.o
[173/2041] 56.32s F CXX clang_x64/obj/third_party/abseil-cpp/absl/strings/strings/substitute.o
[174/2022] 56.43s F CXX clang_x64/obj/third_party/abseil-cpp/absl/time/internal/cctz/time_zone/zone_info_source.o
[175/2022] 56.68s F CXX clang_x64/obj/third_party/abseil-cpp/absl/time/internal/cctz/time_zone/time_zone_posix.o
[176/2022] 57.13s F CXX clang_x64/obj/third_party/protobuf/protobuf_lite_library/wire_format_lite.o
[177/2022] 57.40s F CXX clang_x64/obj/third_party/protobuf/protobuf_lite_library/arenaz_sampler.o
[178/2022] 57.50s F CXX clang_x64/obj/third_party/abseil-cpp/absl/time/internal/cctz/time_zone/time_zone_lookup.o
[179/2022] 57.72s F CXX clang_x64/obj/third_party/abseil-cpp/absl/time/internal/cctz/time_zone/time_zone_libc.o
[180/2022] 58.67s F CXX clang_x64/obj/third_party/protobuf/protobuf_lite_library/unknown_field_set_lite.o
[181/2022] 58.86s F CXX clang_x64/obj/third_party/abseil-cpp/absl/time/internal/cctz/time_zone/time_zone_impl.o
[182/2022] 58.90s F CXX clang_x64/obj/buildtools/third_party/libc++abi/libc++abi/abort_message.o
[183/2022] 58.96s F CXX clang_x64/obj/buildtools/third_party/libc++abi/libc++abi/cxa_guard.o
[184/2022] 58.99s F CXX clang_x64/obj/buildtools/third_party/libc++abi/libc++abi/stdlib_typeinfo.o
[185/2022] 59.11s F CXX clang_x64/obj/buildtools/third_party/libc++abi/libc++abi/cxa_thread_atexit.o
[186/2022] 59.36s F CXX clang_x64/obj/buildtools/third_party/libc++abi/libc++abi/stdlib_stdexcept.o
[187/2022] 59.41s F CXX clang_x64/obj/buildtools/third_party/libc++abi/libc++abi/stdlib_exception.o
[188/2022] 59.56s F CXX clang_x64/obj/buildtools/third_party/libc++abi/libc++abi/private_typeinfo.o
[189/2022] 59.59s F CXX clang_x64/obj/third_party/abseil-cpp/absl/time/internal/cctz/time_zone/time_zone_info.o
[190/1970] 59.60s S AR clang_x64/obj/third_party/protobuf/libprotobuf_lite_library.a
[190/1970] 59.64s F CXX clang_x64/obj/buildtools/third_party/libc++abi/libc++abi/cxa_aux_runtime.o
[191/1970] 59.68s F CXX clang_x64/obj/buildtools/third_party/libc++abi/libc++abi/cxa_virtual.o
[192/1970] 59.69s F AR clang_x64/obj/third_party/protobuf/libprotobuf_lite_library.a
[193/1970] 59.77s F CXX clang_x64/obj/buildtools/third_party/libc++abi/libc++abi/cxa_vector.o
[194/1970] 1m01.63s F CXX clang_x64/obj/buildtools/third_party/libc++abi/libc++abi/cxa_demangle.o
[195/1970] 1m01.89s F CXX clang_x64/obj/third_party/protobuf/protobuf_full_library/importer.o
[196/1970] 1m02.02s F CXX clang_x64/obj/buildtools/third_party/libc++abi/libc++abi/fallback_malloc.o
[197/1970] 1m02.45s F CXX clang_x64/obj/third_party/protobuf/protobuf_full_library/any.o
[198/1970] 1m04.88s F CXX clang_x64/obj/third_party/protobuf/protobuf_full_library/field_comparator.o
[199/1970] 1m05.18s F CXX clang_x64/obj/third_party/protobuf/protobuf_full_library/unknown_field_set.o
[200/1970] 1m06.54s F CXX clang_x64/obj/third_party/protobuf/protobuf_full_library/message_differencer.o
[201/1970] 1m06.75s F CXX clang_x64/obj/buildtools/third_party/libc++abi/libc++abi/cxa_handlers.o
[202/1970] 1m08.40s F CXX clang_x64/obj/third_party/protobuf/protobuf_full_library/symbol_checker.o
[203/1970] 1m08.56s F CXX clang_x64/obj/third_party/protobuf/protobuf_full_library/symbol.o
[204/1970] 1m08.73s F CXX clang_x64/obj/third_party/protobuf/protobuf_full_library/reflection_mode.o
[205/1970] 1m08.92s F CXX clang_x64/obj/third_party/protobuf/protobuf_full_library/delimited_message_util.o
[206/1970] 1m09.01s F CXX clang_x64/obj/third_party/protobuf/protobuf_full_library/text_format.o
[207/1970] 1m09.04s F CXX clang_x64/obj/buildtools/third_party/libc++abi/libc++abi/cxa_personality.o
[208/1970] 1m09.63s F CXX clang_x64/obj/third_party/protobuf/protobuf_full_library/service.o
[209/1970] 1m11.02s F CXX clang_x64/obj/third_party/protobuf/protobuf_full_library/naming_style.o
[210/1970] 1m11.95s F CXX clang_x64/obj/third_party/protobuf/protobuf_full_library/reflection_ops.o
[211/1970] 1m13.13s F CXX clang_x64/obj/third_party/protobuf/protobuf_full_library/map_field.o
[212/1970] 1m14.35s F CXX clang_x64/obj/third_party/protobuf/protobuf_full_library/json_enumvalue_options.pb.o
[213/1970] 1m14.96s F CXX clang_x64/obj/third_party/protobuf/protobuf_full_library/message.o
[214/1970] 1m15.40s F CXX clang_x64/obj/third_party/protobuf/protobuf_full_library/internal_feature_helper.o
[215/1970] 1m16.04s F CXX clang_x64/obj/third_party/protobuf/protobuf_full_library/generated_message_tctable_full.o
[216/1970] 1m17.79s F CXX clang_x64/obj/third_party/protobuf/protobuf_full_library/generated_message_bases.o
[217/1970] 1m19.94s F CXX clang_x64/obj/third_party/protobuf/protobuf_full_library/extension_set_heavy.o
[218/1970] 1m19.98s F CXX clang_x64/obj/third_party/protobuf/protobuf_full_library/feature_resolver.o
[219/1970] 1m21.90s F CXX clang_x64/obj/third_party/protobuf/protobuf_full_library/generated_message_tctable_gen.o
[220/1970] 1m23.14s F CXX clang_x64/obj/third_party/protobuf/protobuf_full_library/generated_message_reflection.o
[221/1970] 1m23.77s F CXX clang_x64/obj/third_party/protobuf/protobuf_full_library/dynamic_message.o
[222/1970] 1m25.57s F CXX clang_x64/obj/third_party/protobuf/protobuf_full_library/descriptor.pb.o
[223/1970] 1m26.44s F CXX clang_x64/obj/third_party/protobuf/protobuf_full_library/cpp_file_options.pb.o
[224/1970] 1m27.24s F CXX clang_x64/obj/third_party/protobuf/protobuf_full_library/cpp_features.pb.o
[225/1970] 1m31.54s F CXX clang_x64/obj/third_party/protobuf/protobuf_full_library/parser.o
[226/1970] 1m31.64s F CXX clang_x64/obj/buildtools/third_party/libc++abi/libc++abi/cxa_exception_storage.o
[227/1970] 1m31.88s F CXX clang_x64/obj/buildtools/third_party/libc++abi/libc++abi/cxa_exception.o
[228/1970] 1m32.13s F CXX clang_x64/obj/buildtools/third_party/libc++abi/libc++abi/cxa_default_handlers.o
[229/1970] 1m32.13s S AR clang_x64/obj/buildtools/third_party/libc++abi/libc++abi.a
[229/1970] 1m32.17s F CXX clang_x64/obj/third_party/protobuf/protobuf_full_library/wire_format.o
[230/1970] 1m32.93s F CXX clang_x64/obj/third_party/protobuf/protobuf_full_library/descriptor_database.o
[231/1970] 1m36.71s F CXX clang_x64/obj/third_party/protobuf/protoc_cpp/tracker.o
[232/1970] 1m38.61s F CXX clang_x64/obj/third_party/protobuf/protobuf_full_library/descriptor.o
[233/1970] 1m38.61s S AR clang_x64/obj/third_party/protobuf/libprotobuf_full_library.a
[233/1970] 1m38.74s F CXX clang_x64/obj/third_party/protobuf/protoc_cpp/enum.o
[234/1970] 1m38.98s F CXX clang_x64/obj/buildtools/third_party/libc++/libc++/d2fixed.o
[235/1970] 1m38.99s F AR clang_x64/obj/third_party/protobuf/libprotobuf_full_library.a
[236/1969] 1m39.04s F CXX clang_x64/obj/third_party/protobuf/protoc_cpp/parse_function_generator.o
[237/1969] 1m39.24s F CXX clang_x64/obj/buildtools/third_party/libc++/libc++/shared_mutex.o
[238/1969] 1m39.58s F CXX clang_x64/obj/buildtools/third_party/libc++/libc++/filesystem_error.o
[239/1969] 1m39.59s F AR clang_x64/obj/buildtools/third_party/libc++abi/libc++abi.a
[240/1969] 1m40.10s F CXX clang_x64/obj/buildtools/third_party/libc++/libc++/random_shuffle.o
[241/1969] 1m40.10s F CXX clang_x64/obj/buildtools/third_party/libc++/libc++/regex.o
[242/1969] 1m40.83s F CXX clang_x64/obj/buildtools/third_party/libc++/libc++/random.o
[243/1969] 1m41.09s F CXX clang_x64/obj/buildtools/third_party/libc++/libc++/strstream.o
[244/1969] 1m42.36s F CXX clang_x64/obj/third_party/protobuf/protoc_java/file.o
[245/1969] 1m44.71s F CXX clang_x64/obj/third_party/protobuf/protoc_java/field_common.o
[246/1969] 1m44.73s F CXX clang_x64/obj/buildtools/third_party/libc++/libc++/new_helpers.o
[247/1969] 1m45.03s F CXX clang_x64/obj/third_party/protobuf/protoc_java/name_resolver.o
[248/1969] 1m45.29s F CXX clang_x64/obj/third_party/protobuf/protoc_cpp/ifndef_guard.o
[249/1969] 1m45.40s F CXX clang_x64/obj/buildtools/third_party/libc++/libc++/variant.o
[250/1969] 1m45.87s F CXX clang_x64/obj/buildtools/third_party/libc++/libc++/vector.o
[251/1969] 1m50.50s F CXX clang_x64/obj/third_party/protobuf/protoc_cpp/generator.o
[252/1969] 1m50.59s F CXX clang_x64/obj/buildtools/third_party/libc++/libc++/mutex_destructor.o
[253/1969] 1m51.52s F CXX clang_x64/obj/third_party/protobuf/protoc_cpp/message_layout_helper.o
[254/1969] 1m52.70s F CXX clang_x64/obj/third_party/protobuf/protoc_cpp/helpers.o
[255/1969] 1m53.66s F CXX clang_x64/obj/third_party/protobuf/protoc_cpp/message.o
[256/1969] 1m54.98s F CXX clang_x64/obj/third_party/protobuf/protoc_java/shared_code_generator.o
[257/1969] 1m57.02s F CXX clang_x64/obj/third_party/protobuf/protoc_cpp/field_layout.o
[258/1969] 1m58.66s F CXX clang_x64/obj/third_party/protobuf/protoc_cpp/string_view_field.o
[259/1969] 1m58.86s F CXX clang_x64/obj/third_party/protobuf/protoc_java_lite/make_field_gens.o
[260/1969] 2m00.98s F CXX clang_x64/obj/third_party/protobuf/protoc_cpp/file.o
[261/1969] 2m02.20s F CXX clang_x64/obj/third_party/protobuf/protoc_cpp/string_field.o
[262/1969] 2m03.63s F CXX clang_x64/obj/third_party/protobuf/protoc_cpp/enum_field.o
[263/1969] 2m03.69s F CXX clang_x64/obj/buildtools/third_party/libc++/libc++/new.o
[264/1969] 2m04.13s F CXX clang_x64/obj/third_party/protobuf/protoc_cpp/cord_field.o
[265/1969] 2m04.16s F CXX clang_x64/obj/buildtools/third_party/libc++/libc++/verbose_abort.o
[266/1969] 2m05.21s F CXX clang_x64/obj/third_party/protobuf/protoc_cpp/field_chunk.o
[267/1969] 2m07.21s F CXX clang_x64/obj/third_party/protobuf/protoc_cpp/field.o
[268/1969] 2m08.35s F CXX clang_x64/obj/buildtools/third_party/libc++/libc++/iostream.o
[269/1969] 2m08.40s F CXX clang_x64/obj/third_party/protobuf/protoc_cpp/service.o
[270/1969] 2m08.76s F CXX clang_x64/obj/third_party/protobuf/protoc_python/helpers.o
[271/1969] 2m09.53s F CXX clang_x64/obj/third_party/protobuf/protoc_java_full/enum_field.o
[272/1969] 2m10.35s F CXX clang_x64/obj/buildtools/third_party/libc++/libc++/ios.instantiations.o
[273/1969] 2m11.34s F CXX clang_x64/obj/buildtools/third_party/libc++/libc++/ios.o
[274/1969] 2m11.89s F CXX clang_x64/obj/buildtools/third_party/libc++/libc++/hash.o
[275/1969] 2m12.16s F CXX clang_x64/obj/buildtools/third_party/libc++/libc++/d2s.o
[276/1969] 2m13.19s F CXX clang_x64/obj/third_party/protobuf/protoc_java/doc_comment.o
[277/1969] 2m13.39s F CXX clang_x64/obj/third_party/protobuf/protoc_java_lite/enum_field.o
[278/1969] 2m13.69s F CXX clang_x64/obj/buildtools/third_party/libc++/libc++/filesystem_clock.o
[279/1969] 2m14.63s F CXX clang_x64/obj/buildtools/third_party/libc++/libc++/path.o
[280/1969] 2m14.95s F CXX clang_x64/obj/buildtools/third_party/libc++/libc++/error_category.o
[281/1969] 2m15.05s F CXX clang_x64/obj/buildtools/third_party/libc++/libc++/condition_variable_destructor.o
[282/1969] 2m15.21s F CXX clang_x64/obj/buildtools/third_party/libc++/libc++/directory_iterator.o
[283/1969] 2m15.26s F CXX clang_x64/obj/third_party/protobuf/protoc_cpp/extension.o
[284/1969] 2m15.77s F CXX clang_x64/obj/buildtools/third_party/libc++/libc++/future.o
[285/1969] 2m15.86s F CXX clang_x64/obj/buildtools/third_party/libc++/libc++/condition_variable.o
[286/1969] 2m15.91s F CXX clang_x64/obj/buildtools/third_party/libc++/libc++/exception.o
[287/1969] 2m16.06s F CXX clang_x64/obj/buildtools/third_party/libc++/libc++/mutex.o
[288/1969] 2m16.06s F CXX clang_x64/obj/buildtools/third_party/libc++/libc++/operations.o
[289/1969] 2m18.20s F CXX clang_x64/obj/third_party/protobuf/protoc_cpp/namespace_printer.o
[290/1969] 2m19.64s F CXX clang_x64/obj/buildtools/third_party/libc++/libc++/chrono.o
[291/1969] 2m20.42s F CXX clang_x64/obj/buildtools/third_party/libc++/libc++/charconv.o
[292/1969] 2m20.88s F CXX clang_x64/obj/third_party/protobuf/protoc_cpp/primitive_field.o
[293/1969] 2m21.22s F CXX clang_x64/obj/buildtools/third_party/libc++/libc++/memory.o
[294/1969] 2m21.35s F CXX clang_x64/obj/third_party/protobuf/protoc_cpp/map_field.o
[295/1969] 2m21.47s F CXX clang_x64/obj/buildtools/third_party/libc++/libc++/call_once.o
[296/1968] 2m21.65s F CXX clang_x64/obj/third_party/protobuf/protoc_cpp/message_field.o
[297/1968] 2m22.35s F CXX clang_x64/obj/buildtools/third_party/libc++/libc++/thread.o
[298/1968] 2m22.39s F CXX clang_x64/obj/buildtools/third_party/libc++/libc++/atomic.o
[299/1968] 2m23.10s F CXX clang_x64/obj/buildtools/third_party/libc++/libc++/barrier.o
[300/1968] 2m25.20s F CXX clang_x64/obj/third_party/protobuf/protoc_lib/zip_writer.o
[301/1968] 2m25.99s F CXX clang_x64/obj/third_party/protobuf/protoc_lib/code_generator.o
[302/1968] 2m26.19s F CXX clang_x64/obj/buildtools/third_party/libc++/libc++/new_handler.o
[303/1968] 2m26.32s F CXX clang_x64/obj/buildtools/third_party/libc++/libc++/locale.o
[304/1968] 2m27.08s F CXX clang_x64/obj/third_party/protobuf/protoc_java_full/primitive_field.o
[305/1968] 2m28.64s F CXX clang_x64/obj/third_party/protobuf/protoc_lib/versions.o
[306/1968] 2m29.31s F CXX clang_x64/obj/third_party/protobuf/protoc_lib/subprocess.o
[307/1968] 2m30.65s F CXX clang_x64/obj/third_party/protobuf/protoc_lib/retention.o
[308/1968] 2m30.82s F CXX clang_x64/obj/third_party/protobuf/protoc_lib/plugin.pb.o
[309/1968] 2m32.21s F CXX clang_x64/obj/third_party/protobuf/protoc_lib/plugin.o
[310/1968] 2m34.19s F CXX clang_x64/obj/third_party/protobuf/protoc_java_lite/message_builder.o
[311/1968] 2m35.91s F CXX clang_x64/obj/third_party/protobuf/protoc_java_full/enum.o
[312/1968] 2m37.42s F CXX clang_x64/obj/third_party/protobuf/protoc_java_full/string_field.o
[313/1968] 2m38.88s F CXX clang_x64/obj/third_party/protobuf/protoc_java_full/service.o
[314/1968] 2m39.79s F CXX clang_x64/obj/third_party/protobuf/protoc_lib/command_line_interface.o
[315/1968] 2m41.24s F CXX clang_x64/obj/third_party/protobuf/protoc_java_full/message_builder.o
[316/1968] 2m43.26s F CXX clang_x64/obj/third_party/protobuf/protoc_java_full/message.o
[317/1968] 2m43.92s F CXX clang_x64/obj/third_party/protobuf/protoc_java_full/message_field.o
[318/1968] 2m44.04s F CXX clang_x64/obj/buildtools/third_party/libc++/libc++/optional.o
[319/1968] 2m45.16s F CXX clang_x64/obj/third_party/protobuf/protoc_java_full/make_field_gens.o
[320/1968] 2m45.18s F CXX clang_x64/obj/third_party/protobuf/protoc_java_full/map_field.o
[321/1968] 2m47.19s F CXX clang_x64/obj/third_party/protobuf/protoc_java_full/generator_factory.o
[322/1968] 2m47.56s F CXX clang_x64/obj/buildtools/third_party/libc++/libc++/algorithm.o
[323/1968] 2m48.81s F CXX clang_x64/obj/third_party/protobuf/protoc_java_full/extension.o
[324/1967] 2m48.85s F CXX clang_x64/obj/buildtools/third_party/libc++/libc++/any.o
[325/1967] 2m52.01s F CXX clang_x64/obj/third_party/protobuf/protoc_python/generator.o
[326/1966] 2m52.11s F CXX clang_x64/obj/third_party/protobuf/protoc_python/pyi_generator.o
[327/1966] 2m52.50s F CXX clang_x64/obj/third_party/protobuf/protoc_java_lite/enum.o
[328/1966] 2m52.89s F CXX clang_x64/obj/buildtools/third_party/libc++/libc++/functional.o
[329/1966] 2m53.90s F CXX clang_x64/obj/third_party/protobuf/protoc_java_lite/string_field.o
[330/1966] 2m57.01s F CXX clang_x64/obj/third_party/protobuf/protoc_java_lite/message_field.o
[331/1966] 2m57.25s F CXX clang_x64/obj/third_party/protobuf/protoc_java_lite/primitive_field.o
[332/1966] 2m58.29s F CXX clang_x64/obj/third_party/protobuf/protoc_java_lite/message.o
[333/1966] 2m59.07s F CXX clang_x64/obj/third_party/protobuf/protoc_java_lite/map_field.o
[334/1966] 3m00.92s F CXX clang_x64/obj/third_party/protobuf/protoc_java_lite/generator_factory.o
[335/1966] 3m01.27s F CXX clang_x64/obj/buildtools/third_party/libc++/libc++/bind.o
[336/1965] 3m01.48s F CXX clang_x64/obj/third_party/protobuf/protoc_java_lite/extension.o
[337/1965] 3m01.51s F CXX clang_x64/obj/buildtools/third_party/libc++/libc++/typeinfo.o
[338/1965] 3m01.57s F CXX clang_x64/obj/buildtools/third_party/libc++/libc++/valarray.o
[339/1965] 3m02.68s F CXX clang_x64/obj/third_party/protobuf/protoc_java/context.o
[340/1965] 3m03.21s F CXX clang_x64/obj/third_party/protobuf/protoc_java/message_serialization.o
[341/1965] 3m04.91s F CXX clang_x64/obj/third_party/protobuf/protoc_java/java_features.pb.o
[342/1965] 3m04.97s F CXX clang_x64/obj/buildtools/third_party/libc++/libc++/directory_entry.o
[343/1965] 3m05.34s F CXX clang_x64/obj/buildtools/third_party/libc++/libc++/system_error.o
[344/1965] 3m05.64s F CXX clang_x64/obj/third_party/protobuf/protoc_java/names.o
[345/1965] 3m05.75s F CXX clang_x64/obj/buildtools/third_party/libc++/libc++/stdexcept.o
[346/1965] 3m05.89s F CXX clang_x64/obj/buildtools/third_party/libc++/libc++/f2s.o
[347/1965] 3m06.17s F CXX clang_x64/obj/buildtools/third_party/libc++/libc++/string.o
[348/1965] 3m06.17s S AR clang_x64/obj/buildtools/third_party/libc++/libc++.a
[348/1965] 3m06.22s F CXX clang_x64/obj/third_party/protobuf/protoc_lib/code_generator_lite.o
[349/1965] 3m06.61s F CXX clang_x64/obj/third_party/perfetto/src/base/base/string_splitter.o
[350/1965] 3m07.40s F CXX clang_x64/obj/third_party/perfetto/src/base/base/status.o
[351/1965] 3m08.01s F CXX clang_x64/obj/third_party/perfetto/src/base/base/string_view.o
[352/1965] 3m09.22s F CXX clang_x64/obj/third_party/perfetto/src/base/base/android_utils.o
[353/1965] 3m10.57s F CXX clang_x64/obj/third_party/protobuf/protoc_java/generator.o
[354/1965] 3m11.08s F CXX clang_x64/obj/third_party/protobuf/protoc_java/helpers.o
[355/1965] 3m11.12s F CXX clang_x64/obj/third_party/protobuf/protoc_java/internal_helpers.o
[355/1964] 3m11.12s S AR clang_x64/obj/third_party/protobuf/libprotoc_lib.a
[356/1964] 3m11.15s F CXX clang_x64/obj/third_party/perfetto/src/base/check_cpu_optimizations/check_cpu_optimizations.o
[357/1963] 3m11.54s F CXX clang_x64/obj/third_party/perfetto/src/base/base/string_utils.o
[358/1963] 3m11.88s F CXX clang_x64/obj/third_party/perfetto/src/base/base/subprocess_windows.o
[359/1963] 3m12.02s F CXX clang_x64/obj/third_party/perfetto/src/base/base/intrusive_list.o
[360/1963] 3m12.34s F CXX clang_x64/obj/third_party/perfetto/src/base/base/logging.o
[361/1963] 3m12.49s F CXX clang_x64/obj/third_party/perfetto/src/base/base/getopt_compat.o
[362/1963] 3m13.05s F CXX clang_x64/obj/third_party/perfetto/src/base/base/subprocess_posix.o
[363/1963] 3m13.14s F CXX clang_x64/obj/third_party/perfetto/src/base/base/scoped_mmap.o
[364/1963] 3m13.39s F CXX clang_x64/obj/third_party/perfetto/src/base/base/cpu_info.o
[365/1963] 3m13.68s F CXX clang_x64/obj/third_party/perfetto/src/base/base/rt_mutex.o
[366/1963] 3m14.43s F CXX clang_x64/obj/third_party/perfetto/src/base/base/uuid.o
[367/1963] 3m14.52s F CXX clang_x64/obj/third_party/perfetto/src/base/base/dynamic_string_writer.o
[368/1963] 3m14.59s F CXX clang_x64/obj/third_party/perfetto/src/base/base/periodic_task.o
[369/1963] 3m15.08s F CXX clang_x64/obj/third_party/perfetto/src/protozero/protoc_plugin/cppgen_plugin/cppgen_plugin.o
[370/1963] 3m15.12s F CXX clang_x64/obj/third_party/perfetto/src/base/base/thread_checker.o
[371/1963] 3m15.46s F CXX clang_x64/obj/third_party/perfetto/src/base/base/pipe.o
[372/1963] 3m15.66s F CXX clang_x64/obj/third_party/perfetto/src/base/base/time.o
[373/1963] 3m15.73s F CXX clang_x64/obj/third_party/perfetto/src/base/base/event_fd.o
[374/1963] 3m15.86s F CXX clang_x64/obj/third_party/perfetto/src/base/base/weak_runner.o
[375/1963] 3m16.12s F CXX clang_x64/obj/third_party/perfetto/src/base/base/thread_task_runner.o
[376/1963] 3m16.61s F CXX clang_x64/obj/third_party/perfetto/src/base/base/temp_file.o
[377/1963] 3m16.72s F CXX clang_x64/obj/third_party/perfetto/src/base/base/subprocess.o
[378/1963] 3m16.92s F CXX clang_x64/obj/third_party/perfetto/src/base/base/watchdog_posix.o
[379/1963] 3m17.06s F CXX clang_x64/obj/third_party/perfetto/src/base/base/virtual_destructors.o
[380/1963] 3m17.10s F CXX clang_x64/obj/third_party/perfetto/src/base/base/file_utils.o
[381/1963] 3m17.41s F CXX clang_x64/obj/third_party/perfetto/src/base/base/waitable_event.o
[382/1963] 3m17.43s F CXX clang_x64/obj/third_party/perfetto/src/base/base/paged_memory.o
[383/1963] 3m17.87s F CXX clang_x64/obj/third_party/perfetto/src/base/base/crash_keys.o
[384/1963] 3m18.03s F CXX clang_x64/obj/third_party/perfetto/src/base/base/string_view_splitter.o
[385/1963] 3m18.05s F CXX clang_x64/obj/third_party/perfetto/src/base/perfetto_base_default_platform/default_platform.o
[386/1962] 3m18.28s F CXX clang_x64/obj/third_party/perfetto/src/base/base/intrusive_tree.o
[387/1962] 3m18.29s F AR clang_x64/obj/buildtools/third_party/libc++/libc++.a
[388/1962] 3m18.30s F AR clang_x64/obj/third_party/protobuf/libprotoc_lib.a
[389/1962] 3m18.48s F CXX clang_x64/obj/third_party/perfetto/src/base/base/scoped_sched_boost.o
[390/1962] 3m18.70s F CXX clang_x64/obj/third_party/perfetto/src/base/base/unix_task_runner.o
[391/1962] 3m19.34s F CXX clang_x64/obj/third_party/perfetto/src/base/base/utils.o
[392/1962] 3m19.48s F CXX clang_x64/obj/third_party/perfetto/src/base/base/ctrl_c_handler.o
[393/1962] 3m19.59s F CXX clang_x64/obj/third_party/perfetto/src/base/base/base64.o
[394/1962] 3m19.71s F CXX clang_x64/obj/third_party/perfetto/src/base/base/metatrace.o
[395/1962] 3m20.32s F CXX clang_x64/obj/third_party/perfetto/src/base/base/thread_utils.o
[396/1962] 3m20.72s F CXX obj/third_party/perfetto/src/protozero/protozero/gen_field_helpers.o
[397/1962] 3m21.25s F CXX obj/third_party/perfetto/src/protozero/protozero/scattered_stream_null_delegate.o
[398/1962] 3m21.36s F CXX clang_x64/obj/third_party/perfetto/src/base/base/lock_free_task_runner.o
[399/1961] 3m21.40s S LINK clang_x64/cppgen_plugin
[399/1961] 3m21.63s F CXX obj/third_party/perfetto/src/base/base/string_splitter.o
[400/1961] 3m21.73s F CXX obj/third_party/perfetto/src/base/base/file_utils.o
[401/1961] 3m21.87s F CXX clang_x64/obj/third_party/protobuf/protoc/main.o
[402/1961] 3m21.90s S LINK clang_x64/protoc
[402/1961] 3m21.97s F LINK clang_x64/cppgen_plugin
[403/1961] 3m22.47s F CXX obj/third_party/perfetto/src/base/base/dynamic_string_writer.o
[404/1961] 3m22.48s F CXX obj/third_party/perfetto/src/base/base/string_utils.o
[405/1961] 3m22.51s F LINK clang_x64/protoc
[406/1961] 3m22.55s S ACTION //third_party/perfetto/protos/perfetto/config/process_stats:cpp_gen(//build/toolchain/android:android_clang_arm64)
[406/1961] 3m22.59s S ACTION //third_party/perfetto/protos/perfetto/protovm:cpp_gen(//build/toolchain/android:android_clang_arm64)
[406/1961] 3m22.61s S ACTION //third_party/perfetto/protos/perfetto/config/track_event:cpp_gen(//build/toolchain/android:android_clang_arm64)
[406/1961] 3m22.62s S ACTION //third_party/perfetto/protos/perfetto/config/power:cpp_gen(//build/toolchain/android:android_clang_arm64)
[406/1961] 3m22.66s S ACTION //third_party/perfetto/protos/perfetto/config/statsd:cpp_gen(//build/toolchain/android:android_clang_arm64)
[406/1961] 3m22.66s S ACTION //third_party/perfetto/protos/perfetto/config/system_info:cpp_gen(//build/toolchain/android:android_clang_arm64)
[406/1961] 3m22.63s S ACTION //third_party/perfetto/protos/perfetto/config/priority_boost:cpp_gen(//build/toolchain/android:android_clang_arm64)
[406/1961] 3m22.68s S ACTION //third_party/perfetto/protos/perfetto/config/protovm:cpp_gen(//build/toolchain/android:android_clang_arm64)
[406/1961] 3m22.64s S ACTION //third_party/perfetto/protos/perfetto/trace/track_event:cpp_gen(//build/toolchain/android:android_clang_arm64)
[406/1961] 3m22.64s S ACTION //third_party/perfetto/protos/perfetto/config/gpu:cpp_gen(//build/toolchain/android:android_clang_arm64)
[406/1961] 3m22.63s S ACTION //third_party/perfetto/protos/perfetto/common:semantic_type_cpp_gen(//build/toolchain/android:android_clang_arm64)
[406/1961] 3m22.63s S ACTION //third_party/perfetto/protos/perfetto/config/ftrace:cpp_gen(//build/toolchain/android:android_clang_arm64)
[406/1961] 3m22.67s S ACTION //third_party/perfetto/protos/perfetto/config/inode_file:cpp_gen(//build/toolchain/android:android_clang_arm64)
[406/1961] 3m22.64s S ACTION //third_party/perfetto/protos/perfetto/config/linux:cpp_gen(//build/toolchain/android:android_clang_arm64)
[406/1961] 3m22.84s F CXX obj/third_party/perfetto/src/base/base/status.o
[407/1961] 3m22.90s F CXX obj/third_party/perfetto/src/base/base/string_view.o
[408/1961] 3m23.37s F ACTION //third_party/perfetto/protos/perfetto/protovm:cpp_gen(//build/toolchain/android:android_clang_arm64)
[409/1959] 3m23.37s S CXX obj/third_party/perfetto/protos/perfetto/protovm/cpp/vm_program.gen.o
[409/1959] 3m23.37s F ACTION //third_party/perfetto/protos/perfetto/config/priority_boost:cpp_gen(//build/toolchain/android:android_clang_arm64)
[410/1957] 3m23.37s S CXX obj/third_party/perfetto/protos/perfetto/config/priority_boost/cpp/priority_boost_config.gen.o
[410/1957] 3m23.38s F ACTION //third_party/perfetto/protos/perfetto/config/power:cpp_gen(//build/toolchain/android:android_clang_arm64)
[410/1955] 3m23.38s S CXX obj/third_party/perfetto/protos/perfetto/config/power/cpp/android_power_config.gen.o
[411/1955] 3m23.39s F ACTION //third_party/perfetto/protos/perfetto/config/track_event:cpp_gen(//build/toolchain/android:android_clang_arm64)
[412/1953] 3m23.39s S CXX obj/third_party/perfetto/protos/perfetto/config/track_event/cpp/track_event_config.gen.o
[412/1953] 3m23.39s F CXX obj/third_party/perfetto/src/protozero/protozero/message.o
[413/1953] 3m23.82s F ACTION //third_party/perfetto/protos/perfetto/common:semantic_type_cpp_gen(//build/toolchain/android:android_clang_arm64)
[414/1951] 3m23.83s S CXX obj/third_party/perfetto/protos/perfetto/common/semantic_type_cpp/semantic_type.gen.o
[414/1951] 3m23.92s F ACTION //third_party/perfetto/protos/perfetto/config/inode_file:cpp_gen(//build/toolchain/android:android_clang_arm64)
[415/1949] 3m23.92s S CXX obj/third_party/perfetto/protos/perfetto/config/inode_file/cpp/inode_file_config.gen.o
[415/1949] 3m23.94s F ACTION //third_party/perfetto/protos/perfetto/config/linux:cpp_gen(//build/toolchain/android:android_clang_arm64)
[416/1947] 3m23.94s S CXX obj/third_party/perfetto/protos/perfetto/config/linux/cpp/journald_config.gen.o
[416/1947] 3m23.98s F ACTION //third_party/perfetto/protos/perfetto/config/statsd:cpp_gen(//build/toolchain/android:android_clang_arm64)
[417/1945] 3m23.98s S CXX obj/third_party/perfetto/protos/perfetto/config/statsd/cpp/statsd_tracing_config.gen.o
[417/1945] 3m23.98s S CXX obj/third_party/perfetto/protos/perfetto/config/statsd/cpp/atom_ids.gen.o
[417/1945] 3m24.00s F CXX obj/third_party/perfetto/src/base/base/scoped_mmap.o
[418/1945] 3m24.13s F CXX obj/third_party/perfetto/src/protozero/protozero/message_arena.o
[419/1945] 3m24.17s F CXX obj/third_party/perfetto/src/base/base/rt_mutex.o
[420/1945] 3m24.18s F CXX obj/third_party/perfetto/src/base/check_cpu_optimizations/check_cpu_optimizations.o
[421/1944] 3m24.41s F ACTION //third_party/perfetto/protos/perfetto/config/gpu:cpp_gen(//build/toolchain/android:android_clang_arm64)
[422/1942] 3m24.41s S CXX obj/third_party/perfetto/protos/perfetto/config/gpu/cpp/gpu_renderstages_config.gen.o
[422/1942] 3m24.41s S CXX obj/third_party/perfetto/protos/perfetto/config/gpu/cpp/gpu_counter_config.gen.o
[422/1942] 3m24.41s S CXX obj/third_party/perfetto/protos/perfetto/config/gpu/cpp/vulkan_memory_config.gen.o
[422/1942] 3m24.43s F ACTION //third_party/perfetto/protos/perfetto/config/ftrace:cpp_gen(//build/toolchain/android:android_clang_arm64)
[422/1940] 3m24.43s S CXX obj/third_party/perfetto/protos/perfetto/config/ftrace/cpp/ftrace_config.gen.o
[422/1940] 3m24.43s S CXX obj/third_party/perfetto/protos/perfetto/config/ftrace/cpp/frozen_ftrace_config.gen.o
[423/1940] 3m24.45s F ACTION //third_party/perfetto/protos/perfetto/config/process_stats:cpp_gen(//build/toolchain/android:android_clang_arm64)
[424/1938] 3m24.45s S CXX obj/third_party/perfetto/protos/perfetto/config/process_stats/cpp/process_stats_config.gen.o
[424/1938] 3m24.53s F ACTION //third_party/perfetto/protos/perfetto/config/system_info:cpp_gen(//build/toolchain/android:android_clang_arm64)
[425/1936] 3m24.53s S CXX obj/third_party/perfetto/protos/perfetto/config/system_info/cpp/system_info_config.gen.o
[425/1936] 3m24.74s F CXX obj/third_party/perfetto/src/base/base/crash_keys.o
[426/1936] 3m24.77s F ACTION //third_party/perfetto/protos/perfetto/config/protovm:cpp_gen(//build/toolchain/android:android_clang_arm64)
[427/1934] 3m24.77s S CXX obj/third_party/perfetto/protos/perfetto/config/protovm/cpp/protovm_config.gen.o
[427/1934] 3m24.89s F CXX obj/third_party/perfetto/src/base/base/weak_runner.o
[428/1934] 3m24.93s F ACTION //third_party/perfetto/protos/perfetto/trace/track_event:cpp_gen(//build/toolchain/android:android_clang_arm64)
[429/1932] 3m24.94s S CXX obj/third_party/perfetto/protos/perfetto/trace/track_event/cpp/debug_annotation.gen.o
[429/1932] 3m24.94s S CXX obj/third_party/perfetto/protos/perfetto/trace/track_event/cpp/counter_descriptor.gen.o
[429/1932] 3m24.94s S CXX obj/third_party/perfetto/protos/perfetto/trace/track_event/cpp/chrome_application_state_info.gen.o
[429/1932] 3m24.94s S CXX obj/third_party/perfetto/protos/perfetto/trace/track_event/cpp/chrome_window_handle_event_info.gen.o
[429/1932] 3m24.94s S CXX obj/third_party/perfetto/protos/perfetto/trace/track_event/cpp/chrome_active_processes.gen.o
[429/1932] 3m24.94s S CXX obj/third_party/perfetto/protos/perfetto/trace/track_event/cpp/chrome_user_event.gen.o
[429/1932] 3m24.94s S CXX obj/third_party/perfetto/protos/perfetto/trace/track_event/cpp/track_event.gen.o
[429/1932] 3m24.94s S CXX obj/third_party/perfetto/protos/perfetto/trace/track_event/cpp/chrome_thread_descriptor.gen.o
[429/1932] 3m24.94s S CXX obj/third_party/perfetto/protos/perfetto/trace/track_event/cpp/chrome_latency_info.gen.o
[429/1932] 3m24.94s S CXX obj/third_party/perfetto/protos/perfetto/trace/track_event/cpp/thread_descriptor.gen.o
[429/1932] 3m24.94s S CXX obj/third_party/perfetto/protos/perfetto/trace/track_event/cpp/source_location.gen.o
[429/1932] 3m24.94s S CXX obj/third_party/perfetto/protos/perfetto/trace/track_event/cpp/task_execution.gen.o
[429/1932] 3m24.94s S CXX obj/third_party/perfetto/protos/perfetto/trace/track_event/cpp/chrome_renderer_scheduler_state.gen.o
[429/1932] 3m24.94s S CXX obj/third_party/perfetto/protos/perfetto/trace/track_event/cpp/chrome_mojo_event_info.gen.o
[429/1932] 3m24.94s S CXX obj/third_party/perfetto/protos/perfetto/trace/track_event/cpp/chrome_process_descriptor.gen.o
[429/1932] 3m24.94s S CXX obj/third_party/perfetto/protos/perfetto/trace/track_event/cpp/chrome_message_pump.gen.o
[429/1932] 3m24.94s S CXX obj/third_party/perfetto/protos/perfetto/trace/track_event/cpp/chrome_frame_reporter.gen.o
[429/1932] 3m24.94s S CXX obj/third_party/perfetto/protos/perfetto/trace/track_event/cpp/chrome_keyed_service.gen.o
[429/1932] 3m24.94s S CXX obj/third_party/perfetto/protos/perfetto/trace/track_event/cpp/track_descriptor.gen.o
[429/1932] 3m24.94s S CXX obj/third_party/perfetto/protos/perfetto/trace/track_event/cpp/chrome_histogram_sample.gen.o
[429/1932] 3m24.94s S CXX obj/third_party/perfetto/protos/perfetto/trace/track_event/cpp/screenshot.gen.o
[429/1932] 3m24.94s S CXX obj/third_party/perfetto/protos/perfetto/trace/track_event/cpp/process_descriptor.gen.o
[429/1932] 3m24.94s S CXX obj/third_party/perfetto/protos/perfetto/trace/track_event/cpp/chrome_legacy_ipc.gen.o
[429/1932] 3m24.94s S CXX obj/third_party/perfetto/protos/perfetto/trace/track_event/cpp/log_message.gen.o
[429/1932] 3m24.94s S CXX obj/third_party/perfetto/protos/perfetto/trace/track_event/cpp/state_descriptor.gen.o
[429/1932] 3m24.95s S CXX obj/third_party/perfetto/protos/perfetto/trace/track_event/cpp/chrome_content_settings_event_info.gen.o
[429/1932] 3m24.95s S CXX obj/third_party/perfetto/protos/perfetto/trace/track_event/cpp/chrome_compositor_scheduler_state.gen.o
[429/1932] 3m24.95s S CXX obj/third_party/perfetto/protos/perfetto/trace/track_event/cpp/range_of_interest.gen.o
[429/1932] 3m25.21s F CXX obj/third_party/perfetto/src/base/base/watchdog_posix.o
[430/1932] 3m25.30s F CXX obj/third_party/perfetto/src/base/base/pipe.o
[431/1932] 3m25.43s F CXX obj/third_party/perfetto/src/base/base/cpu_info.o
[432/1932] 3m25.98s F CXX obj/third_party/perfetto/src/base/base/paged_memory.o
[433/1932] 3m26.26s F CXX obj/third_party/perfetto/src/base/base/subprocess_posix.o
[434/1932] 3m26.28s F CXX obj/third_party/perfetto/src/base/base/subprocess.o
[435/1932] 3m26.47s F CXX obj/third_party/perfetto/src/base/base/metatrace.o
[436/1932] 3m26.50s F CXX obj/third_party/perfetto/src/base/perfetto_base_default_platform/default_platform.o
[437/1931] 3m26.84s F CXX obj/third_party/perfetto/src/base/base/base64.o
[438/1931] 3m27.03s F CXX obj/third_party/perfetto/src/protozero/protozero/field.o
[439/1931] 3m27.16s F CXX obj/third_party/perfetto/src/protozero/protozero/proto_decoder.o
[440/1931] 3m27.25s F CXX obj/third_party/perfetto/src/base/base/intrusive_tree.o
[441/1931] 3m27.39s F CXX obj/third_party/perfetto/src/base/base/intrusive_list.o
[442/1931] 3m27.94s F CXX obj/third_party/perfetto/src/protozero/protozero/scattered_heap_buffer.o
[443/1931] 3m28.00s F CXX obj/third_party/perfetto/src/base/base/unix_task_runner.o
[444/1931] 3m28.00s F CXX obj/third_party/perfetto/src/protozero/protozero/packed_repeated_fields.o
[445/1931] 3m28.33s F CXX obj/third_party/perfetto/src/base/base/periodic_task.o
[446/1931] 3m28.80s F CXX obj/third_party/perfetto/src/protozero/protozero/scattered_stream_writer.o
[447/1931] 3m29.00s F CXX obj/third_party/perfetto/src/base/base/utils.o
[448/1931] 3m29.15s F CXX obj/third_party/perfetto/src/base/base/time.o
[449/1931] 3m29.20s F CXX obj/third_party/perfetto/src/base/base/uuid.o
[450/1931] 3m29.41s F CXX obj/third_party/perfetto/src/base/base/string_view_splitter.o
[451/1931] 3m29.44s F CXX obj/third_party/perfetto/src/base/base/getopt_compat.o
[452/1931] 3m29.78s F CXX obj/third_party/perfetto/src/base/base/thread_checker.o
[453/1931] 3m29.84s F CXX obj/third_party/perfetto/src/protozero/protozero/virtual_destructors.o
[454/1931] 3m30.05s F CXX obj/third_party/perfetto/src/base/base/event_fd.o
[455/1931] 3m30.28s F CXX obj/third_party/perfetto/src/base/base/temp_file.o
[456/1931] 3m30.40s F CXX obj/third_party/perfetto/src/base/base/virtual_destructors.o
[457/1931] 3m30.53s F CXX obj/third_party/perfetto/src/base/base/thread_utils.o
[458/1931] 3m30.96s F CXX obj/third_party/perfetto/src/protozero/protozero/static_buffer.o
[459/1931] 3m31.05s F CXX obj/third_party/perfetto/protos/perfetto/protovm/cpp/vm_program.gen.o
[460/1931] 3m31.72s F CXX obj/third_party/perfetto/src/base/base/android_utils.o
[461/1931] 3m32.04s F CXX obj/third_party/perfetto/src/base/base/waitable_event.o
[462/1931] 3m32.18s F CXX obj/third_party/perfetto/src/base/base/logging.o
[463/1931] 3m32.22s F CXX obj/third_party/perfetto/src/base/base/lock_free_task_runner.o
[464/1931] 3m32.37s F CXX obj/third_party/perfetto/src/base/base/ctrl_c_handler.o
[465/1931] 3m32.58s F CXX obj/third_party/perfetto/src/base/base/thread_task_runner.o
[466/1931] 3m32.74s F CXX obj/third_party/perfetto/src/base/base/subprocess_windows.o
[467/1931] 3m33.18s F CXX obj/third_party/perfetto/src/base/base/scoped_sched_boost.o
[468/1929] 3m33.18s S AR obj/third_party/perfetto/protos/perfetto/protovm/libcpp.a
[468/1929] 3m33.50s F CXX obj/third_party/perfetto/protos/perfetto/config/protovm/cpp/protovm_config.gen.o
[468/1929] 3m33.50s S AR obj/third_party/perfetto/protos/perfetto/config/protovm/libcpp.a
[469/1929] 3m33.51s F AR obj/third_party/perfetto/protos/perfetto/protovm/libcpp.a
[470/1928] 3m33.55s S ACTION //third_party/perfetto/protos/perfetto/common:cpp_gen(//build/toolchain/android:android_clang_arm64)
[470/1928] 3m33.67s F CXX obj/third_party/perfetto/protos/perfetto/config/inode_file/cpp/inode_file_config.gen.o
[471/1928] 3m33.67s S AR obj/third_party/perfetto/protos/perfetto/config/inode_file/libcpp.a
[471/1928] 3m34.00s F ACTION //third_party/perfetto/protos/perfetto/common:cpp_gen(//build/toolchain/android:android_clang_arm64)
[472/1926] 3m34.00s S CXX obj/third_party/perfetto/protos/perfetto/common/cpp/android_log_constants.gen.o
[472/1926] 3m34.00s S CXX obj/third_party/perfetto/protos/perfetto/common/cpp/perf_events.gen.o
[472/1926] 3m34.00s S CXX obj/third_party/perfetto/protos/perfetto/common/cpp/observable_events.gen.o
[472/1926] 3m34.00s S CXX obj/third_party/perfetto/protos/perfetto/common/cpp/trace_stats.gen.o
[472/1926] 3m34.00s S CXX obj/third_party/perfetto/protos/perfetto/common/cpp/system_info.gen.o
[472/1926] 3m34.00s S CXX obj/third_party/perfetto/protos/perfetto/common/cpp/track_event_descriptor.gen.o
[472/1926] 3m34.00s S CXX obj/third_party/perfetto/protos/perfetto/common/cpp/trace_attributes.gen.o
[472/1926] 3m34.00s S CXX obj/third_party/perfetto/protos/perfetto/common/cpp/tracing_service_capabilities.gen.o
[472/1926] 3m34.00s S CXX obj/third_party/perfetto/protos/perfetto/common/cpp/sys_stats_counters.gen.o
[472/1926] 3m34.00s S CXX obj/third_party/perfetto/protos/perfetto/common/cpp/tracing_service_state.gen.o
[472/1926] 3m34.00s S CXX obj/third_party/perfetto/protos/perfetto/common/cpp/descriptor.gen.o
[472/1926] 3m34.00s S CXX obj/third_party/perfetto/protos/perfetto/common/cpp/gpu_counter_descriptor.gen.o
[472/1926] 3m34.00s S CXX obj/third_party/perfetto/protos/perfetto/common/cpp/android_energy_consumer_descriptor.gen.o
[472/1926] 3m34.00s S CXX obj/third_party/perfetto/protos/perfetto/common/cpp/data_source_descriptor.gen.o
[472/1926] 3m34.01s S CXX obj/third_party/perfetto/protos/perfetto/common/cpp/commit_data_request.gen.o
[472/1926] 3m34.01s S CXX obj/third_party/perfetto/protos/perfetto/common/cpp/interceptor_descriptor.gen.o
[472/1926] 3m34.01s S CXX obj/third_party/perfetto/protos/perfetto/common/cpp/builtin_clock.gen.o
[472/1926] 3m34.01s S CXX obj/third_party/perfetto/protos/perfetto/common/cpp/ftrace_descriptor.gen.o
[472/1926] 3m34.04s F CXX obj/third_party/perfetto/protos/perfetto/config/priority_boost/cpp/priority_boost_config.gen.o
[473/1926] 3m34.04s S AR obj/third_party/perfetto/protos/perfetto/config/priority_boost/libcpp.a
[473/1926] 3m34.42s S AR obj/third_party/perfetto/protos/perfetto/config/power/libcpp.a
[473/1926] 3m34.42s F CXX obj/third_party/perfetto/protos/perfetto/config/power/cpp/android_power_config.gen.o
[474/1926] 3m34.66s F CXX obj/third_party/perfetto/protos/perfetto/config/track_event/cpp/track_event_config.gen.o
[474/1926] 3m34.66s S AR obj/third_party/perfetto/protos/perfetto/config/track_event/libcpp.a
[475/1926] 3m35.06s F CXX obj/third_party/perfetto/protos/perfetto/common/cpp/perf_events.gen.o
[476/1926] 3m35.13s F CXX obj/third_party/perfetto/protos/perfetto/common/cpp/android_log_constants.gen.o
[477/1926] 3m35.92s F CXX obj/third_party/perfetto/protos/perfetto/common/cpp/system_info.gen.o
[478/1926] 3m36.01s F CXX obj/third_party/perfetto/protos/perfetto/common/cpp/trace_stats.gen.o
[479/1926] 3m36.18s F CXX obj/third_party/perfetto/protos/perfetto/common/cpp/track_event_descriptor.gen.o
[480/1926] 3m36.84s F CXX obj/third_party/perfetto/protos/perfetto/common/cpp/trace_attributes.gen.o
[481/1926] 3m36.87s F CXX obj/third_party/perfetto/protos/perfetto/common/cpp/tracing_service_capabilities.gen.o
[482/1926] 3m36.89s F CXX obj/third_party/perfetto/protos/perfetto/common/cpp/sys_stats_counters.gen.o
[483/1926] 3m37.86s F CXX obj/third_party/perfetto/protos/perfetto/common/cpp/observable_events.gen.o
[484/1926] 3m38.24s F CXX obj/third_party/perfetto/protos/perfetto/common/cpp/tracing_service_state.gen.o
[485/1926] 3m38.45s F CXX clang_x64/obj/third_party/perfetto/src/protozero/protoc_plugin/protozero_plugin/protozero_plugin.o
[486/1926] 3m38.49s S LINK clang_x64/protozero_plugin
[486/1926] 3m38.99s F CXX obj/third_party/perfetto/protos/perfetto/common/cpp/android_energy_consumer_descriptor.gen.o
[487/1926] 3m39.03s F CXX obj/third_party/perfetto/protos/perfetto/common/cpp/data_source_descriptor.gen.o
[488/1926] 3m39.06s F LINK clang_x64/protozero_plugin
[489/1926] 3m39.15s S ACTION //third_party/perfetto/protos/perfetto/config/qnx:zero_gen(//build/toolchain/android:android_clang_arm64)
[489/1926] 3m39.15s S ACTION //third_party/perfetto/protos/perfetto/trace:non_minimal_zero_gen(//build/toolchain/android:android_clang_arm64)
[489/1926] 3m39.22s S ACTION //third_party/perfetto/protos/perfetto/config/priority_boost:zero_gen(//build/toolchain/android:android_clang_arm64)
[489/1926] 3m39.23s S ACTION //third_party/perfetto/protos/perfetto/trace/track_event:zero_gen(//build/toolchain/android:android_clang_arm64)
[489/1926] 3m39.24s S ACTION //third_party/perfetto/protos/perfetto/trace/gpu:zero_gen(//build/toolchain/android:android_clang_arm64)
[489/1926] 3m39.25s S ACTION //third_party/perfetto/protos/perfetto/common:semantic_type_zero_gen(//build/toolchain/android:android_clang_arm64)
[489/1926] 3m39.25s S ACTION //third_party/perfetto/protos/perfetto/config/interceptors:zero_gen(//build/toolchain/android:android_clang_arm64)
[489/1926] 3m39.26s S ACTION //third_party/perfetto/protos/perfetto/trace/chrome:zero_gen(//build/toolchain/android:android_clang_arm64)
[489/1926] 3m39.27s S ACTION //third_party/perfetto/protos/perfetto/config/gpu:zero_gen(//build/toolchain/android:android_clang_arm64)
[489/1926] 3m39.28s S ACTION //third_party/perfetto/protos/perfetto/config/track_event:zero_gen(//build/toolchain/android:android_clang_arm64)
[489/1926] 3m39.27s S ACTION //third_party/perfetto/protos/perfetto/config/power:zero_gen(//build/toolchain/android:android_clang_arm64)
[489/1926] 3m39.29s S ACTION //third_party/perfetto/protos/perfetto/common:zero_gen(//build/toolchain/android:android_clang_arm64)
[489/1926] 3m39.29s S ACTION //third_party/perfetto/protos/perfetto/protovm:zero_gen(//build/toolchain/android:android_clang_arm64)
[489/1926] 3m39.38s S ACTION //third_party/perfetto/protos/perfetto/config/process_stats:zero_gen(//build/toolchain/android:android_clang_arm64)
[489/1926] 3m39.30s S ACTION //third_party/perfetto/protos/perfetto/config/android:zero_gen(//build/toolchain/android:android_clang_arm64)
[489/1926] 3m39.30s S ACTION //third_party/perfetto/protos/perfetto/config/ftrace:zero_gen(//build/toolchain/android:android_clang_arm64)
[489/1926] 3m39.47s S ACTION //third_party/perfetto/protos/perfetto/trace:minimal_zero_gen(//build/toolchain/android:android_clang_arm64)
[489/1926] 3m39.50s S ACTION //third_party/perfetto/protos/perfetto/config/sys_stats:zero_gen(//build/toolchain/android:android_clang_arm64)
[489/1926] 3m39.50s S ACTION //third_party/perfetto/protos/perfetto/trace/perfetto:zero_gen(//build/toolchain/android:android_clang_arm64)
[489/1926] 3m39.53s S ACTION //third_party/perfetto/protos/perfetto/config/inode_file:zero_gen(//build/toolchain/android:android_clang_arm64)
[489/1926] 3m39.29s S ACTION //third_party/perfetto/protos/perfetto/config/protovm:zero_gen(//build/toolchain/android:android_clang_arm64)
[489/1926] 3m39.58s S ACTION //third_party/perfetto/protos/perfetto/config/profiling:zero_gen(//build/toolchain/android:android_clang_arm64)
[489/1926] 3m39.61s S ACTION //third_party/perfetto/protos/perfetto/trace/ps:zero_gen(//build/toolchain/android:android_clang_arm64)
[489/1926] 3m39.64s S ACTION //third_party/perfetto/protos/perfetto/config/statsd:zero_gen(//build/toolchain/android:android_clang_arm64)
[489/1926] 3m39.70s S ACTION //third_party/perfetto/protos/perfetto/config:zero_gen(//build/toolchain/android:android_clang_arm64)
[489/1926] 3m39.70s S ACTION //third_party/perfetto/protos/perfetto/trace/statsd:zero_gen(//build/toolchain/android:android_clang_arm64)
[489/1926] 3m39.73s S ACTION //third_party/perfetto/protos/perfetto/config/system_info:zero_gen(//build/toolchain/android:android_clang_arm64)
[489/1926] 3m39.76s S ACTION //third_party/perfetto/protos/perfetto/trace/system_info:zero_gen(//build/toolchain/android:android_clang_arm64)
[489/1926] 3m39.76s S ACTION //third_party/perfetto/protos/perfetto/trace/translation:zero_gen(//build/toolchain/android:android_clang_arm64)
[489/1926] 3m39.80s S ACTION //third_party/perfetto/protos/perfetto/trace/etw:zero_gen(//build/toolchain/android:android_clang_arm64)
[489/1926] 3m39.83s S ACTION //third_party/perfetto/protos/perfetto/trace/filesystem:zero_gen(//build/toolchain/android:android_clang_arm64)
[489/1926] 3m39.81s S ACTION //third_party/perfetto/protos/perfetto/trace/android:zero_gen(//build/toolchain/android:android_clang_arm64)
[489/1926] 3m39.84s S ACTION //third_party/perfetto/protos/perfetto/trace/profiling:inline_callstack_zero_gen(//build/toolchain/android:android_clang_arm64)
[489/1926] 3m39.88s S ACTION //third_party/perfetto/protos/perfetto/trace/power:zero_gen(//build/toolchain/android:android_clang_arm64)
[489/1926] 3m39.89s S ACTION //third_party/perfetto/protos/perfetto/trace/sys_stats:zero_gen(//build/toolchain/android:android_clang_arm64)
[489/1926] 3m39.92s S ACTION //third_party/perfetto/protos/perfetto/trace/profiling:zero_gen(//build/toolchain/android:android_clang_arm64)
[489/1926] 3m39.97s S ACTION //third_party/perfetto/protos/perfetto/trace/linux:zero_gen(//build/toolchain/android:android_clang_arm64)
[489/1926] 3m39.98s S ACTION //third_party/perfetto/protos/perfetto/trace/generic_kernel:zero_gen(//build/toolchain/android:android_clang_arm64)
[489/1926] 3m40.04s S ACTION //third_party/perfetto/protos/perfetto/trace/ftrace:zero_gen(//build/toolchain/android:android_clang_arm64)
[489/1926] 3m40.12s S ACTION //third_party/perfetto/protos/perfetto/trace/interned_data:zero_gen(//build/toolchain/android:android_clang_arm64)
[489/1926] 3m40.14s S ACTION //third_party/perfetto/protos/perfetto/config/linux:zero_gen(//build/toolchain/android:android_clang_arm64)
[489/1925] 3m40.21s F ACTION //third_party/perfetto/protos/perfetto/config/qnx:zero_gen(//build/toolchain/android:android_clang_arm64)
[490/1925] 3m40.27s F CXX obj/third_party/perfetto/protos/perfetto/common/cpp/interceptor_descriptor.gen.o
[491/1925] 3m40.33s F ACTION //third_party/perfetto/protos/perfetto/config/track_event:zero_gen(//build/toolchain/android:android_clang_arm64)
[491/1923] 3m40.33s S CXX obj/third_party/perfetto/protos/perfetto/config/track_event/zero/track_event_config.pbzero.o
[492/1923] 3m40.37s F CXX obj/third_party/perfetto/protos/perfetto/common/cpp/descriptor.gen.o
[493/1923] 3m40.47s F ACTION //third_party/perfetto/protos/perfetto/config/interceptors:zero_gen(//build/toolchain/android:android_clang_arm64)
[494/1922] 3m40.82s F ACTION //third_party/perfetto/protos/perfetto/protovm:zero_gen(//build/toolchain/android:android_clang_arm64)
[495/1920] 3m40.82s S CXX obj/third_party/perfetto/src/protovm/protovm/error_handling.o
[495/1919] 3m40.82s S CXX obj/third_party/perfetto/protos/perfetto/protovm/zero/vm_program.pbzero.o
[495/1919] 3m40.82s S CXX obj/third_party/perfetto/src/protovm/protovm/ro_cursor.o
[495/1919] 3m40.82s S CXX obj/third_party/perfetto/src/protovm/protovm/allocator.o
[495/1919] 3m40.82s S CXX obj/third_party/perfetto/src/protovm/protovm/parser.o
[495/1919] 3m40.82s S CXX obj/third_party/perfetto/src/protovm/protovm/vm.o
[495/1919] 3m40.83s S CXX obj/third_party/perfetto/src/protovm/protovm/rw_proto_cursor.o
[495/1919] 3m40.83s S CXX obj/third_party/perfetto/src/protovm/protovm/node.o
[495/1920] 3m40.82s S CXX obj/third_party/perfetto/src/protovm/protovm/rw_proto.o
[495/1919] 3m40.83s S CXX obj/third_party/perfetto/src/protovm/protovm/executor.o
[495/1919] 3m40.88s F ACTION //third_party/perfetto/protos/perfetto/config/sys_stats:zero_gen(//build/toolchain/android:android_clang_arm64)
[496/1918] 3m40.98s F ACTION //third_party/perfetto/protos/perfetto/trace:non_minimal_zero_gen(//build/toolchain/android:android_clang_arm64)
[497/1917] 3m41.01s F CXX obj/third_party/perfetto/protos/perfetto/common/cpp/gpu_counter_descriptor.gen.o
[498/1917] 3m41.02s F ACTION //third_party/perfetto/protos/perfetto/common:zero_gen(//build/toolchain/android:android_clang_arm64)
[498/1916] 3m41.02s S CXX obj/third_party/perfetto/src/base/clock_snapshots/clock_snapshots.o
[499/1912] 3m41.03s S CXX obj/third_party/perfetto/protos/perfetto/common/zero/android_log_constants.pbzero.o
[498/1914] 3m41.02s S CXX obj/third_party/perfetto/protos/perfetto/config/sys_stats/zero/sys_stats_config.pbzero.o
[498/1913] 3m41.02s S CXX obj/third_party/perfetto/protos/perfetto/config/qnx/zero/qnx_config.pbzero.o
[498/1912] 3m41.02s S CXX obj/third_party/perfetto/protos/perfetto/common/zero/tracing_service_state.pbzero.o
[498/1912] 3m41.02s S CXX obj/third_party/perfetto/protos/perfetto/common/zero/android_energy_consumer_descriptor.pbzero.o
[499/1912] 3m41.03s S CXX obj/third_party/perfetto/protos/perfetto/config/interceptors/zero/console_config.pbzero.o
[498/1912] 3m41.02s S CXX obj/third_party/perfetto/protos/perfetto/common/zero/gpu_counter_descriptor.pbzero.o
[498/1912] 3m41.02s S CXX obj/third_party/perfetto/protos/perfetto/common/zero/sys_stats_counters.pbzero.o
[498/1912] 3m41.02s S CXX obj/third_party/perfetto/protos/perfetto/common/zero/perf_events.pbzero.o
[498/1912] 3m41.02s S CXX obj/third_party/perfetto/protos/perfetto/common/zero/observable_events.pbzero.o
[499/1912] 3m41.03s S CXX obj/third_party/perfetto/protos/perfetto/common/zero/ftrace_descriptor.pbzero.o
[498/1912] 3m41.03s S CXX obj/third_party/perfetto/protos/perfetto/common/zero/trace_stats.pbzero.o
[498/1912] 3m41.03s S CXX obj/third_party/perfetto/protos/perfetto/common/zero/tracing_service_capabilities.pbzero.o
[498/1912] 3m41.03s S CXX obj/third_party/perfetto/protos/perfetto/common/zero/data_source_descriptor.pbzero.o
[499/1912] 3m41.04s S CXX obj/third_party/perfetto/protos/perfetto/common/zero/descriptor.pbzero.o
[498/1915] 3m41.02s S CXX obj/third_party/perfetto/protos/perfetto/common/zero/system_info.pbzero.o
[498/1912] 3m41.02s S CXX obj/third_party/perfetto/protos/perfetto/common/zero/track_event_descriptor.pbzero.o
[499/1912] 3m41.04s S CXX obj/third_party/perfetto/protos/perfetto/common/zero/commit_data_request.pbzero.o
[499/1912] 3m41.04s S CXX obj/third_party/perfetto/protos/perfetto/common/zero/builtin_clock.pbzero.o
[498/1912] 3m41.02s S CXX obj/third_party/perfetto/protos/perfetto/common/zero/interceptor_descriptor.pbzero.o
[499/1912] 3m41.04s S CXX obj/third_party/perfetto/protos/perfetto/common/zero/trace_attributes.pbzero.o
[499/1912] 3m41.05s F CXX obj/third_party/perfetto/protos/perfetto/protovm/zero/vm_program.pbzero.o
[500/1912] 3m41.05s S AR obj/third_party/perfetto/protos/perfetto/protovm/libzero.a
[500/1912] 3m41.11s F CXX obj/third_party/perfetto/protos/perfetto/common/zero/android_log_constants.pbzero.o
[501/1912] 3m41.14s F CXX obj/third_party/perfetto/protos/perfetto/common/zero/tracing_service_state.pbzero.o
[502/1912] 3m41.18s F CXX obj/third_party/perfetto/protos/perfetto/common/zero/gpu_counter_descriptor.pbzero.o
[503/1912] 3m41.21s F CXX obj/third_party/perfetto/protos/perfetto/common/zero/sys_stats_counters.pbzero.o
[504/1912] 3m41.25s F CXX obj/third_party/perfetto/protos/perfetto/common/zero/perf_events.pbzero.o
[505/1912] 3m41.29s F CXX obj/third_party/perfetto/protos/perfetto/common/zero/ftrace_descriptor.pbzero.o
[506/1912] 3m41.32s F CXX obj/third_party/perfetto/protos/perfetto/common/zero/trace_stats.pbzero.o
[507/1912] 3m41.32s F CXX obj/third_party/perfetto/protos/perfetto/common/cpp/commit_data_request.gen.o
[508/1912] 3m41.33s F ACTION //third_party/perfetto/protos/perfetto/trace/profiling:inline_callstack_zero_gen(//build/toolchain/android:android_clang_arm64)
[509/1910] 3m41.33s S CXX obj/third_party/perfetto/protos/perfetto/trace/profiling/inline_callstack_zero/inline_callstack.pbzero.o
[509/1910] 3m41.36s F CXX obj/third_party/perfetto/protos/perfetto/common/zero/data_source_descriptor.pbzero.o
[509/1910] 3m41.36s F CXX obj/third_party/perfetto/protos/perfetto/common/zero/tracing_service_capabilities.pbzero.o
[511/1910] 3m41.38s F CXX obj/third_party/perfetto/protos/perfetto/common/zero/descriptor.pbzero.o
[512/1910] 3m41.38s F CXX obj/third_party/perfetto/protos/perfetto/common/zero/android_energy_consumer_descriptor.pbzero.o
[513/1910] 3m41.39s F ACTION //third_party/perfetto/protos/perfetto/config/power:zero_gen(//build/toolchain/android:android_clang_arm64)
[513/1908] 3m41.39s S CXX obj/third_party/perfetto/protos/perfetto/config/power/zero/android_power_config.pbzero.o
[514/1908] 3m41.40s F ACTION //third_party/perfetto/protos/perfetto/config/ftrace:zero_gen(//build/toolchain/android:android_clang_arm64)
[514/1906] 3m41.40s S CXX obj/third_party/perfetto/protos/perfetto/config/ftrace/zero/ftrace_config.pbzero.o
[514/1906] 3m41.40s S CXX obj/third_party/perfetto/protos/perfetto/config/ftrace/zero/frozen_ftrace_config.pbzero.o
[514/1906] 3m41.40s F CXX obj/third_party/perfetto/protos/perfetto/common/zero/commit_data_request.pbzero.o
[516/1906] 3m41.40s F CXX obj/third_party/perfetto/protos/perfetto/common/zero/track_event_descriptor.pbzero.o
[517/1906] 3m41.45s F CXX obj/third_party/perfetto/protos/perfetto/common/zero/builtin_clock.pbzero.o
[518/1906] 3m41.45s F CXX obj/third_party/perfetto/protos/perfetto/common/zero/observable_events.pbzero.o
[519/1906] 3m41.48s F CXX obj/third_party/perfetto/protos/perfetto/common/zero/trace_attributes.pbzero.o
[520/1906] 3m41.49s F CXX obj/third_party/perfetto/protos/perfetto/common/zero/interceptor_descriptor.pbzero.o
[521/1906] 3m41.50s F AR obj/third_party/perfetto/protos/perfetto/protovm/libzero.a
[522/1906] 3m41.52s F CXX obj/third_party/perfetto/protos/perfetto/common/zero/system_info.pbzero.o
[523/1906] 3m41.52s S AR obj/third_party/perfetto/protos/perfetto/common/libzero.a
[523/1906] 3m41.53s F CXX obj/third_party/perfetto/protos/perfetto/config/sys_stats/zero/sys_stats_config.pbzero.o
[524/1906] 3m41.68s F ACTION //third_party/perfetto/protos/perfetto/common:semantic_type_zero_gen(//build/toolchain/android:android_clang_arm64)
[525/1904] 3m41.68s S CXX obj/third_party/perfetto/protos/perfetto/common/semantic_type_zero/semantic_type.pbzero.o
[525/1904] 3m41.75s F ACTION //third_party/perfetto/protos/perfetto/config/linux:zero_gen(//build/toolchain/android:android_clang_arm64)
[526/1902] 3m41.76s S CXX obj/third_party/perfetto/protos/perfetto/config/linux/zero/journald_config.pbzero.o
[526/1902] 3m41.85s F ACTION //third_party/perfetto/protos/perfetto/config/statsd:zero_gen(//build/toolchain/android:android_clang_arm64)
[527/1900] 3m41.85s S CXX obj/third_party/perfetto/protos/perfetto/config/statsd/zero/statsd_tracing_config.pbzero.o
[527/1900] 3m41.85s S CXX obj/third_party/perfetto/protos/perfetto/config/statsd/zero/atom_ids.pbzero.o
[527/1900] 3m41.98s F ACTION //third_party/perfetto/protos/perfetto/config/process_stats:zero_gen(//build/toolchain/android:android_clang_arm64)
[528/1898] 3m41.98s S CXX obj/third_party/perfetto/protos/perfetto/config/process_stats/zero/process_stats_config.pbzero.o
[528/1898] 3m42.05s F CXX obj/third_party/perfetto/protos/perfetto/common/cpp/builtin_clock.gen.o
[529/1898] 3m42.09s F CXX obj/third_party/perfetto/protos/perfetto/config/track_event/zero/track_event_config.pbzero.o
[530/1898] 3m42.09s S AR obj/third_party/perfetto/protos/perfetto/config/track_event/libzero.a
[530/1898] 3m42.11s F ACTION //third_party/perfetto/protos/perfetto/config/protovm:zero_gen(//build/toolchain/android:android_clang_arm64)
[531/1896] 3m42.11s S CXX obj/third_party/perfetto/protos/perfetto/config/protovm/zero/protovm_config.pbzero.o
[531/1896] 3m42.13s F CXX obj/third_party/perfetto/protos/perfetto/config/process_stats/zero/process_stats_config.pbzero.o
[531/1896] 3m42.13s S AR obj/third_party/perfetto/protos/perfetto/config/process_stats/libzero.a
[532/1896] 3m42.22s F ACTION //third_party/perfetto/protos/perfetto/config/gpu:zero_gen(//build/toolchain/android:android_clang_arm64)
[533/1894] 3m42.22s S CXX obj/third_party/perfetto/protos/perfetto/config/gpu/zero/gpu_renderstages_config.pbzero.o
[533/1894] 3m42.22s S CXX obj/third_party/perfetto/protos/perfetto/config/gpu/zero/gpu_counter_config.pbzero.o
[533/1894] 3m42.22s S CXX obj/third_party/perfetto/protos/perfetto/config/gpu/zero/vulkan_memory_config.pbzero.o
[533/1894] 3m42.32s S AR obj/third_party/perfetto/protos/perfetto/common/libcpp.a
[533/1894] 3m42.32s F CXX obj/third_party/perfetto/protos/perfetto/common/cpp/ftrace_descriptor.gen.o
[534/1894] 3m42.34s F CXX obj/third_party/perfetto/protos/perfetto/config/protovm/zero/protovm_config.pbzero.o
[535/1894] 3m42.34s S AR obj/third_party/perfetto/protos/perfetto/config/protovm/libzero.a
[535/1894] 3m42.35s F AR obj/third_party/perfetto/protos/perfetto/common/libcpp.a
[536/1889] 3m42.43s S ACTION //third_party/perfetto/protos/perfetto/config/sys_stats:cpp_gen(//build/toolchain/android:android_clang_arm64)
[536/1889] 3m42.43s S ACTION //third_party/perfetto/protos/perfetto/config/interceptors:cpp_gen(//build/toolchain/android:android_clang_arm64)
[536/1889] 3m42.43s S ACTION //third_party/perfetto/protos/perfetto/config/android:cpp_gen(//build/toolchain/android:android_clang_arm64)
[536/1889] 3m42.44s S ACTION //third_party/perfetto/protos/perfetto/config/qnx:cpp_gen(//build/toolchain/android:android_clang_arm64)
[536/1889] 3m42.44s S ACTION //third_party/perfetto/protos/perfetto/config/profiling:cpp_gen(//build/toolchain/android:android_clang_arm64)
[536/1889] 3m42.48s F ACTION //third_party/perfetto/protos/perfetto/config/inode_file:zero_gen(//build/toolchain/android:android_clang_arm64)
[537/1887] 3m42.49s S CXX obj/third_party/perfetto/protos/perfetto/config/inode_file/zero/inode_file_config.pbzero.o
[537/1887] 3m42.68s F ACTION //third_party/perfetto/protos/perfetto/config/priority_boost:zero_gen(//build/toolchain/android:android_clang_arm64)
[538/1885] 3m42.68s S CXX obj/third_party/perfetto/protos/perfetto/config/priority_boost/zero/priority_boost_config.pbzero.o
[538/1885] 3m42.78s F ACTION //third_party/perfetto/protos/perfetto/config/android:zero_gen(//build/toolchain/android:android_clang_arm64)
[539/1883] 3m42.78s S CXX obj/third_party/perfetto/protos/perfetto/config/android/zero/android_game_intervention_list_config.pbzero.o
[539/1883] 3m42.79s S CXX obj/third_party/perfetto/protos/perfetto/config/android/zero/android_aflags_config.pbzero.o
[539/1883] 3m42.79s S CXX obj/third_party/perfetto/protos/perfetto/config/android/zero/windowmanager_config.pbzero.o
[539/1883] 3m42.79s S CXX obj/third_party/perfetto/protos/perfetto/config/android/zero/cpu_per_uid_config.pbzero.o
[539/1883] 3m42.79s S CXX obj/third_party/perfetto/protos/perfetto/config/android/zero/display_video_config.pbzero.o
[539/1883] 3m42.79s S CXX obj/third_party/perfetto/protos/perfetto/config/android/zero/android_system_property_config.pbzero.o
[539/1883] 3m42.79s S CXX obj/third_party/perfetto/protos/perfetto/config/android/zero/app_wakelock_config.pbzero.o
[539/1883] 3m42.79s S CXX obj/third_party/perfetto/protos/perfetto/config/android/zero/android_polled_state_config.pbzero.o
[539/1883] 3m42.79s S CXX obj/third_party/perfetto/protos/perfetto/config/android/zero/inputmethod_config.pbzero.o
[539/1883] 3m42.80s S CXX obj/third_party/perfetto/protos/perfetto/config/android/zero/user_list_config.pbzero.o
[539/1883] 3m42.80s S CXX obj/third_party/perfetto/protos/perfetto/config/android/zero/android_input_event_config.pbzero.o
[539/1883] 3m42.80s S CXX obj/third_party/perfetto/protos/perfetto/config/android/zero/android_sdk_sysprop_guard_config.pbzero.o
[539/1883] 3m42.80s S CXX obj/third_party/perfetto/protos/perfetto/config/android/zero/pixel_modem_config.pbzero.o
[539/1883] 3m42.80s S CXX obj/third_party/perfetto/protos/perfetto/config/android/zero/surfaceflinger_layers_config.pbzero.o
[539/1883] 3m42.80s S CXX obj/third_party/perfetto/protos/perfetto/config/android/zero/protolog_config.pbzero.o
[539/1883] 3m42.80s S CXX obj/third_party/perfetto/protos/perfetto/config/android/zero/surfaceflinger_transactions_config.pbzero.o
[539/1883] 3m42.80s S CXX obj/third_party/perfetto/protos/perfetto/config/android/zero/android_log_config.pbzero.o
[539/1883] 3m42.80s S CXX obj/third_party/perfetto/protos/perfetto/config/android/zero/packages_list_config.pbzero.o
[539/1883] 3m42.81s S CXX obj/third_party/perfetto/protos/perfetto/config/android/zero/kernel_wakelocks_config.pbzero.o
[539/1883] 3m42.81s S CXX obj/third_party/perfetto/protos/perfetto/config/android/zero/network_trace_config.pbzero.o
[539/1883] 3m42.88s F ACTION //third_party/perfetto/protos/perfetto/config/profiling:zero_gen(//build/toolchain/android:android_clang_arm64)
[540/1881] 3m42.88s S CXX obj/third_party/perfetto/protos/perfetto/config/profiling/zero/java_hprof_config.pbzero.o
[540/1881] 3m42.89s S CXX obj/third_party/perfetto/protos/perfetto/config/profiling/zero/heapprofd_config.pbzero.o
[540/1881] 3m42.89s S CXX obj/third_party/perfetto/protos/perfetto/config/profiling/zero/smaps_config.pbzero.o
[540/1881] 3m42.89s S CXX obj/third_party/perfetto/protos/perfetto/config/profiling/zero/perf_event_config.pbzero.o
[540/1881] 3m43.11s F ACTION //third_party/perfetto/protos/perfetto/config/system_info:zero_gen(//build/toolchain/android:android_clang_arm64)
[541/1879] 3m43.11s S CXX obj/third_party/perfetto/protos/perfetto/config/system_info/zero/system_info_config.pbzero.o
[541/1879] 3m43.20s F CXX obj/third_party/perfetto/protos/perfetto/config/linux/cpp/journald_config.gen.o
[542/1879] 3m43.20s S AR obj/third_party/perfetto/protos/perfetto/config/linux/libcpp.a
[542/1879] 3m43.31s F ACTION //third_party/perfetto/protos/perfetto/config/interceptors:cpp_gen(//build/toolchain/android:android_clang_arm64)
[543/1877] 3m43.31s S CXX obj/third_party/perfetto/protos/perfetto/config/interceptors/cpp/console_config.gen.o
[543/1877] 3m43.33s F CXX obj/third_party/perfetto/protos/perfetto/config/gpu/cpp/gpu_renderstages_config.gen.o
[544/1877] 3m43.34s F ACTION //third_party/perfetto/protos/perfetto/config/sys_stats:cpp_gen(//build/toolchain/android:android_clang_arm64)
[545/1875] 3m43.34s S CXX obj/third_party/perfetto/protos/perfetto/config/sys_stats/cpp/sys_stats_config.gen.o
[545/1875] 3m43.39s F ACTION //third_party/perfetto/protos/perfetto/config/qnx:cpp_gen(//build/toolchain/android:android_clang_arm64)
[546/1873] 3m43.39s S CXX obj/third_party/perfetto/protos/perfetto/config/qnx/cpp/qnx_config.gen.o
[546/1873] 3m43.52s F ACTION //third_party/perfetto/protos/perfetto/config/android:cpp_gen(//build/toolchain/android:android_clang_arm64)
[547/1871] 3m43.52s S CXX obj/third_party/perfetto/protos/perfetto/config/android/cpp/android_game_intervention_list_config.gen.o
[547/1871] 3m43.52s S CXX obj/third_party/perfetto/protos/perfetto/config/android/cpp/android_aflags_config.gen.o
[547/1871] 3m43.52s S CXX obj/third_party/perfetto/protos/perfetto/config/android/cpp/kernel_wakelocks_config.gen.o
[547/1871] 3m43.52s S CXX obj/third_party/perfetto/protos/perfetto/config/android/cpp/inputmethod_config.gen.o
[547/1871] 3m43.52s S CXX obj/third_party/perfetto/protos/perfetto/config/android/cpp/windowmanager_config.gen.o
[547/1871] 3m43.52s S CXX obj/third_party/perfetto/protos/perfetto/config/android/cpp/android_sdk_sysprop_guard_config.gen.o
[547/1871] 3m43.52s S CXX obj/third_party/perfetto/protos/perfetto/config/android/cpp/user_list_config.gen.o
[547/1871] 3m43.52s S CXX obj/third_party/perfetto/protos/perfetto/config/android/cpp/cpu_per_uid_config.gen.o
[547/1871] 3m43.52s S CXX obj/third_party/perfetto/protos/perfetto/config/android/cpp/surfaceflinger_transactions_config.gen.o
[547/1871] 3m43.52s S CXX obj/third_party/perfetto/protos/perfetto/config/android/cpp/app_wakelock_config.gen.o
[547/1871] 3m43.53s S CXX obj/third_party/perfetto/protos/perfetto/config/android/cpp/android_log_config.gen.o
[547/1871] 3m43.53s S CXX obj/third_party/perfetto/protos/perfetto/config/android/cpp/android_polled_state_config.gen.o
[547/1871] 3m43.53s S CXX obj/third_party/perfetto/protos/perfetto/config/android/cpp/pixel_modem_config.gen.o
[547/1871] 3m43.53s S CXX obj/third_party/perfetto/protos/perfetto/config/android/cpp/surfaceflinger_layers_config.gen.o
[547/1871] 3m43.53s S CXX obj/third_party/perfetto/protos/perfetto/config/android/cpp/protolog_config.gen.o
[547/1871] 3m43.53s S CXX obj/third_party/perfetto/protos/perfetto/config/android/cpp/android_input_event_config.gen.o
[547/1871] 3m43.53s S CXX obj/third_party/perfetto/protos/perfetto/config/android/cpp/android_system_property_config.gen.o
[547/1871] 3m43.53s S CXX obj/third_party/perfetto/protos/perfetto/config/android/cpp/packages_list_config.gen.o
[547/1871] 3m43.53s S CXX obj/third_party/perfetto/protos/perfetto/config/android/cpp/network_trace_config.gen.o
[547/1871] 3m43.54s S CXX obj/third_party/perfetto/protos/perfetto/config/android/cpp/display_video_config.gen.o
[547/1871] 3m43.60s F CXX obj/third_party/perfetto/protos/perfetto/config/system_info/cpp/system_info_config.gen.o
[548/1871] 3m43.61s S AR obj/third_party/perfetto/protos/perfetto/config/system_info/libcpp.a
[548/1871] 3m43.70s F CXX obj/third_party/perfetto/protos/perfetto/config/statsd/cpp/atom_ids.gen.o
[549/1871] 3m43.76s F ACTION //third_party/perfetto/protos/perfetto/trace/chrome:zero_gen(//build/toolchain/android:android_clang_arm64)
[550/1869] 3m43.76s S CXX obj/third_party/perfetto/protos/perfetto/trace/chrome/zero/chrome_metadata.pbzero.o
[550/1869] 3m43.76s S CXX obj/third_party/perfetto/protos/perfetto/trace/chrome/zero/chrome_benchmark_metadata.pbzero.o
[550/1869] 3m43.76s S CXX obj/third_party/perfetto/protos/perfetto/trace/chrome/zero/v8.pbzero.o
[550/1869] 3m43.76s F CXX obj/third_party/perfetto/protos/perfetto/config/qnx/zero/qnx_config.pbzero.o
[551/1869] 3m43.76s S CXX obj/third_party/perfetto/protos/perfetto/trace/chrome/zero/chrome_trigger.pbzero.o
[551/1869] 3m43.76s S CXX obj/third_party/perfetto/protos/perfetto/trace/chrome/zero/chrome_trace_event.pbzero.o
[551/1869] 3m43.80s F CXX obj/third_party/perfetto/protos/perfetto/config/interceptors/zero/console_config.pbzero.o
[552/1869] 3m43.82s F AR obj/third_party/perfetto/protos/perfetto/common/libzero.a
[553/1869] 3m43.82s S AR obj/third_party/perfetto/protos/perfetto/config/qnx/libzero.a
[553/1869] 3m43.82s S AR obj/third_party/perfetto/protos/perfetto/config/interceptors/libzero.a
[553/1869] 3m43.82s S AR obj/third_party/perfetto/protos/perfetto/config/sys_stats/libzero.a
[553/1869] 3m43.87s F CXX obj/third_party/perfetto/protos/perfetto/common/semantic_type_zero/semantic_type.pbzero.o
[554/1869] 3m43.87s S AR obj/third_party/perfetto/protos/perfetto/common/libsemantic_type_zero.a
[554/1869] 3m43.96s F ACTION //third_party/perfetto/protos/perfetto/config/profiling:cpp_gen(//build/toolchain/android:android_clang_arm64)
[554/1867] 3m43.96s S CXX obj/third_party/perfetto/protos/perfetto/config/profiling/cpp/java_hprof_config.gen.o
[554/1867] 3m43.96s S CXX obj/third_party/perfetto/protos/perfetto/config/profiling/cpp/heapprofd_config.gen.o
[554/1867] 3m43.96s S CXX obj/third_party/perfetto/protos/perfetto/config/profiling/cpp/smaps_config.gen.o
[554/1867] 3m43.96s S CXX obj/third_party/perfetto/protos/perfetto/config/profiling/cpp/perf_event_config.gen.o
[555/1867] 3m44.04s F ACTION //third_party/perfetto/protos/perfetto/trace/gpu:zero_gen(//build/toolchain/android:android_clang_arm64)
[555/1865] 3m44.04s S CXX obj/third_party/perfetto/protos/perfetto/trace/gpu/zero/vulkan_api_event.pbzero.o
[555/1865] 3m44.04s S CXX obj/third_party/perfetto/protos/perfetto/trace/gpu/zero/gpu_log.pbzero.o
[555/1865] 3m44.04s S CXX obj/third_party/perfetto/protos/perfetto/trace/gpu/zero/gpu_counter_event.pbzero.o
[555/1865] 3m44.04s S CXX obj/third_party/perfetto/protos/perfetto/trace/gpu/zero/gpu_render_stage_event.pbzero.o
[555/1865] 3m44.04s S CXX obj/third_party/perfetto/protos/perfetto/trace/gpu/zero/vulkan_memory_event.pbzero.o
[556/1865] 3m44.04s S CXX obj/third_party/perfetto/protos/perfetto/trace/gpu/zero/gpu_mem_event.pbzero.o
[556/1865] 3m44.37s F ACTION //third_party/perfetto/protos/perfetto/trace/track_event:zero_gen(//build/toolchain/android:android_clang_arm64)
[556/1863] 3m44.37s S CXX obj/third_party/perfetto/protos/perfetto/trace/track_event/zero/chrome_application_state_info.pbzero.o
[556/1863] 3m44.37s S CXX obj/third_party/perfetto/protos/perfetto/trace/track_event/zero/chrome_active_processes.pbzero.o
[556/1863] 3m44.38s S CXX obj/third_party/perfetto/protos/perfetto/trace/track_event/zero/chrome_user_event.pbzero.o
[556/1863] 3m44.38s S CXX obj/third_party/perfetto/protos/perfetto/trace/track_event/zero/screenshot.pbzero.o
[557/1863] 3m44.38s S CXX obj/third_party/perfetto/protos/perfetto/trace/track_event/zero/track_descriptor.pbzero.o
[557/1863] 3m44.38s S CXX obj/third_party/perfetto/protos/perfetto/trace/track_event/zero/log_message.pbzero.o
[557/1863] 3m44.38s S CXX obj/third_party/perfetto/protos/perfetto/trace/track_event/zero/track_event.pbzero.o
[557/1863] 3m44.38s S CXX obj/third_party/perfetto/protos/perfetto/trace/track_event/zero/range_of_interest.pbzero.o
[557/1863] 3m44.38s S CXX obj/third_party/perfetto/protos/perfetto/trace/track_event/zero/process_descriptor.pbzero.o
[557/1863] 3m44.38s S CXX obj/third_party/perfetto/protos/perfetto/trace/track_event/zero/chrome_legacy_ipc.pbzero.o
[557/1863] 3m44.38s S CXX obj/third_party/perfetto/protos/perfetto/trace/track_event/zero/chrome_thread_descriptor.pbzero.o
[557/1863] 3m44.38s S CXX obj/third_party/perfetto/protos/perfetto/trace/track_event/zero/chrome_renderer_scheduler_state.pbzero.o
[557/1863] 3m44.38s S CXX obj/third_party/perfetto/protos/perfetto/trace/track_event/zero/chrome_process_descriptor.pbzero.o
[557/1863] 3m44.38s S CXX obj/third_party/perfetto/protos/perfetto/trace/track_event/zero/chrome_mojo_event_info.pbzero.o
[557/1863] 3m44.38s S CXX obj/third_party/perfetto/protos/perfetto/trace/track_event/zero/chrome_message_pump.pbzero.o
[557/1863] 3m44.38s S CXX obj/third_party/perfetto/protos/perfetto/trace/track_event/zero/chrome_histogram_sample.pbzero.o
[557/1863] 3m44.38s S CXX obj/third_party/perfetto/protos/perfetto/trace/track_event/zero/chrome_latency_info.pbzero.o
[557/1863] 3m44.39s S CXX obj/third_party/perfetto/protos/perfetto/trace/track_event/zero/thread_descriptor.pbzero.o
[557/1863] 3m44.39s S CXX obj/third_party/perfetto/protos/perfetto/trace/track_event/zero/chrome_keyed_service.pbzero.o
[557/1863] 3m44.39s S CXX obj/third_party/perfetto/protos/perfetto/trace/track_event/zero/task_execution.pbzero.o
[557/1863] 3m44.39s S CXX obj/third_party/perfetto/protos/perfetto/trace/track_event/zero/state_descriptor.pbzero.o
[557/1863] 3m44.39s S CXX obj/third_party/perfetto/protos/perfetto/trace/track_event/zero/source_location.pbzero.o
[557/1863] 3m44.39s S CXX obj/third_party/perfetto/protos/perfetto/trace/track_event/zero/counter_descriptor.pbzero.o
[557/1863] 3m44.39s S CXX obj/third_party/perfetto/protos/perfetto/trace/track_event/zero/chrome_content_settings_event_info.pbzero.o
[557/1863] 3m44.39s S CXX obj/third_party/perfetto/protos/perfetto/trace/track_event/zero/chrome_window_handle_event_info.pbzero.o
[557/1863] 3m44.39s S CXX obj/third_party/perfetto/protos/perfetto/trace/track_event/zero/debug_annotation.pbzero.o
[557/1863] 3m44.39s S CXX obj/third_party/perfetto/protos/perfetto/trace/track_event/zero/chrome_frame_reporter.pbzero.o
[557/1863] 3m44.39s S CXX obj/third_party/perfetto/protos/perfetto/trace/track_event/zero/chrome_compositor_scheduler_state.pbzero.o
[557/1863] 3m44.49s F ACTION //third_party/perfetto/protos/perfetto/trace/profiling:zero_gen(//build/toolchain/android:android_clang_arm64)
[558/1861] 3m44.49s S CXX obj/third_party/perfetto/protos/perfetto/trace/profiling/zero/smaps.pbzero.o
[558/1861] 3m44.49s S CXX obj/third_party/perfetto/protos/perfetto/trace/profiling/zero/profile_packet.pbzero.o
[558/1861] 3m44.49s S CXX obj/third_party/perfetto/protos/perfetto/trace/profiling/zero/deobfuscation.pbzero.o
[558/1861] 3m44.49s S CXX obj/third_party/perfetto/protos/perfetto/trace/profiling/zero/profile_common.pbzero.o
[558/1861] 3m44.49s S CXX obj/third_party/perfetto/protos/perfetto/trace/profiling/zero/art_process_metadata.pbzero.o
[558/1861] 3m44.49s S CXX obj/third_party/perfetto/protos/perfetto/trace/profiling/zero/stack_sample.pbzero.o
[558/1861] 3m44.54s F ACTION //third_party/perfetto/protos/perfetto/trace/android:zero_gen(//build/toolchain/android:android_clang_arm64)
[558/1859] 3m44.54s S CXX obj/third_party/perfetto/protos/perfetto/trace/android/zero/android_game_intervention_list.pbzero.o
[558/1859] 3m44.54s S CXX obj/third_party/perfetto/protos/perfetto/trace/android/zero/kernel_wakelock_data.pbzero.o
[558/1859] 3m44.54s S CXX obj/third_party/perfetto/protos/perfetto/trace/android/zero/android_aflags.pbzero.o
[558/1859] 3m44.55s S CXX obj/third_party/perfetto/protos/perfetto/trace/android/zero/user_list.pbzero.o
[558/1859] 3m44.55s S CXX obj/third_party/perfetto/protos/perfetto/trace/android/zero/initial_display_state.pbzero.o
[558/1859] 3m44.55s S CXX obj/third_party/perfetto/protos/perfetto/trace/android/zero/packages_list.pbzero.o
[558/1859] 3m44.55s S CXX obj/third_party/perfetto/protos/perfetto/trace/android/zero/graphics_frame_event.pbzero.o
[558/1859] 3m44.55s S CXX obj/third_party/perfetto/protos/perfetto/trace/android/zero/android_system_property.pbzero.o
[558/1859] 3m44.55s S CXX obj/third_party/perfetto/protos/perfetto/trace/android/zero/android_log.pbzero.o
[558/1859] 3m44.55s S CXX obj/third_party/perfetto/protos/perfetto/trace/android/zero/cpu_per_uid_data.pbzero.o
[559/1859] 3m44.55s S CXX obj/third_party/perfetto/protos/perfetto/trace/android/zero/pixel_modem_events.pbzero.o
[559/1859] 3m44.75s F ACTION //third_party/perfetto/protos/perfetto/config:zero_gen(//build/toolchain/android:android_clang_arm64)
[560/1857] 3m44.75s S CXX obj/third_party/perfetto/protos/perfetto/config/zero/histogram_samples.pbzero.o
[560/1857] 3m44.75s S CXX obj/third_party/perfetto/protos/perfetto/config/zero/interceptor_config.pbzero.o
[560/1857] 3m44.75s S CXX obj/third_party/perfetto/protos/perfetto/config/zero/chrome_config.pbzero.o
[560/1857] 3m44.75s S CXX obj/third_party/perfetto/protos/perfetto/config/zero/trace_config.pbzero.o
[560/1857] 3m44.75s S CXX obj/third_party/perfetto/protos/perfetto/config/zero/test_config.pbzero.o
[560/1857] 3m44.75s S CXX obj/third_party/perfetto/protos/perfetto/config/zero/stress_test_config.pbzero.o
[560/1857] 3m44.75s S CXX obj/third_party/perfetto/protos/perfetto/config/zero/v8_config.pbzero.o
[560/1857] 3m44.75s S CXX obj/third_party/perfetto/protos/perfetto/config/zero/etw_config.pbzero.o
[560/1857] 3m44.75s S CXX obj/third_party/perfetto/protos/perfetto/config/zero/data_source_config.pbzero.o
[560/1857] 3m44.76s S CXX obj/third_party/perfetto/protos/perfetto/config/zero/system_metrics.pbzero.o
[560/1857] 3m44.76s S CXX obj/third_party/perfetto/protos/perfetto/config/zero/scenario_config.pbzero.o
[560/1857] 3m44.89s F ACTION //third_party/perfetto/protos/perfetto/trace/filesystem:zero_gen(//build/toolchain/android:android_clang_arm64)
[561/1855] 3m44.89s S CXX obj/third_party/perfetto/protos/perfetto/trace/filesystem/zero/inode_file_map.pbzero.o
[561/1855] 3m44.92s F CXX obj/third_party/perfetto/protos/perfetto/config/interceptors/cpp/console_config.gen.o
[562/1855] 3m44.92s S AR obj/third_party/perfetto/protos/perfetto/config/interceptors/libcpp.a
[562/1855] 3m44.94s S AR obj/third_party/perfetto/protos/perfetto/config/linux/libzero.a
[562/1855] 3m44.94s F CXX obj/third_party/perfetto/protos/perfetto/config/linux/zero/journald_config.pbzero.o
[563/1855] 3m44.97s F CXX obj/third_party/perfetto/protos/perfetto/config/statsd/zero/statsd_tracing_config.pbzero.o
[564/1855] 3m45.06s F ACTION //third_party/perfetto/protos/perfetto/trace/statsd:zero_gen(//build/toolchain/android:android_clang_arm64)
[565/1853] 3m45.06s S CXX obj/third_party/perfetto/protos/perfetto/trace/statsd/zero/statsd_atom.pbzero.o
[565/1853] 3m45.13s F ACTION //third_party/perfetto/protos/perfetto/trace/system_info:zero_gen(//build/toolchain/android:android_clang_arm64)
[566/1851] 3m45.13s S CXX obj/third_party/perfetto/protos/perfetto/trace/system_info/zero/gpu_info.pbzero.o
[566/1851] 3m45.14s S CXX obj/third_party/perfetto/protos/perfetto/trace/system_info/zero/cpu_info.pbzero.o
[566/1851] 3m45.14s S CXX obj/third_party/perfetto/protos/perfetto/trace/system_info/zero/interrupt_info.pbzero.o
[566/1851] 3m45.16s F CXX obj/third_party/perfetto/protos/perfetto/config/process_stats/cpp/process_stats_config.gen.o
[567/1851] 3m45.16s S AR obj/third_party/perfetto/protos/perfetto/config/process_stats/libcpp.a
[567/1851] 3m45.20s S AR obj/third_party/perfetto/protos/perfetto/config/power/libzero.a
[567/1851] 3m45.20s F CXX obj/third_party/perfetto/protos/perfetto/config/power/zero/android_power_config.pbzero.o
[568/1851] 3m45.23s F CXX obj/third_party/perfetto/protos/perfetto/config/statsd/zero/atom_ids.pbzero.o
[569/1851] 3m45.23s S AR obj/third_party/perfetto/protos/perfetto/config/statsd/libzero.a
[569/1851] 3m45.27s F CXX obj/third_party/perfetto/protos/perfetto/config/ftrace/zero/ftrace_config.pbzero.o
[570/1851] 3m45.31s F CXX obj/third_party/perfetto/protos/perfetto/config/gpu/zero/gpu_renderstages_config.pbzero.o
[571/1851] 3m45.34s F CXX obj/third_party/perfetto/protos/perfetto/config/gpu/zero/gpu_counter_config.pbzero.o
[572/1851] 3m45.35s F ACTION //third_party/perfetto/protos/perfetto/trace/ps:zero_gen(//build/toolchain/android:android_clang_arm64)
[573/1849] 3m45.35s S CXX obj/third_party/perfetto/protos/perfetto/trace/ps/zero/process_tree.pbzero.o
[573/1849] 3m45.36s S CXX obj/third_party/perfetto/protos/perfetto/trace/ps/zero/process_stats.pbzero.o
[573/1849] 3m45.38s S AR obj/third_party/perfetto/protos/perfetto/trace/profiling/libinline_callstack_zero.a
[573/1849] 3m45.38s F CXX obj/third_party/perfetto/protos/perfetto/trace/profiling/inline_callstack_zero/inline_callstack.pbzero.o
[574/1849] 3m45.42s F CXX obj/third_party/perfetto/protos/perfetto/config/gpu/zero/vulkan_memory_config.pbzero.o
[575/1849] 3m45.42s S AR obj/third_party/perfetto/protos/perfetto/config/gpu/libzero.a
[575/1849] 3m45.42s F ACTION //third_party/perfetto/protos/perfetto/trace/linux:zero_gen(//build/toolchain/android:android_clang_arm64)
[576/1847] 3m45.43s S CXX obj/third_party/perfetto/protos/perfetto/trace/linux/zero/journald_event.pbzero.o
[576/1847] 3m45.47s F CXX obj/third_party/perfetto/protos/perfetto/config/inode_file/zero/inode_file_config.pbzero.o
[577/1847] 3m45.47s S AR obj/third_party/perfetto/protos/perfetto/config/inode_file/libzero.a
[577/1847] 3m45.52s F CXX obj/third_party/perfetto/protos/perfetto/config/priority_boost/zero/priority_boost_config.pbzero.o
[578/1847] 3m45.52s S AR obj/third_party/perfetto/protos/perfetto/config/priority_boost/libzero.a
[578/1847] 3m45.57s F ACTION //third_party/perfetto/protos/perfetto/trace:minimal_zero_gen(//build/toolchain/android:android_clang_arm64)
[578/1845] 3m45.57s S CXX obj/third_party/perfetto/protos/perfetto/trace/minimal_zero/trace_uuid.pbzero.o
[578/1845] 3m45.57s S CXX obj/third_party/perfetto/protos/perfetto/trace/minimal_zero/clock_snapshot.pbzero.o
[578/1845] 3m45.57s S CXX obj/third_party/perfetto/protos/perfetto/trace/minimal_zero/trigger.pbzero.o
[578/1845] 3m45.57s F CXX obj/third_party/perfetto/protos/perfetto/config/android/zero/android_game_intervention_list_config.pbzero.o
[580/1845] 3m45.62s F CXX obj/third_party/perfetto/protos/perfetto/config/android/zero/android_aflags_config.pbzero.o
[581/1845] 3m45.67s F CXX obj/third_party/perfetto/protos/perfetto/config/ftrace/zero/frozen_ftrace_config.pbzero.o
[582/1845] 3m45.67s S AR obj/third_party/perfetto/protos/perfetto/config/ftrace/libzero.a
[582/1845] 3m45.69s F CXX obj/third_party/perfetto/protos/perfetto/config/gpu/cpp/gpu_counter_config.gen.o
[583/1845] 3m45.72s F CXX obj/third_party/perfetto/protos/perfetto/config/android/zero/cpu_per_uid_config.pbzero.o
[584/1845] 3m45.74s F CXX obj/third_party/perfetto/protos/perfetto/config/android/zero/display_video_config.pbzero.o
[585/1845] 3m45.77s F CXX obj/third_party/perfetto/protos/perfetto/config/android/zero/android_system_property_config.pbzero.o
[586/1845] 3m45.78s F CXX obj/third_party/perfetto/protos/perfetto/config/android/zero/app_wakelock_config.pbzero.o
[587/1845] 3m45.81s F CXX obj/third_party/perfetto/protos/perfetto/config/android/zero/windowmanager_config.pbzero.o
[588/1845] 3m45.81s F CXX obj/third_party/perfetto/protos/perfetto/config/android/zero/inputmethod_config.pbzero.o
[589/1845] 3m45.84s F CXX obj/third_party/perfetto/protos/perfetto/config/android/zero/android_input_event_config.pbzero.o
[590/1845] 3m45.85s F CXX obj/third_party/perfetto/protos/perfetto/config/android/zero/user_list_config.pbzero.o
[591/1845] 3m45.88s F CXX obj/third_party/perfetto/protos/perfetto/config/android/zero/android_sdk_sysprop_guard_config.pbzero.o
[592/1845] 3m45.90s F CXX obj/third_party/perfetto/protos/perfetto/config/android/zero/pixel_modem_config.pbzero.o
[593/1845] 3m45.92s F CXX obj/third_party/perfetto/protos/perfetto/config/android/zero/surfaceflinger_layers_config.pbzero.o
[594/1845] 3m45.92s S AR obj/third_party/perfetto/protos/perfetto/common/libsemantic_type_cpp.a
[594/1845] 3m45.92s F CXX obj/third_party/perfetto/protos/perfetto/common/semantic_type_cpp/semantic_type.gen.o
[595/1845] 3m45.95s F ACTION //third_party/perfetto/protos/perfetto/trace/sys_stats:zero_gen(//build/toolchain/android:android_clang_arm64)
[596/1843] 3m45.95s S CXX obj/third_party/perfetto/protos/perfetto/trace/sys_stats/zero/sys_stats.pbzero.o
[596/1843] 3m45.95s F CXX obj/third_party/perfetto/protos/perfetto/config/android/zero/protolog_config.pbzero.o
[597/1843] 3m45.95s F CXX obj/third_party/perfetto/protos/perfetto/config/android/zero/android_polled_state_config.pbzero.o
[598/1843] 3m45.96s F CXX obj/third_party/perfetto/protos/perfetto/config/android/zero/surfaceflinger_transactions_config.pbzero.o
[599/1843] 3m45.99s F CXX obj/third_party/perfetto/protos/perfetto/config/android/zero/packages_list_config.pbzero.o
[600/1843] 3m45.99s F CXX obj/third_party/perfetto/protos/perfetto/config/android/zero/android_log_config.pbzero.o
[601/1843] 3m46.04s F ACTION //third_party/perfetto/protos/perfetto/trace/generic_kernel:zero_gen(//build/toolchain/android:android_clang_arm64)
[601/1841] 3m46.04s S CXX obj/third_party/perfetto/protos/perfetto/trace/generic_kernel/zero/generic_task.pbzero.o
[601/1841] 3m46.04s S CXX obj/third_party/perfetto/protos/perfetto/trace/generic_kernel/zero/generic_power.pbzero.o
[601/1841] 3m46.04s S CXX obj/third_party/perfetto/protos/perfetto/trace/generic_kernel/zero/generic_gpu_frequency.pbzero.o
[602/1841] 3m46.04s F CXX obj/third_party/perfetto/protos/perfetto/config/android/zero/kernel_wakelocks_config.pbzero.o
[603/1841] 3m46.07s F ACTION //third_party/perfetto/protos/perfetto/trace/translation:zero_gen(//build/toolchain/android:android_clang_arm64)
[603/1839] 3m46.07s S CXX obj/third_party/perfetto/protos/perfetto/trace/translation/zero/translation_table.pbzero.o
[604/1839] 3m46.09s F CXX obj/third_party/perfetto/protos/perfetto/config/android/zero/network_trace_config.pbzero.o
[605/1839] 3m46.09s S AR obj/third_party/perfetto/protos/perfetto/config/android/libzero.a
[605/1839] 3m46.12s F ACTION //third_party/perfetto/protos/perfetto/trace/ftrace:zero_gen(//build/toolchain/android:android_clang_arm64)
[605/1837] 3m46.12s S CXX obj/third_party/perfetto/protos/perfetto/trace/ftrace/zero/ftrace_event_bundle.pbzero.o
[605/1837] 3m46.12s S CXX obj/third_party/perfetto/protos/perfetto/trace/ftrace/zero/kgsl.pbzero.o
[605/1837] 3m46.12s S CXX obj/third_party/perfetto/protos/perfetto/trace/ftrace/zero/scsi.pbzero.o
[605/1837] 3m46.12s S CXX obj/third_party/perfetto/protos/perfetto/trace/ftrace/zero/scm.pbzero.o
[605/1837] 3m46.12s S CXX obj/third_party/perfetto/protos/perfetto/trace/ftrace/zero/ftrace_event.pbzero.o
[605/1837] 3m46.12s S CXX obj/third_party/perfetto/protos/perfetto/trace/ftrace/zero/workqueue.pbzero.o
[605/1837] 3m46.12s S CXX obj/third_party/perfetto/protos/perfetto/trace/ftrace/zero/vmscan.pbzero.o
[606/1837] 3m46.12s S CXX obj/third_party/perfetto/protos/perfetto/trace/ftrace/zero/sched.pbzero.o
[606/1837] 3m46.12s S CXX obj/third_party/perfetto/protos/perfetto/trace/ftrace/zero/dwc3.pbzero.o
[606/1837] 3m46.13s S CXX obj/third_party/perfetto/protos/perfetto/trace/ftrace/zero/drm.pbzero.o
[606/1837] 3m46.13s S CXX obj/third_party/perfetto/protos/perfetto/trace/ftrace/zero/samsung.pbzero.o
[606/1837] 3m46.13s S CXX obj/third_party/perfetto/protos/perfetto/trace/ftrace/zero/rpm.pbzero.o
[606/1837] 3m46.13s S CXX obj/third_party/perfetto/protos/perfetto/trace/ftrace/zero/irq_vectors.pbzero.o
[606/1837] 3m46.13s S CXX obj/third_party/perfetto/protos/perfetto/trace/ftrace/zero/regulator.pbzero.o
[606/1837] 3m46.13s S CXX obj/third_party/perfetto/protos/perfetto/trace/ftrace/zero/irq.pbzero.o
[606/1837] 3m46.14s S CXX obj/third_party/perfetto/protos/perfetto/trace/ftrace/zero/ipi.pbzero.o
[606/1837] 3m46.14s S CXX obj/third_party/perfetto/protos/perfetto/trace/ftrace/zero/ion.pbzero.o
[606/1837] 3m46.14s S CXX obj/third_party/perfetto/protos/perfetto/trace/ftrace/zero/i2c.pbzero.o
[606/1837] 3m46.14s S CXX obj/third_party/perfetto/protos/perfetto/trace/ftrace/zero/hypervisor.pbzero.o
[606/1837] 3m46.14s S CXX obj/third_party/perfetto/protos/perfetto/trace/ftrace/zero/hyp.pbzero.o
[606/1837] 3m46.14s S CXX obj/third_party/perfetto/protos/perfetto/trace/ftrace/zero/gpu_scheduler.pbzero.o
[606/1837] 3m46.14s S CXX obj/third_party/perfetto/protos/perfetto/trace/ftrace/zero/gpu_mem.pbzero.o
[606/1837] 3m46.14s S CXX obj/third_party/perfetto/protos/perfetto/trace/ftrace/zero/google_irm_trace.pbzero.o
[606/1837] 3m46.14s S CXX obj/third_party/perfetto/protos/perfetto/trace/ftrace/zero/google_icc_trace.pbzero.o
[606/1837] 3m46.14s S CXX obj/third_party/perfetto/protos/perfetto/trace/ftrace/zero/g2d.pbzero.o
[606/1837] 3m46.14s S CXX obj/third_party/perfetto/protos/perfetto/trace/ftrace/zero/fwtp_ftrace.pbzero.o
[606/1837] 3m46.14s S CXX obj/third_party/perfetto/protos/perfetto/trace/ftrace/zero/ftrace.pbzero.o
[606/1837] 3m46.15s F CXX obj/third_party/perfetto/protos/perfetto/config/profiling/zero/java_hprof_config.pbzero.o
[607/1837] 3m46.15s S CXX obj/third_party/perfetto/protos/perfetto/trace/ftrace/zero/fs.pbzero.o
[607/1837] 3m46.15s S CXX obj/third_party/perfetto/protos/perfetto/trace/ftrace/zero/filemap.pbzero.o
[607/1837] 3m46.15s S CXX obj/third_party/perfetto/protos/perfetto/trace/ftrace/zero/fence.pbzero.o
[607/1837] 3m46.15s S CXX obj/third_party/perfetto/protos/perfetto/trace/ftrace/zero/fastrpc.pbzero.o
[607/1837] 3m46.15s S CXX obj/third_party/perfetto/protos/perfetto/trace/ftrace/zero/f2fs.pbzero.o
[607/1837] 3m46.16s S CXX obj/third_party/perfetto/protos/perfetto/trace/ftrace/zero/ext4.pbzero.o
[607/1837] 3m46.16s S CXX obj/third_party/perfetto/protos/perfetto/trace/ftrace/zero/raw_syscalls.pbzero.o
[607/1837] 3m46.16s S CXX obj/third_party/perfetto/protos/perfetto/trace/ftrace/zero/net.pbzero.o
[607/1837] 3m46.16s S CXX obj/third_party/perfetto/protos/perfetto/trace/ftrace/zero/printk.pbzero.o
[607/1837] 3m46.16s S CXX obj/third_party/perfetto/protos/perfetto/trace/ftrace/zero/power.pbzero.o
[607/1837] 3m46.16s S CXX obj/third_party/perfetto/protos/perfetto/trace/ftrace/zero/pixel_mm.pbzero.o
[607/1837] 3m46.16s S CXX obj/third_party/perfetto/protos/perfetto/trace/ftrace/zero/cpm_trace.pbzero.o
[607/1837] 3m46.16s S CXX obj/third_party/perfetto/protos/perfetto/trace/ftrace/zero/perf_trace_counters.pbzero.o
[607/1837] 3m46.16s S CXX obj/third_party/perfetto/protos/perfetto/trace/ftrace/zero/panel.pbzero.o
[607/1837] 3m46.16s S CXX obj/third_party/perfetto/protos/perfetto/trace/ftrace/zero/oom.pbzero.o
[607/1837] 3m46.16s S CXX obj/third_party/perfetto/protos/perfetto/trace/ftrace/zero/cma.pbzero.o
[607/1837] 3m46.16s S CXX obj/third_party/perfetto/protos/perfetto/trace/ftrace/zero/dpu.pbzero.o
[607/1837] 3m46.16s S CXX obj/third_party/perfetto/protos/perfetto/trace/ftrace/zero/dmabuf_heap.pbzero.o
[607/1837] 3m46.16s S CXX obj/third_party/perfetto/protos/perfetto/trace/ftrace/zero/virtio_video.pbzero.o
[607/1837] 3m46.16s S CXX obj/third_party/perfetto/protos/perfetto/trace/ftrace/zero/virtio_gpu.pbzero.o
[607/1837] 3m46.17s S CXX obj/third_party/perfetto/protos/perfetto/trace/ftrace/zero/cros_ec.pbzero.o
[607/1837] 3m46.17s S CXX obj/third_party/perfetto/protos/perfetto/trace/ftrace/zero/v4l2.pbzero.o
[607/1837] 3m46.17s S CXX obj/third_party/perfetto/protos/perfetto/trace/ftrace/zero/devfreq.pbzero.o
[607/1837] 3m46.17s S CXX obj/third_party/perfetto/protos/perfetto/trace/ftrace/zero/cpuhp.pbzero.o
[607/1837] 3m46.17s S CXX obj/third_party/perfetto/protos/perfetto/trace/ftrace/zero/dma_fence.pbzero.o
[607/1837] 3m46.17s S CXX obj/third_party/perfetto/protos/perfetto/trace/ftrace/zero/ufs.pbzero.o
[607/1837] 3m46.17s S CXX obj/third_party/perfetto/protos/perfetto/trace/ftrace/zero/dcvsh.pbzero.o
[607/1837] 3m46.17s S CXX obj/third_party/perfetto/protos/perfetto/trace/ftrace/zero/trusty.pbzero.o
[607/1837] 3m46.17s S CXX obj/third_party/perfetto/protos/perfetto/trace/ftrace/zero/timer.pbzero.o
[607/1837] 3m46.17s S CXX obj/third_party/perfetto/protos/perfetto/trace/ftrace/zero/thermal_exynos.pbzero.o
[607/1837] 3m46.17s S CXX obj/third_party/perfetto/protos/perfetto/trace/ftrace/zero/thermal.pbzero.o
[607/1837] 3m46.18s S CXX obj/third_party/perfetto/protos/perfetto/trace/ftrace/zero/task.pbzero.o
[607/1837] 3m46.18s S CXX obj/third_party/perfetto/protos/perfetto/trace/ftrace/zero/systrace.pbzero.o
[607/1837] 3m46.18s S CXX obj/third_party/perfetto/protos/perfetto/trace/ftrace/zero/synthetic.pbzero.o
[607/1837] 3m46.18s S CXX obj/third_party/perfetto/protos/perfetto/trace/ftrace/zero/tcp.pbzero.o
[607/1837] 3m46.18s S CXX obj/third_party/perfetto/protos/perfetto/trace/ftrace/zero/sync.pbzero.o
[607/1837] 3m46.18s S CXX obj/third_party/perfetto/protos/perfetto/trace/ftrace/zero/android_fs.pbzero.o
[607/1837] 3m46.18s S CXX obj/third_party/perfetto/protos/perfetto/trace/ftrace/zero/skb.pbzero.o
[607/1837] 3m46.18s S CXX obj/third_party/perfetto/protos/perfetto/trace/ftrace/zero/block.pbzero.o
[607/1837] 3m46.18s S CXX obj/third_party/perfetto/protos/perfetto/trace/ftrace/zero/binder.pbzero.o
[607/1837] 3m46.19s S CXX obj/third_party/perfetto/protos/perfetto/trace/ftrace/zero/generic.pbzero.o
[607/1837] 3m46.19s S CXX obj/third_party/perfetto/protos/perfetto/trace/ftrace/zero/kvm.pbzero.o
[607/1837] 3m46.19s S CXX obj/third_party/perfetto/protos/perfetto/trace/ftrace/zero/sock.pbzero.o
[607/1837] 3m46.19s S CXX obj/third_party/perfetto/protos/perfetto/trace/ftrace/zero/sde.pbzero.o
[607/1837] 3m46.19s S CXX obj/third_party/perfetto/protos/perfetto/trace/ftrace/zero/lwis.pbzero.o
[607/1837] 3m46.19s S CXX obj/third_party/perfetto/protos/perfetto/trace/ftrace/zero/mm_event.pbzero.o
[607/1837] 3m46.19s S CXX obj/third_party/perfetto/protos/perfetto/trace/ftrace/zero/mdss.pbzero.o
[607/1837] 3m46.19s S CXX obj/third_party/perfetto/protos/perfetto/trace/ftrace/zero/mali.pbzero.o
[607/1837] 3m46.19s S CXX obj/third_party/perfetto/protos/perfetto/trace/ftrace/zero/bcl_exynos.pbzero.o
[607/1837] 3m46.19s S CXX obj/third_party/perfetto/protos/perfetto/trace/ftrace/zero/clk.pbzero.o
[607/1837] 3m46.19s S CXX obj/third_party/perfetto/protos/perfetto/trace/ftrace/zero/signal.pbzero.o
[607/1837] 3m46.19s S CXX obj/third_party/perfetto/protos/perfetto/trace/ftrace/zero/cgroup.pbzero.o
[607/1837] 3m46.19s S CXX obj/third_party/perfetto/protos/perfetto/trace/ftrace/zero/test_bundle_wrapper.pbzero.o
[607/1837] 3m46.19s S CXX obj/third_party/perfetto/protos/perfetto/trace/ftrace/zero/kmem.pbzero.o
[607/1837] 3m46.19s S CXX obj/third_party/perfetto/protos/perfetto/trace/ftrace/zero/ftrace_stats.pbzero.o
[607/1837] 3m46.20s S CXX obj/third_party/perfetto/protos/perfetto/trace/ftrace/zero/lowmemorykiller.pbzero.o
[607/1837] 3m46.20s S CXX obj/third_party/perfetto/protos/perfetto/trace/ftrace/zero/compaction.pbzero.o
[607/1837] 3m46.20s F CXX obj/third_party/perfetto/protos/perfetto/config/profiling/zero/smaps_config.pbzero.o
[608/1837] 3m46.25s F CXX obj/third_party/perfetto/protos/perfetto/config/profiling/zero/perf_event_config.pbzero.o
[609/1837] 3m46.30s F CXX obj/third_party/perfetto/protos/perfetto/config/profiling/zero/heapprofd_config.pbzero.o
[610/1837] 3m46.30s S AR obj/third_party/perfetto/protos/perfetto/config/profiling/libzero.a
[610/1837] 3m46.36s F CXX obj/third_party/perfetto/protos/perfetto/config/system_info/zero/system_info_config.pbzero.o
[611/1837] 3m46.36s S AR obj/third_party/perfetto/protos/perfetto/config/system_info/libzero.a
[611/1837] 3m46.44s F ACTION //third_party/perfetto/protos/perfetto/trace/perfetto:zero_gen(//build/toolchain/android:android_clang_arm64)
[612/1835] 3m46.44s S CXX obj/third_party/perfetto/protos/perfetto/trace/perfetto/zero/perfetto_metatrace.pbzero.o
[612/1835] 3m46.44s S CXX obj/third_party/perfetto/protos/perfetto/trace/perfetto/zero/trace_provenance.pbzero.o
[612/1835] 3m46.44s S CXX obj/third_party/perfetto/protos/perfetto/trace/perfetto/zero/concurrent_session_event.pbzero.o
[612/1835] 3m46.44s S CXX obj/third_party/perfetto/protos/perfetto/trace/perfetto/zero/tracing_service_event.pbzero.o
[612/1835] 3m46.53s F ACTION //third_party/perfetto/protos/perfetto/trace/interned_data:zero_gen(//build/toolchain/android:android_clang_arm64)
[613/1833] 3m46.53s S CXX obj/third_party/perfetto/protos/perfetto/trace/interned_data/zero/interned_data.pbzero.o
[613/1833] 3m46.55s F CXX obj/third_party/perfetto/protos/perfetto/config/statsd/cpp/statsd_tracing_config.gen.o
[614/1833] 3m46.55s S AR obj/third_party/perfetto/protos/perfetto/config/statsd/libcpp.a
[614/1833] 3m46.60s F ACTION //third_party/perfetto/protos/perfetto/trace/etw:zero_gen(//build/toolchain/android:android_clang_arm64)
[615/1831] 3m46.61s S CXX obj/third_party/perfetto/protos/perfetto/trace/etw/zero/etw_event.pbzero.o
[615/1831] 3m46.61s S CXX obj/third_party/perfetto/protos/perfetto/trace/etw/zero/etw_event_bundle.pbzero.o
[615/1831] 3m46.61s S CXX obj/third_party/perfetto/protos/perfetto/trace/etw/zero/etw.pbzero.o
[615/1831] 3m46.65s F ACTION //third_party/perfetto/protos/perfetto/trace/power:zero_gen(//build/toolchain/android:android_clang_arm64)
[616/1829] 3m46.65s S CXX obj/third_party/perfetto/protos/perfetto/trace/non_minimal_zero/trace_packet_defaults.pbzero.o
[616/1829] 3m46.65s S CXX obj/third_party/perfetto/protos/perfetto/trace/non_minimal_zero/ui_state.pbzero.o
[616/1829] 3m46.65s S CXX obj/third_party/perfetto/protos/perfetto/trace/non_minimal_zero/extension_descriptor.pbzero.o
[616/1829] 3m46.65s S CXX obj/third_party/perfetto/protos/perfetto/trace/non_minimal_zero/memory_graph.pbzero.o
[616/1829] 3m46.65s S CXX obj/third_party/perfetto/protos/perfetto/trace/non_minimal_zero/trace.pbzero.o
[616/1829] 3m46.65s S CXX obj/third_party/perfetto/protos/perfetto/trace/non_minimal_zero/trace_packet.pbzero.o
[616/1828] 3m46.65s S CXX obj/third_party/perfetto/protos/perfetto/trace/non_minimal_zero/test_extensions.pbzero.o
[616/1828] 3m46.65s S CXX obj/third_party/perfetto/protos/perfetto/trace/non_minimal_zero/remote_clock_sync.pbzero.o
[616/1828] 3m46.65s S CXX obj/third_party/perfetto/protos/perfetto/trace/non_minimal_zero/test_event.pbzero.o
[616/1828] 3m46.65s S CXX obj/third_party/perfetto/protos/perfetto/trace/power/zero/android_entity_state_residency.pbzero.o
[616/1828] 3m46.65s S CXX obj/third_party/perfetto/protos/perfetto/trace/power/zero/android_energy_estimation_breakdown.pbzero.o
[616/1828] 3m46.65s S CXX obj/third_party/perfetto/protos/perfetto/trace/power/zero/power_rails.pbzero.o
[616/1828] 3m46.65s S CXX obj/third_party/perfetto/protos/perfetto/trace/power/zero/battery_counters.pbzero.o
[616/1828] 3m46.90s F CXX obj/third_party/perfetto/protos/perfetto/config/gpu/cpp/vulkan_memory_config.gen.o
[617/1828] 3m46.90s S AR obj/third_party/perfetto/protos/perfetto/config/gpu/libcpp.a
[617/1828] 3m47.35s F CXX obj/third_party/perfetto/protos/perfetto/config/qnx/cpp/qnx_config.gen.o
[618/1828] 3m47.35s S AR obj/third_party/perfetto/protos/perfetto/config/qnx/libcpp.a
[618/1828] 3m47.52s F CXX obj/third_party/perfetto/protos/perfetto/config/sys_stats/cpp/sys_stats_config.gen.o
[619/1828] 3m47.52s S AR obj/third_party/perfetto/protos/perfetto/config/sys_stats/libcpp.a
[619/1828] 3m47.77s F CXX obj/third_party/perfetto/protos/perfetto/config/android/cpp/android_game_intervention_list_config.gen.o
[620/1828] 3m48.05s F CXX obj/third_party/perfetto/protos/perfetto/config/ftrace/cpp/ftrace_config.gen.o
[621/1828] 3m48.10s F CXX obj/third_party/perfetto/protos/perfetto/config/android/cpp/android_aflags_config.gen.o
[622/1828] 3m48.26s F CXX obj/third_party/perfetto/protos/perfetto/config/android/cpp/kernel_wakelocks_config.gen.o
[623/1828] 3m48.51s F CXX obj/third_party/perfetto/protos/perfetto/config/android/cpp/inputmethod_config.gen.o
[624/1828] 3m48.82s F CXX obj/third_party/perfetto/protos/perfetto/config/android/cpp/windowmanager_config.gen.o
[625/1828] 3m48.96s F CXX obj/third_party/perfetto/protos/perfetto/config/android/cpp/android_sdk_sysprop_guard_config.gen.o
[626/1828] 3m49.13s F CXX obj/third_party/perfetto/protos/perfetto/config/android/cpp/user_list_config.gen.o
[627/1828] 3m49.24s F CXX obj/third_party/perfetto/protos/perfetto/config/android/cpp/cpu_per_uid_config.gen.o
[628/1828] 3m49.57s F CXX obj/third_party/perfetto/protos/perfetto/config/android/cpp/surfaceflinger_transactions_config.gen.o
[629/1828] 3m49.87s F CXX obj/third_party/perfetto/protos/perfetto/config/android/cpp/android_polled_state_config.gen.o
[630/1828] 3m49.94s F CXX obj/third_party/perfetto/protos/perfetto/config/android/cpp/android_log_config.gen.o
[631/1828] 3m50.09s F CXX obj/third_party/perfetto/protos/perfetto/config/android/cpp/pixel_modem_config.gen.o
[632/1828] 3m50.41s F CXX obj/third_party/perfetto/protos/perfetto/config/android/cpp/surfaceflinger_layers_config.gen.o
[633/1828] 3m50.81s F CXX obj/third_party/perfetto/protos/perfetto/config/android/cpp/android_system_property_config.gen.o
[634/1828] 3m50.93s F CXX obj/third_party/perfetto/protos/perfetto/config/android/cpp/android_input_event_config.gen.o
[635/1828] 3m50.99s F CXX obj/third_party/perfetto/protos/perfetto/config/android/cpp/packages_list_config.gen.o
[636/1828] 3m51.18s F CXX obj/third_party/perfetto/protos/perfetto/config/android/cpp/app_wakelock_config.gen.o
[637/1828] 3m51.56s F CXX obj/third_party/perfetto/protos/perfetto/config/android/cpp/network_trace_config.gen.o
[638/1828] 3m51.67s F CXX obj/third_party/perfetto/protos/perfetto/config/android/cpp/display_video_config.gen.o
[639/1828] 3m51.91s F CXX obj/third_party/perfetto/protos/perfetto/config/android/cpp/protolog_config.gen.o
[640/1828] 3m51.91s S AR obj/third_party/perfetto/protos/perfetto/config/android/libcpp.a
[640/1828] 3m51.92s F CXX obj/third_party/perfetto/protos/perfetto/config/ftrace/cpp/frozen_ftrace_config.gen.o
[641/1828] 3m51.92s S AR obj/third_party/perfetto/protos/perfetto/config/ftrace/libcpp.a
[641/1828] 3m52.64s F CXX obj/third_party/perfetto/protos/perfetto/config/profiling/cpp/java_hprof_config.gen.o
[642/1828] 3m52.66s F CXX obj/third_party/perfetto/protos/perfetto/config/zero/stress_test_config.pbzero.o
[643/1828] 3m52.66s F AR obj/third_party/perfetto/protos/perfetto/config/profiling/libzero.a
[644/1828] 3m52.67s F AR obj/third_party/perfetto/protos/perfetto/config/system_info/libzero.a
[645/1828] 3m52.68s F AR obj/third_party/perfetto/protos/perfetto/config/statsd/libcpp.a
[646/1828] 3m52.68s F AR obj/third_party/perfetto/protos/perfetto/config/android/libcpp.a
[647/1828] 3m52.69s F AR obj/third_party/perfetto/protos/perfetto/config/ftrace/libcpp.a
[648/1828] 3m52.70s F AR obj/third_party/perfetto/protos/perfetto/config/gpu/libcpp.a
[649/1828] 3m52.71s F AR obj/third_party/perfetto/protos/perfetto/config/qnx/libcpp.a
[650/1828] 3m52.71s F AR obj/third_party/perfetto/protos/perfetto/config/sys_stats/libcpp.a
[651/1828] 3m52.72s F AR obj/third_party/perfetto/protos/perfetto/config/protovm/libcpp.a
[652/1828] 3m52.72s F AR obj/third_party/perfetto/protos/perfetto/config/inode_file/libcpp.a
[653/1828] 3m52.73s F AR obj/third_party/perfetto/protos/perfetto/config/track_event/libcpp.a
[654/1828] 3m52.74s F AR obj/third_party/perfetto/protos/perfetto/config/power/libcpp.a
[655/1828] 3m52.75s F CXX obj/third_party/perfetto/protos/perfetto/trace/chrome/zero/chrome_benchmark_metadata.pbzero.o
[656/1828] 3m52.76s F AR obj/third_party/perfetto/protos/perfetto/config/priority_boost/libcpp.a
[657/1828] 3m52.77s F AR obj/third_party/perfetto/protos/perfetto/config/protovm/libzero.a
[658/1828] 3m52.77s F CXX obj/third_party/perfetto/protos/perfetto/config/profiling/cpp/heapprofd_config.gen.o
[659/1828] 3m52.77s F AR obj/third_party/perfetto/protos/perfetto/config/track_event/libzero.a
[660/1828] 3m52.78s F CXX obj/third_party/perfetto/protos/perfetto/trace/chrome/zero/v8.pbzero.o
[661/1828] 3m52.78s F AR obj/third_party/perfetto/protos/perfetto/config/process_stats/libzero.a
[662/1828] 3m52.79s F AR obj/third_party/perfetto/protos/perfetto/config/priority_boost/libzero.a
[663/1828] 3m52.79s F AR obj/third_party/perfetto/protos/perfetto/config/statsd/libzero.a
[664/1828] 3m52.79s F AR obj/third_party/perfetto/protos/perfetto/config/inode_file/libzero.a
[665/1828] 3m52.80s F AR obj/third_party/perfetto/protos/perfetto/config/ftrace/libzero.a
[666/1828] 3m52.80s F AR obj/third_party/perfetto/protos/perfetto/config/gpu/libzero.a
[667/1828] 3m52.81s F AR obj/third_party/perfetto/protos/perfetto/common/libsemantic_type_cpp.a
[668/1828] 3m52.82s F AR obj/third_party/perfetto/protos/perfetto/config/linux/libcpp.a
[669/1828] 3m52.82s F CXX obj/third_party/perfetto/protos/perfetto/config/zero/system_metrics.pbzero.o
[670/1828] 3m52.82s F AR obj/third_party/perfetto/protos/perfetto/config/system_info/libcpp.a
[671/1828] 3m52.84s F CXX obj/third_party/perfetto/protos/perfetto/trace/chrome/zero/chrome_trigger.pbzero.o
[672/1828] 3m52.84s F CXX obj/third_party/perfetto/protos/perfetto/trace/chrome/zero/chrome_metadata.pbzero.o
[673/1828] 3m52.84s F AR obj/third_party/perfetto/protos/perfetto/config/qnx/libzero.a
[674/1828] 3m52.85s F AR obj/third_party/perfetto/protos/perfetto/config/sys_stats/libzero.a
[675/1828] 3m52.86s F CXX obj/third_party/perfetto/protos/perfetto/trace/chrome/zero/chrome_trace_event.pbzero.o
[675/1828] 3m52.86s S AR obj/third_party/perfetto/protos/perfetto/trace/chrome/libzero.a
[676/1828] 3m52.87s F AR obj/third_party/perfetto/protos/perfetto/config/interceptors/libzero.a
[677/1828] 3m52.87s F AR obj/third_party/perfetto/protos/perfetto/common/libsemantic_type_zero.a
[678/1828] 3m52.88s F CXX obj/third_party/perfetto/protos/perfetto/trace/gpu/zero/vulkan_api_event.pbzero.o
[679/1828] 3m52.89s F CXX obj/third_party/perfetto/protos/perfetto/trace/gpu/zero/gpu_log.pbzero.o
[680/1828] 3m52.90s F CXX obj/third_party/perfetto/protos/perfetto/config/profiling/cpp/smaps_config.gen.o
[681/1828] 3m52.90s F CXX obj/third_party/perfetto/protos/perfetto/trace/gpu/zero/gpu_counter_event.pbzero.o
[682/1828] 3m52.91s F CXX obj/third_party/perfetto/protos/perfetto/trace/gpu/zero/gpu_render_stage_event.pbzero.o
[683/1828] 3m52.92s F CXX obj/third_party/perfetto/protos/perfetto/trace/gpu/zero/vulkan_memory_event.pbzero.o
[684/1828] 3m52.92s F CXX obj/third_party/perfetto/protos/perfetto/trace/gpu/zero/gpu_mem_event.pbzero.o
[685/1828] 3m52.92s S AR obj/third_party/perfetto/protos/perfetto/trace/gpu/libzero.a
[685/1828] 3m52.93s F CXX obj/third_party/perfetto/protos/perfetto/trace/track_event/zero/chrome_application_state_info.pbzero.o
[686/1828] 3m52.94s F CXX obj/third_party/perfetto/protos/perfetto/trace/track_event/zero/chrome_user_event.pbzero.o
[687/1828] 3m52.94s F CXX obj/third_party/perfetto/protos/perfetto/trace/track_event/zero/chrome_active_processes.pbzero.o
[688/1828] 3m52.94s F CXX obj/third_party/perfetto/protos/perfetto/trace/track_event/zero/screenshot.pbzero.o
[689/1828] 3m52.95s F CXX obj/third_party/perfetto/protos/perfetto/trace/track_event/zero/track_descriptor.pbzero.o
[690/1828] 3m52.96s F CXX obj/third_party/perfetto/protos/perfetto/trace/track_event/zero/track_event.pbzero.o
[691/1828] 3m52.96s F CXX obj/third_party/perfetto/protos/perfetto/trace/track_event/zero/log_message.pbzero.o
[692/1828] 3m52.97s F CXX obj/third_party/perfetto/protos/perfetto/trace/track_event/zero/range_of_interest.pbzero.o
[693/1828] 3m52.97s F CXX obj/third_party/perfetto/protos/perfetto/trace/track_event/zero/process_descriptor.pbzero.o
[694/1828] 3m52.97s F CXX obj/third_party/perfetto/protos/perfetto/trace/track_event/zero/chrome_legacy_ipc.pbzero.o
[695/1828] 3m52.99s F CXX obj/third_party/perfetto/protos/perfetto/trace/track_event/zero/chrome_thread_descriptor.pbzero.o
[696/1828] 3m52.99s F CXX obj/third_party/perfetto/protos/perfetto/trace/track_event/zero/chrome_renderer_scheduler_state.pbzero.o
[697/1828] 3m53.00s F CXX obj/third_party/perfetto/protos/perfetto/trace/track_event/zero/chrome_mojo_event_info.pbzero.o
[698/1828] 3m53.00s F CXX obj/third_party/perfetto/protos/perfetto/trace/track_event/zero/chrome_message_pump.pbzero.o
[699/1828] 3m53.01s F CXX obj/third_party/perfetto/protos/perfetto/trace/track_event/zero/chrome_histogram_sample.pbzero.o
[700/1828] 3m53.02s F CXX obj/third_party/perfetto/protos/perfetto/trace/track_event/zero/chrome_latency_info.pbzero.o
[701/1828] 3m53.02s F CXX obj/third_party/perfetto/protos/perfetto/trace/track_event/zero/thread_descriptor.pbzero.o
[702/1828] 3m53.03s F CXX obj/third_party/perfetto/protos/perfetto/trace/track_event/zero/chrome_keyed_service.pbzero.o
[703/1828] 3m53.04s F CXX obj/third_party/perfetto/protos/perfetto/trace/track_event/zero/state_descriptor.pbzero.o
[704/1828] 3m53.04s F CXX obj/third_party/perfetto/protos/perfetto/trace/track_event/zero/chrome_process_descriptor.pbzero.o
[705/1828] 3m53.04s F CXX obj/third_party/perfetto/protos/perfetto/trace/track_event/zero/source_location.pbzero.o
[706/1828] 3m53.05s F CXX obj/third_party/perfetto/protos/perfetto/trace/track_event/zero/task_execution.pbzero.o
[707/1828] 3m53.06s F CXX obj/third_party/perfetto/protos/perfetto/trace/track_event/zero/chrome_window_handle_event_info.pbzero.o
[707/1828] 3m53.06s F CXX obj/third_party/perfetto/protos/perfetto/trace/track_event/zero/counter_descriptor.pbzero.o
[709/1828] 3m53.07s F CXX obj/third_party/perfetto/protos/perfetto/trace/track_event/zero/debug_annotation.pbzero.o
[710/1828] 3m53.08s F CXX obj/third_party/perfetto/protos/perfetto/trace/track_event/zero/chrome_frame_reporter.pbzero.o
[711/1828] 3m53.08s F CXX obj/third_party/perfetto/protos/perfetto/trace/track_event/zero/chrome_compositor_scheduler_state.pbzero.o
[712/1828] 3m53.09s F CXX obj/third_party/perfetto/protos/perfetto/trace/track_event/zero/chrome_content_settings_event_info.pbzero.o
[713/1828] 3m53.09s S AR obj/third_party/perfetto/protos/perfetto/trace/track_event/libzero.a
[713/1828] 3m53.09s F CXX obj/third_party/perfetto/protos/perfetto/trace/profiling/zero/smaps.pbzero.o
[714/1828] 3m53.10s F CXX obj/third_party/perfetto/protos/perfetto/trace/profiling/zero/profile_packet.pbzero.o
[715/1828] 3m53.10s F CXX obj/third_party/perfetto/protos/perfetto/trace/profiling/zero/deobfuscation.pbzero.o
[716/1828] 3m53.11s F CXX obj/third_party/perfetto/protos/perfetto/trace/profiling/zero/profile_common.pbzero.o
[717/1828] 3m53.12s F CXX obj/third_party/perfetto/protos/perfetto/trace/profiling/zero/art_process_metadata.pbzero.o
[718/1828] 3m53.12s F CXX obj/third_party/perfetto/protos/perfetto/trace/profiling/zero/stack_sample.pbzero.o
[719/1828] 3m53.13s F CXX obj/third_party/perfetto/protos/perfetto/trace/android/zero/android_game_intervention_list.pbzero.o
[720/1828] 3m53.13s F CXX obj/third_party/perfetto/protos/perfetto/trace/android/zero/kernel_wakelock_data.pbzero.o
[721/1828] 3m53.14s F CXX obj/third_party/perfetto/protos/perfetto/trace/android/zero/android_aflags.pbzero.o
[722/1828] 3m53.14s F CXX obj/third_party/perfetto/protos/perfetto/trace/android/zero/user_list.pbzero.o
[723/1828] 3m53.15s F CXX obj/third_party/perfetto/protos/perfetto/trace/android/zero/initial_display_state.pbzero.o
[724/1828] 3m53.16s F CXX obj/third_party/perfetto/protos/perfetto/trace/android/zero/packages_list.pbzero.o
[725/1828] 3m53.16s F CXX obj/third_party/perfetto/protos/perfetto/trace/android/zero/graphics_frame_event.pbzero.o
[726/1828] 3m53.17s F CXX obj/third_party/perfetto/protos/perfetto/trace/android/zero/android_system_property.pbzero.o
[727/1828] 3m53.17s F CXX obj/third_party/perfetto/protos/perfetto/trace/android/zero/cpu_per_uid_data.pbzero.o
[728/1828] 3m53.18s F CXX obj/third_party/perfetto/protos/perfetto/trace/android/zero/android_log.pbzero.o
[729/1828] 3m53.18s S AR obj/third_party/perfetto/protos/perfetto/trace/android/libzero.a
[729/1828] 3m53.19s F CXX obj/third_party/perfetto/protos/perfetto/config/zero/interceptor_config.pbzero.o
[730/1828] 3m53.19s F CXX obj/third_party/perfetto/protos/perfetto/trace/android/zero/pixel_modem_events.pbzero.o
[731/1828] 3m53.19s F AR obj/third_party/perfetto/protos/perfetto/config/android/libzero.a
[732/1828] 3m53.19s F CXX obj/third_party/perfetto/protos/perfetto/config/zero/chrome_config.pbzero.o
[733/1828] 3m53.20s F CXX obj/third_party/perfetto/protos/perfetto/config/zero/trace_config.pbzero.o
[734/1828] 3m53.21s F CXX obj/third_party/perfetto/protos/perfetto/config/zero/v8_config.pbzero.o
[734/1828] 3m53.21s F CXX obj/third_party/perfetto/protos/perfetto/config/zero/etw_config.pbzero.o
[736/1828] 3m53.22s F CXX obj/third_party/perfetto/protos/perfetto/config/zero/histogram_samples.pbzero.o
[737/1828] 3m53.23s F CXX obj/third_party/perfetto/protos/perfetto/config/zero/scenario_config.pbzero.o
[738/1828] 3m53.23s F CXX obj/third_party/perfetto/protos/perfetto/config/zero/test_config.pbzero.o
[739/1828] 3m53.23s F AR obj/third_party/perfetto/protos/perfetto/config/linux/libzero.a
[740/1828] 3m53.23s F AR obj/third_party/perfetto/protos/perfetto/config/interceptors/libcpp.a
[741/1828] 3m53.24s F CXX obj/third_party/perfetto/protos/perfetto/config/zero/data_source_config.pbzero.o
[742/1828] 3m53.24s F AR obj/third_party/perfetto/protos/perfetto/config/process_stats/libcpp.a
[743/1828] 3m53.24s F AR obj/third_party/perfetto/protos/perfetto/trace/profiling/libinline_callstack_zero.a
[743/1828] 3m53.24s S AR obj/third_party/perfetto/protos/perfetto/trace/profiling/libzero.a
[744/1828] 3m53.24s S AR obj/third_party/perfetto/protos/perfetto/config/libzero.a
[744/1828] 3m53.25s F AR obj/third_party/perfetto/protos/perfetto/config/power/libzero.a
[745/1828] 3m53.26s F CXX obj/third_party/perfetto/protos/perfetto/trace/ftrace/zero/panel.pbzero.o
[746/1828] 3m53.26s F CXX obj/third_party/perfetto/protos/perfetto/trace/ftrace/zero/oom.pbzero.o
[747/1828] 3m53.27s F CXX obj/third_party/perfetto/protos/perfetto/trace/ftrace/zero/cma.pbzero.o
[748/1828] 3m53.27s F CXX obj/third_party/perfetto/protos/perfetto/trace/ftrace/zero/dpu.pbzero.o
[749/1828] 3m53.28s F CXX obj/third_party/perfetto/protos/perfetto/trace/ftrace/zero/virtio_video.pbzero.o
[750/1828] 3m53.28s F CXX obj/third_party/perfetto/protos/perfetto/trace/ftrace/zero/virtio_gpu.pbzero.o
[751/1828] 3m53.28s F CXX obj/third_party/perfetto/protos/perfetto/config/profiling/cpp/perf_event_config.gen.o
[752/1828] 3m53.28s S AR obj/third_party/perfetto/protos/perfetto/config/profiling/libcpp.a
[752/1828] 3m53.29s F AR obj/third_party/perfetto/protos/perfetto/trace/gpu/libzero.a
[753/1828] 3m53.29s F AR obj/third_party/perfetto/protos/perfetto/config/profiling/libcpp.a
[754/1827] 3m53.29s F CXX obj/third_party/perfetto/protos/perfetto/trace/ftrace/zero/dmabuf_heap.pbzero.o
[755/1827] 3m53.30s F CXX obj/third_party/perfetto/protos/perfetto/trace/ftrace/zero/cros_ec.pbzero.o
[756/1827] 3m53.30s F CXX obj/third_party/perfetto/protos/perfetto/trace/ftrace/zero/v4l2.pbzero.o
[757/1827] 3m53.31s F CXX obj/third_party/perfetto/protos/perfetto/trace/ftrace/zero/ufs.pbzero.o
[758/1827] 3m53.31s S ACTION //third_party/perfetto/protos/perfetto/config:cpp_gen(//build/toolchain/android:android_clang_arm64)
[758/1827] 3m53.32s F CXX obj/third_party/perfetto/protos/perfetto/trace/ftrace/zero/timer.pbzero.o
[759/1827] 3m53.32s F CXX obj/third_party/perfetto/protos/perfetto/trace/ftrace/zero/trusty.pbzero.o
[760/1827] 3m53.33s F CXX obj/third_party/perfetto/protos/perfetto/trace/ftrace/zero/dma_fence.pbzero.o
[761/1827] 3m53.33s F CXX obj/third_party/perfetto/protos/perfetto/trace/ftrace/zero/thermal.pbzero.o
[762/1827] 3m53.34s F CXX obj/third_party/perfetto/protos/perfetto/trace/ftrace/zero/thermal_exynos.pbzero.o
[763/1827] 3m53.35s F CXX obj/third_party/perfetto/protos/perfetto/trace/ftrace/zero/systrace.pbzero.o
[764/1827] 3m53.35s F CXX obj/third_party/perfetto/protos/perfetto/trace/ftrace/zero/task.pbzero.o
[765/1827] 3m53.35s F CXX obj/third_party/perfetto/protos/perfetto/trace/ftrace/zero/synthetic.pbzero.o
[766/1827] 3m53.36s F CXX obj/third_party/perfetto/protos/perfetto/trace/ftrace/zero/sync.pbzero.o
[767/1827] 3m53.37s F CXX obj/third_party/perfetto/protos/perfetto/trace/ftrace/zero/block.pbzero.o
[768/1827] 3m53.37s F CXX obj/third_party/perfetto/protos/perfetto/trace/ftrace/zero/sock.pbzero.o
[769/1827] 3m53.38s F CXX obj/third_party/perfetto/protos/perfetto/trace/ftrace/zero/skb.pbzero.o
[770/1827] 3m53.38s F CXX obj/third_party/perfetto/protos/perfetto/trace/ftrace/zero/sde.pbzero.o
[771/1827] 3m53.39s F CXX obj/third_party/perfetto/protos/perfetto/trace/ftrace/zero/kvm.pbzero.o
[772/1827] 3m53.39s F CXX obj/third_party/perfetto/protos/perfetto/trace/ftrace/zero/lwis.pbzero.o
[773/1827] 3m53.40s F CXX obj/third_party/perfetto/protos/perfetto/trace/ftrace/zero/bcl_exynos.pbzero.o
[774/1827] 3m53.40s F CXX obj/third_party/perfetto/protos/perfetto/trace/ftrace/zero/kmem.pbzero.o
[775/1827] 3m53.41s F CXX obj/third_party/perfetto/protos/perfetto/trace/ftrace/zero/clk.pbzero.o
[776/1827] 3m53.41s F CXX obj/third_party/perfetto/protos/perfetto/trace/ftrace/zero/android_fs.pbzero.o
[777/1827] 3m53.42s F CXX obj/third_party/perfetto/protos/perfetto/trace/ftrace/zero/binder.pbzero.o
[778/1827] 3m53.42s F CXX obj/third_party/perfetto/protos/perfetto/trace/ftrace/zero/signal.pbzero.o
[779/1827] 3m53.43s F CXX obj/third_party/perfetto/protos/perfetto/trace/ftrace/zero/mali.pbzero.o
[780/1827] 3m53.44s F CXX obj/third_party/perfetto/protos/perfetto/trace/ftrace/zero/compaction.pbzero.o
[781/1827] 3m53.44s F CXX obj/third_party/perfetto/protos/perfetto/trace/ftrace/zero/test_bundle_wrapper.pbzero.o
[782/1827] 3m53.44s F CXX obj/third_party/perfetto/protos/perfetto/trace/ftrace/zero/cpm_trace.pbzero.o
[783/1827] 3m53.45s F CXX obj/third_party/perfetto/protos/perfetto/trace/ftrace/zero/mdss.pbzero.o
[784/1827] 3m53.46s F CXX obj/third_party/perfetto/protos/perfetto/trace/perfetto/zero/tracing_service_event.pbzero.o
[785/1827] 3m53.46s F CXX obj/third_party/perfetto/protos/perfetto/trace/ftrace/zero/perf_trace_counters.pbzero.o
[786/1827] 3m53.47s F CXX obj/third_party/perfetto/protos/perfetto/trace/etw/zero/etw_event.pbzero.o
[787/1827] 3m53.48s F CXX obj/third_party/perfetto/protos/perfetto/trace/interned_data/zero/interned_data.pbzero.o
[788/1827] 3m53.48s F CXX obj/third_party/perfetto/protos/perfetto/trace/power/zero/android_entity_state_residency.pbzero.o
[789/1827] 3m53.49s F CXX obj/third_party/perfetto/protos/perfetto/trace/etw/zero/etw_event_bundle.pbzero.o
[790/1827] 3m53.50s F CXX obj/third_party/perfetto/protos/perfetto/trace/power/zero/power_rails.pbzero.o
[791/1827] 3m53.50s F CXX obj/third_party/perfetto/protos/perfetto/trace/ftrace/zero/cgroup.pbzero.o
[792/1827] 3m53.50s F CXX obj/third_party/perfetto/protos/perfetto/trace/power/zero/android_energy_estimation_breakdown.pbzero.o
[793/1827] 3m53.51s F CXX obj/third_party/perfetto/protos/perfetto/trace/sys_stats/zero/sys_stats.pbzero.o
[794/1827] 3m53.52s S AR obj/third_party/perfetto/protos/perfetto/trace/sys_stats/libzero.a
[794/1827] 3m53.52s F CXX obj/third_party/perfetto/protos/perfetto/trace/ftrace/zero/tcp.pbzero.o
[795/1827] 3m53.52s F CXX obj/third_party/perfetto/protos/perfetto/trace/power/zero/battery_counters.pbzero.o
[796/1827] 3m53.52s S AR obj/third_party/perfetto/protos/perfetto/trace/power/libzero.a
[796/1827] 3m53.53s F CXX obj/third_party/perfetto/protos/perfetto/trace/ps/zero/process_stats.pbzero.o
[797/1827] 3m53.53s F CXX obj/third_party/perfetto/protos/perfetto/trace/ftrace/zero/mm_event.pbzero.o
[798/1827] 3m53.54s F CXX obj/third_party/perfetto/protos/perfetto/trace/system_info/zero/interrupt_info.pbzero.o
[799/1827] 3m53.55s F CXX obj/third_party/perfetto/protos/perfetto/trace/ftrace/zero/generic.pbzero.o
[800/1827] 3m53.55s F CXX obj/third_party/perfetto/protos/perfetto/trace/system_info/zero/gpu_info.pbzero.o
[800/1827] 3m53.55s F CXX obj/third_party/perfetto/protos/perfetto/trace/linux/zero/journald_event.pbzero.o
[801/1827] 3m53.55s S AR obj/third_party/perfetto/protos/perfetto/trace/linux/libzero.a
[802/1827] 3m53.55s F CXX obj/third_party/perfetto/protos/perfetto/trace/filesystem/zero/inode_file_map.pbzero.o
[802/1827] 3m53.55s S AR obj/third_party/perfetto/protos/perfetto/trace/filesystem/libzero.a
[803/1827] 3m53.57s F CXX obj/third_party/perfetto/protos/perfetto/trace/statsd/zero/statsd_atom.pbzero.o
[803/1827] 3m53.57s S AR obj/third_party/perfetto/protos/perfetto/trace/statsd/libzero.a
[804/1827] 3m53.57s F CXX obj/third_party/perfetto/protos/perfetto/trace/ps/zero/process_tree.pbzero.o
[805/1827] 3m53.57s S AR obj/third_party/perfetto/protos/perfetto/trace/ps/libzero.a
[805/1827] 3m53.58s F CXX obj/third_party/perfetto/protos/perfetto/trace/system_info/zero/cpu_info.pbzero.o
[806/1827] 3m53.58s S AR obj/third_party/perfetto/protos/perfetto/trace/system_info/libzero.a
[806/1827] 3m53.58s F CXX obj/third_party/perfetto/protos/perfetto/trace/minimal_zero/trace_uuid.pbzero.o
[807/1827] 3m53.59s F CXX obj/third_party/perfetto/protos/perfetto/trace/ftrace/zero/dcvsh.pbzero.o
[808/1827] 3m53.59s F CXX obj/third_party/perfetto/protos/perfetto/trace/ftrace/zero/cpuhp.pbzero.o
[809/1827] 3m53.60s F CXX obj/third_party/perfetto/protos/perfetto/trace/perfetto/zero/concurrent_session_event.pbzero.o
[810/1827] 3m53.60s F CXX obj/third_party/perfetto/protos/perfetto/trace/etw/zero/etw.pbzero.o
[811/1827] 3m53.60s S AR obj/third_party/perfetto/protos/perfetto/trace/etw/libzero.a
[811/1827] 3m53.61s F CXX obj/third_party/perfetto/protos/perfetto/trace/translation/zero/translation_table.pbzero.o
[811/1827] 3m53.61s S AR obj/third_party/perfetto/protos/perfetto/trace/translation/libzero.a
[812/1827] 3m53.62s F CXX obj/third_party/perfetto/protos/perfetto/trace/generic_kernel/zero/generic_task.pbzero.o
[813/1827] 3m53.62s F CXX obj/third_party/perfetto/protos/perfetto/trace/ftrace/zero/lowmemorykiller.pbzero.o
[814/1827] 3m53.63s F CXX obj/third_party/perfetto/protos/perfetto/trace/perfetto/zero/trace_provenance.pbzero.o
[815/1827] 3m53.63s F AR obj/third_party/perfetto/protos/perfetto/trace/chrome/libzero.a
[816/1827] 3m53.63s F CXX obj/third_party/perfetto/protos/perfetto/trace/ftrace/zero/ftrace_stats.pbzero.o
[817/1827] 3m53.64s F CXX obj/third_party/perfetto/protos/perfetto/trace/perfetto/zero/perfetto_metatrace.pbzero.o
[818/1827] 3m53.64s S AR obj/third_party/perfetto/protos/perfetto/trace/perfetto/libzero.a
[818/1827] 3m53.65s F CXX obj/third_party/perfetto/protos/perfetto/trace/ftrace/zero/devfreq.pbzero.o
[819/1827] 3m53.65s F CXX obj/third_party/perfetto/protos/perfetto/trace/ftrace/zero/net.pbzero.o
[820/1827] 3m53.66s F CXX obj/third_party/perfetto/protos/perfetto/trace/ftrace/zero/pixel_mm.pbzero.o
[821/1827] 3m53.66s F AR obj/third_party/perfetto/protos/perfetto/trace/track_event/libzero.a
[822/1827] 3m53.67s F CXX obj/third_party/perfetto/protos/perfetto/trace/ftrace/zero/fence.pbzero.o
[823/1827] 3m53.67s F CXX obj/third_party/perfetto/protos/perfetto/trace/ftrace/zero/fs.pbzero.o
[824/1827] 3m53.68s F CXX obj/third_party/perfetto/protos/perfetto/trace/ftrace/zero/gpu_mem.pbzero.o
[825/1827] 3m53.68s F AR obj/third_party/perfetto/protos/perfetto/trace/profiling/libzero.a
[826/1827] 3m53.69s F AR obj/third_party/perfetto/protos/perfetto/config/libzero.a
[827/1827] 3m53.69s F CXX obj/third_party/perfetto/protos/perfetto/trace/ftrace/zero/irq_vectors.pbzero.o
[828/1827] 3m53.69s F CXX obj/third_party/perfetto/protos/perfetto/trace/ftrace/zero/ion.pbzero.o
[829/1827] 3m53.70s F ACTION //third_party/perfetto/protos/perfetto/config:cpp_gen(//build/toolchain/android:android_clang_arm64)
[830/1817] 3m53.70s F CXX obj/third_party/perfetto/protos/perfetto/trace/ftrace/zero/vmscan.pbzero.o
[831/1816] 3m53.70s S CXX obj/third_party/perfetto/src/tracing/common/trace_writer_base.o
[831/1816] 3m53.70s S CXX obj/src/common/spirv/angle_spirv_base/angle_spirv_utils.o
[831/1812] 3m53.70s S CXX obj/libEGL/libEGL_autogen.o
[831/1812] 3m53.70s S CXX obj/angle_common/utilities.o
[831/1812] 3m53.70s S CXX obj/src/common/linux/angle_dma_buf/dma_buf_utils.o
[831/1812] 3m53.70s S CXX obj/third_party/perfetto/src/tracing/system_backend_fake/system_tracing_backend_fake.o
[831/1811] 3m53.70s S CXX obj/third_party/perfetto/src/tracing/in_process_backend/in_process_tracing_backend.o
[831/1811] 3m53.70s S CXX obj/src/libANGLE/renderer/gl/angle_gl_backend/BufferGL.o
[831/1809] 3m53.71s S CXX obj/third_party/perfetto/src/tracing/core/core/in_process_shared_memory.o
[831/1809] 3m53.71s S CXX obj/src/libANGLE/renderer/null/angle_null_backend/CompilerNULL.o
[831/1808] 3m53.71s S CXX obj/third_party/perfetto/src/tracing/service/service/metatrace_writer.o
[831/1808] 3m53.71s S CXX obj/third_party/perfetto/src/tracing/client_api_without_backends/track_event_legacy.o
[831/1807] 3m53.71s F CXX obj/third_party/perfetto/protos/perfetto/trace/ftrace/zero/ipi.pbzero.o
[832/1807] 3m53.71s S CXX obj/src/libANGLE/renderer/gl/angle_gl_backend/SyncGL.o
[832/1807] 3m53.71s S CXX obj/third_party/perfetto/src/protozero/filtering/message_filter_config/message_filter_config.o
[832/1805] 3m53.71s S CXX obj/third_party/perfetto/src/tracing/core/core/virtual_destructors.o
[832/1805] 3m53.71s S CXX obj/angle_common/backtrace_utils_noop.o
[832/1805] 3m53.71s S CXX obj/src/libANGLE/renderer/gl/angle_gl_backend/ContextGL.o
[832/1805] 3m53.71s S CXX obj/src/libANGLE/renderer/gl/angle_gl_backend/SurfaceGL.o
[832/1805] 3m53.71s S CXX obj/angle_common/system_utils_linux.o
[832/1805] 3m53.71s S CXX obj/third_party/perfetto/src/tracing/core/core/trace_writer_impl.o
[832/1805] 3m53.71s S CXX obj/src/libANGLE/renderer/gl/angle_gl_backend/RendererGL.o
[832/1805] 3m53.71s S CXX obj/third_party/perfetto/protos/perfetto/config/cpp/trace_config.gen.o
[832/1805] 3m53.71s S CXX obj/angle_common/string_utils.o
[832/1805] 3m53.71s S CXX obj/src/libANGLE/renderer/null/angle_null_backend/ProgramPipelineNULL.o
[832/1805] 3m53.71s S CXX obj/src/libANGLE/renderer/gl/angle_gl_backend/RenderbufferGL.o
[832/1805] 3m53.71s S CXX obj/third_party/perfetto/src/tracing/client_api_without_backends/tracing_policy.o
[832/1805] 3m53.71s S CXX obj/third_party/perfetto/src/tracing/client_api_without_backends/event_context.o
[832/1805] 3m53.71s S CXX obj/src/libANGLE/renderer/null/angle_null_backend/ProgramNULL.o
[832/1805] 3m53.71s S CXX obj/third_party/perfetto/protos/perfetto/config/cpp/v8_config.gen.o
[832/1805] 3m53.71s S CXX obj/src/libANGLE/renderer/gl/angle_gl_backend/ProgramPipelineGL.o
[832/1805] 3m53.72s S CXX obj/third_party/perfetto/src/tracing/client_api_without_backends/track.o
[832/1805] 3m53.72s S CXX obj/third_party/perfetto/protos/perfetto/config/cpp/data_source_config.gen.o
[832/1805] 3m53.72s S CXX obj/third_party/perfetto/src/tracing/client_api_without_backends/data_source.o
[832/1805] 3m53.72s S CXX obj/src/libANGLE/renderer/gl/angle_gl_backend/ProgramGL.o
[832/1805] 3m53.72s S CXX obj/third_party/perfetto/protos/perfetto/config/cpp/histogram_samples.gen.o
[832/1805] 3m53.72s S CXX obj/src/libANGLE/renderer/null/angle_null_backend/ProgramExecutableNULL.o
[832/1805] 3m53.72s S CXX obj/third_party/perfetto/src/tracing/client_api_without_backends/track_event_category_registry.o
[832/1805] 3m53.72s S CXX obj/third_party/perfetto/src/tracing/core/core/trace_packet.o
[832/1805] 3m53.72s S CXX obj/src/libANGLE/renderer/gl/angle_gl_backend/QueryGL.o
[832/1805] 3m53.72s S CXX obj/third_party/perfetto/protos/perfetto/config/cpp/etw_config.gen.o
[832/1805] 3m53.72s S CXX obj/third_party/perfetto/src/tracing/core/core/shared_memory_arbiter_impl.o
[832/1805] 3m53.72s S CXX obj/src/libANGLE/renderer/gl/angle_gl_backend/ProgramExecutableGL.o
[832/1805] 3m53.72s S CXX obj/third_party/perfetto/src/tracing/core/core/shared_memory_abi.o
[832/1805] 3m53.72s S CXX obj/src/libANGLE/renderer/gl/angle_gl_backend/MemoryObjectGL.o
[832/1805] 3m53.72s S CXX obj/angle_common/PackedEGLEnums_autogen.o
[832/1805] 3m53.72s S CXX obj/third_party/perfetto/src/tracing/core/core/null_trace_writer.o
[832/1805] 3m53.72s S CXX obj/src/libANGLE/renderer/gl/angle_gl_backend/BlitGL.o
[832/1805] 3m53.72s S CXX obj/third_party/perfetto/src/tracing/service/service/clock.o
[832/1805] 3m53.72s S CXX obj/third_party/perfetto/protos/perfetto/config/cpp/interceptor_config.gen.o
[832/1805] 3m53.72s S CXX obj/src/libANGLE/renderer/gl/angle_gl_backend/NativeBufferImageSiblingAndroid.o
[832/1805] 3m53.72s S CXX obj/third_party/perfetto/src/tracing/service/service/tracing_service_session.o
[832/1805] 3m53.72s S CXX obj/src/libANGLE/renderer/gl/angle_gl_backend/DisplayAndroid.o
[832/1805] 3m53.72s S CXX obj/third_party/perfetto/src/tracing/service/service/tracing_service_impl.o
[832/1805] 3m53.72s S CXX obj/src/libANGLE/renderer/gl/angle_gl_backend/egl_utils.o
[832/1805] 3m53.72s S CXX obj/src/libANGLE/renderer/gl/angle_gl_backend/ImageGL.o
[832/1805] 3m53.72s S CXX obj/third_party/perfetto/protos/perfetto/config/cpp/stress_test_config.gen.o
[832/1805] 3m53.72s S CXX obj/angle_common/PackedEnums.o
[832/1805] 3m53.72s S CXX obj/third_party/perfetto/src/tracing/service/service/tracing_service_endpoints_impl.o
[832/1805] 3m53.72s S CXX obj/angle_common/sha1.o
[832/1805] 3m53.72s S CXX obj/third_party/perfetto/src/tracing/service/service/trace_buffer_v2.o
[832/1805] 3m53.72s S CXX obj/src/libANGLE/renderer/gl/angle_gl_backend/FunctionsGL.o
[832/1805] 3m53.72s S CXX obj/third_party/perfetto/protos/perfetto/config/cpp/test_config.gen.o
[832/1805] 3m53.72s S CXX obj/angle_common/PackedGLEnums_autogen.o
[832/1805] 3m53.72s S CXX obj/third_party/perfetto/src/tracing/service/service/trace_buffer_v1.o
[832/1805] 3m53.72s S CXX obj/src/libANGLE/renderer/gl/angle_gl_backend/FramebufferGL.o
[832/1805] 3m53.72s S CXX obj/third_party/perfetto/src/tracing/client_api_without_backends/tracing.o
[832/1805] 3m53.72s S CXX obj/angle_common/SimpleMutex.o
[832/1805] 3m53.72s S CXX obj/angle_common/PoolAlloc.o
[832/1805] 3m53.72s S CXX obj/third_party/perfetto/src/tracing/service/service/packet_stream_validator.o
[832/1805] 3m53.72s S CXX obj/src/libANGLE/renderer/gl/angle_gl_backend/DispatchTableGL_autogen.o
[832/1805] 3m53.73s S CXX obj/third_party/perfetto/src/tracing/client_api_without_backends/interceptor.o
[832/1805] 3m53.72s S CXX obj/src/libANGLE/renderer/gl/angle_gl_backend/DisplayGL.o
[832/1805] 3m53.73s S CXX obj/angle_common/android_util.o
[832/1805] 3m53.73s S CXX obj/angle_common/angleutils.o
[832/1805] 3m53.73s S CXX obj/third_party/perfetto/src/tracing/service/service/random.o
[832/1805] 3m53.73s S CXX obj/angle_common/system_utils_posix.o
[832/1805] 3m53.73s S CXX obj/angle_common/trace_categories.o
[832/1805] 3m53.73s S CXX obj/src/libANGLE/renderer/null/angle_null_backend/ImageNULL.o
[832/1805] 3m53.73s S CXX obj/angle_common/entry_points_enum_autogen.o
[832/1805] 3m53.73s S CXX obj/third_party/perfetto/src/tracing/client_api_without_backends/tracing_backend_fake.o
[832/1805] 3m53.73s S CXX obj/src/libANGLE/renderer/null/angle_null_backend/FramebufferNULL.o
[832/1805] 3m53.73s S CXX obj/third_party/perfetto/src/tracing/client_api_without_backends/checked_scope.o
[832/1805] 3m53.73s S CXX obj/third_party/perfetto/src/tracing/client_api_without_backends/tracing_muxer_fake.o
[832/1805] 3m53.73s S CXX obj/src/libANGLE/renderer/null/angle_null_backend/FenceNVNULL.o
[832/1805] 3m53.73s S CXX obj/angle_common/matrix_utils.o
[832/1805] 3m53.73s S CXX obj/third_party/perfetto/src/tracing/client_api_without_backends/tracing_muxer_impl.o
[832/1805] 3m53.73s S CXX obj/angle_common/platform_helpers.o
[832/1805] 3m53.73s S CXX obj/preprocessor/DiagnosticsBase.o
[832/1805] 3m53.73s F CXX obj/third_party/perfetto/protos/perfetto/trace/ftrace/zero/sched.pbzero.o
[833/1805] 3m53.74s S CXX obj/third_party/perfetto/src/tracing/client_api_without_backends/track_event_internal.o
[833/1805] 3m53.74s S CXX obj/translator/SizeClipCullDistance.o
[833/1805] 3m53.74s S CXX obj/translator/BuiltInFunctionEmulatorGLSL.o
[833/1805] 3m53.74s S CXX obj/angle_common/tls.o
[833/1805] 3m53.74s S CXX obj/src/libANGLE/renderer/gl/angle_gl_backend/ClearMultiviewGL.o
[833/1805] 3m53.74s S CXX obj/src/libANGLE/renderer/null/angle_null_backend/BufferNULL.o
[833/1805] 3m53.74s S CXX obj/src/libANGLE/renderer/null/angle_null_backend/VertexArrayNULL.o
[833/1805] 3m53.74s S CXX obj/src/libANGLE/renderer/null/angle_null_backend/TextureNULL.o
[833/1805] 3m53.74s S CXX obj/src/libANGLE/renderer/null/angle_null_backend/ContextNULL.o
[833/1805] 3m53.74s S CXX obj/src/libANGLE/renderer/gl/angle_gl_backend/CompilerGL.o
[833/1805] 3m53.74s S CXX obj/angle_common_shader_state/CompiledShaderState.o
[833/1805] 3m53.74s S CXX obj/preprocessor/DirectiveHandlerBase.o
[833/1805] 3m53.74s S CXX obj/src/libANGLE/renderer/null/angle_null_backend/SurfaceNULL.o
[833/1805] 3m53.74s S CXX obj/src/libANGLE/renderer/null/angle_null_backend/SamplerNULL.o
[833/1805] 3m53.74s S CXX obj/src/libANGLE/renderer/null/angle_null_backend/SyncNULL.o
[833/1805] 3m53.74s S CXX obj/src/libANGLE/renderer/null/angle_null_backend/ShaderNULL.o
[833/1805] 3m53.74s S CXX obj/src/libANGLE/renderer/null/angle_null_backend/TransformFeedbackNULL.o
[833/1805] 3m53.75s S CXX obj/third_party/perfetto/src/tracing/core/core/id_allocator.o
[833/1805] 3m53.75s S CXX obj/src/libANGLE/renderer/gl/angle_gl_backend/WindowSurfaceEGL.o
[833/1805] 3m53.75s S CXX obj/src/libANGLE/renderer/null/angle_null_backend/RenderbufferNULL.o
[833/1805] 3m53.75s S CXX obj/src/libANGLE/renderer/gl/angle_gl_backend/SyncEGL.o
[833/1805] 3m53.75s S CXX obj/src/libANGLE/renderer/null/angle_null_backend/QueryNULL.o
[833/1805] 3m53.75s S CXX obj/angle_common/uniform_type_info_autogen.o
[833/1805] 3m53.75s S CXX obj/preprocessor/Token.o
[833/1805] 3m53.75s S CXX obj/preprocessor/preprocessor_tab_autogen.o
[833/1805] 3m53.75s S CXX obj/third_party/perfetto/src/tracing/client_api_without_backends/interceptor_trace_writer.o
[833/1805] 3m53.75s S CXX obj/src/libANGLE/renderer/gl/angle_gl_backend/RendererEGL.o
[833/1805] 3m53.75s S CXX obj/preprocessor/MacroExpander.o
[833/1805] 3m53.75s S CXX obj/translator/ExtensionGLSL.o
[833/1805] 3m53.75s S CXX obj/src/libANGLE/renderer/gl/angle_gl_backend/PbufferSurfaceEGL.o
[833/1805] 3m53.75s S CXX obj/preprocessor/Preprocessor.o
[833/1805] 3m53.75s S CXX obj/src/libANGLE/renderer/gl/angle_gl_backend/FunctionsEGLDL.o
[833/1805] 3m53.75s S CXX obj/preprocessor/Macro.o
[833/1805] 3m53.76s S CXX obj/translator/TranslatorGLSL.o
[833/1805] 3m53.76s S CXX obj/src/libANGLE/renderer/gl/angle_gl_backend/FunctionsEGL.o
[833/1805] 3m53.76s S CXX obj/translator/Symbol.o
[833/1805] 3m53.76s S CXX obj/third_party/perfetto/src/tracing/client_api_without_backends/platform.o
[833/1805] 3m53.76s S CXX obj/preprocessor/Input.o
[833/1805] 3m53.76s S CXX obj/translator/VersionGLSL.o
[833/1805] 3m53.76s S CXX obj/third_party/perfetto/src/tracing/client_api_without_backends/track_event_interned_fields.o
[833/1805] 3m53.76s S CXX obj/third_party/perfetto/src/tracing/client_api_without_backends/platform_posix.o
[833/1805] 3m53.76s S CXX obj/preprocessor/DirectiveParser.o
[833/1805] 3m53.76s S CXX obj/src/libANGLE/renderer/gl/angle_gl_backend/DeviceEGL.o
[833/1805] 3m53.76s S CXX obj/src/libANGLE/renderer/gl/angle_gl_backend/ContextEGL.o
[833/1805] 3m53.76s S CXX obj/angle_image_util/imageformats.o
[833/1805] 3m53.76s S CXX obj/translator/GatherDefaultUniforms.o
[833/1805] 3m53.76s S CXX obj/src/libANGLE/renderer/gl/angle_gl_backend/renderergl_utils.o
[833/1805] 3m53.76s S CXX obj/src/common/vulkan/angle_vulkan_icd/vulkan_icd.o
[833/1805] 3m53.76s S CXX obj/src/libANGLE/renderer/gl/angle_gl_backend/formatutilsgl.o
[833/1805] 3m53.76s S CXX obj/src/libANGLE/renderer/gl/angle_gl_backend/VertexArrayGL.o
[833/1805] 3m53.76s S CXX obj/angle_gpu_info_util/SystemInfo_android.o
[833/1805] 3m53.76s S CXX obj/src/libANGLE/renderer/gl/angle_gl_backend/DmaBufImageSiblingEGL.o
[833/1805] 3m53.76s S CXX obj/src/libANGLE/renderer/gl/angle_gl_backend/TransformFeedbackGL.o
[833/1805] 3m53.76s S CXX obj/angle_common/debug.o
[833/1805] 3m53.77s S CXX obj/translator/PoolAlloc.o
[833/1805] 3m53.77s S CXX obj/angle_common/mathutil.o
[833/1805] 3m53.77s S CXX obj/translator/SymbolTable.o
[833/1805] 3m53.77s S CXX obj/translator/RunAtTheBeginningOfShader.o
[833/1805] 3m53.77s S CXX obj/src/libANGLE/renderer/null/angle_null_backend/DeviceNULL.o
[833/1805] 3m53.77s S CXX obj/third_party/perfetto/protos/perfetto/config/cpp/chrome_config.gen.o
[833/1805] 3m53.77s S CXX obj/translator/ExpandFragmentOutputsToVec4.o
[833/1805] 3m53.77s S CXX obj/translator/RunAtTheEndOfShader.o
[833/1805] 3m53.77s S CXX obj/src/libANGLE/renderer/gl/angle_gl_backend/ShaderGL.o
[833/1805] 3m53.77s S CXX obj/translator/util.o
[833/1805] 3m53.77s S CXX obj/src/libANGLE/renderer/null/angle_null_backend/DisplayNULL.o
[833/1805] 3m53.77s S CXX obj/third_party/perfetto/protos/perfetto/config/cpp/scenario_config.gen.o
[833/1805] 3m53.77s S CXX obj/src/libANGLE/renderer/gl/angle_gl_backend/DisplayEGL.o
[833/1805] 3m53.77s S CXX obj/src/libANGLE/renderer/gl/angle_gl_backend/SamplerGL.o
[833/1805] 3m53.77s S CXX obj/src/common/vulkan/angle_libvulkan_loader/libvulkan_loader.o
[833/1805] 3m53.77s F CXX obj/third_party/perfetto/protos/perfetto/trace/ftrace/zero/rpm.pbzero.o
[834/1805] 3m53.77s S CXX obj/third_party/perfetto/protos/perfetto/config/cpp/system_metrics.gen.o
[834/1805] 3m53.77s S CXX obj/angle_common/MemoryBuffer.o
[834/1805] 3m53.77s S CXX obj/translator/RewriteRepeatedAssignToSwizzled.o
[834/1805] 3m53.77s S CXX obj/translator/ShaderLang.o
[834/1805] 3m53.77s S CXX obj/angle_common/Float16ToFloat32.o
[834/1805] 3m53.77s S CXX obj/angle_common/event_tracer.o
[834/1805] 3m53.77s S CXX obj/translator/ImmutableString_autogen.o
[834/1805] 3m53.78s S CXX obj/translator/ShaderVars.o
[834/1805] 3m53.78s S CXX obj/translator/SymbolTable_autogen.o
[834/1805] 3m53.78s S CXX obj/translator/OutputESSL.o
[834/1805] 3m53.78s S CXX obj/translator/TranslatorESSL.o
[834/1805] 3m53.78s S CXX obj/angle_image_util/copyimage.o
[834/1805] 3m53.78s S CXX obj/angle_image_util/AstcDecompressorNoOp.o
[834/1805] 3m53.78s S CXX obj/translator/RewriteSampleMaskVariable.o
[834/1805] 3m53.78s S CXX obj/third_party/perfetto/src/tracing/client_api_without_backends/track_event_state_tracker.o
[834/1805] 3m53.78s S CXX obj/third_party/perfetto/src/tracing/client_api_without_backends/platform_windows.o
[834/1805] 3m53.78s F CXX obj/third_party/perfetto/protos/perfetto/trace/ftrace/zero/workqueue.pbzero.o
[835/1805] 3m53.78s S CXX obj/third_party/perfetto/src/tracing/client_api_without_backends/debug_annotation.o
[835/1805] 3m53.78s F CXX obj/third_party/perfetto/protos/perfetto/trace/ftrace/zero/dwc3.pbzero.o
[836/1805] 3m53.78s S CXX obj/third_party/perfetto/src/tracing/client_api_without_backends/virtual_destructors.o
[836/1805] 3m53.78s S CXX obj/angle_common/WorkerThread.o
[836/1805] 3m53.78s S CXX obj/preprocessor/preprocessor_lex_autogen.o
[836/1805] 3m53.78s F CXX obj/third_party/perfetto/protos/perfetto/trace/ftrace/zero/samsung.pbzero.o
[837/1805] 3m53.78s S CXX obj/translator/ImmutableStringBuilder.o
[837/1805] 3m53.78s S CXX obj/src/libANGLE/renderer/vulkan/angle_vulkan_backend/RenderbufferVk.o
[837/1805] 3m53.79s S CXX obj/translator/RewritePixelLocalStorage.o
[837/1805] 3m53.79s S CXX obj/src/libANGLE/renderer/vulkan/angle_vulkan_backend/Suballocation.o
[837/1805] 3m53.79s S CXX obj/translator/InfoSink.o
[837/1805] 3m53.79s S CXX obj/translator/SymbolUniqueId.o
[837/1805] 3m53.79s S CXX obj/translator/SimplifyLoopConditions.o
[837/1805] 3m53.79s S CXX obj/translator/SeparateDeclarations.o
[837/1805] 3m53.79s S CXX obj/translator/WrapStructConstructors.o
[837/1805] 3m53.79s S CXX obj/translator/IntermNode.o
[837/1805] 3m53.79s S CXX obj/translator/Initialize.o
[837/1805] 3m53.79s S CXX obj/src/libANGLE/renderer/vulkan/angle_vulkan_backend/RenderTargetVk.o
[837/1805] 3m53.79s S CXX obj/translator/IntermRebuild.o
[837/1805] 3m53.79s S CXX obj/translator/DriverUniform.o
[837/1805] 3m53.79s S CXX obj/translator/Compiler.o
[837/1805] 3m53.80s S CXX obj/translator/PreTransformTextureCubeGradDerivatives.o
[837/1805] 3m53.80s S CXX obj/translator/IsASTDepthBelowLimit.o
[837/1805] 3m53.80s S CXX obj/src/libANGLE/renderer/vulkan/angle_vulkan_backend/TransformFeedbackVk.o
[837/1805] 3m53.80s S CXX obj/translator/Types.o
[837/1805] 3m53.80s S CXX obj/src/libANGLE/renderer/vulkan/angle_vulkan_backend/SamplerVk.o
[837/1805] 3m53.80s S CXX obj/angle_image_util/loadimage_etc.o
[837/1805] 3m53.80s S CXX obj/translator/BuildSPIRV.o
[837/1805] 3m53.81s S CXX obj/translator/Name.o
[837/1805] 3m53.81s S CXX obj/translator/FindSymbolNode.o
[837/1805] 3m53.81s S CXX obj/translator/BuiltinsWorkaround.o
[837/1805] 3m53.81s S CXX obj/translator/Operator.o
[837/1805] 3m53.81s S CXX obj/translator/ValidateAST.o
[837/1805] 3m53.81s S CXX obj/translator/OutputTree.o
[837/1805] 3m53.81s S CXX obj/translator/OutputSPIRV.o
[837/1805] 3m53.81s S CXX obj/src/libANGLE/renderer/vulkan/angle_vulkan_backend/DebugAnnotatorVk.o
[837/1805] 3m53.81s S CXX obj/src/libANGLE/renderer/vulkan/angle_vulkan_backend/CompilerVk.o
[837/1805] 3m53.81s S CXX obj/translator/ReplaceArrayOfMatrixVarying.o
[837/1805] 3m53.81s S CXX obj/src/libANGLE/renderer/vulkan/angle_vulkan_backend/vk_renderer.o
[837/1805] 3m53.81s S CXX obj/translator/ParseContext.o
[837/1805] 3m53.81s S CXX obj/src/libANGLE/renderer/vulkan/angle_vulkan_backend/SemaphoreVk.o
[837/1805] 3m53.81s S CXX obj/src/libANGLE/renderer/vulkan/angle_vulkan_backend/ShaderVk.o
[837/1805] 3m53.82s S CXX obj/src/libANGLE/renderer/vulkan/angle_vulkan_backend/HardwareBufferImageSiblingVkAndroid.o
[837/1805] 3m53.82s F CXX obj/third_party/perfetto/protos/perfetto/trace/ftrace/zero/kgsl.pbzero.o
[838/1805] 3m53.82s S CXX obj/src/libANGLE/renderer/vulkan/angle_vulkan_backend/vk_ref_counted_event.o
[838/1805] 3m53.82s S CXX obj/src/libANGLE/renderer/vulkan/angle_vulkan_backend/ProgramVk.o
[838/1805] 3m53.82s F CXX obj/third_party/perfetto/protos/perfetto/trace/ftrace/zero/drm.pbzero.o
[839/1805] 3m53.82s S CXX obj/src/libANGLE/renderer/vulkan/angle_vulkan_backend/PersistentCommandPool.o
[839/1805] 3m53.82s F CXX obj/third_party/perfetto/protos/perfetto/trace/ftrace/zero/scsi.pbzero.o
[840/1805] 3m53.82s S CXX obj/src/libANGLE/renderer/vulkan/angle_vulkan_backend/BufferVk.o
[840/1805] 3m53.82s S CXX obj/src/libANGLE/renderer/vulkan/angle_vulkan_backend/vk_helpers.o
[840/1805] 3m53.82s S CXX obj/src/libANGLE/renderer/vulkan/angle_vulkan_backend/AHBFunctions.o
[840/1805] 3m53.82s S CXX obj/src/common/spirv/angle_spirv_parser/spirv_instruction_parser_autogen.o
[840/1805] 3m53.82s S CXX obj/src/libANGLE/renderer/vulkan/angle_vulkan_backend/DeviceVk.o
[840/1805] 3m53.82s S CXX obj/src/libANGLE/renderer/vulkan/angle_vulkan_backend/vk_mandatory_format_support_table_autogen.o
[840/1804] 3m53.82s S CXX obj/libGLESv2/egl_stubs.o
[840/1804] 3m53.82s S CXX obj/src/libANGLE/renderer/vulkan/angle_vulkan_backend/vk_cache_utils.o
[840/1804] 3m53.82s S CXX obj/src/libANGLE/renderer/vulkan/angle_vulkan_backend/vk_resource.o
[840/1804] 3m53.83s S CXX obj/src/libANGLE/renderer/vulkan/angle_vulkan_backend/SecondaryCommandBuffer.o
[840/1804] 3m53.83s S CXX obj/src/libANGLE/renderer/vulkan/angle_vulkan_backend/spv_utils.o
[840/1804] 3m53.83s S CXX obj/src/libANGLE/renderer/vulkan/angle_vulkan_backend/vk_format_table_autogen.o
[840/1804] 3m53.83s S CXX obj/src/libANGLE/renderer/vulkan/angle_vulkan_backend/TextureVk.o
[840/1804] 3m53.83s S CXX obj/src/libANGLE/renderer/vulkan/angle_vulkan_backend/ProgramPipelineVk.o
[840/1804] 3m53.83s S CXX obj/src/libANGLE/renderer/vulkan/angle_vulkan_backend/CommandQueue.o
[840/1803] 3m53.84s S CXX obj/translator/TranslatorSPIRV.o
[840/1803] 3m53.84s S CXX obj/src/libANGLE/renderer/vulkan/angle_vulkan_backend/vk_android_utils.o
[840/1803] 3m53.84s S CXX obj/src/common/spirv/angle_spirv_builder/spirv_instruction_builder_autogen.o
[840/1803] 3m53.84s S CXX obj/src/libANGLE/renderer/vulkan/angle_vulkan_backend/SyncVk.o
[840/1803] 3m53.84s S CXX obj/translator/RewriteR32fImages.o
[840/1803] 3m53.84s S CXX obj/src/libANGLE/renderer/vulkan/angle_vulkan_backend/SecondaryCommandPool.o
[840/1803] 3m53.84s S CXX obj/libANGLE_no_vulkan/validationES31.o
[840/1803] 3m53.84s S CXX obj/libANGLE_no_vulkan/validationES3.o
[840/1803] 3m53.84s S CXX obj/libANGLE_no_vulkan/validationES2.o
[840/1803] 3m53.84s S CXX obj/src/libANGLE/renderer/vulkan/angle_vulkan_backend/ShaderInterfaceVariableInfoMap.o
[840/1803] 3m53.84s S CXX obj/src/libANGLE/renderer/vulkan/angle_vulkan_backend/ProgramExecutableVk.o
[840/1803] 3m53.84s S CXX obj/translator/RewriteInterpolateAtOffset.o
[840/1803] 3m53.84s S CXX obj/src/libANGLE/renderer/vulkan/angle_vulkan_backend/DisplayVk.o
[840/1803] 3m53.84s S CXX obj/translator/ReswizzleYUVOps.o
[840/1803] 3m53.84s S CXX obj/src/libANGLE/renderer/vulkan/angle_vulkan_backend/AllocatorHelperPool.o
[840/1803] 3m53.85s S CXX obj/translator/FlagSamplersWithTexelFetch.o
[840/1803] 3m53.85s S CXX obj/src/libANGLE/renderer/vulkan/angle_vulkan_backend/ContextVk.o
[840/1803] 3m53.85s S CXX obj/libANGLE_no_vulkan/validationES1.o
[840/1803] 3m53.85s S CXX obj/src/libANGLE/renderer/vulkan/angle_vulkan_backend/MemoryTracking.o
[837/1805] 3m53.79s S CXX obj/translator/UseInterfaceBlockFields.o
[840/1803] 3m53.85s S CXX obj/libANGLE_no_vulkan/validationES.o
[840/1803] 3m53.85s S CXX obj/libGLESv2/egl_ext_stubs.o
[840/1803] 3m53.85s S CXX obj/libANGLE_no_vulkan/validationEGL.o
[840/1803] 3m53.85s S CXX obj/translator/EmulateYUVBuiltIns.o
[840/1803] 3m53.85s S CXX obj/libGLESv2/libGLESv2_autogen.o
[840/1803] 3m53.85s S CXX obj/translator/ValidateGlobalInitializer.o
[840/1803] 3m53.85s S CXX obj/libANGLE_no_vulkan/renderer_utils.o
[840/1803] 3m53.85s S CXX obj/libGLESv2/entry_points_gles_ext_autogen.o
[840/1803] 3m53.85s S CXX obj/translator/ClampGLLayer.o
[840/1803] 3m53.85s S CXX obj/libGLESv2/global_state.o
[840/1803] 3m53.85s S CXX obj/libGLESv2/entry_points_gles_3_2_autogen.o
[840/1803] 3m53.85s S CXX obj/translator/EmulateAdvancedBlendEquations.o
[840/1803] 3m53.85s S CXX obj/libANGLE_no_vulkan/load_functions_table_autogen.o
[840/1803] 3m53.85s S CXX obj/libGLESv2/entry_points_gles_3_1_autogen.o
[840/1803] 3m53.85s S CXX obj/translator/ValidateVaryingLocations.o
[840/1803] 3m53.85s S CXX obj/libANGLE_no_vulkan/driver_utils.o
[840/1803] 3m53.86s S CXX obj/libGLESv2/entry_points_gles_3_0_autogen.o
[840/1803] 3m53.86s S CXX obj/translator/EmulateFragColorData.o
[840/1803] 3m53.86s S CXX obj/libANGLE_no_vulkan/VertexArrayImpl.o
[840/1803] 3m53.86s S CXX obj/libGLESv2/entry_points_gles_2_0_autogen.o
[840/1803] 3m53.86s S CXX obj/translator/EmulateFramebufferFetch.o
[840/1803] 3m53.86s S CXX obj/libANGLE_no_vulkan/TransformFeedbackImpl.o
[840/1803] 3m53.86s S CXX obj/libGLESv2/entry_points_gles_1_0_autogen.o
[840/1803] 3m53.86s S CXX obj/translator/InitializeVariables.o
[840/1803] 3m53.86s S CXX obj/libANGLE_no_vulkan/TextureImpl.o
[840/1803] 3m53.86s S CXX obj/libGLESv2/entry_points_egl_ext_autogen.o
[840/1803] 3m53.86s S CXX obj/translator/ConstantUnion.o
[840/1803] 3m53.86s S CXX obj/libANGLE_no_vulkan/SurfaceImpl.o
[840/1803] 3m53.86s S CXX obj/libGLESv2/entry_points_egl_autogen.o
[840/1803] 3m53.86s S CXX obj/translator/VariablePacker.o
[840/1803] 3m53.86s S CXX obj/libANGLE_no_vulkan/ShaderImpl.o
[840/1803] 3m53.86s S CXX obj/translator/blocklayout.o
[840/1803] 3m53.86s S CXX obj/libGLESv2/egl_stubs_getprocaddress_autogen.o
[840/1803] 3m53.86s S CXX obj/libANGLE_no_vulkan/RenderbufferImpl.o
[840/1803] 3m53.86s S CXX obj/translator/glslang_lex_autogen.o
[840/1803] 3m53.86s S CXX obj/libANGLE_no_vulkan/QueryImpl.o
[840/1803] 3m53.86s S CXX obj/translator/glslang_tab_autogen.o
[840/1803] 3m53.86s S CXX obj/libANGLE_no_vulkan/ProgramPipelineImpl.o
[840/1803] 3m53.86s S CXX obj/src/libANGLE/renderer/vulkan/angle_vulkan_backend/FenceNVVk.o
[840/1803] 3m53.86s S CXX obj/src/libANGLE/renderer/vulkan/angle_vulkan_backend/UtilsVk.o
[840/1803] 3m53.86s S CXX obj/translator/ClampFragDepth.o
[840/1803] 3m53.86s S CXX obj/src/libANGLE/renderer/vulkan/angle_vulkan_backend/VertexArrayVk.o
[840/1803] 3m53.87s S CXX obj/translator/DeclarePerVertexBlocks.o
[840/1803] 3m53.87s S CXX obj/translator/CollectVariables.o
[840/1803] 3m53.87s S CXX obj/angle_frame_capture_mock/serialize_mock.o
[840/1803] 3m53.87s S CXX obj/angle_frame_capture_mock/FrameCapture_mock.o
[840/1803] 3m53.87s S CXX obj/libANGLE_no_vulkan/BlobCache.o
[840/1803] 3m53.87s S CXX obj/libANGLE_no_vulkan/TransformFeedback.o
[840/1803] 3m53.87s S CXX obj/src/libANGLE/renderer/vulkan/angle_vulkan_backend/WindowSurfaceVkAndroid.o
[840/1803] 3m53.87s S CXX obj/libANGLE_no_vulkan/ProgramImpl.o
[840/1803] 3m53.87s S CXX obj/src/libANGLE/renderer/vulkan/angle_vulkan_backend/vk_internal_shaders_autogen.o
[840/1803] 3m53.87s S CXX obj/src/libANGLE/renderer/vulkan/angle_vulkan_backend/vk_caps_utils.o
[840/1803] 3m53.87s S CXX obj/src/libANGLE/renderer/vulkan/angle_vulkan_backend/vk_format_utils.o
[840/1803] 3m53.87s S CXX obj/libANGLE_no_vulkan/ImageImpl.o
[840/1803] 3m53.87s S CXX obj/src/libANGLE/renderer/vulkan/angle_vulkan_backend/QueryVk.o
[840/1803] 3m53.87s S CXX obj/src/libANGLE/renderer/vulkan/angle_vulkan_backend/ShareGroupVk.o
[840/1803] 3m53.87s S CXX obj/src/libANGLE/renderer/vulkan/angle_vulkan_backend/DisplayVkAndroid.o
[840/1803] 3m53.87s S CXX obj/libANGLE_no_vulkan/FramebufferImpl.o
[840/1803] 3m53.87s S CXX obj/src/libANGLE/renderer/vulkan/angle_vulkan_backend/vk_api_perf_counters.o
[840/1803] 3m53.87s S CXX obj/src/libANGLE/renderer/vulkan/angle_vulkan_backend/vk_barrier_data.o
[840/1803] 3m53.87s S CXX obj/src/libANGLE/renderer/vulkan/angle_vulkan_backend/FramebufferVk.o
[840/1803] 3m53.87s S CXX obj/libANGLE_no_vulkan/Format_table_autogen.o
[840/1803] 3m53.87s S CXX obj/libANGLE_no_vulkan/Thread.o
[840/1803] 3m53.87s S CXX obj/libANGLE_no_vulkan/Texture.o
[840/1803] 3m53.87s S CXX obj/src/libANGLE/renderer/vulkan/angle_vulkan_backend/MemoryObjectVk.o
[840/1803] 3m53.87s S CXX obj/libANGLE_no_vulkan/EGLReusableSync.o
[840/1803] 3m53.87s S CXX obj/libANGLE_no_vulkan/Stream.o
[840/1803] 3m53.87s S CXX obj/libANGLE_no_vulkan/EGLSyncImpl.o
[840/1803] 3m53.87s S CXX obj/libANGLE_no_vulkan/State.o
[840/1803] 3m53.87s S CXX obj/libANGLE_no_vulkan/Surface.o
[840/1803] 3m53.87s S CXX obj/src/libANGLE/renderer/vulkan/angle_vulkan_backend/ImageVk.o
[840/1803] 3m53.87s S CXX obj/libANGLE_no_vulkan/ShareGroup.o
[840/1803] 3m53.88s S CXX obj/libANGLE_no_vulkan/DisplayImpl.o
[840/1803] 3m53.88s S CXX obj/src/libANGLE/renderer/vulkan/angle_vulkan_backend/VulkanSecondaryCommandBuffer.o
[840/1803] 3m53.88s S CXX obj/libANGLE_no_vulkan/Semaphore.o
[840/1803] 3m53.88s S CXX obj/libANGLE_no_vulkan/Shader.o
[840/1803] 3m53.88s S CXX obj/src/libANGLE/renderer/vulkan/angle_vulkan_backend/vk_utils.o
[840/1803] 3m53.88s S CXX obj/translator/FoldExpressions.o
[840/1803] 3m53.88s S CXX obj/translator/DeferGlobalInitializers.o
[840/1803] 3m53.88s S CXX obj/src/libANGLE/renderer/vulkan/angle_vulkan_backend/VkImageImageSiblingVk.o
[840/1803] 3m53.88s S CXX obj/libANGLE_no_vulkan/DeviceImpl.o
[840/1803] 3m53.88s S CXX obj/translator/EmulateMultiDrawShaderBuiltins.o
[840/1803] 3m53.88s S CXX obj/src/libANGLE/renderer/vulkan/angle_vulkan_backend/SurfaceVk.o
[840/1803] 3m53.88s S CXX obj/translator/CodeGen.o
[840/1803] 3m53.88s S CXX obj/libANGLE_no_vulkan/ContextImpl.o
[840/1803] 3m53.88s S CXX obj/angle_gpu_info_util/SystemInfo.o
[840/1803] 3m53.88s S CXX obj/third_party/perfetto/src/tracing/client_api_without_backends/traced_value.o
[840/1803] 3m53.88s S CXX obj/translator/EmulateGLFragColorBroadcast.o
[840/1803] 3m53.88s S CXX obj/src/libANGLE/renderer/gl/angle_gl_backend/FenceNVGL.o
[840/1803] 3m53.88s S CXX obj/libANGLE_no_vulkan/queryutils.o
[840/1803] 3m53.88s S CXX obj/translator/CallDAG.o
[840/1803] 3m53.88s S CXX obj/third_party/perfetto/src/tracing/client_api_without_backends/console_interceptor.o
[840/1803] 3m53.88s S CXX obj/translator/ReplaceVariable.o
[840/1803] 3m53.88s S CXX obj/libANGLE_no_vulkan/queryconversions.o
[840/1803] 3m53.88s S CXX obj/translator/ReplaceShadowingVariables.o
[840/1803] 3m53.88s S CXX obj/angle_common/aligned_memory.o
[840/1803] 3m53.88s S CXX obj/translator/ReplaceClipCullDistanceVariable.o
[840/1803] 3m53.88s S CXX obj/translator/MonomorphizeUnsupportedFunctions.o
[840/1803] 3m53.88s S CXX obj/translator/DeclareAndInitBuiltinsForInstancedMultiview.o
[840/1803] 3m53.88s S CXX obj/libANGLE_no_vulkan/formatutils.o
[840/1803] 3m53.88s S CXX obj/libANGLE_no_vulkan/BufferImpl.o
[840/1803] 3m53.88s S CXX obj/translator/IntermTraverse.o
[840/1803] 3m53.89s S CXX obj/libANGLE_no_vulkan/Sampler.o
[840/1803] 3m53.89s S CXX obj/libANGLE_no_vulkan/es3_copy_conversion_table_autogen.o
[840/1803] 3m53.89s S CXX obj/translator/IntermNode_util.o
[840/1803] 3m53.89s S CXX obj/libANGLE_no_vulkan/ResourceManager.o
[840/1803] 3m53.89s S CXX obj/libANGLE_no_vulkan/angletypes.o
[840/1803] 3m53.89s S CXX obj/translator/IntermNodePatternMatcher.o
[840/1803] 3m53.89s S CXX obj/libANGLE_no_vulkan/VertexAttribute.o
[840/1803] 3m53.89s S CXX obj/libANGLE_no_vulkan/Query.o
[840/1803] 3m53.89s S CXX obj/translator/ClampIndirectIndices.o
[840/1803] 3m53.89s S CXX obj/libANGLE_no_vulkan/Renderbuffer.o
[840/1803] 3m53.89s S CXX obj/translator/FindPreciseNodes.o
[840/1803] 3m53.89s S CXX obj/angle_common/system_utils.o
[840/1803] 3m53.89s S CXX obj/translator/FindFunction.o
[840/1803] 3m53.89s S CXX obj/libANGLE_no_vulkan/ProgramPipeline.o
[840/1803] 3m53.89s S CXX obj/src/libANGLE/renderer/gl/angle_gl_backend/ImageEGL.o
[840/1803] 3m53.89s S CXX obj/preprocessor/Lexer.o
[840/1803] 3m53.89s S CXX obj/translator/ClampPointSize.o
[840/1803] 3m53.89s S CXX obj/libANGLE_no_vulkan/ProgramLinkedResources.o
[840/1803] 3m53.89s S CXX obj/src/libANGLE/renderer/gl/angle_gl_backend/SurfaceEGL.o
[840/1803] 3m53.88s S CXX obj/libANGLE_no_vulkan/gles_extensions_autogen.o
[840/1803] 3m53.89s S CXX obj/translator/UseGeneratedNamesForAnonymousStructs.o
[840/1803] 3m53.89s S CXX obj/libANGLE_no_vulkan/ProgramExecutable.o
[840/1803] 3m53.89s S CXX obj/libANGLE_no_vulkan/format_map_autogen.o
[840/1803] 3m53.89s S CXX obj/src/libANGLE/renderer/gl/angle_gl_backend/TextureGL.o
[840/1803] 3m53.89s S CXX obj/translator/SplitSequenceOperator.o
[840/1803] 3m53.89s S CXX obj/libANGLE_no_vulkan/Program.o
[840/1803] 3m53.89s S CXX obj/translator/QualifierTypes.o
[840/1803] 3m53.89s S CXX obj/libANGLE_no_vulkan/VertexArray.o
[840/1803] 3m53.89s S CXX obj/translator/BuiltInFunctionEmulator.o
[840/1803] 3m53.89s S CXX obj/src/libANGLE/renderer/gl/angle_gl_backend/SemaphoreGL.o
[840/1803] 3m53.89s S CXX obj/libANGLE_no_vulkan/Platform.o
[840/1803] 3m53.89s S CXX obj/libANGLE_no_vulkan/VaryingPacking.o
[840/1803] 3m53.90s S CXX obj/angle_gpu_info_util/SystemInfo_vulkan.o
[840/1803] 3m53.90s S CXX obj/src/libANGLE/renderer/gl/angle_gl_backend/StateManagerGL.o
[840/1803] 3m53.90s S CXX obj/libANGLE_no_vulkan/PixelLocalStorage.o
[840/1803] 3m53.90s S CXX obj/libANGLE_no_vulkan/Uniform.o
[840/1803] 3m53.90s S CXX obj/translator/ScalarizeVecAndMatConstructorArgs.o
[840/1803] 3m53.90s S CXX obj/libANGLE_no_vulkan/Observer.o
[840/1803] 3m53.90s F CXX obj/third_party/perfetto/protos/perfetto/trace/generic_kernel/zero/generic_power.pbzero.o
[841/1803] 3m53.90s S CXX obj/translator/FindMain.o
[841/1803] 3m53.90s S CXX obj/translator/RewriteTexelFetchOffset.o
[841/1803] 3m53.90s S CXX obj/libANGLE_no_vulkan/AttributeMap.o
[841/1803] 3m53.90s S CXX obj/libANGLE_no_vulkan/MemoryShaderCache.o
[841/1803] 3m53.90s S CXX obj/translator/BaseTypes.o
[841/1803] 3m53.90s S CXX obj/libANGLE_no_vulkan/validationESEXT.o
[841/1803] 3m53.90s S CXX obj/translator/RewriteStructSamplers.o
[841/1803] 3m53.90s S CXX obj/libANGLE_no_vulkan/MemoryProgramCache.o
[841/1803] 3m53.90s S CXX obj/translator/AddDefaultReturnStatements.o
[841/1803] 3m53.90s S CXX obj/translator/RewriteAtomicCounters.o
[841/1803] 3m53.90s S CXX obj/libANGLE_no_vulkan/LoggingAnnotator.o
[841/1803] 3m53.90s S CXX obj/translator/RewriteDfdy.o
[841/1803] 3m53.90s S CXX obj/translator/RewriteArrayOfArrayOfOpaqueUniforms.o
[841/1803] 3m53.90s S CXX obj/libANGLE_no_vulkan/validationES32.o
[841/1803] 3m53.90s S CXX obj/libANGLE_no_vulkan/Image.o
[841/1803] 3m53.90s S CXX obj/translator/RemoveUnreferencedVariables.o
[841/1803] 3m53.90s S CXX obj/translator/RewriteSamplerExternalTexelFetch.o
[841/1803] 3m53.90s F CXX obj/third_party/perfetto/protos/perfetto/trace/generic_kernel/zero/generic_gpu_frequency.pbzero.o
[842/1803] 3m53.90s S CXX obj/translator/RemoveInvariantDeclaration.o
[842/1803] 3m53.90s S CXX obj/libANGLE_no_vulkan/IndexRangeCache.o
[842/1803] 3m53.90s S CXX obj/libANGLE_no_vulkan/HandleAllocator.o
[842/1803] 3m53.90s S CXX obj/translator/RemoveInactiveInterfaceVariables.o
[842/1803] 3m53.90s F CXX obj/third_party/perfetto/protos/perfetto/trace/ftrace/zero/ftrace_event_bundle.pbzero.o
[843/1803] 3m53.90s S CXX obj/libANGLE_no_vulkan/ImageIndex.o
[843/1803] 3m53.90s S CXX obj/translator/RemoveDynamicIndexing.o
[843/1803] 3m53.90s S CXX obj/libANGLE_no_vulkan/GlobalMutex.o
[843/1803] 3m53.91s F CXX obj/third_party/perfetto/protos/perfetto/trace/ftrace/zero/ftrace_event.pbzero.o
[844/1803] 3m53.91s S CXX obj/libANGLE_no_vulkan/MemoryObject.o
[844/1803] 3m53.91s S CXX obj/translator/RemoveArrayLengthMethod.o
[844/1803] 3m53.91s S CXX obj/translator/RemoveAtomicCounterBuiltins.o
[844/1803] 3m53.91s S CXX obj/libANGLE_no_vulkan/GLES1State.o
[844/1803] 3m53.91s S CXX obj/libANGLE_no_vulkan/Debug.o
[844/1803] 3m53.91s S CXX obj/translator/OutputGLSL.o
[844/1803] 3m53.91s S CXX obj/libANGLE_no_vulkan/FramebufferAttachment.o
[844/1803] 3m53.91s S CXX obj/libANGLE_no_vulkan/GLES1Renderer.o
[844/1803] 3m53.91s S CXX obj/libANGLE_no_vulkan/Context_gles_1_0.o
[844/1803] 3m53.91s S CXX obj/translator/Declarator.o
[844/1803] 3m53.91s S CXX obj/libANGLE_no_vulkan/ContextMutex.o
[844/1803] 3m53.91s S CXX obj/translator/PruneEmptyCases.o
[844/1803] 3m53.92s S CXX obj/translator/PruneNoOps.o
[844/1803] 3m53.92s S CXX obj/libANGLE_no_vulkan/Compiler.o
[844/1803] 3m53.91s S CXX obj/libANGLE_no_vulkan/Fence.o
[844/1803] 3m53.91s S CXX obj/libANGLE_no_vulkan/EGLSync.o
[844/1803] 3m53.92s S CXX obj/libANGLE_no_vulkan/Framebuffer.o
[844/1803] 3m53.92s S CXX obj/libANGLE_no_vulkan/Display.o
[844/1803] 3m53.91s S CXX obj/libANGLE_no_vulkan/Error.o
[844/1803] 3m53.92s S CXX obj/libANGLE_no_vulkan/Device.o
[844/1803] 3m53.92s S CXX obj/libANGLE_no_vulkan/Context.o
[844/1803] 3m53.92s S CXX obj/angle_image_util/storeimage_paletted.o
[844/1803] 3m53.92s S CXX obj/angle_image_util/loadimage.o
[844/1803] 3m53.92s S CXX obj/translator/Diagnostics.o
[844/1803] 3m53.92s S CXX obj/angle_image_util/loadimage_astc.o
[844/1803] 3m53.91s S CXX obj/translator/OutputGLSLBase.o
[844/1803] 3m53.92s S CXX obj/translator/DirectiveHandler.o
[844/1803] 3m53.92s S CXX obj/translator/ReduceInterfaceBlocks.o
[844/1803] 3m53.92s F AR obj/third_party/perfetto/protos/perfetto/trace/android/libzero.a
[844/1803] 3m53.92s S CXX obj/libANGLE_no_vulkan/Config.o
[845/1803] 3m53.93s S CXX obj/translator/RemoveUnusedFramebufferFetch.o
[844/1803] 3m53.92s S CXX obj/translator/RecordConstantPrecision.o
[844/1803] 3m53.92s S CXX obj/libANGLE_no_vulkan/Buffer.o
[844/1803] 3m53.92s S CXX obj/angle_image_util/loadimage_paletted.o
[844/1803] 3m53.92s S CXX obj/translator/ExtensionBehavior.o
[844/1803] 3m53.92s S AR obj/third_party/perfetto/protos/perfetto/trace/generic_kernel/libzero.a
[844/1803] 3m53.92s S CXX obj/libANGLE_no_vulkan/Caps.o
[845/1803] 3m53.93s S CXX obj/translator/HashNames.o
[844/1803] 3m53.92s S AR obj/third_party/perfetto/protos/perfetto/trace/interned_data/libzero.a
[845/1803] 3m53.93s F CXX obj/third_party/perfetto/protos/perfetto/trace/minimal_zero/trigger.pbzero.o
[844/1803] 3m53.92s S CXX obj/translator/FunctionLookup.o
[844/1803] 3m53.92s S CXX obj/translator/FlagStd140Structs.o
[846/1803] 3m53.93s F CXX obj/third_party/perfetto/protos/perfetto/trace/ftrace/zero/scm.pbzero.o
[847/1803] 3m53.94s F CXX obj/third_party/perfetto/protos/perfetto/trace/minimal_zero/clock_snapshot.pbzero.o
[848/1803] 3m53.94s S AR obj/third_party/perfetto/protos/perfetto/trace/libminimal_zero.a
[848/1803] 3m53.94s F CXX obj/third_party/perfetto/protos/perfetto/trace/ftrace/zero/regulator.pbzero.o
[849/1803] 3m53.95s F CXX obj/third_party/perfetto/protos/perfetto/trace/ftrace/zero/irq.pbzero.o
[850/1803] 3m53.95s F CXX obj/third_party/perfetto/protos/perfetto/trace/ftrace/zero/i2c.pbzero.o
[851/1803] 3m53.95s F CXX obj/third_party/perfetto/protos/perfetto/trace/ftrace/zero/hyp.pbzero.o
[852/1803] 3m53.96s F CXX obj/third_party/perfetto/protos/perfetto/trace/ftrace/zero/gpu_scheduler.pbzero.o
[853/1803] 3m53.97s F CXX obj/third_party/perfetto/protos/perfetto/trace/ftrace/zero/hypervisor.pbzero.o
[854/1803] 3m53.97s F CXX obj/third_party/perfetto/protos/perfetto/trace/ftrace/zero/g2d.pbzero.o
[855/1803] 3m53.97s F CXX obj/third_party/perfetto/protos/perfetto/trace/ftrace/zero/google_irm_trace.pbzero.o
[856/1803] 3m53.98s F CXX obj/third_party/perfetto/protos/perfetto/trace/ftrace/zero/ftrace.pbzero.o
[857/1803] 3m53.99s F CXX obj/third_party/perfetto/protos/perfetto/trace/ftrace/zero/fwtp_ftrace.pbzero.o
[857/1803] 3m53.99s F CXX obj/third_party/perfetto/protos/perfetto/trace/ftrace/zero/filemap.pbzero.o
[859/1803] 3m53.99s F CXX obj/third_party/perfetto/protos/perfetto/trace/ftrace/zero/google_icc_trace.pbzero.o
[860/1803] 3m54.00s F CXX obj/third_party/perfetto/protos/perfetto/trace/ftrace/zero/f2fs.pbzero.o
[861/1803] 3m54.00s F CXX obj/third_party/perfetto/protos/perfetto/trace/ftrace/zero/fastrpc.pbzero.o
[862/1803] 3m54.00s F CXX obj/third_party/perfetto/protos/perfetto/trace/ftrace/zero/raw_syscalls.pbzero.o
[863/1803] 3m54.01s F CXX obj/third_party/perfetto/protos/perfetto/trace/ftrace/zero/ext4.pbzero.o
[864/1803] 3m54.02s F CXX obj/third_party/perfetto/protos/perfetto/trace/ftrace/zero/printk.pbzero.o
[865/1803] 3m54.02s F CXX obj/third_party/perfetto/protos/perfetto/trace/ftrace/zero/power.pbzero.o
[866/1803] 3m54.02s S AR obj/third_party/perfetto/protos/perfetto/trace/ftrace/libzero.a
[866/1803] 3m54.03s F CXX obj/third_party/perfetto/protos/perfetto/trace/non_minimal_zero/trace_packet_defaults.pbzero.o
[867/1803] 3m54.03s F CXX obj/third_party/perfetto/protos/perfetto/trace/non_minimal_zero/ui_state.pbzero.o
[868/1803] 3m54.05s F CXX obj/third_party/perfetto/protos/perfetto/trace/non_minimal_zero/extension_descriptor.pbzero.o
[869/1803] 3m54.07s F CXX obj/third_party/perfetto/protos/perfetto/trace/non_minimal_zero/trace_packet.pbzero.o
[870/1803] 3m54.09s F CXX obj/third_party/perfetto/protos/perfetto/trace/non_minimal_zero/test_extensions.pbzero.o
[871/1803] 3m54.11s F CXX obj/third_party/perfetto/protos/perfetto/trace/non_minimal_zero/test_event.pbzero.o
[872/1803] 3m54.78s F CXX obj/third_party/perfetto/protos/perfetto/config/cpp/chrome_config.gen.o
[873/1803] 3m54.87s F CXX obj/third_party/perfetto/protos/perfetto/trace/track_event/cpp/chrome_application_state_info.gen.o
[874/1803] 3m54.91s F CXX obj/third_party/perfetto/protos/perfetto/trace/track_event/cpp/chrome_frame_reporter.gen.o
[875/1803] 3m55.53s F CXX obj/third_party/perfetto/protos/perfetto/trace/track_event/cpp/range_of_interest.gen.o
[876/1803] 3m55.61s F CXX obj/third_party/perfetto/protos/perfetto/trace/track_event/cpp/chrome_thread_descriptor.gen.o
[877/1803] 3m55.69s F CXX obj/third_party/perfetto/protos/perfetto/trace/track_event/cpp/screenshot.gen.o
[878/1803] 3m56.01s F CXX obj/third_party/perfetto/protos/perfetto/config/cpp/scenario_config.gen.o
[879/1803] 3m56.28s F CXX obj/third_party/perfetto/protos/perfetto/trace/track_event/cpp/task_execution.gen.o
[880/1803] 3m56.36s F CXX obj/third_party/perfetto/protos/perfetto/trace/track_event/cpp/chrome_mojo_event_info.gen.o
[881/1803] 3m56.45s F CXX obj/third_party/perfetto/protos/perfetto/trace/track_event/cpp/chrome_renderer_scheduler_state.gen.o
[882/1803] 3m56.74s F CXX obj/third_party/perfetto/protos/perfetto/trace/track_event/cpp/chrome_window_handle_event_info.gen.o
[883/1803] 3m57.04s F CXX obj/third_party/perfetto/protos/perfetto/trace/track_event/cpp/chrome_user_event.gen.o
[884/1803] 3m57.25s F CXX obj/third_party/perfetto/protos/perfetto/trace/track_event/cpp/source_location.gen.o
[885/1803] 3m57.28s F CXX obj/third_party/perfetto/protos/perfetto/trace/track_event/cpp/chrome_latency_info.gen.o
[886/1803] 3m57.64s F CXX obj/third_party/perfetto/protos/perfetto/trace/track_event/cpp/counter_descriptor.gen.o
[887/1803] 3m58.01s F CXX obj/third_party/perfetto/protos/perfetto/trace/track_event/cpp/chrome_keyed_service.gen.o
[888/1803] 3m58.11s F CXX obj/third_party/perfetto/protos/perfetto/trace/track_event/cpp/chrome_active_processes.gen.o
[889/1803] 3m58.40s F CXX obj/third_party/perfetto/protos/perfetto/trace/track_event/cpp/chrome_legacy_ipc.gen.o
[890/1803] 3m58.78s F CXX obj/third_party/perfetto/protos/perfetto/trace/track_event/cpp/thread_descriptor.gen.o
[891/1803] 3m58.85s F CXX obj/third_party/perfetto/protos/perfetto/trace/track_event/cpp/state_descriptor.gen.o
[892/1803] 3m59.08s F CXX obj/third_party/perfetto/protos/perfetto/trace/track_event/cpp/track_event.gen.o
[893/1803] 3m59.18s F CXX obj/third_party/perfetto/protos/perfetto/trace/track_event/cpp/chrome_histogram_sample.gen.o
[894/1803] 3m59.51s F CXX obj/third_party/perfetto/protos/perfetto/trace/track_event/cpp/chrome_content_settings_event_info.gen.o
[895/1803] 3m59.59s F CXX obj/third_party/perfetto/protos/perfetto/trace/track_event/cpp/chrome_message_pump.gen.o
[896/1803] 3m59.95s F CXX obj/third_party/perfetto/protos/perfetto/trace/track_event/cpp/track_descriptor.gen.o
[897/1803] 4m00.26s F CXX obj/third_party/perfetto/protos/perfetto/trace/track_event/cpp/chrome_process_descriptor.gen.o
[898/1803] 4m00.26s F AR obj/third_party/perfetto/protos/perfetto/trace/system_info/libzero.a
[899/1803] 4m00.27s F AR obj/third_party/perfetto/protos/perfetto/trace/filesystem/libzero.a
[900/1803] 4m00.42s F CXX obj/third_party/perfetto/protos/perfetto/trace/track_event/cpp/chrome_compositor_scheduler_state.gen.o
[901/1803] 4m00.43s F AR obj/third_party/perfetto/protos/perfetto/trace/ps/libzero.a
[902/1803] 4m00.44s F AR obj/third_party/perfetto/protos/perfetto/trace/statsd/libzero.a
[903/1803] 4m00.44s F AR obj/third_party/perfetto/protos/perfetto/trace/perfetto/libzero.a
[904/1803] 4m00.46s F CXX obj/third_party/perfetto/protos/perfetto/trace/non_minimal_zero/trace.pbzero.o
[905/1803] 4m00.48s F CXX obj/third_party/perfetto/protos/perfetto/trace/non_minimal_zero/remote_clock_sync.pbzero.o
[906/1803] 4m00.49s F AR obj/third_party/perfetto/protos/perfetto/trace/etw/libzero.a
[907/1803] 4m00.49s F CXX obj/third_party/perfetto/protos/perfetto/trace/track_event/cpp/process_descriptor.gen.o
[908/1803] 4m00.50s F AR obj/third_party/perfetto/protos/perfetto/trace/translation/libzero.a
[909/1803] 4m00.51s F AR obj/third_party/perfetto/protos/perfetto/trace/ftrace/libzero.a
[910/1803] 4m00.52s F AR obj/third_party/perfetto/protos/perfetto/trace/linux/libzero.a
[911/1803] 4m00.72s F CXX obj/third_party/perfetto/protos/perfetto/trace/track_event/cpp/log_message.gen.o
[912/1803] 4m00.75s F CXX obj/third_party/perfetto/protos/perfetto/trace/non_minimal_zero/memory_graph.pbzero.o
[913/1803] 4m00.75s F AR obj/third_party/perfetto/protos/perfetto/trace/sys_stats/libzero.a
[914/1803] 4m00.76s F AR obj/third_party/perfetto/protos/perfetto/trace/power/libzero.a
[915/1803] 4m00.76s F AR obj/third_party/perfetto/protos/perfetto/trace/generic_kernel/libzero.a
[916/1803] 4m01.27s F CXX obj/third_party/perfetto/protos/perfetto/config/cpp/v8_config.gen.o
[917/1803] 4m01.28s F AR obj/third_party/perfetto/protos/perfetto/trace/interned_data/libzero.a
[918/1803] 4m01.58s S AR obj/third_party/perfetto/protos/perfetto/trace/track_event/libcpp.a
[918/1803] 4m01.58s F CXX obj/third_party/perfetto/protos/perfetto/trace/track_event/cpp/debug_annotation.gen.o
[919/1803] 4m01.80s F CXX obj/third_party/perfetto/protos/perfetto/config/cpp/data_source_config.gen.o
[920/1803] 4m02.19s F CXX obj/third_party/perfetto/protos/perfetto/config/cpp/histogram_samples.gen.o
[921/1803] 4m02.55s F CXX obj/third_party/perfetto/protos/perfetto/config/cpp/interceptor_config.gen.o
[922/1803] 4m02.61s F CXX obj/third_party/perfetto/protos/perfetto/config/cpp/etw_config.gen.o
[923/1803] 4m03.35s F CXX obj/third_party/perfetto/protos/perfetto/config/cpp/system_metrics.gen.o
[924/1803] 4m03.35s F AR obj/third_party/perfetto/protos/perfetto/trace/libminimal_zero.a
[924/1803] 4m03.36s S AR obj/third_party/perfetto/protos/perfetto/trace/libnon_minimal_zero.a
[925/1803] 4m03.37s F CXX obj/third_party/perfetto/protos/perfetto/config/cpp/test_config.gen.o
[926/1803] 4m03.46s F CXX obj/third_party/perfetto/protos/perfetto/config/cpp/trace_config.gen.o
[927/1803] 4m03.48s S AR obj/third_party/perfetto/protos/perfetto/config/libcpp.a
[927/1803] 4m03.48s F CXX obj/third_party/perfetto/protos/perfetto/config/cpp/stress_test_config.gen.o
[928/1803] 4m03.69s F CXX obj/third_party/abseil-cpp/absl/base/cpu_detect/cpu_detect.o
[929/1802] 4m04.46s F CXX obj/third_party/perfetto/src/tracing/client_api_without_backends/interceptor_trace_writer.o
[930/1802] 4m04.65s F CXX obj/third_party/abseil-cpp/absl/crc/crc32c/crc_memcpy_fallback.o
[931/1802] 4m04.76s F CXX obj/third_party/abseil-cpp/absl/debugging/demangle_rust/demangle_rust.o
[932/1802] 4m05.02s F CXX obj/third_party/perfetto/src/tracing/client_api_without_backends/track_event_interned_fields.o
[933/1802] 4m05.24s F CXX obj/third_party/abseil-cpp/absl/debugging/stacktrace/stacktrace.o
[934/1802] 4m06.07s F CXX obj/third_party/perfetto/src/tracing/client_api_without_backends/platform_posix.o
[935/1802] 4m06.10s F CXX obj/third_party/abseil-cpp/absl/container/raw_hash_set/raw_hash_set.o
[936/1802] 4m06.42s F CXX obj/third_party/abseil-cpp/absl/hash/hash/hash.o
[937/1802] 4m06.52s F CXX obj/third_party/abseil-cpp/absl/strings/cord_internal/cord_rep_crc.o
[938/1802] 4m06.64s F CXX obj/third_party/abseil-cpp/absl/strings/strings/damerau_levenshtein_distance.o
[939/1802] 4m07.53s F CXX obj/angle_common/debug.o
[940/1802] 4m07.59s F CXX obj/third_party/spirv-tools/src/spvtools/spirv_validator_options.o
[941/1802] 4m07.64s F CXX obj/angle_common/mathutil.o
[942/1802] 4m08.68s F CXX obj/third_party/spirv-tools/src/spvtools/disassemble.o
[943/1802] 4m08.69s F CXX obj/third_party/abseil-cpp/absl/time/internal/cctz/time_zone/time_zone_if.o
[944/1802] 4m08.99s F CXX obj/angle_common/string_utils.o
[945/1802] 4m09.00s F CXX obj/third_party/spirv-tools/src/spvtools/spirv_fuzzer_options.o
[946/1802] 4m09.06s F CXX obj/third_party/abseil-cpp/absl/strings/cord/cord.o
[947/1802] 4m09.86s F CXX obj/third_party/perfetto/src/protozero/filtering/string_filter/string_filter.o
[948/1802] 4m09.89s F CXX obj/third_party/perfetto/src/tracing/client_api_without_backends/virtual_destructors.o
[949/1802] 4m10.00s F CXX obj/third_party/abseil-cpp/absl/numeric/int128/int128.o
[950/1802] 4m10.30s F CXX obj/third_party/abseil-cpp/absl/synchronization/synchronization/mutex.o
[951/1802] 4m10.79s F CXX obj/third_party/perfetto/src/tracing/client_api_without_backends/platform.o
[952/1802] 4m10.92s F CXX obj/third_party/spirv-tools/src/spvtools/parsed_operand.o
[953/1802] 4m11.16s F CXX obj/angle_common/WorkerThread.o
[954/1802] 4m11.70s F CXX obj/third_party/abseil-cpp/absl/strings/cord_internal/cord_rep_btree_navigator.o
[955/1802] 4m12.28s F CXX obj/third_party/abseil-cpp/absl/time/internal/cctz/time_zone/time_zone_format.o
[956/1802] 4m12.30s F CXX obj/third_party/abseil-cpp/absl/debugging/symbolize/symbolize.o
[957/1802] 4m12.37s F CXX obj/third_party/abseil-cpp/absl/strings/strings/substitute.o
[958/1802] 4m12.67s F CXX obj/third_party/abseil-cpp/absl/strings/cordz_info/cordz_info.o
[959/1802] 4m13.24s F CXX obj/third_party/spirv-tools/src/spvtools/assembly_grammar.o
[960/1802] 4m13.56s F CXX obj/third_party/abseil-cpp/absl/synchronization/graphcycles_internal/graphcycles.o
[961/1801] 4m13.60s F CXX obj/third_party/abseil-cpp/absl/base/tracing_internal/tracing.o
[962/1801] 4m13.64s F CXX obj/third_party/abseil-cpp/absl/strings/str_format_internal/bind.o
[963/1801] 4m13.65s F CXX obj/third_party/spirv-tools/src/spvtools/spirv_endian.o
[964/1801] 4m13.69s F CXX obj/third_party/perfetto/src/base/version/version.o
[965/1800] 4m13.96s F CXX obj/third_party/abseil-cpp/absl/container/hashtablez_sampler/hashtablez_sampler.o
[966/1800] 4m14.44s F CXX obj/third_party/abseil-cpp/absl/crc/crc_internal/crc_x86_arm_combined.o
[967/1800] 4m14.54s F CXX obj/third_party/perfetto/src/protozero/filtering/message_filter/message_filter.o
[968/1800] 4m14.89s F CXX obj/third_party/spirv-tools/src/spvtools/text.o
[969/1800] 4m15.30s F CXX obj/third_party/abseil-cpp/absl/strings/cordz_handle/cordz_handle.o
[970/1800] 4m15.42s F CXX obj/third_party/abseil-cpp/absl/strings/strings/str_replace.o
[971/1800] 4m16.09s F CXX obj/third_party/abseil-cpp/absl/time/internal/cctz/civil_time/civil_time_detail.o
[972/1799] 4m16.52s F CXX obj/third_party/abseil-cpp/absl/time/time/time.o
[973/1799] 4m16.67s F CXX obj/third_party/abseil-cpp/absl/time/internal/cctz/time_zone/time_zone_info.o
[974/1799] 4m17.08s F CXX obj/third_party/abseil-cpp/absl/time/internal/cctz/time_zone/time_zone_libc.o
[975/1799] 4m17.24s F CXX obj/third_party/abseil-cpp/absl/strings/strings/ascii.o
[976/1799] 4m17.25s F CXX obj/third_party/perfetto/src/base/regex/regex/regex.o
[977/1797] 4m17.81s F CXX obj/third_party/spirv-tools/src/spvtools/ext_inst.o
[978/1797] 4m18.35s F CXX obj/third_party/abseil-cpp/absl/synchronization/synchronization/create_thread_identity.o
[979/1797] 4m18.45s F CXX obj/third_party/abseil-cpp/absl/synchronization/synchronization/blocking_counter.o
[980/1797] 4m18.65s F CXX obj/third_party/abseil-cpp/absl/base/base/cycleclock.o
[981/1797] 4m18.93s F CXX obj/third_party/abseil-cpp/absl/strings/str_format_internal/float_conversion.o
[982/1797] 4m20.03s F CXX obj/third_party/spirv-tools/src/spvtools/binary.o
[983/1797] 4m20.18s F CXX obj/third_party/spirv-tools/src/spvtools/text_handler.o
[984/1797] 4m20.25s F CXX obj/third_party/spirv-tools/src/spvtools/table2.o
[985/1797] 4m20.70s F CXX obj/third_party/abseil-cpp/absl/strings/cord_internal/cord_rep_btree.o
[986/1797] 4m20.88s F CXX obj/third_party/abseil-cpp/absl/strings/str_format_internal/extension.o
[987/1797] 4m21.21s F CXX obj/third_party/spirv-tools/src/spvtools/spirv_reducer_options.o
[988/1797] 4m21.23s F CXX obj/third_party/spirv-tools/src/spvtools/spirv_target_env.o
[989/1797] 4m21.25s F CXX obj/third_party/spirv-tools/src/spvtools/timer.o
[990/1797] 4m21.65s F CXX obj/third_party/abseil-cpp/absl/strings/cord/cord_analysis.o
[991/1797] 4m21.67s F CXX obj/third_party/abseil-cpp/absl/crc/crc_cord_state/crc_cord_state.o
[992/1797] 4m21.98s F CXX obj/third_party/spirv-tools/src/spvtools/to_string.o
[993/1797] 4m22.08s F CXX obj/third_party/abseil-cpp/absl/base/base/spinlock.o
[994/1797] 4m22.29s F CXX obj/third_party/abseil-cpp/absl/strings/strings/str_split.o
[995/1797] 4m22.58s F CXX obj/third_party/perfetto/src/protozero/filtering/bytecode_parser/filter_bytecode_parser.o
[996/1795] 4m22.85s F CXX obj/third_party/perfetto/src/protovm/protovm/error_handling.o
[997/1795] 4m22.88s F CXX obj/third_party/abseil-cpp/absl/debugging/debugging_internal/address_is_readable.o
[998/1795] 4m23.14s F CXX obj/third_party/perfetto/src/protovm/protovm/vm.o
[999/1795] 4m23.53s F CXX obj/third_party/spirv-tools/src/spvtools/extensions.o
[1000/1795] 4m23.64s F CXX obj/third_party/perfetto/src/protovm/protovm/ro_cursor.o
[1001/1795] 4m23.75s F CXX obj/third_party/spirv-tools/src/spvtools/parse_number.o
[1002/1795] 4m23.77s F CXX obj/third_party/abseil-cpp/absl/synchronization/synchronization/win32_waiter.o
[1003/1795] 4m24.17s F CXX obj/third_party/perfetto/src/protovm/protovm/allocator.o
[1004/1795] 4m24.20s F CXX obj/third_party/perfetto/src/protovm/protovm/node.o
[1005/1795] 4m24.66s F CXX obj/third_party/perfetto/src/protovm/protovm/parser.o
[1006/1795] 4m25.10s F CXX obj/third_party/perfetto/src/protovm/protovm/rw_proto.o
[1007/1795] 4m25.17s F CXX obj/third_party/perfetto/src/protovm/protovm/rw_proto_cursor.o
[1008/1795] 4m25.17s F CXX obj/third_party/perfetto/src/protovm/protovm/executor.o
[1009/1794] 4m25.78s F CXX obj/third_party/perfetto/src/base/clock_snapshots/clock_snapshots.o
[1010/1793] 4m26.09s F CXX obj/third_party/spirv-tools/src/spvtools/libspirv.o
[1011/1793] 4m26.19s F CXX obj/third_party/abseil-cpp/absl/time/time/clock.o
[1012/1793] 4m26.61s F CXX obj/third_party/perfetto/src/tracing/client_api_without_backends/traced_value.o
[1013/1793] 4m27.21s F CXX obj/third_party/abseil-cpp/absl/crc/crc32c/crc_memcpy_x86_arm_combined.o
[1014/1793] 4m27.33s F CXX obj/third_party/abseil-cpp/absl/time/time/duration.o
[1015/1793] 4m27.37s F CXX obj/angle_common/aligned_memory.o
[1016/1793] 4m27.93s F CXX obj/third_party/perfetto/src/tracing/client_api_without_backends/console_interceptor.o
[1017/1793] 4m27.99s F CXX obj/third_party/abseil-cpp/absl/base/throw_delegate/throw_delegate.o
[1018/1793] 4m28.03s F CXX obj/third_party/abseil-cpp/absl/debugging/utf8_for_code_point/utf8_for_code_point.o
[1019/1792] 4m28.05s F CXX obj/third_party/abseil-cpp/absl/strings/strings/stringify_sink.o
[1020/1792] 4m28.60s F CXX obj/third_party/abseil-cpp/absl/synchronization/synchronization/barrier.o
[1021/1792] 4m28.60s F AR obj/third_party/perfetto/protos/perfetto/trace/libnon_minimal_zero.a
[1022/1790] 4m28.61s F AR obj/third_party/perfetto/protos/perfetto/config/libcpp.a
[1023/1790] 4m28.89s F CXX obj/third_party/abseil-cpp/absl/hash/city/city.o
[1024/1790] 4m28.90s F CXX obj/angle_common/system_utils.o
[1025/1790] 4m29.10s F CXX obj/third_party/abseil-cpp/absl/strings/internal/ostringstream.o
[1026/1790] 4m29.10s F AR obj/third_party/perfetto/protos/perfetto/trace/track_event/libcpp.a
[1027/1789] 4m29.53s F CXX obj/third_party/abseil-cpp/absl/strings/strings/numbers.o
[1028/1789] 4m29.75s F CXX obj/third_party/abseil-cpp/absl/strings/strings/memutil.o
[1029/1789] 4m29.79s F CXX obj/third_party/abseil-cpp/absl/crc/crc_internal/crc.o
[1030/1789] 4m30.04s F CXX obj/third_party/abseil-cpp/absl/strings/strings/str_cat.o
[1031/1789] 4m30.77s F CXX obj/third_party/abseil-cpp/absl/strings/str_format_internal/parser.o
[1032/1789] 4m30.78s F CXX obj/third_party/abseil-cpp/absl/strings/strings/charconv_parse.o
[1033/1789] 4m30.93s F CXX obj/third_party/abseil-cpp/absl/time/time/format.o
[1034/1789] 4m30.96s F CXX obj/third_party/abseil-cpp/absl/container/hashtablez_sampler/hashtablez_sampler_force_weak_definition.o
[1035/1789] 4m31.60s F CXX obj/third_party/spirv-tools/src/spvtools/opcode.o
[1036/1789] 4m31.63s F CXX obj/third_party/abseil-cpp/absl/strings/strings/match.o
[1037/1789] 4m32.10s F CXX obj/third_party/abseil-cpp/absl/crc/crc32c/crc32c.o
[1038/1789] 4m32.25s F CXX obj/angle_common/utilities.o
[1039/1789] 4m32.26s F CXX obj/third_party/perfetto/src/tracing/common/trace_writer_base.o
[1040/1788] 4m32.47s F CXX obj/third_party/abseil-cpp/absl/base/base/thread_identity.o
[1041/1788] 4m32.66s F CXX obj/third_party/perfetto/src/tracing/system_backend_fake/system_tracing_backend_fake.o
[1042/1787] 4m32.71s F CXX obj/third_party/spirv-tools/src/spvtools/spirv_optimizer_options.o
[1043/1787] 4m32.91s F CXX obj/third_party/perfetto/src/tracing/in_process_backend/in_process_tracing_backend.o
[1044/1787] 4m32.93s F CXX obj/third_party/perfetto/src/tracing/core/core/in_process_shared_memory.o
[1045/1787] 4m33.58s F CXX obj/third_party/abseil-cpp/absl/strings/strings/charconv_bigint.o
[1046/1787] 4m33.70s F CXX obj/third_party/abseil-cpp/absl/strings/internal/escaping.o
[1047/1787] 4m33.80s F CXX obj/third_party/abseil-cpp/absl/time/time/civil_time.o
[1048/1787] 4m34.32s F CXX obj/third_party/perfetto/src/tracing/service/service/metatrace_writer.o
[1049/1787] 4m34.65s F CXX obj/third_party/perfetto/src/tracing/core/core/virtual_destructors.o
[1050/1787] 4m34.72s F CXX obj/angle_common/backtrace_utils_noop.o
[1051/1786] 4m35.05s F CXX obj/third_party/perfetto/src/tracing/client_api_without_backends/track_event_legacy.o
[1052/1786] 4m35.05s F CXX obj/third_party/perfetto/src/android_stats/android_stats/statsd_logging_helper.o
[1053/1786] 4m35.07s F CXX obj/third_party/perfetto/src/tracing/client_api_without_backends/tracing_policy.o
[1054/1786] 4m35.17s F CXX obj/angle_common/system_utils_linux.o
[1055/1786] 4m36.13s F CXX obj/third_party/abseil-cpp/absl/synchronization/synchronization/futex_waiter.o
[1056/1786] 4m36.50s F CXX obj/third_party/abseil-cpp/absl/strings/cord_internal/cord_rep_btree_reader.o
[1057/1786] 4m36.50s F CXX obj/third_party/abseil-cpp/absl/crc/crc32c/crc_non_temporal_memcpy.o
[1058/1786] 4m36.50s F CXX obj/third_party/perfetto/src/tracing/client_api_without_backends/event_context.o
[1059/1786] 4m36.56s F CXX obj/third_party/abseil-cpp/absl/strings/internal/utf8.o
[1060/1786] 4m36.56s F CXX obj/third_party/abseil-cpp/absl/types/source_location/source_location.o
[1061/1785] 4m37.08s F CXX obj/third_party/perfetto/src/tracing/client_api_without_backends/data_source.o
[1062/1785] 4m37.19s F CXX obj/third_party/perfetto/src/tracing/core/core/trace_packet.o
[1063/1785] 4m37.22s F CXX obj/third_party/abseil-cpp/absl/base/base/unscaledcycleclock.o
[1064/1785] 4m37.46s F CXX obj/third_party/spirv-tools/src/spvtools/diagnostic.o
[1065/1785] 4m37.77s F CXX obj/third_party/abseil-cpp/absl/debugging/decode_rust_punycode/decode_rust_punycode.o
[1066/1784] 4m38.14s F CC obj/xxhash/xxhash.o
[1067/1784] 4m38.61s F CXX obj/third_party/abseil-cpp/absl/synchronization/synchronization/stdcpp_waiter.o
[1068/1784] 4m38.71s F CXX obj/third_party/perfetto/src/tracing/core/core/shared_memory_arbiter_impl.o
[1069/1784] 4m38.86s F CXX obj/third_party/spirv-tools/src/spvtools/table.o
[1070/1784] 4m38.88s F CXX obj/third_party/perfetto/src/tracing/core/core/shared_memory_abi.o
[1071/1784] 4m39.38s F CXX obj/third_party/abseil-cpp/absl/base/base/casts.o
[1072/1784] 4m39.78s F CXX obj/third_party/abseil-cpp/absl/synchronization/synchronization/sem_waiter.o
[1073/1784] 4m39.80s F CXX obj/third_party/perfetto/src/tracing/core/core/null_trace_writer.o
[1074/1784] 4m39.84s F CXX obj/third_party/perfetto/src/tracing/client_api_without_backends/track_event_category_registry.o
[1075/1784] 4m39.95s F CXX obj/third_party/abseil-cpp/absl/base/spinlock_wait/spinlock_wait.o
[1076/1783] 4m40.18s F CXX obj/angle_common/PackedEGLEnums_autogen.o
[1077/1782] 4m40.30s F CXX obj/third_party/abseil-cpp/absl/profiling/exponential_biased/exponential_biased.o
[1078/1782] 4m40.70s F CXX obj/third_party/perfetto/src/tracing/service/service/clock.o
[1079/1782] 4m40.97s F CXX obj/third_party/abseil-cpp/absl/time/internal/cctz/time_zone/time_zone_fixed.o
[1080/1782] 4m41.60s F CXX obj/third_party/abseil-cpp/absl/time/internal/cctz/time_zone/time_zone_impl.o
[1081/1782] 4m41.77s F CXX obj/third_party/abseil-cpp/absl/synchronization/synchronization/pthread_waiter.o
[1082/1782] 4m41.87s F CXX obj/third_party/perfetto/src/tracing/service/service/tracing_service_session.o
[1083/1782] 4m42.75s F CXX obj/angle_common/PackedEnums.o
[1084/1782] 4m42.83s F CXX obj/third_party/abseil-cpp/absl/time/internal/cctz/time_zone/time_zone_lookup.o
[1085/1782] 4m42.99s F CXX obj/third_party/abseil-cpp/absl/synchronization/synchronization/per_thread_sem.o
[1086/1782] 4m43.85s F CXX obj/third_party/spirv-tools/src/spvtools/operand.o
[1087/1782] 4m44.22s F CXX obj/angle_common/sha1.o
[1088/1782] 4m44.55s F CXX obj/third_party/abseil-cpp/absl/strings/cord_internal/cord_internal.o
[1089/1782] 4m45.03s F CXX obj/third_party/spirv-tools/src/spvtools/print.o
[1090/1782] 4m45.40s F CXX obj/third_party/perfetto/src/tracing/service/service/tracing_service_endpoints_impl.o
[1091/1782] 4m46.18s F CXX obj/third_party/spirv-tools/src/spvtools/string_utils.o
[1092/1782] 4m46.31s F CXX obj/third_party/abseil-cpp/absl/debugging/demangle_internal/demangle.o
[1093/1782] 4m46.43s F CXX obj/third_party/perfetto/src/tracing/service/service/trace_buffer_v2.o
[1094/1782] 4m47.40s F CXX obj/angle_common/PackedGLEnums_autogen.o
[1095/1782] 4m47.47s F CXX obj/third_party/abseil-cpp/absl/strings/cord_internal/cord_rep_consume.o
[1096/1782] 4m47.49s F CXX obj/third_party/abseil-cpp/absl/synchronization/synchronization/waiter_base.o
[1097/1782] 4m48.16s F CXX obj/angle_common/SimpleMutex.o
[1098/1782] 4m48.48s F CXX obj/third_party/perfetto/src/tracing/service/service/tracing_service_impl.o
[1099/1782] 4m48.90s F CXX obj/third_party/perfetto/src/tracing/service/service/trace_buffer_v1.o
[1100/1782] 4m49.07s F CXX obj/third_party/abseil-cpp/absl/base/raw_logging_internal/raw_logging.o
[1101/1782] 4m49.48s F CXX obj/third_party/spirv-tools/src/spvtools/name_mapper.o
[1102/1782] 4m49.49s F CXX obj/third_party/abseil-cpp/absl/debugging/debugging_internal/elf_mem_image.o
[1103/1782] 4m49.65s F CXX obj/third_party/perfetto/src/tracing/client_api_without_backends/tracing.o
[1104/1782] 4m49.95s F CXX obj/third_party/perfetto/src/tracing/client_api_without_backends/interceptor.o
[1105/1782] 4m50.30s F CXX obj/third_party/abseil-cpp/absl/time/internal/cctz/time_zone/time_zone_posix.o
[1106/1782] 4m50.33s F CXX obj/angle_common/android_util.o
[1107/1782] 4m50.60s F CXX obj/angle_common/PoolAlloc.o
[1108/1782] 4m50.89s F CXX obj/third_party/abseil-cpp/absl/strings/str_format_internal/arg.o
[1109/1782] 4m51.15s F CXX obj/third_party/perfetto/src/tracing/service/service/random.o
[1110/1782] 4m51.22s F CXX obj/angle_common/angleutils.o
[1111/1782] 4m51.59s F CXX obj/third_party/abseil-cpp/absl/strings/strings/charconv.o
[1112/1782] 4m52.18s F CXX obj/angle_common/trace_categories.o
[1112/1782] 4m52.18s F CXX obj/third_party/abseil-cpp/absl/base/malloc_internal/low_level_alloc.o
[1114/1782] 4m52.39s F CXX obj/third_party/abseil-cpp/absl/synchronization/synchronization/notification.o
[1115/1782] 4m52.67s F CXX obj/angle_common/system_utils_posix.o
[1116/1782] 4m52.82s F CXX obj/third_party/perfetto/src/tracing/client_api_without_backends/checked_scope.o
[1117/1782] 4m52.91s F CXX obj/third_party/abseil-cpp/absl/base/log_severity/log_severity.o
[1118/1773] 4m52.96s F CXX obj/angle_common/entry_points_enum_autogen.o
[1119/1773] 4m53.17s F CXX obj/third_party/perfetto/src/tracing/client_api_without_backends/tracing_backend_fake.o
[1120/1773] 4m53.72s F CXX obj/third_party/perfetto/src/tracing/client_api_without_backends/tracing_muxer_fake.o
[1121/1773] 4m53.86s F CXX obj/third_party/perfetto/src/tracing/service/service/packet_stream_validator.o
[1122/1773] 4m54.08s F CXX obj/angle_common/matrix_utils.o
[1123/1773] 4m54.48s F CXX obj/third_party/abseil-cpp/absl/strings/str_format_internal/output.o
[1124/1773] 4m54.48s F CXX obj/angle_common/platform_helpers.o
[1125/1756] 4m55.02s F CXX obj/third_party/abseil-cpp/absl/base/base/sysinfo.o
[1126/1756] 4m55.23s F CXX obj/third_party/perfetto/src/protozero/filtering/message_filter_config/message_filter_config.o
[1127/1755] 4m55.72s F CXX obj/third_party/abseil-cpp/absl/strings/cordz_functions/cordz_functions.o
[1128/1754] 4m56.03s F CXX obj/third_party/abseil-cpp/absl/strings/strings/escaping.o
[1129/1748] 4m56.32s F CXX obj/third_party/abseil-cpp/absl/synchronization/kernel_timeout_internal/kernel_timeout.o
[1130/1748] 4m56.68s F CXX obj/angle_common/Float16ToFloat32.o
[1131/1748] 4m57.04s F CXX obj/angle_common/MemoryBuffer.o
[1132/1748] 4m57.05s F CXX obj/angle_common/event_tracer.o
[1133/1747] 4m57.51s F CXX obj/third_party/abseil-cpp/absl/time/internal/cctz/time_zone/zone_info_source.o
[1134/1745] 4m57.54s F CXX obj/third_party/perfetto/src/tracing/client_api_without_backends/platform_windows.o
[1135/1745] 4m57.60s F CXX obj/third_party/perfetto/src/tracing/client_api_without_backends/tracing_muxer_impl.o
[1136/1745] 4m57.86s F CXX obj/third_party/perfetto/src/tracing/core/core/trace_writer_impl.o
[1137/1745] 4m58.22s S AR obj/third_party/spirv-tools/src/libspvtools.a
[1137/1745] 4m58.22s F CXX obj/third_party/spirv-tools/src/spvtools/bit_vector.o
[1138/1745] 4m58.56s F CXX obj/third_party/perfetto/src/tracing/client_api_without_backends/debug_annotation.o
[1139/1745] 4m58.78s F CXX obj/third_party/perfetto/src/tracing/client_api_without_backends/track_event_state_tracker.o
[1140/1745] 4m58.94s F CXX obj/third_party/perfetto/src/tracing/core/core/id_allocator.o
[1141/1743] 4m58.94s F CXX obj/angle_common/tls.o
[1142/1743] 4m59.35s F CXX obj/third_party/abseil-cpp/absl/debugging/debugging_internal/vdso_support.o
[1143/1727] 4m59.99s F CXX obj/angle_common/uniform_type_info_autogen.o
[1144/1727] 5m00.04s F CC obj/third_party/cpu_features/cpuinfo/filesystem.o
[1145/1727] 5m00.42s F CXX obj/third_party/perfetto/src/tracing/client_api_without_backends/track_event_internal.o
[1146/1727] 5m00.72s F CXX obj/third_party/perfetto/src/tracing/client_api_without_backends/track.o
[1147/1724] 5m00.72s S AR obj/libangle_common.a
[1147/1724] 5m00.77s F CC obj/third_party/zlib/zlib/gzclose.o
[1148/1724] 5m01.00s F CXX obj/preprocessor/Preprocessor.o
[1149/1724] 5m01.76s F CXX obj/preprocessor/Macro.o
[1150/1724] 5m01.93s F CXX obj/preprocessor/Input.o
[1151/1724] 5m03.04s F CXX obj/third_party/spirv-tools/src/spvtools_val/validate_explicit_layout.o
[1152/1724] 5m03.35s F CXX obj/preprocessor/DirectiveParser.o
[1153/1724] 5m03.45s F CXX obj/third_party/spirv-tools/src/spvtools_val/validate_scopes.o
[1154/1721] 5m03.46s F AR obj/libangle_common.a
[1155/1721] 5m03.47s F CC obj/third_party/zlib/zlib/crc32.o
[1156/1721] 5m03.50s F CC obj/third_party/zlib/zlib/compress.o
[1157/1721] 5m03.51s F AR obj/third_party/spirv-tools/src/libspvtools.a
[1158/1721] 5m03.60s F CXX obj/buildtools/third_party/libc++abi/libc++abi/cxa_personality.o
[1159/1721] 5m04.21s F CXX obj/third_party/spirv-tools/src/spvtools_val/validation_state.o
[1160/1721] 5m04.88s F CC obj/third_party/zlib/zlib_data_chunk_simd/inflate.o
[1161/1721] 5m04.90s F CC obj/third_party/cpu_features/cpuinfo/impl_aarch64_windows.o
[1162/1721] 5m05.44s F CXX obj/third_party/spirv-tools/src/spvtools_val/validate_ray_tracing_reorder.o
[1163/1721] 5m05.46s F CXX obj/buildtools/third_party/libc++abi/libc++abi/cxa_demangle_stub.o
[1164/1721] 5m05.47s F CXX obj/third_party/spirv-tools/src/spvtools_val/validate.o
[1165/1721] 5m06.34s F CXX obj/third_party/spirv-tools/src/spvtools_val/validate_decorations.o
[1166/1721] 5m06.47s F CXX obj/preprocessor/preprocessor_lex_autogen.o
[1167/1721] 5m06.70s F CXX obj/third_party/spirv-tools/src/spvtools_val/validate_function.o
[1168/1721] 5m07.05s F CXX obj/third_party/spirv-tools/src/spvtools_val/validate_barriers.o
[1169/1721] 5m07.07s F CC obj/third_party/cpu_features/cpuinfo/impl_aarch64_freebsd_or_openbsd.o
[1170/1721] 5m07.17s F CC obj/third_party/zlib/zlib/gzwrite.o
[1171/1721] 5m07.21s F ASM obj/buildtools/third_party/libunwind/libunwind/UnwindRegistersSave.o
[1172/1721] 5m07.40s F CC obj/third_party/zlib/zlib/infback.o
[1173/1721] 5m07.70s F CC obj/third_party/zlib/zlib_arm_crc32/crc32_simd.o
[1174/1720] 5m07.78s F CC obj/third_party/zlib/zlib/inftrees.o
[1175/1720] 5m07.95s F CXX obj/third_party/spirv-tools/src/spvtools_val/validate_logicals.o
[1176/1720] 5m07.98s F CC obj/third_party/cpu_features/cpuinfo/hwcaps.o
[1177/1720] 5m08.04s F CXX obj/third_party/spirv-tools/src/spvtools_val/validate_layout.o
[1178/1720] 5m08.23s F CXX obj/third_party/spirv-tools/src/spvtools_val/validate_literals.o
[1179/1720] 5m08.27s F CXX obj/buildtools/third_party/libc++abi/libc++abi/stdlib_typeinfo.o
[1180/1720] 5m08.28s F CXX obj/buildtools/third_party/libc++abi/libc++abi/cxa_handlers.o
[1181/1720] 5m08.32s F CC obj/third_party/zlib/zlib/cpu_features.o
[1182/1720] 5m09.40s F CXX obj/third_party/spirv-tools/src/spvtools_val/validate_dot_product.o
[1183/1720] 5m09.75s F CXX obj/third_party/spirv-tools/src/spvtools_val/validate_mesh_shading.o
[1184/1720] 5m09.91s F CXX obj/third_party/spirv-tools/src/spvtools_val/validate_bitwise.o
[1185/1720] 5m10.05s F CXX obj/third_party/spirv-tools/src/spvtools_val/validate_arithmetics.o
[1186/1720] 5m10.31s F CXX obj/buildtools/third_party/libc++abi/libc++abi/cxa_exception.o
[1187/1720] 5m10.96s F CXX obj/third_party/spirv-tools/src/spvtools_val/validate_tensor_layout.o
[1188/1720] 5m11.44s F CXX obj/third_party/spirv-tools/src/spvtools_val/validate_adjacency.o
[1189/1720] 5m11.88s F CXX obj/third_party/spirv-tools/src/spvtools_val/validate_pipe.o
[1190/1720] 5m11.96s F CC obj/third_party/zlib/zlib/adler32.o
[1191/1720] 5m12.56s F CXX obj/third_party/spirv-tools/src/spvtools_val/validate_ray_query.o
[1192/1720] 5m12.59s F CC obj/buildtools/third_party/libunwind/libunwind/Unwind-sjlj.o
[1193/1720] 5m12.64s F CXX obj/third_party/spirv-tools/src/spvtools_val/validate_memory.o
[1194/1720] 5m12.64s F CXX obj/buildtools/third_party/libc++abi/libc++abi/stdlib_exception.o
[1195/1720] 5m13.17s F CXX obj/third_party/spirv-tools/src/spvtools_val/validate_id.o
[1196/1720] 5m13.22s F CC obj/third_party/cpu_features/cpuinfo/hwcaps_linux_or_android.o
[1197/1720] 5m13.53s F CXX obj/third_party/spirv-tools/src/spvtools_val/validate_tensor.o
[1198/1720] 5m13.65s F CC obj/third_party/zlib/zlib/gzread.o
[1199/1720] 5m14.47s F CXX obj/third_party/spirv-tools/src/spvtools_val/validate_composites.o
[1200/1720] 5m14.89s F CXX obj/third_party/spirv-tools/src/spvtools_val/validate_memory_semantics.o
[1201/1720] 5m15.00s F CXX obj/buildtools/third_party/libc++abi/libc++abi/cxa_exception_storage.o
[1202/1719] 5m15.27s F CC obj/third_party/zlib/zlib_adler32_simd/adler32_simd.o
[1203/1719] 5m15.40s F CXX obj/third_party/spirv-tools/src/spvtools_val/instruction.o
[1204/1719] 5m15.55s F CXX obj/third_party/spirv-tools/src/spvtools_val/validate_graph.o
[1205/1719] 5m15.57s F CXX obj/third_party/spirv-tools/src/spvtools_val/validate_extensions.o
[1206/1719] 5m16.87s F CXX obj/third_party/spirv-tools/src/spvtools_val/validate_non_uniform.o
[1207/1719] 5m16.94s F CXX obj/third_party/spirv-tools/src/spvtools_val/validate_invalid_type.o
[1208/1719] 5m17.09s F CXX obj/third_party/spirv-tools/src/spvtools_val/validate_group.o
[1209/1719] 5m17.17s F CXX obj/third_party/spirv-tools/src/spvtools_val/validate_atomics.o
[1210/1719] 5m17.23s F CC obj/buildtools/third_party/libunwind/libunwind/UnwindLevel1-gcc-ext.o
[1211/1719] 5m17.27s F CXX obj/buildtools/third_party/libc++abi/libc++abi/abort_message.o
[1212/1719] 5m17.67s F CC obj/third_party/zlib/zlib/deflate.o
[1213/1719] 5m17.74s F CXX obj/third_party/spirv-tools/src/spvtools_val/basic_block.o
[1214/1719] 5m17.85s F CXX obj/buildtools/third_party/libc++abi/libc++abi/cxa_thread_atexit.o
[1215/1719] 5m18.94s F CXX obj/third_party/spirv-tools/src/spvtools_val/validate_misc.o
[1216/1719] 5m19.26s F CXX obj/third_party/spirv-tools/src/spvtools_val/validate_mode_setting.o
[1217/1719] 5m19.32s F CC obj/third_party/zlib/zlib_data_chunk_simd/inffast_chunk.o
[1218/1718] 5m19.50s F CXX obj/third_party/spirv-tools/src/spvtools_val/validate_constants.o
[1219/1718] 5m19.52s F CXX obj/third_party/spirv-tools/src/spvtools_val/validate_capability.o
[1220/1718] 5m19.52s F CC obj/third_party/zlib/zlib/trees.o
[1221/1718] 5m20.81s F CXX obj/third_party/spirv-tools/src/spvtools_val/validate_primitives.o
[1222/1718] 5m21.04s F CXX obj/third_party/spirv-tools/src/spvtools_val/validate_execution_limitations.o
[1223/1718] 5m21.19s F CXX obj/third_party/spirv-tools/src/spvtools_val/validate_derivatives.o
[1224/1718] 5m21.42s F CXX obj/buildtools/third_party/libc++abi/libc++abi/cxa_default_handlers.o
[1225/1718] 5m21.44s F CXX obj/buildtools/third_party/libunwind/libunwind/Unwind-EHABI.o
[1226/1718] 5m21.47s F CC obj/third_party/cpu_features/cpuinfo/impl_aarch64_macos_or_iphone.o
[1227/1718] 5m21.54s F CC obj/buildtools/third_party/libunwind/libunwind/UnwindLevel1.o
[1228/1718] 5m21.57s F ASM obj/buildtools/third_party/libunwind/libunwind/UnwindRegistersRestore.o
[1229/1718] 5m21.64s F CXX obj/third_party/spirv-tools/src/spvtools_val/validate_logical_pointers.o
[1230/1718] 5m21.72s F CC obj/third_party/zlib/zlib/inffast.o
[1231/1718] 5m22.32s F CXX obj/preprocessor/Lexer.o
[1232/1718] 5m22.46s F CXX obj/buildtools/third_party/libc++abi/libc++abi/fallback_malloc.o
[1233/1718] 5m22.85s F CXX obj/third_party/spirv-tools/src/spvtools_val/validate_conversion.o
[1234/1718] 5m23.01s F CXX obj/buildtools/third_party/libc++abi/libc++abi/private_typeinfo.o
[1235/1718] 5m23.14s F CXX obj/third_party/spirv-tools/src/spvtools_val/validate_image.o
[1236/1718] 5m23.18s F CXX obj/buildtools/third_party/libc++abi/libc++abi/cxa_aux_runtime.o
[1237/1718] 5m23.20s F CC obj/third_party/cpu_features/cpuinfo/hwcaps_freebsd_or_openbsd.o
[1238/1718] 5m23.28s F CXX obj/third_party/spirv-tools/src/spvtools_val/validate_ray_tracing.o
[1239/1718] 5m23.33s F CC obj/third_party/cpu_features/cpuinfo/stack_line_reader.o
[1240/1718] 5m23.38s F CC obj/third_party/zlib/zlib/uncompr.o
[1241/1718] 5m23.62s F CXX obj/buildtools/third_party/libunwind/libunwind/libunwind.o
[1242/1717] 5m23.98s F CXX obj/third_party/spirv-tools/src/spvtools_val/validate_small_type_uses.o
[1243/1717] 5m25.52s F CXX obj/third_party/spirv-tools/src/spvtools_val/validate_debug.o
[1244/1717] 5m25.72s F CXX obj/third_party/spirv-tools/src/spvtools_val/validate_instruction.o
[1245/1717] 5m25.77s F CXX obj/third_party/spirv-tools/src/spvtools_val/function.o
[1246/1717] 5m25.77s F CC obj/third_party/cpu_features/ndk_compat/cpu-features.o
[1247/1717] 5m25.79s F CC obj/third_party/cpu_features/cpuinfo/impl_aarch64_cpuid.o
[1248/1717] 5m25.95s F CC obj/third_party/cpu_features/cpuinfo/impl_aarch64_linux_or_android.o
[1249/1717] 5m27.82s F CXX obj/third_party/spirv-tools/src/spvtools_val/validate_annotation.o
[1250/1717] 5m27.88s F CXX obj/third_party/spirv-tools/src/spvtools_val/validate_interfaces.o
[1251/1717] 5m28.13s F CXX obj/third_party/spirv-tools/src/spvtools_val/validate_type.o
[1252/1717] 5m28.42s F CXX obj/buildtools/third_party/libc++abi/libc++abi/cxa_guard.o
[1253/1717] 5m28.51s F CXX obj/buildtools/third_party/libc++abi/libc++abi/cxa_vector.o
[1254/1717] 5m28.76s F CXX obj/buildtools/third_party/libc++abi/libc++abi/stdlib_stdexcept.o
[1255/1717] 5m28.81s F CXX obj/third_party/spirv-tools/src/spvtools_val/validate_builtins.o
[1256/1717] 5m28.90s F CC obj/third_party/zlib/zlib/gzlib.o
[1257/1715] 5m29.01s F CC obj/third_party/cpu_features/cpuinfo/string_view.o
[1258/1715] 5m29.04s F CXX obj/buildtools/third_party/libc++abi/libc++abi/cxa_virtual.o
[1259/1715] 5m29.04s S AR obj/buildtools/third_party/libc++abi/libc++abi.a
[1259/1715] 5m29.47s F CXX obj/third_party/spirv-tools/src/spvtools_val/construct.o
[1260/1715] 5m29.50s F CXX obj/preprocessor/DiagnosticsBase.o
[1261/1715] 5m29.52s F CC obj/third_party/zlib/zlib/zutil.o
[1261/1715] 5m29.52s S AR obj/third_party/zlib/libchrome_zlib.a
[1262/1715] 5m30.10s F CXX obj/preprocessor/DirectiveHandlerBase.o
[1263/1715] 5m30.36s F CXX obj/preprocessor/Token.o
[1264/1715] 5m31.10s S AR obj/libangle_common_shader_state.a
[1264/1715] 5m31.10s F CXX obj/angle_common_shader_state/CompiledShaderState.o
[1265/1715] 5m31.22s F CXX obj/preprocessor/preprocessor_tab_autogen.o
[1266/1715] 5m31.23s F CXX obj/third_party/spirv-tools/src/spvtools_val/validate_cfg.o
[1267/1715] 5m31.23s S AR obj/third_party/spirv-tools/src/libspvtools_val.a
[1267/1715] 5m31.84s F CXX obj/preprocessor/MacroExpander.o
[1268/1715] 5m31.85s S AR obj/libpreprocessor.a
[1268/1715] 5m31.86s F CXX obj/angle_image_util/copyimage.o
[1269/1715] 5m32.99s F CXX obj/angle_gpu_info_util/SystemInfo.o
[1270/1715] 5m33.28s F CXX obj/translator/ExtensionGLSL.o
[1271/1715] 5m33.29s F AR obj/libpreprocessor.a
[1272/1715] 5m33.30s F CXX obj/translator/OutputGLSLBase.o
[1273/1715] 5m33.41s F CXX obj/buildtools/third_party/libc++/libc++/optional.o
[1274/1715] 5m33.86s F CXX obj/translator/CodeGen.o
[1275/1715] 5m34.41s F CXX obj/translator/IntermNodePatternMatcher.o
[1276/1715] 5m34.42s F CXX obj/buildtools/third_party/libc++/libc++/atomic.o
[1277/1715] 5m34.72s F CXX obj/translator/Symbol.o
[1278/1715] 5m35.38s F CXX obj/angle_image_util/loadimage_paletted.o
[1279/1715] 5m35.54s F CXX obj/translator/QualifierTypes.o
[1280/1715] 5m36.05s F CXX obj/buildtools/third_party/libc++/libc++/future.o
[1281/1715] 5m36.17s F CXX obj/translator/RewriteSamplerExternalTexelFetch.o
[1282/1715] 5m36.42s F CXX obj/buildtools/third_party/libc++/libc++/directory_iterator.o
[1283/1715] 5m36.73s F CXX obj/angle_image_util/imageformats.o
[1284/1715] 5m37.29s F CXX obj/src/common/vulkan/angle_vulkan_icd/vulkan_icd.o
[1285/1715] 5m37.32s F CXX obj/angle_version_info/angle_version_info.o
[1286/1714] 5m37.38s F CXX obj/buildtools/third_party/libc++/libc++/path.o
[1287/1714] 5m37.41s F CXX obj/buildtools/third_party/libc++/libc++/typeinfo.o
[1288/1714] 5m37.79s F CXX obj/translator/SplitSequenceOperator.o
[1289/1714] 5m38.12s F CXX obj/angle_gpu_info_util/SystemInfo_android.o
[1290/1714] 5m38.15s F CXX obj/buildtools/third_party/libc++/libc++/new_helpers.o
[1291/1714] 5m38.60s F CXX obj/translator/ExtensionBehavior.o
[1292/1714] 5m38.94s F CXX obj/translator/PruneNoOps.o
[1293/1714] 5m39.44s F CXX obj/translator/Diagnostics.o
[1294/1714] 5m40.47s F CXX obj/translator/GatherDefaultUniforms.o
[1295/1714] 5m40.55s F CXX obj/translator/util.o
[1296/1714] 5m40.89s F CXX obj/translator/ClampPointSize.o
[1297/1714] 5m41.40s F CXX obj/translator/ExpandFragmentOutputsToVec4.o
[1298/1714] 5m41.43s F CXX obj/buildtools/third_party/libc++/libc++/hash.o
[1299/1714] 5m42.18s F CXX obj/translator/IntermNode_util.o
[1300/1714] 5m42.33s F CXX obj/translator/TranslatorGLSL.o
[1301/1714] 5m42.74s F CXX obj/translator/VersionGLSL.o
[1302/1714] 5m43.56s F CXX obj/buildtools/third_party/libc++/libc++/random_shuffle.o
[1303/1714] 5m43.69s F CXX obj/translator/InfoSink.o
[1304/1714] 5m43.84s F CXX obj/translator/SimplifyLoopConditions.o
[1305/1714] 5m44.80s F CXX obj/buildtools/third_party/libc++/libc++/iostream.o
[1306/1714] 5m44.89s F CXX obj/translator/FindPreciseNodes.o
[1307/1714] 5m45.25s F CXX obj/angle_image_util/AstcDecompressorNoOp.o
[1308/1714] 5m45.32s F CXX obj/third_party/zlib/google/compression_utils_portable/compression_utils_portable.o
[1309/1714] 5m45.41s F CXX obj/translator/WrapStructConstructors.o
[1310/1714] 5m45.74s F CXX obj/angle_image_util/loadimage.o
[1311/1714] 5m46.29s F CXX obj/buildtools/third_party/libc++/libc++/ios.o
[1312/1714] 5m46.35s F CXX obj/translator/ClampIndirectIndices.o
[1313/1714] 5m46.75s F CXX obj/buildtools/third_party/libc++/libc++/stdexcept.o
[1314/1714] 5m47.26s F CXX obj/buildtools/third_party/libc++/libc++/strstream.o
[1315/1714] 5m47.54s F CXX obj/buildtools/third_party/libc++/libc++/condition_variable.o
[1316/1714] 5m48.32s F CXX obj/buildtools/third_party/libc++/libc++/regex.o
[1317/1714] 5m48.55s F CXX obj/translator/glslang_tab_autogen.o
[1318/1714] 5m48.71s F CXX obj/buildtools/third_party/libc++/libc++/d2fixed.o
[1319/1714] 5m48.84s F CXX obj/translator/RemoveArrayLengthMethod.o
[1320/1714] 5m49.04s F CXX obj/buildtools/third_party/libc++/libc++/shared_mutex.o
[1321/1714] 5m49.14s F CXX obj/buildtools/third_party/libc++/libc++/vector.o
[1322/1714] 5m49.39s F CXX obj/buildtools/third_party/libc++/libc++/f2s.o
[1323/1714] 5m50.12s F CXX obj/translator/DriverUniform.o
[1324/1714] 5m50.62s F CXX obj/buildtools/third_party/libc++/libc++/string.o
[1325/1714] 5m50.68s F CXX obj/buildtools/third_party/libc++/libc++/new.o
[1326/1714] 5m50.83s F CXX obj/translator/OutputTree.o
[1327/1714] 5m51.18s F CXX obj/buildtools/third_party/libc++/libc++/bind.o
[1328/1714] 5m51.34s F CXX obj/buildtools/third_party/libc++/libc++/locale.o
[1329/1714] 5m52.10s F CXX obj/translator/FlagStd140Structs.o
[1330/1714] 5m52.10s F CXX obj/buildtools/third_party/libc++/libc++/barrier.o
[1331/1714] 5m53.87s F CXX obj/translator/ReplaceVariable.o
[1332/1714] 5m54.86s F CXX obj/translator/ReplaceClipCullDistanceVariable.o
[1333/1714] 5m56.06s F CXX obj/src/common/spirv/angle_spirv_builder/spirv_instruction_builder_autogen.o
[1334/1714] 5m56.53s F CXX obj/translator/RewriteInterpolateAtOffset.o
[1335/1714] 5m56.58s F CXX obj/buildtools/third_party/libc++/libc++/any.o
[1336/1714] 5m57.18s F CXX obj/translator/ParseContext.o
[1337/1714] 5m58.09s F CXX obj/translator/MonomorphizeUnsupportedFunctions.o
[1338/1714] 5m58.12s F CXX obj/translator/UseInterfaceBlockFields.o
[1339/1714] 5m58.26s F CXX obj/translator/IntermTraverse.o
[1340/1714] 5m59.48s F CXX obj/translator/BuiltInFunctionEmulatorGLSL.o
[1341/1714] 5m59.69s F CXX obj/translator/FlagSamplersWithTexelFetch.o
[1342/1714] 5m59.74s F CXX obj/translator/EmulateGLFragColorBroadcast.o
[1343/1714] 6m00.90s F CXX obj/translator/ReplaceShadowingVariables.o
[1344/1714] 6m01.02s F CXX obj/translator/ClampGLLayer.o
[1345/1714] 6m01.28s F CXX obj/buildtools/third_party/libc++/libc++/call_once.o
[1346/1714] 6m01.48s F CXX obj/translator/CallDAG.o
[1347/1714] 6m02.44s F CXX obj/translator/ValidateVaryingLocations.o
[1348/1714] 6m02.85s F CXX obj/translator/EmulateAdvancedBlendEquations.o
[1349/1714] 6m02.96s F CXX obj/translator/RewriteDfdy.o
[1350/1714] 6m04.16s F CXX obj/translator/EmulateFragColorData.o
[1351/1714] 6m04.65s F CXX obj/translator/TranslatorESSL.o
[1352/1714] 6m05.64s F CXX obj/translator/EmulateMultiDrawShaderBuiltins.o
[1353/1714] 6m05.87s F CXX obj/translator/EmulateFramebufferFetch.o
[1354/1714] 6m06.05s F CXX obj/translator/ConstantUnion.o
[1355/1714] 6m07.19s F CXX obj/translator/InitializeVariables.o
[1356/1714] 6m07.68s F CXX obj/translator/blocklayout.o
[1357/1714] 6m08.18s F CXX obj/buildtools/third_party/libc++/libc++/thread.o
[1358/1714] 6m08.26s F CXX obj/translator/SymbolTable_autogen.o
[1359/1714] 6m08.38s F CXX obj/translator/DeferGlobalInitializers.o
[1360/1714] 6m09.10s F CXX obj/translator/RewriteRepeatedAssignToSwizzled.o
[1361/1714] 6m09.62s F CXX obj/translator/ClampFragDepth.o
[1362/1714] 6m10.05s F CXX obj/translator/CollectVariables.o
[1363/1714] 6m10.24s F CXX obj/translator/ImmutableStringBuilder.o
[1364/1714] 6m10.63s F CXX obj/buildtools/third_party/libc++/libc++/functional.o
[1365/1714] 6m10.97s F CXX obj/translator/SizeClipCullDistance.o
[1366/1714] 6m11.17s F CXX obj/translator/Declarator.o
[1367/1714] 6m11.30s F CXX obj/buildtools/third_party/libc++/libc++/random.o
[1368/1714] 6m12.25s F CXX obj/buildtools/third_party/libc++/libc++/algorithm.o
[1369/1714] 6m12.26s F CXX obj/translator/FoldExpressions.o
[1370/1714] 6m13.06s F CXX obj/translator/IntermRebuild.o
[1371/1714] 6m13.11s F CXX obj/buildtools/third_party/libc++/libc++/verbose_abort.o
[1372/1714] 6m13.76s F CXX obj/translator/RemoveAtomicCounterBuiltins.o
[1373/1714] 6m14.53s F CXX obj/buildtools/third_party/libc++/libc++/charconv.o
[1374/1714] 6m14.58s F CXX obj/translator/OutputGLSL.o
[1375/1714] 6m14.89s F CXX obj/buildtools/third_party/libc++/libc++/mutex.o
[1376/1714] 6m15.14s F CXX obj/translator/RewriteArrayOfArrayOfOpaqueUniforms.o
[1377/1714] 6m15.35s F CXX obj/buildtools/third_party/libc++/libc++/new_handler.o
[1378/1714] 6m15.61s F CXX obj/translator/BuildSPIRV.o
[1379/1714] 6m15.66s F CXX obj/buildtools/third_party/libc++/libc++/filesystem_error.o
[1380/1714] 6m16.03s F CXX obj/buildtools/third_party/libc++/libc++/system_error.o
[1381/1714] 6m16.35s F CXX obj/buildtools/third_party/libc++/libc++/error_category.o
[1382/1714] 6m16.39s F CXX obj/translator/Operator.o
[1383/1714] 6m17.52s F CXX obj/translator/DeclarePerVertexBlocks.o
[1384/1714] 6m17.71s F CXX obj/buildtools/third_party/libc++/libc++/operations.o
[1385/1714] 6m18.13s F CC obj/src/third_party/volk/volk/volk.o
[1386/1710] 6m18.18s F CXX obj/translator/RemoveDynamicIndexing.o
[1387/1710] 6m19.12s F CXX obj/translator/UseGeneratedNamesForAnonymousStructs.o
[1388/1710] 6m19.45s F CXX obj/translator/glslang_lex_autogen.o
[1389/1710] 6m19.49s F CXX obj/translator/Name.o
[1390/1710] 6m19.57s F CXX obj/buildtools/third_party/libc++/libc++/chrono.o
[1391/1710] 6m20.52s F CXX obj/translator/VariablePacker.o
[1392/1710] 6m20.94s F CXX obj/buildtools/third_party/libc++/libc++/filesystem_clock.o
[1393/1710] 6m21.19s F CXX obj/translator/BuiltInFunctionEmulator.o
[1394/1710] 6m21.64s F CXX obj/translator/ValidateAST.o
[1395/1710] 6m22.09s F CXX obj/src/common/spirv/angle_spirv_base/angle_spirv_utils.o
[1396/1708] 6m23.21s F CXX obj/translator/RemoveInactiveInterfaceVariables.o
[1397/1708] 6m23.95s F CXX obj/translator/RewriteAtomicCounters.o
[1398/1708] 6m24.14s F CXX obj/translator/RewriteStructSamplers.o
[1399/1708] 6m24.94s F CXX obj/translator/DirectiveHandler.o
[1400/1708] 6m25.34s F CXX obj/translator/PruneEmptyCases.o
[1401/1708] 6m26.09s F CXX obj/translator/RemoveUnreferencedVariables.o
[1402/1708] 6m26.39s F CXX obj/translator/AddDefaultReturnStatements.o
[1403/1708] 6m26.44s F CXX obj/angle_image_util/storeimage_paletted.o
[1404/1708] 6m26.93s F CXX obj/translator/DeclareAndInitBuiltinsForInstancedMultiview.o
[1405/1708] 6m27.42s F CXX obj/translator/ValidateGlobalInitializer.o
[1406/1708] 6m27.71s F CXX obj/translator/FindMain.o
[1407/1708] 6m27.86s F CXX obj/translator/RewriteTexelFetchOffset.o
[1408/1708] 6m27.87s F AR obj/third_party/spirv-tools/src/libspvtools_val.a
[1409/1708] 6m28.29s F CXX obj/translator/RecordConstantPrecision.o
[1410/1708] 6m28.41s F CXX obj/buildtools/third_party/libc++/libc++/variant.o
[1411/1708] 6m28.57s F CXX obj/translator/BaseTypes.o
[1412/1708] 6m28.57s S AR obj/third_party/zlib/google/libcompression_utils_portable.a
[1412/1708] 6m28.57s F AR obj/third_party/zlib/libchrome_zlib.a
[1413/1708] 6m28.58s F AR obj/libangle_common_shader_state.a
[1414/1708] 6m28.59s F AR obj/buildtools/third_party/libc++abi/libc++abi.a
[1415/1708] 6m29.30s F CXX obj/translator/EmulateYUVBuiltIns.o
[1416/1708] 6m29.95s F CXX obj/translator/ReswizzleYUVOps.o
[1417/1708] 6m31.47s F CXX obj/translator/RewriteR32fImages.o
[1418/1708] 6m31.58s F CXX obj/angle_gpu_info_util/SystemInfo_vulkan.o
[1419/1708] 6m32.68s F CXX obj/translator/TranslatorSPIRV.o
[1420/1708] 6m32.92s F CXX obj/translator/OutputSPIRV.o
[1421/1708] 6m33.08s F CXX obj/translator/ScalarizeVecAndMatConstructorArgs.o
[1422/1708] 6m34.28s F CXX obj/translator/FindSymbolNode.o
[1423/1708] 6m34.36s F CXX obj/translator/ReplaceArrayOfMatrixVarying.o
[1424/1708] 6m34.81s F CXX obj/translator/ReduceInterfaceBlocks.o
[1425/1708] 6m35.57s F CXX obj/translator/SeparateDeclarations.o
[1426/1708] 6m35.69s F CXX obj/translator/IsASTDepthBelowLimit.o
[1427/1708] 6m35.71s F CXX obj/translator/BuiltinsWorkaround.o
[1428/1708] 6m36.45s F CXX obj/angle_image_util/loadimage_etc.o
[1429/1708] 6m37.31s F CXX obj/translator/Types.o
[1430/1708] 6m37.71s F CXX obj/buildtools/third_party/libc++/libc++/ios.instantiations.o
[1431/1708] 6m37.96s F CXX obj/translator/PreTransformTextureCubeGradDerivatives.o
[1432/1708] 6m38.75s F CXX obj/buildtools/third_party/libc++/libc++/memory.o
[1433/1708] 6m38.85s F CXX obj/buildtools/third_party/libc++/libc++/condition_variable_destructor.o
[1434/1708] 6m38.94s F CXX obj/translator/Initialize.o
[1435/1708] 6m39.60s F CXX obj/translator/Compiler.o
[1436/1708] 6m39.71s F CXX obj/buildtools/third_party/libc++/libc++/mutex_destructor.o
[1437/1708] 6m40.17s F CXX obj/translator/SymbolUniqueId.o
[1438/1708] 6m40.47s F CXX obj/translator/HashNames.o
[1439/1708] 6m40.63s F CXX obj/translator/IntermNode.o
[1440/1708] 6m40.74s F CXX obj/buildtools/third_party/libc++/libc++/d2s.o
[1441/1708] 6m41.61s F CXX obj/translator/ShaderLang.o
[1442/1708] 6m41.71s F CXX obj/translator/RewritePixelLocalStorage.o
[1443/1708] 6m41.88s F CXX obj/translator/ImmutableString_autogen.o
[1444/1708] 6m41.94s F CXX obj/translator/FindFunction.o
[1445/1708] 6m41.96s F CXX obj/buildtools/third_party/libc++/libc++/valarray.o
[1446/1708] 6m42.68s F CXX obj/translator/PoolAlloc.o
[1447/1708] 6m42.74s F CXX obj/buildtools/third_party/libc++/libc++/exception.o
[1448/1708] 6m42.74s S AR obj/buildtools/third_party/libc++/libc++.a
[1448/1708] 6m43.01s F CXX obj/translator/ShaderVars.o
[1449/1708] 6m43.29s F CXX obj/translator/OutputESSL.o
[1450/1708] 6m43.41s F CXX obj/translator/RunAtTheEndOfShader.o
[1451/1708] 6m43.80s F CXX obj/src/common/vulkan/angle_libvulkan_loader/libvulkan_loader.o
[1452/1707] 6m43.80s S AR obj/libangle_gpu_info_util.a
[1452/1707] 6m44.26s F CXX obj/translator/RewriteSampleMaskVariable.o
[1453/1707] 6m44.43s F CXX obj/angle_image_util/loadimage_astc.o
[1454/1707] 6m44.43s S AR obj/libangle_image_util.a
[1454/1707] 6m44.69s F CXX obj/translator/RemoveInvariantDeclaration.o
[1455/1707] 6m45.21s F CXX obj/translator/FunctionLookup.o
[1456/1707] 6m45.22s F AR obj/libangle_image_util.a
[1457/1707] 6m45.89s F CXX obj/translator/RunAtTheBeginningOfShader.o
[1458/1707] 6m45.98s F CXX obj/libANGLE_no_vulkan/es3_copy_conversion_table_autogen.o
[1459/1707] 6m46.48s F CXX obj/translator/SymbolTable.o
[1460/1707] 6m47.27s S AR obj/libtranslator.a
[1460/1707] 6m47.27s F CXX obj/translator/RemoveUnusedFramebufferFetch.o
[1461/1707] 6m48.93s F CXX obj/libANGLE_no_vulkan/gles_extensions_autogen.o
[1462/1707] 6m49.20s F CXX obj/src/libANGLE/renderer/null/angle_null_backend/ProgramExecutableNULL.o
[1463/1707] 6m49.22s F AR obj/libtranslator.a
[1464/1706] 6m51.76s F CXX obj/third_party/vulkan_memory_allocator/vulkan_memory_allocator/vma.o
[1465/1706] 6m51.79s F CXX obj/libANGLE_no_vulkan/ProgramPipeline.o
[1466/1706] 6m53.31s F CXX obj/src/libANGLE/renderer/vulkan/angle_vulkan_backend/TextureVk.o
[1467/1706] 6m54.99s F CXX obj/libANGLE_no_vulkan/renderer_utils.o
[1468/1706] 6m55.69s F CXX obj/src/libANGLE/renderer/gl/angle_gl_backend/SurfaceEGL.o
[1469/1706] 6m55.95s F CXX obj/src/libANGLE/renderer/vulkan/angle_vulkan_backend/CompilerVk.o
[1470/1706] 6m56.20s F CXX obj/libANGLE_no_vulkan/validationES2.o
[1471/1706] 6m57.02s F CXX obj/src/libANGLE/renderer/vulkan/angle_vulkan_backend/SecondaryCommandBuffer.o
[1472/1706] 6m57.90s F CXX obj/src/common/spirv/angle_spirv_parser/spirv_instruction_parser_autogen.o
[1473/1705] 6m58.64s F CXX obj/src/libANGLE/renderer/vulkan/angle_vulkan_backend/AHBFunctions.o
[1474/1705] 6m59.19s F CXX obj/src/libANGLE/renderer/vulkan/angle_vulkan_backend/PersistentCommandPool.o
[1475/1705] 7m02.30s F CXX obj/src/libANGLE/renderer/vulkan/angle_vulkan_backend/BufferVk.o
[1476/1705] 7m04.51s F CXX obj/src/libANGLE/renderer/vulkan/angle_vulkan_backend/vk_resource.o
[1477/1705] 7m04.93s F CXX obj/src/libANGLE/renderer/vulkan/angle_vulkan_backend/vk_android_utils.o
[1478/1705] 7m08.27s F CXX obj/src/libANGLE/renderer/vulkan/angle_vulkan_backend/vk_cache_utils.o
[1479/1705] 7m08.60s F CXX obj/src/libANGLE/renderer/vulkan/angle_vulkan_backend/SyncVk.o
[1480/1705] 7m08.82s F CXX obj/libANGLE_no_vulkan/validationES3.o
[1481/1705] 7m10.81s F CXX obj/src/libANGLE/renderer/vulkan/angle_vulkan_backend/ProgramPipelineVk.o
[1482/1705] 7m12.38s F CXX obj/src/libANGLE/renderer/gl/angle_gl_backend/FunctionsEGL.o
[1483/1705] 7m12.85s F CXX obj/libGLESv2/egl_stubs.o
[1484/1705] 7m14.29s F CXX obj/src/libANGLE/renderer/vulkan/angle_vulkan_backend/DebugAnnotatorVk.o
[1485/1705] 7m14.79s F CXX obj/src/libANGLE/renderer/vulkan/angle_vulkan_backend/DisplayVk.o
[1486/1705] 7m16.83s F CXX obj/libANGLE_no_vulkan/queryconversions.o
[1487/1705] 7m19.16s F CXX obj/libGLESv2/entry_points_gles_1_0_autogen.o
[1488/1705] 7m19.42s F CXX obj/libANGLE_no_vulkan/Program.o
[1489/1705] 7m19.75s F CXX obj/libGLESv2/libGLESv2_autogen.o
[1490/1705] 7m20.04s F CXX obj/src/libANGLE/renderer/gl/angle_gl_backend/CompilerGL.o
[1491/1705] 7m20.18s F CXX obj/libANGLE_no_vulkan/ResourceManager.o
[1492/1705] 7m20.53s F CXX obj/libANGLE_no_vulkan/Error.o
[1493/1705] 7m20.79s F CXX obj/libANGLE_no_vulkan/Observer.o
[1494/1705] 7m21.41s F CXX obj/libANGLE_no_vulkan/ImageIndex.o
[1495/1705] 7m23.92s F CXX obj/libANGLE_no_vulkan/load_functions_table_autogen.o
[1496/1705] 7m25.18s F CXX obj/src/libANGLE/renderer/vulkan/angle_vulkan_backend/vk_internal_shaders_autogen.o
[1497/1705] 7m25.50s F CXX obj/src/libANGLE/renderer/vulkan/angle_vulkan_backend/MemoryTracking.o
[1498/1705] 7m28.77s F CXX obj/libANGLE_no_vulkan/Surface.o
[1499/1705] 7m29.00s F CXX obj/src/libANGLE/renderer/vulkan/angle_vulkan_backend/SurfaceVk.o
[1500/1705] 7m29.99s F CXX obj/src/libANGLE/renderer/null/angle_null_backend/TransformFeedbackNULL.o
[1501/1705] 7m30.89s F CXX obj/src/libANGLE/renderer/vulkan/angle_vulkan_backend/DeviceVk.o
[1502/1705] 7m31.50s F CXX obj/src/libANGLE/renderer/gl/angle_gl_backend/StateManagerGL.o
[1503/1705] 7m32.75s F CXX obj/libANGLE_no_vulkan/ContextImpl.o
[1504/1705] 7m33.73s F CXX obj/src/libANGLE/renderer/gl/angle_gl_backend/SemaphoreGL.o
[1505/1705] 7m34.11s F CXX obj/src/libANGLE/renderer/null/angle_null_backend/VertexArrayNULL.o
[1506/1705] 7m35.31s F CXX obj/libANGLE_no_vulkan/ShaderImpl.o
[1507/1705] 7m36.33s F CXX obj/src/libANGLE/renderer/null/angle_null_backend/TextureNULL.o
[1508/1705] 7m36.48s F CXX obj/src/libANGLE/renderer/vulkan/angle_vk_mem_alloc_wrapper/vk_mem_alloc_wrapper.o
[1509/1704] 7m36.85s F CXX obj/src/libANGLE/renderer/gl/angle_gl_backend/DisplayGL.o
[1510/1704] 7m37.81s F CXX obj/src/libANGLE/renderer/null/angle_null_backend/BufferNULL.o
[1511/1704] 7m39.07s F CXX obj/libANGLE_no_vulkan/FramebufferAttachment.o
[1512/1704] 7m42.43s F CXX obj/src/libANGLE/renderer/vulkan/angle_vulkan_backend/ImageVk.o
[1513/1704] 7m42.56s F CXX obj/src/libANGLE/renderer/vulkan/angle_vulkan_backend/FenceNVVk.o
[1514/1704] 7m42.70s F CXX obj/angle_frame_capture_mock/FrameCapture_mock.o
[1515/1704] 7m42.99s F CXX obj/src/libANGLE/renderer/null/angle_null_backend/DisplayNULL.o
[1516/1704] 7m47.42s F CXX obj/libANGLE_no_vulkan/Shader.o
[1517/1704] 7m48.47s F CXX obj/src/libANGLE/renderer/vulkan/angle_vulkan_backend/vk_format_utils.o
[1518/1704] 7m48.51s F CXX obj/src/libANGLE/renderer/vulkan/angle_vulkan_backend/RenderTargetVk.o
[1519/1704] 7m49.15s F CXX obj/src/libANGLE/renderer/vulkan/angle_vulkan_backend/ShareGroupVk.o
[1520/1704] 7m49.55s F CXX obj/src/libANGLE/renderer/vulkan/angle_vulkan_backend/vk_api_perf_counters.o
[1521/1704] 7m52.38s F CXX obj/src/libANGLE/renderer/vulkan/angle_vulkan_backend/vk_caps_utils.o
[1522/1704] 7m53.00s F CXX obj/libANGLE_no_vulkan/Stream.o
[1523/1704] 7m53.90s F CXX obj/libANGLE_no_vulkan/Texture.o
[1524/1704] 7m54.28s F CXX obj/src/libANGLE/renderer/vulkan/angle_vulkan_backend/CommandQueue.o
[1525/1704] 7m54.70s F CXX obj/src/libANGLE/renderer/null/angle_null_backend/FenceNVNULL.o
[1526/1704] 7m55.18s F CXX obj/libANGLE_no_vulkan/ProgramImpl.o
[1527/1704] 7m56.85s F CXX obj/src/libANGLE/renderer/gl/angle_gl_backend/SamplerGL.o
[1528/1704] 7m57.34s F CXX obj/libANGLE_no_vulkan/IndexRangeCache.o
[1529/1704] 7m58.13s F CXX obj/libANGLE_no_vulkan/DisplayImpl.o
[1530/1704] 7m58.88s F CXX obj/libANGLE_no_vulkan/Fence.o
[1531/1704] 8m00.72s F CXX obj/libANGLE_no_vulkan/EGLSync.o
[1532/1704] 8m02.94s F CXX obj/src/libANGLE/renderer/gl/angle_gl_backend/DisplayEGL.o
[1533/1704] 8m03.10s F CXX obj/src/libANGLE/renderer/gl/angle_gl_backend/ContextGL.o
[1534/1704] 8m03.57s F CXX obj/src/libANGLE/renderer/vulkan/angle_vulkan_backend/ProgramVk.o
[1535/1704] 8m05.04s F CXX obj/src/libANGLE/renderer/gl/angle_gl_backend/ShaderGL.o
[1536/1704] 8m05.48s F CXX obj/libANGLE_no_vulkan/ImageImpl.o
[1537/1704] 8m07.21s F CXX obj/libANGLE_no_vulkan/Device.o
[1538/1704] 8m07.59s F CXX obj/libANGLE_no_vulkan/BlobCache.o
[1539/1704] 8m08.95s F CXX obj/libANGLE_no_vulkan/TransformFeedback.o
[1540/1704] 8m09.38s F CXX obj/src/libANGLE/renderer/null/angle_null_backend/ContextNULL.o
[1541/1704] 8m10.66s F CXX obj/src/libANGLE/renderer/null/angle_null_backend/SurfaceNULL.o
[1542/1704] 8m11.94s F CXX obj/src/libANGLE/renderer/gl/angle_gl_backend/WindowSurfaceEGL.o
[1543/1704] 8m12.64s F CXX obj/src/libANGLE/renderer/null/angle_null_backend/ShaderNULL.o
[1544/1704] 8m13.13s F CXX obj/src/libANGLE/renderer/vulkan/angle_vulkan_backend/ShaderVk.o
[1545/1704] 8m13.69s F CXX obj/libANGLE_no_vulkan/QueryImpl.o
[1546/1704] 8m13.75s F CXX obj/libANGLE_no_vulkan/Semaphore.o
[1547/1704] 8m14.41s F CXX obj/libANGLE_no_vulkan/RenderbufferImpl.o
[1548/1704] 8m15.47s F CXX obj/src/libANGLE/renderer/gl/angle_gl_backend/DispatchTableGL_autogen.o
[1549/1704] 8m15.65s F CXX obj/src/libANGLE/renderer/null/angle_null_backend/FramebufferNULL.o
[1550/1704] 8m18.06s F CXX obj/src/libANGLE/renderer/gl/angle_gl_backend/PbufferSurfaceEGL.o
[1551/1704] 8m18.20s F CXX obj/src/libANGLE/renderer/gl/angle_gl_backend/BufferGL.o
[1552/1704] 8m19.57s F CXX obj/libANGLE_no_vulkan/Buffer.o
[1553/1704] 8m19.66s F CXX obj/libANGLE_no_vulkan/driver_utils.o
[1554/1704] 8m19.98s F CXX obj/libGLESv2/entry_points_gles_ext_autogen.o
[1555/1704] 8m22.00s F CXX obj/libANGLE_no_vulkan/Image.o
[1556/1704] 8m23.59s F CXX obj/libGLESv2/global_state.o
[1557/1704] 8m24.20s F CXX obj/libGLESv2/entry_points_gles_3_2_autogen.o
[1558/1704] 8m24.61s F CXX obj/libANGLE_no_vulkan/validationEGL.o
[1559/1704] 8m24.86s F CXX obj/libANGLE_no_vulkan/BufferImpl.o
[1560/1704] 8m27.02s F CXX obj/src/libANGLE/renderer/gl/angle_gl_backend/renderergl_utils.o
[1561/1704] 8m28.59s F CXX obj/src/libANGLE/renderer/gl/angle_gl_backend/RenderbufferGL.o
[1562/1704] 8m29.29s F CXX obj/libANGLE_no_vulkan/validationES.o
[1563/1704] 8m29.29s F AR obj/buildtools/third_party/libc++/libc++.a
[1564/1704] 8m29.90s F CXX obj/src/libANGLE/renderer/gl/angle_gl_backend/ProgramGL.o
[1565/1704] 8m32.77s F CXX obj/src/libANGLE/renderer/vulkan/angle_vulkan_backend/SamplerVk.o
[1566/1704] 8m33.28s F CXX obj/src/libANGLE/renderer/gl/angle_gl_backend/RendererGL.o
[1567/1704] 8m33.30s F CXX obj/libANGLE_no_vulkan/Caps.o
[1568/1704] 8m34.75s F CXX obj/libANGLE_no_vulkan/HandleAllocator.o
[1569/1704] 8m35.60s F CXX obj/libANGLE_no_vulkan/GlobalMutex.o
[1570/1704] 8m35.97s F CXX obj/src/libANGLE/renderer/vulkan/angle_vulkan_backend/ShaderInterfaceVariableInfoMap.o
[1571/1704] 8m38.16s F CXX obj/src/libANGLE/renderer/vulkan/angle_vulkan_backend/SecondaryCommandPool.o
[1572/1704] 8m39.45s F CXX obj/src/libANGLE/renderer/vulkan/angle_vulkan_backend/ContextVk.o
[1573/1704] 8m39.67s F CXX obj/src/libANGLE/renderer/gl/angle_gl_backend/MemoryObjectGL.o
[1574/1704] 8m40.59s F CXX obj/src/libANGLE/renderer/null/angle_null_backend/DeviceNULL.o
[1575/1704] 8m40.90s F CXX obj/src/libANGLE/renderer/vulkan/angle_vulkan_backend/vk_ref_counted_event.o
[1576/1704] 8m42.28s F CXX obj/src/libANGLE/renderer/gl/angle_gl_backend/NativeBufferImageSiblingAndroid.o
[1577/1704] 8m43.33s F CXX obj/src/libANGLE/renderer/gl/angle_gl_backend/FunctionsGL.o
[1578/1704] 8m44.97s F CXX obj/libGLESv2/egl_ext_stubs.o
[1579/1704] 8m45.81s F CXX obj/libANGLE_no_vulkan/ProgramLinkedResources.o
[1580/1704] 8m46.70s F CXX obj/libANGLE_no_vulkan/validationESEXT.o
[1581/1704] 8m47.20s F CXX obj/src/libANGLE/renderer/gl/angle_gl_backend/QueryGL.o
[1582/1704] 8m49.12s F CXX obj/src/libANGLE/renderer/vulkan/angle_vulkan_backend/vk_format_table_autogen.o
[1583/1704] 8m49.73s F CXX obj/src/libANGLE/renderer/gl/angle_gl_backend/ImageGL.o
[1584/1704] 8m51.68s F CXX obj/src/libANGLE/renderer/vulkan/angle_vulkan_backend/SemaphoreVk.o
[1585/1704] 8m51.78s F CXX obj/libANGLE_no_vulkan/VertexAttribute.o
[1586/1704] 8m52.46s F CXX obj/src/libANGLE/renderer/vulkan/angle_vulkan_backend/vk_mandatory_format_support_table_autogen.o
[1587/1704] 8m54.40s F CXX obj/src/libANGLE/renderer/gl/angle_gl_backend/DmaBufImageSiblingEGL.o
[1588/1704] 8m56.17s F CXX obj/src/libANGLE/renderer/gl/angle_gl_backend/TransformFeedbackGL.o
[1589/1704] 8m56.68s F CXX obj/libGLESv2/entry_points_gles_3_1_autogen.o
[1590/1704] 8m57.22s F CXX obj/src/libANGLE/renderer/null/angle_null_backend/ProgramNULL.o
[1591/1704] 8m59.85s F CXX obj/src/libANGLE/renderer/vulkan/angle_vulkan_backend/vk_helpers.o
[1592/1704] 9m00.00s F CXX obj/src/libANGLE/renderer/gl/angle_gl_backend/SyncEGL.o
[1593/1704] 9m00.04s F CXX obj/libANGLE_no_vulkan/ProgramPipelineImpl.o
[1594/1704] 9m01.30s F CXX obj/src/libANGLE/renderer/gl/angle_gl_backend/TextureGL.o
[1595/1704] 9m02.61s F CXX obj/src/libANGLE/renderer/null/angle_null_backend/SamplerNULL.o
[1596/1704] 9m03.54s F CXX obj/libANGLE_no_vulkan/angletypes.o
[1597/1704] 9m03.64s F CXX obj/src/libANGLE/renderer/gl/angle_gl_backend/FenceNVGL.o
[1598/1704] 9m03.79s F CXX obj/libANGLE_no_vulkan/Sampler.o
[1599/1704] 9m06.77s F CXX obj/src/libANGLE/renderer/gl/angle_gl_backend/FramebufferGL.o
[1600/1704] 9m07.58s F CXX obj/angle_frame_capture_mock/serialize_mock.o
[1601/1703] 9m07.74s F CXX obj/libANGLE_no_vulkan/GLES1State.o
[1602/1703] 9m08.56s F CXX obj/src/libANGLE/renderer/vulkan/angle_vulkan_backend/WindowSurfaceVkAndroid.o
[1603/1703] 9m11.27s F CXX obj/libANGLE_no_vulkan/Display.o
[1604/1703] 9m12.21s F CXX obj/libANGLE_no_vulkan/queryutils.o
[1605/1703] 9m12.24s F CXX obj/libANGLE_no_vulkan/EGLReusableSync.o
[1606/1703] 9m12.68s F CXX obj/src/libANGLE/renderer/vulkan/angle_vulkan_backend/DisplayVkAndroid.o
[1607/1703] 9m13.78s F CXX obj/libANGLE_no_vulkan/DeviceImpl.o
[1608/1703] 9m16.40s F CXX obj/libANGLE_no_vulkan/Renderbuffer.o
[1609/1703] 9m17.23s F CXX obj/libANGLE_no_vulkan/State.o
[1610/1703] 9m17.26s F CXX obj/libANGLE_no_vulkan/Format_table_autogen.o
[1611/1703] 9m17.55s F CXX obj/libANGLE_no_vulkan/EGLSyncImpl.o
[1612/1703] 9m22.93s F CXX obj/src/libANGLE/renderer/vulkan/angle_vulkan_backend/MemoryObjectVk.o
[1613/1703] 9m23.47s F CXX obj/libANGLE_no_vulkan/Context.o
[1614/1703] 9m23.59s F CXX obj/src/libANGLE/renderer/vulkan/angle_vulkan_backend/QueryVk.o
[1615/1703] 9m24.13s F CXX obj/src/libANGLE/renderer/gl/angle_gl_backend/egl_utils.o
[1616/1703] 9m24.27s F CXX obj/libANGLE_no_vulkan/Platform.o
[1617/1703] 9m24.29s F CXX obj/src/libANGLE/renderer/vulkan/angle_vulkan_backend/FramebufferVk.o
[1618/1703] 9m24.40s F CXX obj/libANGLE_no_vulkan/format_map_autogen.o
[1619/1703] 9m25.58s F CXX obj/libGLESv2/egl_stubs_getprocaddress_autogen.o
[1620/1703] 9m25.86s F CXX obj/libANGLE_no_vulkan/Debug.o
[1621/1703] 9m26.80s F CXX obj/libANGLE_no_vulkan/TransformFeedbackImpl.o
[1622/1703] 9m26.81s F CXX obj/src/libANGLE/renderer/null/angle_null_backend/ImageNULL.o
[1623/1703] 9m27.76s F CXX obj/src/libANGLE/renderer/null/angle_null_backend/CompilerNULL.o
[1624/1703] 9m28.40s F CXX obj/libANGLE_no_vulkan/VertexArrayImpl.o
[1625/1703] 9m29.41s F CXX obj/libGLESv2/entry_points_gles_3_0_autogen.o
[1626/1703] 9m31.43s F CXX obj/libANGLE_no_vulkan/MemoryProgramCache.o
[1627/1703] 9m32.18s F CXX obj/libANGLE_no_vulkan/MemoryShaderCache.o
[1628/1703] 9m33.19s F CXX obj/libANGLE_no_vulkan/validationES1.o
[1629/1703] 9m33.47s F CXX obj/src/libANGLE/renderer/vulkan/angle_vulkan_backend/spv_utils.o
[1630/1703] 9m35.49s F CXX obj/libANGLE_no_vulkan/validationES31.o
[1631/1703] 9m36.13s F CXX obj/src/libANGLE/renderer/gl/angle_gl_backend/ProgramExecutableGL.o
[1632/1703] 9m37.33s F CXX obj/libANGLE_no_vulkan/VaryingPacking.o
[1633/1703] 9m39.44s F CXX obj/src/libANGLE/renderer/vulkan/angle_vulkan_backend/AllocatorHelperPool.o
[1634/1703] 9m39.59s F CXX obj/src/libANGLE/renderer/gl/angle_gl_backend/ImageEGL.o
[1635/1703] 9m39.59s F AR obj/third_party/zlib/google/libcompression_utils_portable.a
[1636/1703] 9m40.15s F CXX obj/src/libANGLE/renderer/gl/angle_gl_backend/ProgramPipelineGL.o
[1637/1703] 9m40.97s F CXX obj/src/libANGLE/renderer/vulkan/angle_vulkan_backend/ProgramExecutableVk.o
[1638/1702] 9m41.12s F CXX obj/src/common/linux/angle_dma_buf/dma_buf_utils.o
[1639/1702] 9m43.41s F CXX obj/src/libANGLE/renderer/gl/angle_gl_backend/ContextEGL.o
[1640/1702] 9m43.55s F CXX obj/src/libANGLE/renderer/gl/angle_gl_backend/VertexArrayGL.o
[1641/1702] 9m44.92s F CXX obj/src/libANGLE/renderer/gl/angle_gl_backend/RendererEGL.o
[1642/1702] 9m45.64s F CXX obj/libANGLE_no_vulkan/GLES1Renderer.o
[1643/1702] 9m47.30s F CXX obj/src/libANGLE/renderer/gl/angle_gl_backend/SurfaceGL.o
[1644/1702] 9m48.10s F CXX obj/src/libANGLE/renderer/null/angle_null_backend/SyncNULL.o
[1645/1702] 9m49.39s F CXX obj/libANGLE_no_vulkan/Compiler.o
[1646/1702] 9m50.69s F CXX obj/src/libANGLE/renderer/vulkan/angle_vulkan_backend/VkImageImageSiblingVk.o
[1647/1702] 9m51.21s F CXX obj/src/libANGLE/renderer/vulkan/angle_vulkan_backend/UtilsVk.o
[1648/1702] 9m53.42s F CXX obj/libANGLE_no_vulkan/formatutils.o
[1649/1702] 9m53.79s F CXX obj/libANGLE_no_vulkan/TextureImpl.o
[1650/1702] 9m53.80s F CXX obj/libANGLE_no_vulkan/Query.o
[1651/1702] 9m55.09s F CXX obj/src/libANGLE/renderer/vulkan/angle_vulkan_backend/VulkanSecondaryCommandBuffer.o
[1652/1702] 9m56.93s F CXX obj/libANGLE_no_vulkan/FramebufferImpl.o
[1653/1702] 9m57.78s F CXX obj/libANGLE_no_vulkan/Thread.o
[1654/1702] 9m58.97s F CXX obj/src/libANGLE/renderer/vulkan/angle_vulkan_backend/Suballocation.o
[1655/1702] 9m59.81s F CXX obj/libGLESv2/entry_points_egl_ext_autogen.o
[1656/1702] 10m02.95s F CXX obj/src/libANGLE/renderer/vulkan/angle_vulkan_backend/TransformFeedbackVk.o
[1657/1702] 10m03.52s F CXX obj/libGLESv2/entry_points_egl_autogen.o
[1658/1702] 10m04.44s F CXX obj/src/libANGLE/renderer/vulkan/angle_vulkan_backend/VertexArrayVk.o
[1659/1702] 10m04.98s F CXX obj/libANGLE_no_vulkan/Uniform.o
[1660/1702] 10m05.23s F CXX obj/libGLESv2/entry_points_gles_2_0_autogen.o
[1661/1702] 10m06.07s F CXX obj/libANGLE_no_vulkan/MemoryObject.o
[1662/1702] 10m06.42s F CXX obj/libANGLE_no_vulkan/Config.o
[1663/1702] 10m08.71s F CXX obj/src/libANGLE/renderer/gl/angle_gl_backend/BlitGL.o
[1664/1702] 10m09.17s F CXX obj/libANGLE_no_vulkan/PixelLocalStorage.o
[1665/1702] 10m10.17s F CXX obj/src/libANGLE/renderer/gl/angle_gl_backend/FunctionsEGLDL.o
[1666/1702] 10m10.41s F CXX obj/libANGLE_no_vulkan/VertexArray.o
[1667/1702] 10m11.63s F CXX obj/src/libANGLE/renderer/null/angle_null_backend/RenderbufferNULL.o
[1668/1702] 10m12.76s F CXX obj/libANGLE_no_vulkan/SurfaceImpl.o
[1669/1702] 10m14.09s F CXX obj/src/libANGLE/renderer/gl/angle_gl_backend/formatutilsgl.o
[1670/1702] 10m14.87s F CXX obj/src/libANGLE/renderer/gl/angle_gl_backend/ClearMultiviewGL.o
[1671/1702] 10m14.93s F CXX obj/src/libANGLE/renderer/vulkan/angle_vulkan_backend/vk_utils.o
[1672/1702] 10m16.60s F CXX obj/libANGLE_no_vulkan/Context_gles_1_0.o
[1673/1702] 10m17.70s F CXX obj/src/libANGLE/renderer/null/angle_null_backend/ProgramPipelineNULL.o
[1674/1702] 10m17.88s F CXX obj/libANGLE_no_vulkan/AttributeMap.o
[1675/1702] 10m18.62s F CXX obj/libANGLE_no_vulkan/ShareGroup.o
[1676/1702] 10m18.70s F CXX obj/libANGLE_no_vulkan/ContextMutex.o
[1677/1702] 10m21.47s F CXX obj/libANGLE_no_vulkan/validationES32.o
[1678/1702] 10m22.62s F CXX obj/src/libANGLE/renderer/gl/angle_gl_backend/DeviceEGL.o
[1679/1702] 10m23.66s F CXX obj/src/libANGLE/renderer/null/angle_null_backend/QueryNULL.o
[1680/1701] 10m23.73s F CXX obj/src/libANGLE/renderer/vulkan/angle_vulkan_backend/RenderbufferVk.o
[1681/1701] 10m24.51s F CXX obj/src/libANGLE/renderer/vulkan/angle_vulkan_backend/HardwareBufferImageSiblingVkAndroid.o
[1682/1701] 10m26.06s F CXX obj/libANGLE_no_vulkan/Framebuffer.o
[1683/1701] 10m26.06s F AR obj/libangle_gpu_info_util.a
[1684/1701] 10m27.38s F CXX obj/src/libANGLE/renderer/gl/angle_gl_backend/SyncGL.o
[1685/1701] 10m29.13s F CXX obj/libANGLE_no_vulkan/LoggingAnnotator.o
[1686/1701] 10m29.24s F CXX obj/src/libANGLE/renderer/vulkan/angle_vulkan_backend/vk_barrier_data.o
[1687/1701] 10m30.12s F CXX obj/libEGL/libEGL_autogen.o
[1688/1701] 10m30.17s F CXX obj/libEGL_egl_loader/egl_loader_autogen.o
[1689/1700] 10m32.74s F CXX obj/src/libANGLE/renderer/vulkan/angle_vulkan_backend/vk_renderer.o
[1690/1699] 10m32.77s F CXX obj/libANGLE_no_vulkan/ProgramExecutable.o
[1691/1699] 10m32.87s F CXX obj/src/libANGLE/renderer/gl/angle_gl_backend/DisplayAndroid.o
[1692/1696] 10m32.88s S SOLINK ./libGLESv2_angle.so
[1692/1695] 10m33.18s F SOLINK ./libGLESv2_angle.so
[1693/1695] 10m33.19s S SOLINK ./libEGL_angle.so
[1693/1695] 10m33.39s F SOLINK ./libEGL_angle.so
build finished

	
noexec:0 local:1694 remote:0 cache:0 skip:563
  cache-write:0(err:0) fallback:0 retry:0
fs: ops: 35198(err:3968) / r:11162(err:0) 349.03MiB / w:87(err:0) 210.23KiB


 resource/capa used(err)  wait-avg |   s m |  serv-avg |   s m |
   localexec/4   1615(0)  2m19.23s |▂▂▂▄▄█▂|     1.56s |▂▅▅█▂  |
shutdown cloud logging/monitoring done 11.682µs

10m33.41s Build Succeeded: 1694 steps - 2.67/s
