Initialized native services in: /home/runner/.gradle/native
Initialized jansi services in: /home/runner/.gradle/native
Received JVM installation metadata from '/usr/lib/jvm/temurin-17-jdk-amd64': {JAVA_HOME=/usr/lib/jvm/temurin-17-jdk-amd64, JAVA_VERSION=17.0.20.1, JAVA_VENDOR=Eclipse Adoptium, RUNTIME_NAME=OpenJDK Runtime Environment, RUNTIME_VERSION=17.0.20.1+1, VM_NAME=OpenJDK 64-Bit Server VM, VM_VERSION=17.0.20.1+1, VM_VENDOR=Eclipse Adoptium, OS_ARCH=amd64}
The client will now receive all logging from the daemon (pid: 11255). The daemon log file: /home/runner/.gradle/daemon/8.7/daemon-11255.out.log
Starting 2nd build in daemon [uptime: 52.736 secs, performance: 100%, GC rate: 0.00/s, heap usage: 0% of 4 GiB]
Closing daemon's stdin at end of input.
The daemon will no longer process any standard input.
Using 4 worker leases.
Now considering [/home/runner/work/NearChuckle-android-wip-edition/NearChuckle-android-wip-edition/android] as hierarchies to watch
Watching the file system is configured to be enabled if available
File system watching is active
Starting Build
Settings evaluated using settings file '/home/runner/work/NearChuckle-android-wip-edition/NearChuckle-android-wip-edition/android/settings.gradle'.
Using local directory build cache for the root build (location = /home/runner/.gradle/caches/build-cache-1, removeUnusedEntriesAfter = 7 days).
Projects loaded. Root project using build file '/home/runner/work/NearChuckle-android-wip-edition/NearChuckle-android-wip-edition/android/build.gradle'.
Included projects: [root project 'NearChuckle-Android', project ':app']

> Configure project :
Evaluating root project 'NearChuckle-Android' using build file '/home/runner/work/NearChuckle-android-wip-edition/NearChuckle-android-wip-edition/android/build.gradle'.
Transforming gradle-8.6.0.jar (com.android.tools.build:gradle:8.6.0) with ExternalDependencyInstrumentingArtifactTransform
Transforming kotlin-gradle-plugin-model-1.9.22.jar (org.jetbrains.kotlin:kotlin-gradle-plugin-model:1.9.22) with ExternalDependencyInstrumentingArtifactTransform
Transforming kotlin-gradle-plugin-api-1.9.22.jar (org.jetbrains.kotlin:kotlin-gradle-plugin-api:1.9.22) with ExternalDependencyInstrumentingArtifactTransform
Transforming kotlin-gradle-plugin-1.9.22-gradle82.jar (org.jetbrains.kotlin:kotlin-gradle-plugin:1.9.22) with ExternalDependencyInstrumentingArtifactTransform
Transforming gradle-settings-api-8.6.0.jar (com.android.tools.build:gradle-settings-api:8.6.0) with ExternalDependencyInstrumentingArtifactTransform
Transforming lint-model-31.6.0.jar (com.android.tools.lint:lint-model:31.6.0) with ExternalDependencyInstrumentingArtifactTransform
Transforming builder-8.6.0.jar (com.android.tools.build:builder:8.6.0) with ExternalDependencyInstrumentingArtifactTransform
Transforming manifest-merger-31.6.0.jar (com.android.tools.build:manifest-merger:31.6.0) with ExternalDependencyInstrumentingArtifactTransform
Transforming sdk-common-31.6.0.jar (com.android.tools:sdk-common:31.6.0) with ExternalDependencyInstrumentingArtifactTransform
Transforming sdklib-31.6.0.jar (com.android.tools:sdklib:31.6.0) with ExternalDependencyInstrumentingArtifactTransform
Transforming repository-31.6.0.jar (com.android.tools:repository:31.6.0) with ExternalDependencyInstrumentingArtifactTransform
Transforming gradle-api-8.6.0.jar (com.android.tools.build:gradle-api:8.6.0) with ExternalDependencyInstrumentingArtifactTransform
Transforming builder-test-api-8.6.0.jar (com.android.tools.build:builder-test-api:8.6.0) with ExternalDependencyInstrumentingArtifactTransform
Transforming ddmlib-31.6.0.jar (com.android.tools.ddms:ddmlib:31.6.0) with ExternalDependencyInstrumentingArtifactTransform
Transforming aaptcompiler-8.6.0.jar (com.android.tools.build:aaptcompiler:8.6.0) with ExternalDependencyInstrumentingArtifactTransform
Transforming bundletool-1.16.0.jar (com.android.tools.build:bundletool:1.16.0) with ExternalDependencyInstrumentingArtifactTransform
Transforming aapt2-proto-8.6.0-11315950.jar (com.android.tools.build:aapt2-proto:8.6.0-11315950) with ExternalDependencyInstrumentingArtifactTransform
Transforming crash-31.6.0.jar (com.android.tools.analytics-library:crash:31.6.0) with ExternalDependencyInstrumentingArtifactTransform
Transforming tracker-31.6.0.jar (com.android.tools.analytics-library:tracker:31.6.0) with ExternalDependencyInstrumentingArtifactTransform
Transforming shared-31.6.0.jar (com.android.tools.analytics-library:shared:31.6.0) with ExternalDependencyInstrumentingArtifactTransform
Transforming lint-typedef-remover-31.6.0.jar (com.android.tools.lint:lint-typedef-remover:31.6.0) with ExternalDependencyInstrumentingArtifactTransform
Transforming databinding-compiler-common-8.6.0.jar (androidx.databinding:databinding-compiler-common:8.6.0) with ExternalDependencyInstrumentingArtifactTransform
Transforming databinding-common-8.6.0.jar (androidx.databinding:databinding-common:8.6.0) with ExternalDependencyInstrumentingArtifactTransform
Transforming baseLibrary-8.6.0.jar (com.android.databinding:baseLibrary:8.6.0) with ExternalDependencyInstrumentingArtifactTransform
Transforming layoutlib-api-31.6.0.jar (com.android.tools.layoutlib:layoutlib-api:31.6.0) with ExternalDependencyInstrumentingArtifactTransform
Transforming android-device-provider-ddmlib-proto-31.6.0.jar (com.android.tools.utp:android-device-provider-ddmlib-proto:31.6.0) with ExternalDependencyInstrumentingArtifactTransform
Transforming android-device-provider-gradle-proto-31.6.0.jar (com.android.tools.utp:android-device-provider-gradle-proto:31.6.0) with ExternalDependencyInstrumentingArtifactTransform
Transforming android-test-plugin-host-additional-test-output-proto-31.6.0.jar (com.android.tools.utp:android-test-plugin-host-additional-test-output-proto:31.6.0) with ExternalDependencyInstrumentingArtifactTransform
Transforming android-test-plugin-host-coverage-proto-31.6.0.jar (com.android.tools.utp:android-test-plugin-host-coverage-proto:31.6.0) with ExternalDependencyInstrumentingArtifactTransform
Transforming android-test-plugin-host-emulator-control-proto-31.6.0.jar (com.android.tools.utp:android-test-plugin-host-emulator-control-proto:31.6.0) with ExternalDependencyInstrumentingArtifactTransform
Transforming android-test-plugin-host-logcat-proto-31.6.0.jar (com.android.tools.utp:android-test-plugin-host-logcat-proto:31.6.0) with ExternalDependencyInstrumentingArtifactTransform
Transforming android-test-plugin-host-apk-installer-proto-31.6.0.jar (com.android.tools.utp:android-test-plugin-host-apk-installer-proto:31.6.0) with ExternalDependencyInstrumentingArtifactTransform
Transforming android-test-plugin-host-retention-proto-31.6.0.jar (com.android.tools.utp:android-test-plugin-host-retention-proto:31.6.0) with ExternalDependencyInstrumentingArtifactTransform
Transforming android-test-plugin-result-listener-gradle-proto-31.6.0.jar (com.android.tools.utp:android-test-plugin-result-listener-gradle-proto:31.6.0) with ExternalDependencyInstrumentingArtifactTransform
Transforming builder-model-8.6.0.jar (com.android.tools.build:builder-model:8.6.0) with ExternalDependencyInstrumentingArtifactTransform
Transforming dvlib-31.6.0.jar (com.android.tools:dvlib:31.6.0) with ExternalDependencyInstrumentingArtifactTransform
Transforming common-31.6.0.jar (com.android.tools:common:31.6.0) with ExternalDependencyInstrumentingArtifactTransform
Transforming jetifier-processor-1.0.0-beta10.jar (com.android.tools.build.jetifier:jetifier-processor:1.0.0-beta10) with ExternalDependencyInstrumentingArtifactTransform
Transforming jetifier-core-1.0.0-beta10.jar (com.android.tools.build.jetifier:jetifier-core:1.0.0-beta10) with ExternalDependencyInstrumentingArtifactTransform
Transforming kotlin-reflect-1.9.20.jar (org.jetbrains.kotlin:kotlin-reflect:1.9.20) with ExternalDependencyInstrumentingArtifactTransform
Transforming kotlin-stdlib-jdk7-1.9.20.jar (org.jetbrains.kotlin:kotlin-stdlib-jdk7:1.9.20) with ExternalDependencyInstrumentingArtifactTransform
Transforming kotlin-stdlib-1.9.20.jar (org.jetbrains.kotlin:kotlin-stdlib:1.9.20) with ExternalDependencyInstrumentingArtifactTransform
Transforming kotlin-stdlib-jdk8-1.9.20.jar (org.jetbrains.kotlin:kotlin-stdlib-jdk8:1.9.20) with ExternalDependencyInstrumentingArtifactTransform
Transforming transform-api-2.0.0-deprecated-use-gradle-api.jar (com.android.tools.build:transform-api:2.0.0-deprecated-use-gradle-api) with ExternalDependencyInstrumentingArtifactTransform
Transforming httpmime-4.5.6.jar (org.apache.httpcomponents:httpmime:4.5.6) with ExternalDependencyInstrumentingArtifactTransform
Transforming commons-io-2.13.0.jar (commons-io:commons-io:2.13.0) with ExternalDependencyInstrumentingArtifactTransform
Transforming asm-commons-9.6.jar (org.ow2.asm:asm-commons:9.6) with ExternalDependencyInstrumentingArtifactTransform
Transforming asm-util-9.6.jar (org.ow2.asm:asm-util:9.6) with ExternalDependencyInstrumentingArtifactTransform
Transforming asm-analysis-9.6.jar (org.ow2.asm:asm-analysis:9.6) with ExternalDependencyInstrumentingArtifactTransform
Transforming asm-tree-9.6.jar (org.ow2.asm:asm-tree:9.6) with ExternalDependencyInstrumentingArtifactTransform
Transforming asm-9.6.jar (org.ow2.asm:asm:9.6) with ExternalDependencyInstrumentingArtifactTransform
Transforming apkzlib-8.6.0.jar (com.android.tools.build:apkzlib:8.6.0) with ExternalDependencyInstrumentingArtifactTransform
Transforming bcpkix-jdk18on-1.77.jar (org.bouncycastle:bcpkix-jdk18on:1.77) with ExternalDependencyInstrumentingArtifactTransform
Transforming jaxb-runtime-2.3.2.jar (org.glassfish.jaxb:jaxb-runtime:2.3.2) with ExternalDependencyInstrumentingArtifactTransform
Transforming jopt-simple-4.9.jar (net.sf.jopt-simple:jopt-simple:4.9) with ExternalDependencyInstrumentingArtifactTransform
Transforming javapoet-1.10.0.jar (com.squareup:javapoet:1.10.0) with ExternalDependencyInstrumentingArtifactTransform
Transforming protobuf-java-util-3.22.3.jar (com.google.protobuf:protobuf-java-util:3.22.3) with ExternalDependencyInstrumentingArtifactTransform
Transforming grpc-protobuf-1.57.0.jar (io.grpc:grpc-protobuf:1.57.0) with ExternalDependencyInstrumentingArtifactTransform
Transforming tink-1.7.0.jar (com.google.crypto.tink:tink:1.7.0) with ExternalDependencyInstrumentingArtifactTransform
Transforming protos-31.6.0.jar (com.android.tools.analytics-library:protos:31.6.0) with ExternalDependencyInstrumentingArtifactTransform
Transforming proto-google-common-protos-2.17.0.jar (com.google.api.grpc:proto-google-common-protos:2.17.0) with ExternalDependencyInstrumentingArtifactTransform
Transforming protobuf-java-3.22.3.jar (com.google.protobuf:protobuf-java:3.22.3) with ExternalDependencyInstrumentingArtifactTransform
Transforming grpc-netty-1.57.0.jar (io.grpc:grpc-netty:1.57.0) with ExternalDependencyInstrumentingArtifactTransform
Transforming grpc-core-1.57.0.jar (io.grpc:grpc-core:1.57.0) with ExternalDependencyInstrumentingArtifactTransform
Transforming gson-2.10.1.jar (com.google.code.gson:gson:2.10.1) with ExternalDependencyInstrumentingArtifactTransform
Transforming grpc-stub-1.57.0.jar (io.grpc:grpc-stub:1.57.0) with ExternalDependencyInstrumentingArtifactTransform
Transforming core-proto-0.0.9-alpha02.jar (com.google.testing.platform:core-proto:0.0.9-alpha02) with ExternalDependencyInstrumentingArtifactTransform
Transforming kxml2-2.3.0.jar (net.sf.kxml:kxml2:2.3.0) with ExternalDependencyInstrumentingArtifactTransform
Transforming tensorflow-lite-metadata-0.1.0-rc2.jar (org.tensorflow:tensorflow-lite-metadata:0.1.0-rc2) with ExternalDependencyInstrumentingArtifactTransform
Transforming flatbuffers-java-1.12.0.jar (com.google.flatbuffers:flatbuffers-java:1.12.0) with ExternalDependencyInstrumentingArtifactTransform
Transforming kotlin-gradle-plugin-idea-proto-1.9.22.jar (org.jetbrains.kotlin:kotlin-gradle-plugin-idea-proto:1.9.22) with ExternalDependencyInstrumentingArtifactTransform
Transforming kotlin-gradle-plugin-idea-1.9.22.jar (org.jetbrains.kotlin:kotlin-gradle-plugin-idea:1.9.22) with ExternalDependencyInstrumentingArtifactTransform
Transforming kotlin-klib-commonizer-api-1.9.22.jar (org.jetbrains.kotlin:kotlin-klib-commonizer-api:1.9.22) with ExternalDependencyInstrumentingArtifactTransform
Transforming kotlin-native-utils-1.9.22.jar (org.jetbrains.kotlin:kotlin-native-utils:1.9.22) with ExternalDependencyInstrumentingArtifactTransform
Transforming kotlin-util-klib-1.9.22.jar (org.jetbrains.kotlin:kotlin-util-klib:1.9.22) with ExternalDependencyInstrumentingArtifactTransform
Transforming kotlin-build-tools-api-1.9.22.jar (org.jetbrains.kotlin:kotlin-build-tools-api:1.9.22) with ExternalDependencyInstrumentingArtifactTransform
Transforming kotlin-android-extensions-1.9.22.jar (org.jetbrains.kotlin:kotlin-android-extensions:1.9.22) with ExternalDependencyInstrumentingArtifactTransform
Transforming kotlin-compiler-runner-1.9.22.jar (org.jetbrains.kotlin:kotlin-compiler-runner:1.9.22) with ExternalDependencyInstrumentingArtifactTransform
Transforming kotlin-compiler-embeddable-1.9.22.jar (org.jetbrains.kotlin:kotlin-compiler-embeddable:1.9.22) with ExternalDependencyInstrumentingArtifactTransform
Transforming kotlin-scripting-compiler-embeddable-1.9.22.jar (org.jetbrains.kotlin:kotlin-scripting-compiler-embeddable:1.9.22) with ExternalDependencyInstrumentingArtifactTransform
Transforming kotlin-scripting-compiler-impl-embeddable-1.9.22.jar (org.jetbrains.kotlin:kotlin-scripting-compiler-impl-embeddable:1.9.22) with ExternalDependencyInstrumentingArtifactTransform
Transforming jimfs-1.1.jar (com.google.jimfs:jimfs:1.1) with ExternalDependencyInstrumentingArtifactTransform
Transforming grpc-context-1.57.0.jar (io.grpc:grpc-context:1.57.0) with ExternalDependencyInstrumentingArtifactTransform
Transforming grpc-protobuf-lite-1.57.0.jar (io.grpc:grpc-protobuf-lite:1.57.0) with ExternalDependencyInstrumentingArtifactTransform
Transforming grpc-api-1.57.0.jar (io.grpc:grpc-api:1.57.0) with ExternalDependencyInstrumentingArtifactTransform
Transforming guava-32.0.1-jre.jar (com.google.guava:guava:32.0.1-jre) with ExternalDependencyInstrumentingArtifactTransform
Transforming dagger-2.28.3.jar (com.google.dagger:dagger:2.28.3) with ExternalDependencyInstrumentingArtifactTransform
Transforming javax.inject-1.jar (javax.inject:javax.inject:1) with ExternalDependencyInstrumentingArtifactTransform
Transforming bcutil-jdk18on-1.77.jar (org.bouncycastle:bcutil-jdk18on:1.77) with ExternalDependencyInstrumentingArtifactTransform
Transforming bcprov-jdk18on-1.77.jar (org.bouncycastle:bcprov-jdk18on:1.77) with ExternalDependencyInstrumentingArtifactTransform
Transforming trove4j-1.0.20200330.jar (org.jetbrains.intellij.deps:trove4j:1.0.20200330) with ExternalDependencyInstrumentingArtifactTransform
Transforming commons-compress-1.21.jar (org.apache.commons:commons-compress:1.21) with ExternalDependencyInstrumentingArtifactTransform
Transforming httpclient-4.5.14.jar (org.apache.httpcomponents:httpclient:4.5.14) with ExternalDependencyInstrumentingArtifactTransform
Transforming httpcore-4.4.16.jar (org.apache.httpcomponents:httpcore:4.4.16) with ExternalDependencyInstrumentingArtifactTransform
Transforming javax.activation-1.2.0.jar (com.sun.activation:javax.activation:1.2.0) with ExternalDependencyInstrumentingArtifactTransform
Transforming annotations-23.0.0.jar (org.jetbrains:annotations:23.0.0) with ExternalDependencyInstrumentingArtifactTransform
Transforming signflinger-8.6.0.jar (com.android:signflinger:8.6.0) with ExternalDependencyInstrumentingArtifactTransform
Transforming zipflinger-8.6.0.jar (com.android:zipflinger:8.6.0) with ExternalDependencyInstrumentingArtifactTransform
Transforming annotations-31.6.0.jar (com.android.tools:annotations:31.6.0) with ExternalDependencyInstrumentingArtifactTransform
Transforming jna-platform-5.6.0.jar (net.java.dev.jna:jna-platform:5.6.0) with ExternalDependencyInstrumentingArtifactTransform
Transforming juniversalchardet-1.0.3.jar (com.googlecode.juniversalchardet:juniversalchardet:1.0.3) with ExternalDependencyInstrumentingArtifactTransform
Transforming javax.annotation-api-1.3.2.jar (javax.annotation:javax.annotation-api:1.3.2) with ExternalDependencyInstrumentingArtifactTransform
Transforming stax-ex-1.8.1.jar (org.jvnet.staxex:stax-ex:1.8.1) with ExternalDependencyInstrumentingArtifactTransform
Transforming jakarta.xml.bind-api-2.3.2.jar (jakarta.xml.bind:jakarta.xml.bind-api:2.3.2) with ExternalDependencyInstrumentingArtifactTransform
Transforming txw2-2.3.2.jar (org.glassfish.jaxb:txw2:2.3.2) with ExternalDependencyInstrumentingArtifactTransform
Transforming istack-commons-runtime-3.0.8.jar (com.sun.istack:istack-commons-runtime:3.0.8) with ExternalDependencyInstrumentingArtifactTransform
Transforming FastInfoset-1.2.16.jar (com.sun.xml.fastinfoset:FastInfoset:1.2.16) with ExternalDependencyInstrumentingArtifactTransform
Transforming jakarta.activation-api-1.2.1.jar (jakarta.activation:jakarta.activation-api:1.2.1) with ExternalDependencyInstrumentingArtifactTransform
Transforming auto-value-annotations-1.6.2.jar (com.google.auto.value:auto-value-annotations:1.6.2) with ExternalDependencyInstrumentingArtifactTransform
Transforming error_prone_annotations-2.18.0.jar (com.google.errorprone:error_prone_annotations:2.18.0) with ExternalDependencyInstrumentingArtifactTransform
Transforming jose4j-0.9.5.jar (org.bitbucket.b_c:jose4j:0.9.5) with ExternalDependencyInstrumentingArtifactTransform
Transforming slf4j-api-1.7.30.jar (org.slf4j:slf4j-api:1.7.30) with ExternalDependencyInstrumentingArtifactTransform
Transforming jdom2-2.0.6.jar (org.jdom:jdom2:2.0.6) with ExternalDependencyInstrumentingArtifactTransform
Transforming jsr305-3.0.2.jar (com.google.code.findbugs:jsr305:3.0.2) with ExternalDependencyInstrumentingArtifactTransform
Transforming j2objc-annotations-2.8.jar (com.google.j2objc:j2objc-annotations:2.8) with ExternalDependencyInstrumentingArtifactTransform
Transforming annotations-4.1.1.4.jar (com.google.android:annotations:4.1.1.4) with ExternalDependencyInstrumentingArtifactTransform
Transforming animal-sniffer-annotations-1.23.jar (org.codehaus.mojo:animal-sniffer-annotations:1.23) with ExternalDependencyInstrumentingArtifactTransform
Transforming perfmark-api-0.26.0.jar (io.perfmark:perfmark-api:0.26.0) with ExternalDependencyInstrumentingArtifactTransform
Transforming netty-codec-http2-4.1.93.Final.jar (io.netty:netty-codec-http2:4.1.93.Final) with ExternalDependencyInstrumentingArtifactTransform
Transforming netty-handler-proxy-4.1.93.Final.jar (io.netty:netty-handler-proxy:4.1.93.Final) with ExternalDependencyInstrumentingArtifactTransform
Transforming netty-codec-http-4.1.93.Final.jar (io.netty:netty-codec-http:4.1.93.Final) with ExternalDependencyInstrumentingArtifactTransform
Transforming netty-handler-4.1.93.Final.jar (io.netty:netty-handler:4.1.93.Final) with ExternalDependencyInstrumentingArtifactTransform
Transforming netty-transport-native-unix-common-4.1.93.Final.jar (io.netty:netty-transport-native-unix-common:4.1.93.Final) with ExternalDependencyInstrumentingArtifactTransform
Transforming checker-qual-3.33.0.jar (org.checkerframework:checker-qual:3.33.0) with ExternalDependencyInstrumentingArtifactTransform
Transforming commons-codec-1.11.jar (commons-codec:commons-codec:1.11) with ExternalDependencyInstrumentingArtifactTransform
Transforming apksig-8.6.0.jar (com.android.tools.build:apksig:8.6.0) with ExternalDependencyInstrumentingArtifactTransform
Transforming javawriter-2.5.0.jar (com.squareup:javawriter:2.5.0) with ExternalDependencyInstrumentingArtifactTransform
Transforming kotlin-gradle-plugin-annotations-1.9.22.jar (org.jetbrains.kotlin:kotlin-gradle-plugin-annotations:1.9.22) with ExternalDependencyInstrumentingArtifactTransform
Transforming kotlin-project-model-1.9.22.jar (org.jetbrains.kotlin:kotlin-project-model:1.9.22) with ExternalDependencyInstrumentingArtifactTransform
Transforming kotlin-tooling-core-1.9.22.jar (org.jetbrains.kotlin:kotlin-tooling-core:1.9.22) with ExternalDependencyInstrumentingArtifactTransform
Transforming kotlin-util-io-1.9.22.jar (org.jetbrains.kotlin:kotlin-util-io:1.9.22) with ExternalDependencyInstrumentingArtifactTransform
Transforming kotlin-daemon-embeddable-1.9.22.jar (org.jetbrains.kotlin:kotlin-daemon-embeddable:1.9.22) with ExternalDependencyInstrumentingArtifactTransform
Transforming kotlin-daemon-client-1.9.22.jar (org.jetbrains.kotlin:kotlin-daemon-client:1.9.22) with ExternalDependencyInstrumentingArtifactTransform
Transforming kotlinx-coroutines-core-jvm-1.5.0.jar (org.jetbrains.kotlinx:kotlinx-coroutines-core-jvm:1.5.0) with ExternalDependencyInstrumentingArtifactTransform
Transforming kotlin-scripting-jvm-1.9.22.jar (org.jetbrains.kotlin:kotlin-scripting-jvm:1.9.22) with ExternalDependencyInstrumentingArtifactTransform
Transforming kotlin-scripting-common-1.9.22.jar (org.jetbrains.kotlin:kotlin-scripting-common:1.9.22) with ExternalDependencyInstrumentingArtifactTransform
Transforming failureaccess-1.0.1.jar (com.google.guava:failureaccess:1.0.1) with ExternalDependencyInstrumentingArtifactTransform
Transforming listenablefuture-9999.0-empty-to-avoid-conflict-with-guava.jar (com.google.guava:listenablefuture:9999.0-empty-to-avoid-conflict-with-guava) with ExternalDependencyInstrumentingArtifactTransform
Transforming commons-logging-1.2.jar (commons-logging:commons-logging:1.2) with ExternalDependencyInstrumentingArtifactTransform
Transforming jna-5.6.0.jar (net.java.dev.jna:jna:5.6.0) with ExternalDependencyInstrumentingArtifactTransform
Transforming netty-codec-socks-4.1.93.Final.jar (io.netty:netty-codec-socks:4.1.93.Final) with ExternalDependencyInstrumentingArtifactTransform
Transforming netty-codec-4.1.93.Final.jar (io.netty:netty-codec:4.1.93.Final) with ExternalDependencyInstrumentingArtifactTransform
Transforming netty-transport-4.1.93.Final.jar (io.netty:netty-transport:4.1.93.Final) with ExternalDependencyInstrumentingArtifactTransform
Transforming netty-buffer-4.1.93.Final.jar (io.netty:netty-buffer:4.1.93.Final) with ExternalDependencyInstrumentingArtifactTransform
Transforming netty-resolver-4.1.93.Final.jar (io.netty:netty-resolver:4.1.93.Final) with ExternalDependencyInstrumentingArtifactTransform
Transforming netty-common-4.1.93.Final.jar (io.netty:netty-common:4.1.93.Final) with ExternalDependencyInstrumentingArtifactTransform

> Configure project :app
Evaluating project ':app' using build file '/home/runner/work/NearChuckle-android-wip-edition/NearChuckle-android-wip-edition/android/app/build.gradle'.
WARNING: The option setting 'android.defaults.buildfeatures.buildconfig=true' is deprecated.
The current default is 'false'.
It will be removed in version 9.0 of the Android Gradle plugin.
To keep using this feature, add the following to your module-level build.gradle files:
    android.buildFeatures.buildConfig = true
or from Android Studio, click: `Refactor` > `Migrate BuildConfig to Gradle Build Files`.
Using default execution profile
C/C++: android.ndkVersion from module build.gradle is [26.1.10909125]
C/C++: android.ndkPath from module build.gradle is not set
C/C++: ndk.dir in local.properties is not set
C/C++: Not considering ANDROID_NDK_HOME because support was removed after deprecation period.
C/C++: sdkFolder is /usr/local/lib/android/sdk
C/C++: android.ndkVersion from module build.gradle is [26.1.10909125]
C/C++: android.ndkPath from module build.gradle is not set
C/C++: ndk.dir in local.properties is not set
C/C++: Not considering ANDROID_NDK_HOME because support was removed after deprecation period.
C/C++: sdkFolder is /usr/local/lib/android/sdk
C/C++: android.ndkVersion from module build.gradle is [26.1.10909125]
C/C++: android.ndkPath from module build.gradle is not set
C/C++: ndk.dir in local.properties is not set
C/C++: Not considering ANDROID_NDK_HOME because support was removed after deprecation period.
C/C++: sdkFolder is /usr/local/lib/android/sdk
C/C++: android.ndkVersion from module build.gradle is [26.1.10909125]
C/C++: android.ndkPath from module build.gradle is not set
C/C++: ndk.dir in local.properties is not set
C/C++: Not considering ANDROID_NDK_HOME because support was removed after deprecation period.
C/C++: sdkFolder is /usr/local/lib/android/sdk
C/C++: android.ndkVersion from module build.gradle is [26.1.10909125]
C/C++: android.ndkPath from module build.gradle is not set
C/C++: ndk.dir in local.properties is not set
C/C++: Not considering ANDROID_NDK_HOME because support was removed after deprecation period.
C/C++: sdkFolder is /usr/local/lib/android/sdk
C/C++: android.ndkVersion from module build.gradle is [26.1.10909125]
C/C++: android.ndkPath from module build.gradle is not set
C/C++: ndk.dir in local.properties is not set
C/C++: Not considering ANDROID_NDK_HOME because support was removed after deprecation period.
C/C++: sdkFolder is /usr/local/lib/android/sdk
C/C++: android.ndkVersion from module build.gradle is [26.1.10909125]
C/C++: android.ndkPath from module build.gradle is not set
C/C++: ndk.dir in local.properties is not set
C/C++: Not considering ANDROID_NDK_HOME because support was removed after deprecation period.
C/C++: sdkFolder is /usr/local/lib/android/sdk
C/C++: android.ndkVersion from module build.gradle is [26.1.10909125]
C/C++: android.ndkPath from module build.gradle is not set
C/C++: ndk.dir in local.properties is not set
C/C++: Not considering ANDROID_NDK_HOME because support was removed after deprecation period.
C/C++: sdkFolder is /usr/local/lib/android/sdk
C/C++: android.ndkVersion from module build.gradle is [26.1.10909125]
C/C++: android.ndkPath from module build.gradle is not set
C/C++: ndk.dir in local.properties is not set
C/C++: Not considering ANDROID_NDK_HOME because support was removed after deprecation period.
C/C++: sdkFolder is /usr/local/lib/android/sdk
C/C++: android.ndkVersion from module build.gradle is [26.1.10909125]
C/C++: android.ndkPath from module build.gradle is not set
C/C++: ndk.dir in local.properties is not set
C/C++: Not considering ANDROID_NDK_HOME because support was removed after deprecation period.
C/C++: sdkFolder is /usr/local/lib/android/sdk
C/C++: android.ndkVersion from module build.gradle is [26.1.10909125]
C/C++: android.ndkPath from module build.gradle is not set
C/C++: ndk.dir in local.properties is not set
C/C++: Not considering ANDROID_NDK_HOME because support was removed after deprecation period.
C/C++: sdkFolder is /usr/local/lib/android/sdk
C/C++: android.ndkVersion from module build.gradle is [26.1.10909125]
C/C++: android.ndkPath from module build.gradle is not set
C/C++: ndk.dir in local.properties is not set
C/C++: Not considering ANDROID_NDK_HOME because support was removed after deprecation period.
C/C++: sdkFolder is /usr/local/lib/android/sdk
C/C++: android.ndkVersion from module build.gradle is [26.1.10909125]
C/C++: android.ndkPath from module build.gradle is not set
C/C++: ndk.dir in local.properties is not set
C/C++: Not considering ANDROID_NDK_HOME because support was removed after deprecation period.
C/C++: sdkFolder is /usr/local/lib/android/sdk
C/C++: android.ndkVersion from module build.gradle is [26.1.10909125]
C/C++: android.ndkPath from module build.gradle is not set
C/C++: ndk.dir in local.properties is not set
C/C++: Not considering ANDROID_NDK_HOME because support was removed after deprecation period.
C/C++: sdkFolder is /usr/local/lib/android/sdk
C/C++: android.ndkVersion from module build.gradle is [26.1.10909125]
C/C++: android.ndkPath from module build.gradle is not set
C/C++: ndk.dir in local.properties is not set
C/C++: Not considering ANDROID_NDK_HOME because support was removed after deprecation period.
C/C++: sdkFolder is /usr/local/lib/android/sdk
C/C++: android.ndkVersion from module build.gradle is [26.1.10909125]
C/C++: android.ndkPath from module build.gradle is not set
C/C++: ndk.dir in local.properties is not set
C/C++: Not considering ANDROID_NDK_HOME because support was removed after deprecation period.
C/C++: sdkFolder is /usr/local/lib/android/sdk
All projects evaluated.
Task path ':app:assembleDebug' matched project ':app'
Task name matched 'assembleDebug'
Selected primary task 'assembleDebug' from project :app
Tasks to be executed: [task ':app:downloadAnglePrebuilts', task ':app:preBuild', task ':app:preDebugBuild', task ':app:mergeDebugNativeDebugMetadata', task ':app:dataBindingMergeDependencyArtifactsDebug', task ':app:generateDebugResValues', task ':app:generateDebugResources', task ':app:mergeDebugResources', task ':app:packageDebugResources', task ':app:parseDebugLocalResources', task ':app:dataBindingGenBaseClassesDebug', task ':app:generateDebugBuildConfig', task ':app:javaPreCompileDebug', task ':app:checkDebugAarMetadata', task ':app:mapDebugSourceSetPaths', task ':app:createDebugCompatibleScreenManifests', task ':app:extractDeepLinksDebug', task ':app:processDebugMainManifest', task ':app:processDebugManifest', task ':app:processDebugManifestForPackage', task ':app:processDebugResources', task ':app:compileDebugJavaWithJavac', task ':app:mergeDebugShaders', task ':app:compileDebugShaders', task ':app:generateDebugAssets', task ':app:mergeDebugAssets', task ':app:compressDebugAssets', task ':app:desugarDebugFileDependencies', task ':app:dexBuilderDebug', task ':app:mergeDebugGlobalSynthetics', task ':app:processDebugJavaRes', task ':app:mergeDebugJavaResource', task ':app:checkDebugDuplicateClasses', task ':app:mergeExtDexDebug', task ':app:mergeLibDexDebug', task ':app:mergeProjectDexDebug', task ':app:preProfileBuild', task ':app:configureCMakeRelease[arm64-v8a]', task ':app:buildCMakeRelease[arm64-v8a]', task ':app:configureCMakeRelease[armeabi-v7a]', task ':app:buildCMakeRelease[armeabi-v7a]', task ':app:mergeDebugJniLibFolders', task ':app:mergeDebugNativeLibs', task ':app:stripDebugDebugSymbols', task ':app:validateSigningDebug', task ':app:writeDebugAppMetadata', task ':app:writeDebugSigningConfigVersions', task ':app:packageDebug', task ':app:createDebugApkListingFileRedirect', task ':app:assembleDebug']
Tasks that were excluded: []
Resolve mutations for :app:downloadAnglePrebuilts (Thread[Execution worker,5,main]) started.
:app:downloadAnglePrebuilts (Thread[Execution worker,5,main]) started.

> Task :app:downloadAnglePrebuilts
Caching disabled for task ':app:downloadAnglePrebuilts' because:
  Gradle would require more information to cache this task
Task ':app:downloadAnglePrebuilts' is not up-to-date because:
  Task has not declared any outputs despite executing actions.
Starting process 'command 'echo''. Working directory: /home/runner/work/NearChuckle-android-wip-edition/NearChuckle-android-wip-edition/android/app Command: echo ANGLE will be fetched via CMake FetchContent from https://github.com/google/angle
Successfully started process 'command 'echo''
ANGLE will be fetched via CMake FetchContent from https://github.com/google/angle
Resolve mutations for :app:preBuild (Thread[Execution worker,5,main]) started.
:app:preBuild (Thread[Execution worker,5,main]) started.

> Task :app:preBuild
Skipping task ':app:preBuild' as it has no actions.
Resolve mutations for :app:preDebugBuild (Thread[Execution worker,5,main]) started.
:app:preDebugBuild (Thread[Execution worker,5,main]) started.

> Task :app:preDebugBuild
Skipping task ':app:preDebugBuild' as it has no actions.
Resolve mutations for :app:mergeDebugNativeDebugMetadata (Thread[Execution worker,5,main]) started.
:app:mergeDebugNativeDebugMetadata (Thread[Execution worker,5,main]) started.

> Task :app:mergeDebugNativeDebugMetadata NO-SOURCE
Skipping task ':app:mergeDebugNativeDebugMetadata' as it has no source files and no previous output files.
Resolve mutations for :app:dataBindingMergeDependencyArtifactsDebug (Thread[Execution worker,5,main]) started.
:app:dataBindingMergeDependencyArtifactsDebug (Thread[Execution worker,5,main]) started.

> Task :app:dataBindingMergeDependencyArtifactsDebug UP-TO-DATE
Transforming material-1.11.0.aar (com.google.android.material:material:1.11.0) with ExtractAarTransform
Transforming viewbinding-8.6.0.aar (androidx.databinding:viewbinding:8.6.0) with ExtractAarTransform
Transforming appcompat-1.6.1.aar (androidx.appcompat:appcompat:1.6.1) with ExtractAarTransform
Transforming viewbinding-8.6.0.aar (androidx.databinding:viewbinding:8.6.0) with AarTransform
Transforming material-1.11.0.aar (com.google.android.material:material:1.11.0) with AarTransform
Transforming preference-1.2.1.aar (androidx.preference:preference:1.2.1) with ExtractAarTransform
Transforming constraintlayout-2.1.4.aar (androidx.constraintlayout:constraintlayout:2.1.4) with ExtractAarTransform
Transforming preference-1.2.1.aar (androidx.preference:preference:1.2.1) with AarTransform
Transforming appcompat-1.6.1.aar (androidx.appcompat:appcompat:1.6.1) with AarTransform
Transforming constraintlayout-2.1.4.aar (androidx.constraintlayout:constraintlayout:2.1.4) with AarTransform
Transforming dynamicanimation-1.0.0.aar (androidx.dynamicanimation:dynamicanimation:1.0.0) with ExtractAarTransform
Transforming dynamicanimation-1.0.0.aar (androidx.dynamicanimation:dynamicanimation:1.0.0) with AarTransform
Transforming documentfile-1.0.1.aar (androidx.documentfile:documentfile:1.0.1) with ExtractAarTransform
Transforming documentfile-1.0.1.aar (androidx.documentfile:documentfile:1.0.1) with AarTransform
Transforming viewpager2-1.0.0.aar (androidx.viewpager2:viewpager2:1.0.0) with ExtractAarTransform
Transforming fragment-ktx-1.3.6.aar (androidx.fragment:fragment-ktx:1.3.6) with ExtractAarTransform
Transforming viewpager2-1.0.0.aar (androidx.viewpager2:viewpager2:1.0.0) with AarTransform
Transforming fragment-ktx-1.3.6.aar (androidx.fragment:fragment-ktx:1.3.6) with AarTransform
Transforming fragment-1.3.6.aar (androidx.fragment:fragment:1.3.6) with ExtractAarTransform
Transforming fragment-1.3.6.aar (androidx.fragment:fragment:1.3.6) with ExtractAarTransform
Transforming fragment-1.3.6.aar (androidx.fragment:fragment:1.3.6) with AarTransform
Transforming documentfile-1.0.1.aar (androidx.documentfile:documentfile:1.0.1) with ExtractAarTransform
Transforming documentfile-1.0.1.aar (androidx.documentfile:documentfile:1.0.1) with AarTransform
Transforming activity-ktx-1.8.0.aar (androidx.activity:activity-ktx:1.8.0) with ExtractAarTransform
Transforming fragment-1.3.6.aar (androidx.fragment:fragment:1.3.6) with AarTransform
Transforming activity-ktx-1.8.0.aar (androidx.activity:activity-ktx:1.8.0) with AarTransform
Transforming legacy-support-core-utils-1.0.0.aar (androidx.legacy:legacy-support-core-utils:1.0.0) with ExtractAarTransform
Transforming activity-1.8.0.aar (androidx.activity:activity:1.8.0) with ExtractAarTransform
Transforming appcompat-resources-1.6.1.aar (androidx.appcompat:appcompat-resources:1.6.1) with ExtractAarTransform
Transforming legacy-support-core-utils-1.0.0.aar (androidx.legacy:legacy-support-core-utils:1.0.0) with AarTransform
Transforming appcompat-resources-1.6.1.aar (androidx.appcompat:appcompat-resources:1.6.1) with AarTransform
Transforming activity-1.8.0.aar (androidx.activity:activity:1.8.0) with AarTransform
Transforming coordinatorlayout-1.1.0.aar (androidx.coordinatorlayout:coordinatorlayout:1.1.0) with ExtractAarTransform
Transforming recyclerview-1.1.0.aar (androidx.recyclerview:recyclerview:1.1.0) with ExtractAarTransform
Transforming coordinatorlayout-1.1.0.aar (androidx.coordinatorlayout:coordinatorlayout:1.1.0) with AarTransform
Transforming recyclerview-1.1.0.aar (androidx.recyclerview:recyclerview:1.1.0) with AarTransform
Transforming recyclerview-1.1.0.aar (androidx.recyclerview:recyclerview:1.1.0) with ExtractAarTransform
Transforming recyclerview-1.1.0.aar (androidx.recyclerview:recyclerview:1.1.0) with AarTransform
Transforming transition-1.4.1.aar (androidx.transition:transition:1.4.1) with ExtractAarTransform
Transforming transition-1.4.1.aar (androidx.transition:transition:1.4.1) with AarTransform
Transforming vectordrawable-animated-1.1.0.aar (androidx.vectordrawable:vectordrawable-animated:1.1.0) with ExtractAarTransform
Transforming vectordrawable-animated-1.1.0.aar (androidx.vectordrawable:vectordrawable-animated:1.1.0) with AarTransform
Transforming slidingpanelayout-1.2.0.aar (androidx.slidingpanelayout:slidingpanelayout:1.2.0) with ExtractAarTransform
Transforming drawerlayout-1.1.1.aar (androidx.drawerlayout:drawerlayout:1.1.1) with ExtractAarTransform
Transforming slidingpanelayout-1.2.0.aar (androidx.slidingpanelayout:slidingpanelayout:1.2.0) with AarTransform
Transforming drawerlayout-1.1.1.aar (androidx.drawerlayout:drawerlayout:1.1.1) with AarTransform
Transforming viewpager-1.0.0.aar (androidx.viewpager:viewpager:1.0.0) with ExtractAarTransform
Transforming customview-1.1.0.aar (androidx.customview:customview:1.1.0) with ExtractAarTransform
Transforming viewpager-1.0.0.aar (androidx.viewpager:viewpager:1.0.0) with AarTransform
Transforming customview-1.1.0.aar (androidx.customview:customview:1.1.0) with AarTransform
Transforming customview-1.1.0.aar (androidx.customview:customview:1.1.0) with ExtractAarTransform
Transforming customview-1.1.0.aar (androidx.customview:customview:1.1.0) with ExtractAarTransform
Transforming customview-1.1.0.aar (androidx.customview:customview:1.1.0) with AarTransform
Transforming customview-1.1.0.aar (androidx.customview:customview:1.1.0) with AarTransform
Transforming loader-1.0.0.aar (androidx.loader:loader:1.0.0) with ExtractAarTransform
Transforming loader-1.0.0.aar (androidx.loader:loader:1.0.0) with AarTransform
Transforming lifecycle-livedata-2.6.1.aar (androidx.lifecycle:lifecycle-livedata:2.6.1) with ExtractAarTransform
Transforming lifecycle-livedata-2.6.1.aar (androidx.lifecycle:lifecycle-livedata:2.6.1) with AarTransform
Transforming lifecycle-livedata-core-ktx-2.6.1.aar (androidx.lifecycle:lifecycle-livedata-core-ktx:2.6.1) with ExtractAarTransform
Transforming lifecycle-livedata-core-ktx-2.6.1.aar (androidx.lifecycle:lifecycle-livedata-core-ktx:2.6.1) with AarTransform
Transforming lifecycle-viewmodel-ktx-2.6.1.aar (androidx.lifecycle:lifecycle-viewmodel-ktx:2.6.1) with ExtractAarTransform
Transforming lifecycle-viewmodel-ktx-2.6.1.aar (androidx.lifecycle:lifecycle-viewmodel-ktx:2.6.1) with AarTransform
Transforming vectordrawable-1.1.0.aar (androidx.vectordrawable:vectordrawable:1.1.0) with ExtractAarTransform
Transforming loader-1.0.0.aar (androidx.loader:loader:1.0.0) with ExtractAarTransform
Transforming vectordrawable-1.1.0.aar (androidx.vectordrawable:vectordrawable:1.1.0) with AarTransform
Transforming vectordrawable-1.1.0.aar (androidx.vectordrawable:vectordrawable:1.1.0) with ExtractAarTransform
Transforming loader-1.0.0.aar (androidx.loader:loader:1.0.0) with AarTransform
Transforming vectordrawable-1.1.0.aar (androidx.vectordrawable:vectordrawable:1.1.0) with AarTransform
Transforming lifecycle-runtime-ktx-2.6.1.aar (androidx.lifecycle:lifecycle-runtime-ktx:2.6.1) with ExtractAarTransform
Transforming lifecycle-viewmodel-2.6.1.aar (androidx.lifecycle:lifecycle-viewmodel:2.6.1) with ExtractAarTransform
Transforming lifecycle-runtime-ktx-2.6.1.aar (androidx.lifecycle:lifecycle-runtime-ktx:2.6.1) with AarTransform
Transforming lifecycle-viewmodel-2.6.1.aar (androidx.lifecycle:lifecycle-viewmodel:2.6.1) with AarTransform
Transforming lifecycle-viewmodel-2.6.1.aar (androidx.lifecycle:lifecycle-viewmodel:2.6.1) with ExtractAarTransform
Transforming lifecycle-viewmodel-2.6.1.aar (androidx.lifecycle:lifecycle-viewmodel:2.6.1) with AarTransform
Transforming lifecycle-runtime-2.6.1.aar (androidx.lifecycle:lifecycle-runtime:2.6.1) with ExtractAarTransform
Transforming lifecycle-viewmodel-savedstate-2.6.1.aar (androidx.lifecycle:lifecycle-viewmodel-savedstate:2.6.1) with ExtractAarTransform
Transforming lifecycle-runtime-2.6.1.aar (androidx.lifecycle:lifecycle-runtime:2.6.1) with AarTransform
Transforming lifecycle-livedata-core-2.6.1.aar (androidx.lifecycle:lifecycle-livedata-core:2.6.1) with ExtractAarTransform
Transforming lifecycle-viewmodel-savedstate-2.6.1.aar (androidx.lifecycle:lifecycle-viewmodel-savedstate:2.6.1) with AarTransform
Transforming lifecycle-livedata-core-2.6.1.aar (androidx.lifecycle:lifecycle-livedata-core:2.6.1) with AarTransform
Transforming core-1.9.0.aar (androidx.core:core:1.9.0) with ExtractAarTransform
Transforming core-1.9.0.aar (androidx.core:core:1.9.0) with ExtractAarTransform
Transforming core-1.9.0.aar (androidx.core:core:1.9.0) with AarTransform
Transforming core-1.9.0.aar (androidx.core:core:1.9.0) with AarTransform
Transforming core-ktx-1.9.0.aar (androidx.core:core-ktx:1.9.0) with ExtractAarTransform
Transforming core-ktx-1.9.0.aar (androidx.core:core-ktx:1.9.0) with AarTransform
Transforming core-1.9.0.aar (androidx.core:core:1.9.0) with ExtractAarTransform
Transforming core-1.9.0.aar (androidx.core:core:1.9.0) with AarTransform
Transforming savedstate-ktx-1.2.1.aar (androidx.savedstate:savedstate-ktx:1.2.1) with ExtractAarTransform
Transforming cursoradapter-1.0.0.aar (androidx.cursoradapter:cursoradapter:1.0.0) with ExtractAarTransform
Transforming savedstate-1.2.1.aar (androidx.savedstate:savedstate:1.2.1) with ExtractAarTransform
Transforming cursoradapter-1.0.0.aar (androidx.cursoradapter:cursoradapter:1.0.0) with AarTransform
Transforming cardview-1.0.0.aar (androidx.cardview:cardview:1.0.0) with ExtractAarTransform
Transforming savedstate-1.2.1.aar (androidx.savedstate:savedstate:1.2.1) with AarTransform
Transforming savedstate-ktx-1.2.1.aar (androidx.savedstate:savedstate-ktx:1.2.1) with AarTransform
Transforming versionedparcelable-1.1.1.aar (androidx.versionedparcelable:versionedparcelable:1.1.1) with ExtractAarTransform
Transforming versionedparcelable-1.1.1.aar (androidx.versionedparcelable:versionedparcelable:1.1.1) with AarTransform
Transforming core-runtime-2.2.0.aar (androidx.arch.core:core-runtime:2.2.0) with ExtractAarTransform
Transforming core-runtime-2.2.0.aar (androidx.arch.core:core-runtime:2.2.0) with AarTransform
Transforming localbroadcastmanager-1.0.0.aar (androidx.localbroadcastmanager:localbroadcastmanager:1.0.0) with ExtractAarTransform
Transforming interpolator-1.0.0.aar (androidx.interpolator:interpolator:1.0.0) with ExtractAarTransform
Transforming print-1.0.0.aar (androidx.print:print:1.0.0) with ExtractAarTransform
Transforming interpolator-1.0.0.aar (androidx.interpolator:interpolator:1.0.0) with AarTransform
Transforming print-1.0.0.aar (androidx.print:print:1.0.0) with AarTransform
Transforming cardview-1.0.0.aar (androidx.cardview:cardview:1.0.0) with AarTransform
Transforming localbroadcastmanager-1.0.0.aar (androidx.localbroadcastmanager:localbroadcastmanager:1.0.0) with AarTransform
Transforming annotation-experimental-1.3.0.aar (androidx.annotation:annotation-experimental:1.3.0) with ExtractAarTransform
Transforming annotation-experimental-1.3.0.aar (androidx.annotation:annotation-experimental:1.3.0) with AarTransform
Transforming viewbinding-8.6.0.aar (androidx.databinding:viewbinding:8.6.0) with ExtractAarTransform
Transforming viewbinding-8.6.0.aar (androidx.databinding:viewbinding:8.6.0) with AarTransform
Transforming material-1.11.0.aar (com.google.android.material:material:1.11.0) with ExtractAarTransform
Transforming material-1.11.0.aar (com.google.android.material:material:1.11.0) with AarTransform
Transforming constraintlayout-2.1.4.aar (androidx.constraintlayout:constraintlayout:2.1.4) with ExtractAarTransform
Transforming constraintlayout-2.1.4.aar (androidx.constraintlayout:constraintlayout:2.1.4) with AarTransform
Transforming preference-1.2.1.aar (androidx.preference:preference:1.2.1) with ExtractAarTransform
Transforming preference-1.2.1.aar (androidx.preference:preference:1.2.1) with AarTransform
Transforming appcompat-resources-1.6.1.aar (androidx.appcompat:appcompat-resources:1.6.1) with ExtractAarTransform
Transforming appcompat-resources-1.6.1.aar (androidx.appcompat:appcompat-resources:1.6.1) with AarTransform
Transforming appcompat-1.6.1.aar (androidx.appcompat:appcompat:1.6.1) with ExtractAarTransform
Transforming appcompat-1.6.1.aar (androidx.appcompat:appcompat:1.6.1) with AarTransform
Transforming dynamicanimation-1.0.0.aar (androidx.dynamicanimation:dynamicanimation:1.0.0) with ExtractAarTransform
Transforming dynamicanimation-1.0.0.aar (androidx.dynamicanimation:dynamicanimation:1.0.0) with AarTransform
Transforming documentfile-1.0.1.aar (androidx.documentfile:documentfile:1.0.1) with ExtractAarTransform
Transforming documentfile-1.0.1.aar (androidx.documentfile:documentfile:1.0.1) with AarTransform
Transforming viewpager2-1.0.0.aar (androidx.viewpager2:viewpager2:1.0.0) with ExtractAarTransform
Transforming viewpager2-1.0.0.aar (androidx.viewpager2:viewpager2:1.0.0) with AarTransform
Transforming fragment-ktx-1.3.6.aar (androidx.fragment:fragment-ktx:1.3.6) with ExtractAarTransform
Transforming fragment-ktx-1.3.6.aar (androidx.fragment:fragment-ktx:1.3.6) with AarTransform
Transforming emoji2-views-helper-1.2.0.aar (androidx.emoji2:emoji2-views-helper:1.2.0) with ExtractAarTransform
Transforming fragment-1.3.6.aar (androidx.fragment:fragment:1.3.6) with ExtractAarTransform
Transforming emoji2-views-helper-1.2.0.aar (androidx.emoji2:emoji2-views-helper:1.2.0) with AarTransform
Transforming fragment-1.3.6.aar (androidx.fragment:fragment:1.3.6) with AarTransform
Transforming activity-ktx-1.8.0.aar (androidx.activity:activity-ktx:1.8.0) with ExtractAarTransform
Transforming activity-ktx-1.8.0.aar (androidx.activity:activity-ktx:1.8.0) with AarTransform
Transforming activity-1.8.0.aar (androidx.activity:activity:1.8.0) with ExtractAarTransform
Transforming activity-1.8.0.aar (androidx.activity:activity:1.8.0) with AarTransform
Transforming drawerlayout-1.1.1.aar (androidx.drawerlayout:drawerlayout:1.1.1) with ExtractAarTransform
Transforming drawerlayout-1.1.1.aar (androidx.drawerlayout:drawerlayout:1.1.1) with AarTransform
Transforming coordinatorlayout-1.1.0.aar (androidx.coordinatorlayout:coordinatorlayout:1.1.0) with ExtractAarTransform
Transforming coordinatorlayout-1.1.0.aar (androidx.coordinatorlayout:coordinatorlayout:1.1.0) with AarTransform
Transforming vectordrawable-animated-1.1.0.aar (androidx.vectordrawable:vectordrawable-animated:1.1.0) with ExtractAarTransform
Transforming vectordrawable-animated-1.1.0.aar (androidx.vectordrawable:vectordrawable-animated:1.1.0) with AarTransform
Transforming vectordrawable-1.1.0.aar (androidx.vectordrawable:vectordrawable:1.1.0) with ExtractAarTransform
Transforming vectordrawable-1.1.0.aar (androidx.vectordrawable:vectordrawable:1.1.0) with AarTransform
Transforming slidingpanelayout-1.2.0.aar (androidx.slidingpanelayout:slidingpanelayout:1.2.0) with ExtractAarTransform
Transforming slidingpanelayout-1.2.0.aar (androidx.slidingpanelayout:slidingpanelayout:1.2.0) with AarTransform
Transforming loader-1.0.0.aar (androidx.loader:loader:1.0.0) with ExtractAarTransform
Transforming loader-1.0.0.aar (androidx.loader:loader:1.0.0) with AarTransform
Transforming savedstate-ktx-1.2.1.aar (androidx.savedstate:savedstate-ktx:1.2.1) with ExtractAarTransform
Transforming savedstate-ktx-1.2.1.aar (androidx.savedstate:savedstate-ktx:1.2.1) with AarTransform
Transforming savedstate-1.2.1.aar (androidx.savedstate:savedstate:1.2.1) with ExtractAarTransform
Transforming savedstate-1.2.1.aar (androidx.savedstate:savedstate:1.2.1) with AarTransform
Transforming lifecycle-runtime-ktx-2.6.1.aar (androidx.lifecycle:lifecycle-runtime-ktx:2.6.1) with ExtractAarTransform
Transforming lifecycle-runtime-ktx-2.6.1.aar (androidx.lifecycle:lifecycle-runtime-ktx:2.6.1) with AarTransform
Transforming lifecycle-viewmodel-ktx-2.6.1.aar (androidx.lifecycle:lifecycle-viewmodel-ktx:2.6.1) with ExtractAarTransform
Transforming lifecycle-viewmodel-ktx-2.6.1.aar (androidx.lifecycle:lifecycle-viewmodel-ktx:2.6.1) with AarTransform
Transforming lifecycle-livedata-core-ktx-2.6.1.aar (androidx.lifecycle:lifecycle-livedata-core-ktx:2.6.1) with ExtractAarTransform
Transforming lifecycle-livedata-core-ktx-2.6.1.aar (androidx.lifecycle:lifecycle-livedata-core-ktx:2.6.1) with AarTransform
Transforming lifecycle-livedata-core-2.6.1.aar (androidx.lifecycle:lifecycle-livedata-core:2.6.1) with ExtractAarTransform
Transforming lifecycle-livedata-core-2.6.1.aar (androidx.lifecycle:lifecycle-livedata-core:2.6.1) with AarTransform
Transforming lifecycle-viewmodel-2.6.1.aar (androidx.lifecycle:lifecycle-viewmodel:2.6.1) with ExtractAarTransform
Transforming lifecycle-viewmodel-2.6.1.aar (androidx.lifecycle:lifecycle-viewmodel:2.6.1) with AarTransform
Transforming lifecycle-runtime-2.6.1.aar (androidx.lifecycle:lifecycle-runtime:2.6.1) with ExtractAarTransform
Transforming lifecycle-runtime-2.6.1.aar (androidx.lifecycle:lifecycle-runtime:2.6.1) with AarTransform
Transforming lifecycle-viewmodel-savedstate-2.6.1.aar (androidx.lifecycle:lifecycle-viewmodel-savedstate:2.6.1) with ExtractAarTransform
Transforming lifecycle-viewmodel-savedstate-2.6.1.aar (androidx.lifecycle:lifecycle-viewmodel-savedstate:2.6.1) with AarTransform
Transforming core-ktx-1.9.0.aar (androidx.core:core-ktx:1.9.0) with ExtractAarTransform
Transforming core-ktx-1.9.0.aar (androidx.core:core-ktx:1.9.0) with AarTransform
Transforming viewpager-1.0.0.aar (androidx.viewpager:viewpager:1.0.0) with ExtractAarTransform
Transforming viewpager-1.0.0.aar (androidx.viewpager:viewpager:1.0.0) with AarTransform
Transforming recyclerview-1.1.0.aar (androidx.recyclerview:recyclerview:1.1.0) with ExtractAarTransform
Transforming recyclerview-1.1.0.aar (androidx.recyclerview:recyclerview:1.1.0) with AarTransform
Transforming customview-1.1.0.aar (androidx.customview:customview:1.1.0) with ExtractAarTransform
Transforming customview-1.1.0.aar (androidx.customview:customview:1.1.0) with AarTransform
Transforming transition-1.4.1.aar (androidx.transition:transition:1.4.1) with ExtractAarTransform
Transforming transition-1.4.1.aar (androidx.transition:transition:1.4.1) with AarTransform
Transforming core-1.9.0.aar (androidx.core:core:1.9.0) with ExtractAarTransform
Transforming core-1.9.0.aar (androidx.core:core:1.9.0) with AarTransform
Transforming cursoradapter-1.0.0.aar (androidx.cursoradapter:cursoradapter:1.0.0) with ExtractAarTransform
Transforming cursoradapter-1.0.0.aar (androidx.cursoradapter:cursoradapter:1.0.0) with AarTransform
Transforming cardview-1.0.0.aar (androidx.cardview:cardview:1.0.0) with ExtractAarTransform
Transforming cardview-1.0.0.aar (androidx.cardview:cardview:1.0.0) with AarTransform
Transforming versionedparcelable-1.1.1.aar (androidx.versionedparcelable:versionedparcelable:1.1.1) with ExtractAarTransform
Transforming versionedparcelable-1.1.1.aar (androidx.versionedparcelable:versionedparcelable:1.1.1) with AarTransform
Transforming core-runtime-2.2.0.aar (androidx.arch.core:core-runtime:2.2.0) with ExtractAarTransform
Transforming core-runtime-2.2.0.aar (androidx.arch.core:core-runtime:2.2.0) with AarTransform
Transforming annotation-experimental-1.3.0.aar (androidx.annotation:annotation-experimental:1.3.0) with ExtractAarTransform
Transforming annotation-experimental-1.3.0.aar (androidx.annotation:annotation-experimental:1.3.0) with AarTransform
Transforming emoji2-1.2.0.aar (androidx.emoji2:emoji2:1.2.0) with ExtractAarTransform
Transforming window-1.0.0.aar (androidx.window:window:1.0.0) with ExtractAarTransform
Transforming lifecycle-process-2.6.1.aar (androidx.lifecycle:lifecycle-process:2.6.1) with ExtractAarTransform
Transforming window-1.0.0.aar (androidx.window:window:1.0.0) with AarTransform
Transforming lifecycle-process-2.6.1.aar (androidx.lifecycle:lifecycle-process:2.6.1) with AarTransform
Transforming emoji2-1.2.0.aar (androidx.emoji2:emoji2:1.2.0) with AarTransform
Transforming profileinstaller-1.3.0.aar (androidx.profileinstaller:profileinstaller:1.3.0) with ExtractAarTransform
Transforming startup-runtime-1.1.1.aar (androidx.startup:startup-runtime:1.1.1) with ExtractAarTransform
Transforming profileinstaller-1.3.0.aar (androidx.profileinstaller:profileinstaller:1.3.0) with AarTransform
Transforming startup-runtime-1.1.1.aar (androidx.startup:startup-runtime:1.1.1) with AarTransform
Transforming tracing-1.0.0.aar (androidx.tracing:tracing:1.0.0) with ExtractAarTransform
Transforming tracing-1.0.0.aar (androidx.tracing:tracing:1.0.0) with AarTransform
Caching disabled for task ':app:dataBindingMergeDependencyArtifactsDebug' because:
  Caching has been disabled for the task
Skipping task ':app:dataBindingMergeDependencyArtifactsDebug' as it is up-to-date.
Resolve mutations for :app:generateDebugResValues (Thread[Execution worker,5,main]) started.
:app:generateDebugResValues (Thread[Execution worker,5,main]) started.

> Task :app:generateDebugResValues UP-TO-DATE
Build cache key for task ':app:generateDebugResValues' is de72d267fb45bc38287c7366b3ec4946
Skipping task ':app:generateDebugResValues' as it is up-to-date.
Resolve mutations for :app:generateDebugResources (Thread[included builds,5,main]) started.
:app:generateDebugResources (Thread[included builds,5,main]) started.

> Task :app:generateDebugResources UP-TO-DATE
Build cache key for task ':app:generateDebugResources' is 7b68c26b48cc2d742ddd9804d71334b7
Skipping task ':app:generateDebugResources' as it is up-to-date.
Resolve mutations for :app:mergeDebugResources (Thread[Execution worker,5,main]) started.
:app:mergeDebugResources (Thread[Execution worker,5,main]) started.

> Task :app:mergeDebugResources UP-TO-DATE
Transforming viewbinding-8.6.0.aar (androidx.databinding:viewbinding:8.6.0) with ExtractAarTransform
Transforming viewbinding-8.6.0.aar (androidx.databinding:viewbinding:8.6.0) with AarTransform
Transforming material-1.11.0.aar (com.google.android.material:material:1.11.0) with ExtractAarTransform
Transforming material-1.11.0.aar (com.google.android.material:material:1.11.0) with AarTransform
Transforming constraintlayout-2.1.4.aar (androidx.constraintlayout:constraintlayout:2.1.4) with ExtractAarTransform
Transforming constraintlayout-2.1.4.aar (androidx.constraintlayout:constraintlayout:2.1.4) with AarTransform
Transforming preference-1.2.1.aar (androidx.preference:preference:1.2.1) with ExtractAarTransform
Transforming preference-1.2.1.aar (androidx.preference:preference:1.2.1) with AarTransform
Transforming appcompat-resources-1.6.1.aar (androidx.appcompat:appcompat-resources:1.6.1) with ExtractAarTransform
Transforming appcompat-resources-1.6.1.aar (androidx.appcompat:appcompat-resources:1.6.1) with AarTransform
Transforming appcompat-1.6.1.aar (androidx.appcompat:appcompat:1.6.1) with ExtractAarTransform
Transforming appcompat-1.6.1.aar (androidx.appcompat:appcompat:1.6.1) with AarTransform
Transforming dynamicanimation-1.0.0.aar (androidx.dynamicanimation:dynamicanimation:1.0.0) with ExtractAarTransform
Transforming dynamicanimation-1.0.0.aar (androidx.dynamicanimation:dynamicanimation:1.0.0) with AarTransform
Transforming legacy-support-core-utils-1.0.0.aar (androidx.legacy:legacy-support-core-utils:1.0.0) with ExtractAarTransform
Transforming legacy-support-core-utils-1.0.0.aar (androidx.legacy:legacy-support-core-utils:1.0.0) with AarTransform
Transforming documentfile-1.0.1.aar (androidx.documentfile:documentfile:1.0.1) with ExtractAarTransform
Transforming documentfile-1.0.1.aar (androidx.documentfile:documentfile:1.0.1) with AarTransform
Transforming documentfile-1.0.1.aar (androidx.documentfile:documentfile:1.0.1) with ExtractAarTransform
Transforming documentfile-1.0.1.aar (androidx.documentfile:documentfile:1.0.1) with AarTransform
Transforming emoji2-views-helper-1.2.0.aar (androidx.emoji2:emoji2-views-helper:1.2.0) with ExtractAarTransform
Transforming emoji2-views-helper-1.2.0.aar (androidx.emoji2:emoji2-views-helper:1.2.0) with AarTransform
Transforming emoji2-1.2.0.aar (androidx.emoji2:emoji2:1.2.0) with ExtractAarTransform
Transforming emoji2-1.2.0.aar (androidx.emoji2:emoji2:1.2.0) with AarTransform
Transforming viewpager2-1.0.0.aar (androidx.viewpager2:viewpager2:1.0.0) with ExtractAarTransform
Transforming viewpager2-1.0.0.aar (androidx.viewpager2:viewpager2:1.0.0) with AarTransform
Transforming fragment-ktx-1.3.6.aar (androidx.fragment:fragment-ktx:1.3.6) with ExtractAarTransform
Transforming fragment-ktx-1.3.6.aar (androidx.fragment:fragment-ktx:1.3.6) with AarTransform
Transforming fragment-1.3.6.aar (androidx.fragment:fragment:1.3.6) with ExtractAarTransform
Transforming fragment-1.3.6.aar (androidx.fragment:fragment:1.3.6) with AarTransform
Transforming fragment-1.3.6.aar (androidx.fragment:fragment:1.3.6) with ExtractAarTransform
Transforming fragment-1.3.6.aar (androidx.fragment:fragment:1.3.6) with AarTransform
Transforming activity-ktx-1.8.0.aar (androidx.activity:activity-ktx:1.8.0) with ExtractAarTransform
Transforming activity-ktx-1.8.0.aar (androidx.activity:activity-ktx:1.8.0) with AarTransform
Transforming activity-1.8.0.aar (androidx.activity:activity:1.8.0) with ExtractAarTransform
Transforming activity-1.8.0.aar (androidx.activity:activity:1.8.0) with AarTransform
Transforming drawerlayout-1.1.1.aar (androidx.drawerlayout:drawerlayout:1.1.1) with ExtractAarTransform
Transforming drawerlayout-1.1.1.aar (androidx.drawerlayout:drawerlayout:1.1.1) with AarTransform
Transforming coordinatorlayout-1.1.0.aar (androidx.coordinatorlayout:coordinatorlayout:1.1.0) with ExtractAarTransform
Transforming coordinatorlayout-1.1.0.aar (androidx.coordinatorlayout:coordinatorlayout:1.1.0) with AarTransform
Transforming vectordrawable-animated-1.1.0.aar (androidx.vectordrawable:vectordrawable-animated:1.1.0) with ExtractAarTransform
Transforming vectordrawable-animated-1.1.0.aar (androidx.vectordrawable:vectordrawable-animated:1.1.0) with AarTransform
Transforming vectordrawable-1.1.0.aar (androidx.vectordrawable:vectordrawable:1.1.0) with ExtractAarTransform
Transforming vectordrawable-1.1.0.aar (androidx.vectordrawable:vectordrawable:1.1.0) with AarTransform
Transforming vectordrawable-1.1.0.aar (androidx.vectordrawable:vectordrawable:1.1.0) with ExtractAarTransform
Transforming vectordrawable-1.1.0.aar (androidx.vectordrawable:vectordrawable:1.1.0) with AarTransform
Transforming slidingpanelayout-1.2.0.aar (androidx.slidingpanelayout:slidingpanelayout:1.2.0) with ExtractAarTransform
Transforming slidingpanelayout-1.2.0.aar (androidx.slidingpanelayout:slidingpanelayout:1.2.0) with AarTransform
Transforming loader-1.0.0.aar (androidx.loader:loader:1.0.0) with ExtractAarTransform
Transforming loader-1.0.0.aar (androidx.loader:loader:1.0.0) with AarTransform
Transforming loader-1.0.0.aar (androidx.loader:loader:1.0.0) with ExtractAarTransform
Transforming loader-1.0.0.aar (androidx.loader:loader:1.0.0) with AarTransform
Transforming savedstate-ktx-1.2.1.aar (androidx.savedstate:savedstate-ktx:1.2.1) with ExtractAarTransform
Transforming savedstate-ktx-1.2.1.aar (androidx.savedstate:savedstate-ktx:1.2.1) with AarTransform
Transforming savedstate-1.2.1.aar (androidx.savedstate:savedstate:1.2.1) with ExtractAarTransform
Transforming savedstate-1.2.1.aar (androidx.savedstate:savedstate:1.2.1) with AarTransform
Transforming lifecycle-runtime-ktx-2.6.1.aar (androidx.lifecycle:lifecycle-runtime-ktx:2.6.1) with ExtractAarTransform
Transforming lifecycle-runtime-ktx-2.6.1.aar (androidx.lifecycle:lifecycle-runtime-ktx:2.6.1) with AarTransform
Transforming lifecycle-viewmodel-ktx-2.6.1.aar (androidx.lifecycle:lifecycle-viewmodel-ktx:2.6.1) with ExtractAarTransform
Transforming lifecycle-viewmodel-ktx-2.6.1.aar (androidx.lifecycle:lifecycle-viewmodel-ktx:2.6.1) with AarTransform
Transforming lifecycle-process-2.6.1.aar (androidx.lifecycle:lifecycle-process:2.6.1) with ExtractAarTransform
Transforming lifecycle-process-2.6.1.aar (androidx.lifecycle:lifecycle-process:2.6.1) with AarTransform
Transforming lifecycle-livedata-core-ktx-2.6.1.aar (androidx.lifecycle:lifecycle-livedata-core-ktx:2.6.1) with ExtractAarTransform
Transforming lifecycle-livedata-core-ktx-2.6.1.aar (androidx.lifecycle:lifecycle-livedata-core-ktx:2.6.1) with AarTransform
Transforming lifecycle-livedata-core-2.6.1.aar (androidx.lifecycle:lifecycle-livedata-core:2.6.1) with ExtractAarTransform
Transforming lifecycle-livedata-core-2.6.1.aar (androidx.lifecycle:lifecycle-livedata-core:2.6.1) with AarTransform
Transforming lifecycle-livedata-2.6.1.aar (androidx.lifecycle:lifecycle-livedata:2.6.1) with ExtractAarTransform
Transforming lifecycle-livedata-2.6.1.aar (androidx.lifecycle:lifecycle-livedata:2.6.1) with AarTransform
Transforming lifecycle-viewmodel-2.6.1.aar (androidx.lifecycle:lifecycle-viewmodel:2.6.1) with ExtractAarTransform
Transforming lifecycle-viewmodel-2.6.1.aar (androidx.lifecycle:lifecycle-viewmodel:2.6.1) with AarTransform
Transforming lifecycle-viewmodel-2.6.1.aar (androidx.lifecycle:lifecycle-viewmodel:2.6.1) with ExtractAarTransform
Transforming lifecycle-viewmodel-2.6.1.aar (androidx.lifecycle:lifecycle-viewmodel:2.6.1) with AarTransform
Transforming lifecycle-runtime-2.6.1.aar (androidx.lifecycle:lifecycle-runtime:2.6.1) with ExtractAarTransform
Transforming lifecycle-runtime-2.6.1.aar (androidx.lifecycle:lifecycle-runtime:2.6.1) with AarTransform
Transforming lifecycle-viewmodel-savedstate-2.6.1.aar (androidx.lifecycle:lifecycle-viewmodel-savedstate:2.6.1) with ExtractAarTransform
Transforming lifecycle-viewmodel-savedstate-2.6.1.aar (androidx.lifecycle:lifecycle-viewmodel-savedstate:2.6.1) with AarTransform
Transforming core-ktx-1.9.0.aar (androidx.core:core-ktx:1.9.0) with ExtractAarTransform
Transforming core-ktx-1.9.0.aar (androidx.core:core-ktx:1.9.0) with AarTransform
Transforming viewpager-1.0.0.aar (androidx.viewpager:viewpager:1.0.0) with ExtractAarTransform
Transforming viewpager-1.0.0.aar (androidx.viewpager:viewpager:1.0.0) with AarTransform
Transforming recyclerview-1.1.0.aar (androidx.recyclerview:recyclerview:1.1.0) with ExtractAarTransform
Transforming recyclerview-1.1.0.aar (androidx.recyclerview:recyclerview:1.1.0) with AarTransform
Transforming recyclerview-1.1.0.aar (androidx.recyclerview:recyclerview:1.1.0) with ExtractAarTransform
Transforming recyclerview-1.1.0.aar (androidx.recyclerview:recyclerview:1.1.0) with AarTransform
Transforming customview-1.1.0.aar (androidx.customview:customview:1.1.0) with ExtractAarTransform
Transforming customview-1.1.0.aar (androidx.customview:customview:1.1.0) with AarTransform
Transforming customview-1.1.0.aar (androidx.customview:customview:1.1.0) with ExtractAarTransform
Transforming customview-1.1.0.aar (androidx.customview:customview:1.1.0) with AarTransform
Transforming transition-1.4.1.aar (androidx.transition:transition:1.4.1) with ExtractAarTransform
Transforming transition-1.4.1.aar (androidx.transition:transition:1.4.1) with AarTransform
Transforming window-1.0.0.aar (androidx.window:window:1.0.0) with ExtractAarTransform
Transforming window-1.0.0.aar (androidx.window:window:1.0.0) with AarTransform
Transforming core-1.9.0.aar (androidx.core:core:1.9.0) with ExtractAarTransform
Transforming core-1.9.0.aar (androidx.core:core:1.9.0) with AarTransform
Transforming core-1.9.0.aar (androidx.core:core:1.9.0) with ExtractAarTransform
Transforming core-1.9.0.aar (androidx.core:core:1.9.0) with AarTransform
Transforming cursoradapter-1.0.0.aar (androidx.cursoradapter:cursoradapter:1.0.0) with ExtractAarTransform
Transforming cursoradapter-1.0.0.aar (androidx.cursoradapter:cursoradapter:1.0.0) with AarTransform
Transforming cardview-1.0.0.aar (androidx.cardview:cardview:1.0.0) with ExtractAarTransform
Transforming cardview-1.0.0.aar (androidx.cardview:cardview:1.0.0) with AarTransform
Transforming versionedparcelable-1.1.1.aar (androidx.versionedparcelable:versionedparcelable:1.1.1) with ExtractAarTransform
Transforming versionedparcelable-1.1.1.aar (androidx.versionedparcelable:versionedparcelable:1.1.1) with AarTransform
Transforming profileinstaller-1.3.0.aar (androidx.profileinstaller:profileinstaller:1.3.0) with ExtractAarTransform
Transforming profileinstaller-1.3.0.aar (androidx.profileinstaller:profileinstaller:1.3.0) with AarTransform
Transforming startup-runtime-1.1.1.aar (androidx.startup:startup-runtime:1.1.1) with ExtractAarTransform
Transforming startup-runtime-1.1.1.aar (androidx.startup:startup-runtime:1.1.1) with AarTransform
Transforming tracing-1.0.0.aar (androidx.tracing:tracing:1.0.0) with ExtractAarTransform
Transforming tracing-1.0.0.aar (androidx.tracing:tracing:1.0.0) with AarTransform
Transforming interpolator-1.0.0.aar (androidx.interpolator:interpolator:1.0.0) with ExtractAarTransform
Transforming interpolator-1.0.0.aar (androidx.interpolator:interpolator:1.0.0) with AarTransform
Transforming core-runtime-2.2.0.aar (androidx.arch.core:core-runtime:2.2.0) with ExtractAarTransform
Transforming core-runtime-2.2.0.aar (androidx.arch.core:core-runtime:2.2.0) with AarTransform
Transforming localbroadcastmanager-1.0.0.aar (androidx.localbroadcastmanager:localbroadcastmanager:1.0.0) with ExtractAarTransform
Transforming localbroadcastmanager-1.0.0.aar (androidx.localbroadcastmanager:localbroadcastmanager:1.0.0) with AarTransform
Transforming print-1.0.0.aar (androidx.print:print:1.0.0) with ExtractAarTransform
Transforming print-1.0.0.aar (androidx.print:print:1.0.0) with AarTransform
Transforming annotation-experimental-1.3.0.aar (androidx.annotation:annotation-experimental:1.3.0) with ExtractAarTransform
Transforming annotation-experimental-1.3.0.aar (androidx.annotation:annotation-experimental:1.3.0) with AarTransform
Build cache key for task ':app:mergeDebugResources' is 9894e48f4e2c2a95d4637015fdcab263
Skipping task ':app:mergeDebugResources' as it is up-to-date.
Resolve mutations for :app:packageDebugResources (Thread[Execution worker,5,main]) started.
:app:packageDebugResources (Thread[Execution worker,5,main]) started.

> Task :app:packageDebugResources UP-TO-DATE
Build cache key for task ':app:packageDebugResources' is 99252466bd55ac16fcacef92a4de0337
Skipping task ':app:packageDebugResources' as it is up-to-date.
Resolve mutations for :app:parseDebugLocalResources (Thread[Execution worker,5,main]) started.
:app:parseDebugLocalResources (Thread[Execution worker,5,main]) started.

> Task :app:parseDebugLocalResources UP-TO-DATE
Transforming android.jar with PlatformAttrTransform
Transforming android.jar with PlatformAttrTransform
Build cache key for task ':app:parseDebugLocalResources' is 3f7ca4155c5192416482c1fefb113cc4
Skipping task ':app:parseDebugLocalResources' as it is up-to-date.
Resolve mutations for :app:dataBindingGenBaseClassesDebug (Thread[included builds,5,main]) started.
:app:dataBindingGenBaseClassesDebug (Thread[Execution worker Thread 3,5,main]) started.

> Task :app:dataBindingGenBaseClassesDebug UP-TO-DATE
Transforming viewbinding-8.6.0.aar (androidx.databinding:viewbinding:8.6.0) with ExtractAarTransform
Transforming viewbinding-8.6.0.aar (androidx.databinding:viewbinding:8.6.0) with LibrarySymbolTableTransform
Transforming material-1.11.0.aar (com.google.android.material:material:1.11.0) with ExtractAarTransform
Transforming material-1.11.0.aar (com.google.android.material:material:1.11.0) with LibrarySymbolTableTransform
Transforming constraintlayout-2.1.4.aar (androidx.constraintlayout:constraintlayout:2.1.4) with ExtractAarTransform
Transforming constraintlayout-2.1.4.aar (androidx.constraintlayout:constraintlayout:2.1.4) with LibrarySymbolTableTransform
Transforming preference-1.2.1.aar (androidx.preference:preference:1.2.1) with ExtractAarTransform
Transforming preference-1.2.1.aar (androidx.preference:preference:1.2.1) with LibrarySymbolTableTransform
Transforming appcompat-resources-1.6.1.aar (androidx.appcompat:appcompat-resources:1.6.1) with ExtractAarTransform
Transforming appcompat-resources-1.6.1.aar (androidx.appcompat:appcompat-resources:1.6.1) with LibrarySymbolTableTransform
Transforming appcompat-1.6.1.aar (androidx.appcompat:appcompat:1.6.1) with ExtractAarTransform
Transforming appcompat-1.6.1.aar (androidx.appcompat:appcompat:1.6.1) with LibrarySymbolTableTransform
Transforming dynamicanimation-1.0.0.aar (androidx.dynamicanimation:dynamicanimation:1.0.0) with ExtractAarTransform
Transforming dynamicanimation-1.0.0.aar (androidx.dynamicanimation:dynamicanimation:1.0.0) with LibrarySymbolTableTransform
Transforming legacy-support-core-utils-1.0.0.aar (androidx.legacy:legacy-support-core-utils:1.0.0) with ExtractAarTransform
Transforming legacy-support-core-utils-1.0.0.aar (androidx.legacy:legacy-support-core-utils:1.0.0) with LibrarySymbolTableTransform
Transforming documentfile-1.0.1.aar (androidx.documentfile:documentfile:1.0.1) with ExtractAarTransform
Transforming documentfile-1.0.1.aar (androidx.documentfile:documentfile:1.0.1) with LibrarySymbolTableTransform
Transforming documentfile-1.0.1.aar (androidx.documentfile:documentfile:1.0.1) with ExtractAarTransform
Transforming documentfile-1.0.1.aar (androidx.documentfile:documentfile:1.0.1) with LibrarySymbolTableTransform
Transforming emoji2-views-helper-1.2.0.aar (androidx.emoji2:emoji2-views-helper:1.2.0) with ExtractAarTransform
Transforming emoji2-views-helper-1.2.0.aar (androidx.emoji2:emoji2-views-helper:1.2.0) with LibrarySymbolTableTransform
Transforming emoji2-1.2.0.aar (androidx.emoji2:emoji2:1.2.0) with ExtractAarTransform
Transforming emoji2-1.2.0.aar (androidx.emoji2:emoji2:1.2.0) with LibrarySymbolTableTransform
Transforming viewpager2-1.0.0.aar (androidx.viewpager2:viewpager2:1.0.0) with ExtractAarTransform
Transforming viewpager2-1.0.0.aar (androidx.viewpager2:viewpager2:1.0.0) with LibrarySymbolTableTransform
Transforming fragment-ktx-1.3.6.aar (androidx.fragment:fragment-ktx:1.3.6) with ExtractAarTransform
Transforming fragment-ktx-1.3.6.aar (androidx.fragment:fragment-ktx:1.3.6) with LibrarySymbolTableTransform
Transforming fragment-1.3.6.aar (androidx.fragment:fragment:1.3.6) with ExtractAarTransform
Transforming fragment-1.3.6.aar (androidx.fragment:fragment:1.3.6) with LibrarySymbolTableTransform
Transforming fragment-1.3.6.aar (androidx.fragment:fragment:1.3.6) with ExtractAarTransform
Transforming fragment-1.3.6.aar (androidx.fragment:fragment:1.3.6) with LibrarySymbolTableTransform
Transforming activity-ktx-1.8.0.aar (androidx.activity:activity-ktx:1.8.0) with ExtractAarTransform
Transforming activity-ktx-1.8.0.aar (androidx.activity:activity-ktx:1.8.0) with LibrarySymbolTableTransform
Transforming activity-1.8.0.aar (androidx.activity:activity:1.8.0) with ExtractAarTransform
Transforming activity-1.8.0.aar (androidx.activity:activity:1.8.0) with LibrarySymbolTableTransform
Transforming drawerlayout-1.1.1.aar (androidx.drawerlayout:drawerlayout:1.1.1) with ExtractAarTransform
Transforming drawerlayout-1.1.1.aar (androidx.drawerlayout:drawerlayout:1.1.1) with LibrarySymbolTableTransform
Transforming coordinatorlayout-1.1.0.aar (androidx.coordinatorlayout:coordinatorlayout:1.1.0) with ExtractAarTransform
Transforming coordinatorlayout-1.1.0.aar (androidx.coordinatorlayout:coordinatorlayout:1.1.0) with LibrarySymbolTableTransform
Transforming vectordrawable-animated-1.1.0.aar (androidx.vectordrawable:vectordrawable-animated:1.1.0) with ExtractAarTransform
Transforming vectordrawable-animated-1.1.0.aar (androidx.vectordrawable:vectordrawable-animated:1.1.0) with LibrarySymbolTableTransform
Transforming vectordrawable-1.1.0.aar (androidx.vectordrawable:vectordrawable:1.1.0) with ExtractAarTransform
Transforming vectordrawable-1.1.0.aar (androidx.vectordrawable:vectordrawable:1.1.0) with LibrarySymbolTableTransform
Transforming vectordrawable-1.1.0.aar (androidx.vectordrawable:vectordrawable:1.1.0) with ExtractAarTransform
Transforming vectordrawable-1.1.0.aar (androidx.vectordrawable:vectordrawable:1.1.0) with LibrarySymbolTableTransform
Transforming slidingpanelayout-1.2.0.aar (androidx.slidingpanelayout:slidingpanelayout:1.2.0) with ExtractAarTransform
Transforming slidingpanelayout-1.2.0.aar (androidx.slidingpanelayout:slidingpanelayout:1.2.0) with LibrarySymbolTableTransform
Transforming loader-1.0.0.aar (androidx.loader:loader:1.0.0) with ExtractAarTransform
Transforming loader-1.0.0.aar (androidx.loader:loader:1.0.0) with LibrarySymbolTableTransform
Transforming loader-1.0.0.aar (androidx.loader:loader:1.0.0) with ExtractAarTransform
Transforming loader-1.0.0.aar (androidx.loader:loader:1.0.0) with LibrarySymbolTableTransform
Transforming savedstate-ktx-1.2.1.aar (androidx.savedstate:savedstate-ktx:1.2.1) with ExtractAarTransform
Transforming savedstate-ktx-1.2.1.aar (androidx.savedstate:savedstate-ktx:1.2.1) with LibrarySymbolTableTransform
Transforming savedstate-1.2.1.aar (androidx.savedstate:savedstate:1.2.1) with ExtractAarTransform
Transforming savedstate-1.2.1.aar (androidx.savedstate:savedstate:1.2.1) with LibrarySymbolTableTransform
Transforming lifecycle-runtime-ktx-2.6.1.aar (androidx.lifecycle:lifecycle-runtime-ktx:2.6.1) with ExtractAarTransform
Transforming lifecycle-runtime-ktx-2.6.1.aar (androidx.lifecycle:lifecycle-runtime-ktx:2.6.1) with LibrarySymbolTableTransform
Transforming lifecycle-viewmodel-ktx-2.6.1.aar (androidx.lifecycle:lifecycle-viewmodel-ktx:2.6.1) with ExtractAarTransform
Transforming lifecycle-viewmodel-ktx-2.6.1.aar (androidx.lifecycle:lifecycle-viewmodel-ktx:2.6.1) with LibrarySymbolTableTransform
Transforming lifecycle-process-2.6.1.aar (androidx.lifecycle:lifecycle-process:2.6.1) with ExtractAarTransform
Transforming lifecycle-process-2.6.1.aar (androidx.lifecycle:lifecycle-process:2.6.1) with LibrarySymbolTableTransform
Transforming lifecycle-livedata-core-ktx-2.6.1.aar (androidx.lifecycle:lifecycle-livedata-core-ktx:2.6.1) with ExtractAarTransform
Transforming lifecycle-livedata-core-ktx-2.6.1.aar (androidx.lifecycle:lifecycle-livedata-core-ktx:2.6.1) with LibrarySymbolTableTransform
Transforming lifecycle-livedata-core-2.6.1.aar (androidx.lifecycle:lifecycle-livedata-core:2.6.1) with ExtractAarTransform
Transforming lifecycle-livedata-core-2.6.1.aar (androidx.lifecycle:lifecycle-livedata-core:2.6.1) with LibrarySymbolTableTransform
Transforming lifecycle-livedata-2.6.1.aar (androidx.lifecycle:lifecycle-livedata:2.6.1) with ExtractAarTransform
Transforming lifecycle-livedata-2.6.1.aar (androidx.lifecycle:lifecycle-livedata:2.6.1) with LibrarySymbolTableTransform
Transforming lifecycle-viewmodel-2.6.1.aar (androidx.lifecycle:lifecycle-viewmodel:2.6.1) with ExtractAarTransform
Transforming lifecycle-viewmodel-2.6.1.aar (androidx.lifecycle:lifecycle-viewmodel:2.6.1) with LibrarySymbolTableTransform
Transforming lifecycle-viewmodel-2.6.1.aar (androidx.lifecycle:lifecycle-viewmodel:2.6.1) with ExtractAarTransform
Transforming lifecycle-viewmodel-2.6.1.aar (androidx.lifecycle:lifecycle-viewmodel:2.6.1) with LibrarySymbolTableTransform
Transforming lifecycle-runtime-2.6.1.aar (androidx.lifecycle:lifecycle-runtime:2.6.1) with ExtractAarTransform
Transforming lifecycle-runtime-2.6.1.aar (androidx.lifecycle:lifecycle-runtime:2.6.1) with LibrarySymbolTableTransform
Transforming lifecycle-viewmodel-savedstate-2.6.1.aar (androidx.lifecycle:lifecycle-viewmodel-savedstate:2.6.1) with ExtractAarTransform
Transforming lifecycle-viewmodel-savedstate-2.6.1.aar (androidx.lifecycle:lifecycle-viewmodel-savedstate:2.6.1) with LibrarySymbolTableTransform
Transforming core-ktx-1.9.0.aar (androidx.core:core-ktx:1.9.0) with ExtractAarTransform
Transforming core-ktx-1.9.0.aar (androidx.core:core-ktx:1.9.0) with LibrarySymbolTableTransform
Transforming viewpager-1.0.0.aar (androidx.viewpager:viewpager:1.0.0) with ExtractAarTransform
Transforming viewpager-1.0.0.aar (androidx.viewpager:viewpager:1.0.0) with LibrarySymbolTableTransform
Transforming recyclerview-1.1.0.aar (androidx.recyclerview:recyclerview:1.1.0) with ExtractAarTransform
Transforming recyclerview-1.1.0.aar (androidx.recyclerview:recyclerview:1.1.0) with LibrarySymbolTableTransform
Transforming recyclerview-1.1.0.aar (androidx.recyclerview:recyclerview:1.1.0) with ExtractAarTransform
Transforming recyclerview-1.1.0.aar (androidx.recyclerview:recyclerview:1.1.0) with LibrarySymbolTableTransform
Transforming customview-1.1.0.aar (androidx.customview:customview:1.1.0) with ExtractAarTransform
Transforming customview-1.1.0.aar (androidx.customview:customview:1.1.0) with LibrarySymbolTableTransform
Transforming customview-1.1.0.aar (androidx.customview:customview:1.1.0) with ExtractAarTransform
Transforming customview-1.1.0.aar (androidx.customview:customview:1.1.0) with LibrarySymbolTableTransform
Transforming transition-1.4.1.aar (androidx.transition:transition:1.4.1) with ExtractAarTransform
Transforming transition-1.4.1.aar (androidx.transition:transition:1.4.1) with LibrarySymbolTableTransform
Transforming window-1.0.0.aar (androidx.window:window:1.0.0) with ExtractAarTransform
Transforming window-1.0.0.aar (androidx.window:window:1.0.0) with LibrarySymbolTableTransform
Transforming core-1.9.0.aar (androidx.core:core:1.9.0) with ExtractAarTransform
Transforming core-1.9.0.aar (androidx.core:core:1.9.0) with LibrarySymbolTableTransform
Transforming core-1.9.0.aar (androidx.core:core:1.9.0) with ExtractAarTransform
Transforming core-1.9.0.aar (androidx.core:core:1.9.0) with LibrarySymbolTableTransform
Transforming cursoradapter-1.0.0.aar (androidx.cursoradapter:cursoradapter:1.0.0) with ExtractAarTransform
Transforming cursoradapter-1.0.0.aar (androidx.cursoradapter:cursoradapter:1.0.0) with LibrarySymbolTableTransform
Transforming cardview-1.0.0.aar (androidx.cardview:cardview:1.0.0) with ExtractAarTransform
Transforming cardview-1.0.0.aar (androidx.cardview:cardview:1.0.0) with LibrarySymbolTableTransform
Transforming versionedparcelable-1.1.1.aar (androidx.versionedparcelable:versionedparcelable:1.1.1) with ExtractAarTransform
Transforming versionedparcelable-1.1.1.aar (androidx.versionedparcelable:versionedparcelable:1.1.1) with LibrarySymbolTableTransform
Transforming profileinstaller-1.3.0.aar (androidx.profileinstaller:profileinstaller:1.3.0) with ExtractAarTransform
Transforming profileinstaller-1.3.0.aar (androidx.profileinstaller:profileinstaller:1.3.0) with LibrarySymbolTableTransform
Transforming startup-runtime-1.1.1.aar (androidx.startup:startup-runtime:1.1.1) with ExtractAarTransform
Transforming startup-runtime-1.1.1.aar (androidx.startup:startup-runtime:1.1.1) with LibrarySymbolTableTransform
Transforming tracing-1.0.0.aar (androidx.tracing:tracing:1.0.0) with ExtractAarTransform
Transforming tracing-1.0.0.aar (androidx.tracing:tracing:1.0.0) with LibrarySymbolTableTransform
Transforming interpolator-1.0.0.aar (androidx.interpolator:interpolator:1.0.0) with ExtractAarTransform
Transforming interpolator-1.0.0.aar (androidx.interpolator:interpolator:1.0.0) with LibrarySymbolTableTransform
Transforming core-runtime-2.2.0.aar (androidx.arch.core:core-runtime:2.2.0) with ExtractAarTransform
Transforming core-runtime-2.2.0.aar (androidx.arch.core:core-runtime:2.2.0) with LibrarySymbolTableTransform
Transforming localbroadcastmanager-1.0.0.aar (androidx.localbroadcastmanager:localbroadcastmanager:1.0.0) with ExtractAarTransform
Transforming localbroadcastmanager-1.0.0.aar (androidx.localbroadcastmanager:localbroadcastmanager:1.0.0) with LibrarySymbolTableTransform
Transforming print-1.0.0.aar (androidx.print:print:1.0.0) with ExtractAarTransform
Transforming print-1.0.0.aar (androidx.print:print:1.0.0) with LibrarySymbolTableTransform
Transforming annotation-experimental-1.3.0.aar (androidx.annotation:annotation-experimental:1.3.0) with ExtractAarTransform
Transforming annotation-experimental-1.3.0.aar (androidx.annotation:annotation-experimental:1.3.0) with LibrarySymbolTableTransform
Transforming viewbinding-8.6.0.aar (androidx.databinding:viewbinding:8.6.0) with ExtractAarTransform
Transforming viewbinding-8.6.0.aar (androidx.databinding:viewbinding:8.6.0) with AarTransform
Transforming material-1.11.0.aar (com.google.android.material:material:1.11.0) with ExtractAarTransform
Transforming material-1.11.0.aar (com.google.android.material:material:1.11.0) with AarTransform
Transforming preference-1.2.1.aar (androidx.preference:preference:1.2.1) with ExtractAarTransform
Transforming preference-1.2.1.aar (androidx.preference:preference:1.2.1) with AarTransform
Transforming appcompat-1.6.1.aar (androidx.appcompat:appcompat:1.6.1) with ExtractAarTransform
Transforming appcompat-1.6.1.aar (androidx.appcompat:appcompat:1.6.1) with AarTransform
Transforming constraintlayout-2.1.4.aar (androidx.constraintlayout:constraintlayout:2.1.4) with ExtractAarTransform
Transforming constraintlayout-2.1.4.aar (androidx.constraintlayout:constraintlayout:2.1.4) with AarTransform
Transforming dynamicanimation-1.0.0.aar (androidx.dynamicanimation:dynamicanimation:1.0.0) with ExtractAarTransform
Transforming dynamicanimation-1.0.0.aar (androidx.dynamicanimation:dynamicanimation:1.0.0) with AarTransform
Transforming legacy-support-core-utils-1.0.0.aar (androidx.legacy:legacy-support-core-utils:1.0.0) with ExtractAarTransform
Transforming legacy-support-core-utils-1.0.0.aar (androidx.legacy:legacy-support-core-utils:1.0.0) with AarTransform
Transforming documentfile-1.0.1.aar (androidx.documentfile:documentfile:1.0.1) with ExtractAarTransform
Transforming documentfile-1.0.1.aar (androidx.documentfile:documentfile:1.0.1) with AarTransform
Transforming documentfile-1.0.1.aar (androidx.documentfile:documentfile:1.0.1) with ExtractAarTransform
Transforming documentfile-1.0.1.aar (androidx.documentfile:documentfile:1.0.1) with AarTransform
Transforming viewpager2-1.0.0.aar (androidx.viewpager2:viewpager2:1.0.0) with ExtractAarTransform
Transforming viewpager2-1.0.0.aar (androidx.viewpager2:viewpager2:1.0.0) with AarTransform
Transforming fragment-ktx-1.3.6.aar (androidx.fragment:fragment-ktx:1.3.6) with ExtractAarTransform
Transforming fragment-ktx-1.3.6.aar (androidx.fragment:fragment-ktx:1.3.6) with AarTransform
Transforming fragment-1.3.6.aar (androidx.fragment:fragment:1.3.6) with ExtractAarTransform
Transforming fragment-1.3.6.aar (androidx.fragment:fragment:1.3.6) with AarTransform
Transforming fragment-1.3.6.aar (androidx.fragment:fragment:1.3.6) with ExtractAarTransform
Transforming fragment-1.3.6.aar (androidx.fragment:fragment:1.3.6) with AarTransform
Transforming activity-ktx-1.8.0.aar (androidx.activity:activity-ktx:1.8.0) with ExtractAarTransform
Transforming activity-ktx-1.8.0.aar (androidx.activity:activity-ktx:1.8.0) with AarTransform
Transforming activity-1.8.0.aar (androidx.activity:activity:1.8.0) with ExtractAarTransform
Transforming activity-1.8.0.aar (androidx.activity:activity:1.8.0) with AarTransform
Transforming appcompat-resources-1.6.1.aar (androidx.appcompat:appcompat-resources:1.6.1) with ExtractAarTransform
Transforming appcompat-resources-1.6.1.aar (androidx.appcompat:appcompat-resources:1.6.1) with AarTransform
Transforming drawerlayout-1.1.1.aar (androidx.drawerlayout:drawerlayout:1.1.1) with ExtractAarTransform
Transforming drawerlayout-1.1.1.aar (androidx.drawerlayout:drawerlayout:1.1.1) with AarTransform
Transforming coordinatorlayout-1.1.0.aar (androidx.coordinatorlayout:coordinatorlayout:1.1.0) with ExtractAarTransform
Transforming coordinatorlayout-1.1.0.aar (androidx.coordinatorlayout:coordinatorlayout:1.1.0) with AarTransform
Transforming recyclerview-1.1.0.aar (androidx.recyclerview:recyclerview:1.1.0) with ExtractAarTransform
Transforming recyclerview-1.1.0.aar (androidx.recyclerview:recyclerview:1.1.0) with AarTransform
Transforming recyclerview-1.1.0.aar (androidx.recyclerview:recyclerview:1.1.0) with ExtractAarTransform
Transforming recyclerview-1.1.0.aar (androidx.recyclerview:recyclerview:1.1.0) with AarTransform
Transforming transition-1.4.1.aar (androidx.transition:transition:1.4.1) with ExtractAarTransform
Transforming transition-1.4.1.aar (androidx.transition:transition:1.4.1) with AarTransform
Transforming vectordrawable-animated-1.1.0.aar (androidx.vectordrawable:vectordrawable-animated:1.1.0) with ExtractAarTransform
Transforming vectordrawable-animated-1.1.0.aar (androidx.vectordrawable:vectordrawable-animated:1.1.0) with AarTransform
Transforming vectordrawable-1.1.0.aar (androidx.vectordrawable:vectordrawable:1.1.0) with ExtractAarTransform
Transforming vectordrawable-1.1.0.aar (androidx.vectordrawable:vectordrawable:1.1.0) with AarTransform
Transforming vectordrawable-1.1.0.aar (androidx.vectordrawable:vectordrawable:1.1.0) with ExtractAarTransform
Transforming vectordrawable-1.1.0.aar (androidx.vectordrawable:vectordrawable:1.1.0) with AarTransform
Transforming slidingpanelayout-1.2.0.aar (androidx.slidingpanelayout:slidingpanelayout:1.2.0) with ExtractAarTransform
Transforming slidingpanelayout-1.2.0.aar (androidx.slidingpanelayout:slidingpanelayout:1.2.0) with AarTransform
Transforming viewpager-1.0.0.aar (androidx.viewpager:viewpager:1.0.0) with ExtractAarTransform
Transforming viewpager-1.0.0.aar (androidx.viewpager:viewpager:1.0.0) with AarTransform
Transforming customview-1.1.0.aar (androidx.customview:customview:1.1.0) with ExtractAarTransform
Transforming customview-1.1.0.aar (androidx.customview:customview:1.1.0) with AarTransform
Transforming customview-1.1.0.aar (androidx.customview:customview:1.1.0) with ExtractAarTransform
Transforming customview-1.1.0.aar (androidx.customview:customview:1.1.0) with AarTransform
Transforming loader-1.0.0.aar (androidx.loader:loader:1.0.0) with ExtractAarTransform
Transforming loader-1.0.0.aar (androidx.loader:loader:1.0.0) with AarTransform
Transforming loader-1.0.0.aar (androidx.loader:loader:1.0.0) with ExtractAarTransform
Transforming loader-1.0.0.aar (androidx.loader:loader:1.0.0) with AarTransform
Transforming lifecycle-livedata-2.6.1.aar (androidx.lifecycle:lifecycle-livedata:2.6.1) with ExtractAarTransform
Transforming lifecycle-livedata-2.6.1.aar (androidx.lifecycle:lifecycle-livedata:2.6.1) with AarTransform
Transforming lifecycle-livedata-core-ktx-2.6.1.aar (androidx.lifecycle:lifecycle-livedata-core-ktx:2.6.1) with ExtractAarTransform
Transforming lifecycle-livedata-core-ktx-2.6.1.aar (androidx.lifecycle:lifecycle-livedata-core-ktx:2.6.1) with AarTransform
Transforming lifecycle-viewmodel-ktx-2.6.1.aar (androidx.lifecycle:lifecycle-viewmodel-ktx:2.6.1) with ExtractAarTransform
Transforming lifecycle-viewmodel-ktx-2.6.1.aar (androidx.lifecycle:lifecycle-viewmodel-ktx:2.6.1) with AarTransform
Transforming lifecycle-runtime-ktx-2.6.1.aar (androidx.lifecycle:lifecycle-runtime-ktx:2.6.1) with ExtractAarTransform
Transforming lifecycle-runtime-ktx-2.6.1.aar (androidx.lifecycle:lifecycle-runtime-ktx:2.6.1) with AarTransform
Transforming lifecycle-livedata-core-2.6.1.aar (androidx.lifecycle:lifecycle-livedata-core:2.6.1) with ExtractAarTransform
Transforming lifecycle-livedata-core-2.6.1.aar (androidx.lifecycle:lifecycle-livedata-core:2.6.1) with AarTransform
Transforming lifecycle-viewmodel-2.6.1.aar (androidx.lifecycle:lifecycle-viewmodel:2.6.1) with ExtractAarTransform
Transforming lifecycle-viewmodel-2.6.1.aar (androidx.lifecycle:lifecycle-viewmodel:2.6.1) with AarTransform
Transforming lifecycle-viewmodel-2.6.1.aar (androidx.lifecycle:lifecycle-viewmodel:2.6.1) with ExtractAarTransform
Transforming lifecycle-viewmodel-2.6.1.aar (androidx.lifecycle:lifecycle-viewmodel:2.6.1) with AarTransform
Transforming lifecycle-runtime-2.6.1.aar (androidx.lifecycle:lifecycle-runtime:2.6.1) with ExtractAarTransform
Transforming lifecycle-runtime-2.6.1.aar (androidx.lifecycle:lifecycle-runtime:2.6.1) with AarTransform
Transforming lifecycle-viewmodel-savedstate-2.6.1.aar (androidx.lifecycle:lifecycle-viewmodel-savedstate:2.6.1) with ExtractAarTransform
Transforming lifecycle-viewmodel-savedstate-2.6.1.aar (androidx.lifecycle:lifecycle-viewmodel-savedstate:2.6.1) with AarTransform
Transforming core-ktx-1.9.0.aar (androidx.core:core-ktx:1.9.0) with ExtractAarTransform
Transforming core-ktx-1.9.0.aar (androidx.core:core-ktx:1.9.0) with AarTransform
Transforming core-1.9.0.aar (androidx.core:core:1.9.0) with ExtractAarTransform
Transforming core-1.9.0.aar (androidx.core:core:1.9.0) with AarTransform
Transforming core-1.9.0.aar (androidx.core:core:1.9.0) with ExtractAarTransform
Transforming core-1.9.0.aar (androidx.core:core:1.9.0) with AarTransform
Transforming cursoradapter-1.0.0.aar (androidx.cursoradapter:cursoradapter:1.0.0) with ExtractAarTransform
Transforming cursoradapter-1.0.0.aar (androidx.cursoradapter:cursoradapter:1.0.0) with AarTransform
Transforming savedstate-ktx-1.2.1.aar (androidx.savedstate:savedstate-ktx:1.2.1) with ExtractAarTransform
Transforming savedstate-ktx-1.2.1.aar (androidx.savedstate:savedstate-ktx:1.2.1) with AarTransform
Transforming savedstate-1.2.1.aar (androidx.savedstate:savedstate:1.2.1) with ExtractAarTransform
Transforming savedstate-1.2.1.aar (androidx.savedstate:savedstate:1.2.1) with AarTransform
Transforming cardview-1.0.0.aar (androidx.cardview:cardview:1.0.0) with ExtractAarTransform
Transforming cardview-1.0.0.aar (androidx.cardview:cardview:1.0.0) with AarTransform
Transforming versionedparcelable-1.1.1.aar (androidx.versionedparcelable:versionedparcelable:1.1.1) with ExtractAarTransform
Transforming versionedparcelable-1.1.1.aar (androidx.versionedparcelable:versionedparcelable:1.1.1) with AarTransform
Transforming core-runtime-2.2.0.aar (androidx.arch.core:core-runtime:2.2.0) with ExtractAarTransform
Transforming core-runtime-2.2.0.aar (androidx.arch.core:core-runtime:2.2.0) with AarTransform
Transforming interpolator-1.0.0.aar (androidx.interpolator:interpolator:1.0.0) with ExtractAarTransform
Transforming interpolator-1.0.0.aar (androidx.interpolator:interpolator:1.0.0) with AarTransform
Transforming localbroadcastmanager-1.0.0.aar (androidx.localbroadcastmanager:localbroadcastmanager:1.0.0) with ExtractAarTransform
Transforming localbroadcastmanager-1.0.0.aar (androidx.localbroadcastmanager:localbroadcastmanager:1.0.0) with AarTransform
Transforming print-1.0.0.aar (androidx.print:print:1.0.0) with ExtractAarTransform
Transforming print-1.0.0.aar (androidx.print:print:1.0.0) with AarTransform
Transforming annotation-experimental-1.3.0.aar (androidx.annotation:annotation-experimental:1.3.0) with ExtractAarTransform
Transforming annotation-experimental-1.3.0.aar (androidx.annotation:annotation-experimental:1.3.0) with AarTransform
Build cache key for task ':app:dataBindingGenBaseClassesDebug' is d0de7f6df918e30d69e23e38e9fb0e48
Skipping task ':app:dataBindingGenBaseClassesDebug' as it is up-to-date.
Resolve mutations for :app:generateDebugBuildConfig (Thread[Execution worker,5,main]) started.
:app:generateDebugBuildConfig (Thread[Execution worker Thread 2,5,main]) started.

> Task :app:generateDebugBuildConfig UP-TO-DATE
Build cache key for task ':app:generateDebugBuildConfig' is ceaa21ff80c70636ee6664a9b5a311f4
Skipping task ':app:generateDebugBuildConfig' as it is up-to-date.
Resolve mutations for :app:javaPreCompileDebug (Thread[Execution worker Thread 2,5,main]) started.
:app:javaPreCompileDebug (Thread[Execution worker Thread 2,5,main]) started.

> Task :app:javaPreCompileDebug UP-TO-DATE
Build cache key for task ':app:javaPreCompileDebug' is be1baefafeacbeac517d626acfebca10
Skipping task ':app:javaPreCompileDebug' as it is up-to-date.
Resolve mutations for :app:checkDebugAarMetadata (Thread[Execution worker Thread 2,5,main]) started.
:app:checkDebugAarMetadata (Thread[Execution worker Thread 2,5,main]) started.

> Task :app:checkDebugAarMetadata UP-TO-DATE
Transforming viewbinding-8.6.0.aar (androidx.databinding:viewbinding:8.6.0) with ExtractAarTransform
Transforming viewbinding-8.6.0.aar (androidx.databinding:viewbinding:8.6.0) with AarTransform
Transforming material-1.11.0.aar (com.google.android.material:material:1.11.0) with ExtractAarTransform
Transforming material-1.11.0.aar (com.google.android.material:material:1.11.0) with AarTransform
Transforming constraintlayout-2.1.4.aar (androidx.constraintlayout:constraintlayout:2.1.4) with ExtractAarTransform
Transforming constraintlayout-2.1.4.aar (androidx.constraintlayout:constraintlayout:2.1.4) with AarTransform
Transforming preference-1.2.1.aar (androidx.preference:preference:1.2.1) with ExtractAarTransform
Transforming preference-1.2.1.aar (androidx.preference:preference:1.2.1) with AarTransform
Transforming appcompat-resources-1.6.1.aar (androidx.appcompat:appcompat-resources:1.6.1) with ExtractAarTransform
Transforming appcompat-resources-1.6.1.aar (androidx.appcompat:appcompat-resources:1.6.1) with AarTransform
Transforming appcompat-1.6.1.aar (androidx.appcompat:appcompat:1.6.1) with ExtractAarTransform
Transforming appcompat-1.6.1.aar (androidx.appcompat:appcompat:1.6.1) with AarTransform
Transforming dynamicanimation-1.0.0.aar (androidx.dynamicanimation:dynamicanimation:1.0.0) with ExtractAarTransform
Transforming dynamicanimation-1.0.0.aar (androidx.dynamicanimation:dynamicanimation:1.0.0) with AarTransform
Transforming legacy-support-core-utils-1.0.0.aar (androidx.legacy:legacy-support-core-utils:1.0.0) with ExtractAarTransform
Transforming legacy-support-core-utils-1.0.0.aar (androidx.legacy:legacy-support-core-utils:1.0.0) with AarTransform
Transforming documentfile-1.0.1.aar (androidx.documentfile:documentfile:1.0.1) with ExtractAarTransform
Transforming documentfile-1.0.1.aar (androidx.documentfile:documentfile:1.0.1) with AarTransform
Transforming documentfile-1.0.1.aar (androidx.documentfile:documentfile:1.0.1) with ExtractAarTransform
Transforming documentfile-1.0.1.aar (androidx.documentfile:documentfile:1.0.1) with AarTransform
Transforming emoji2-views-helper-1.2.0.aar (androidx.emoji2:emoji2-views-helper:1.2.0) with ExtractAarTransform
Transforming emoji2-views-helper-1.2.0.aar (androidx.emoji2:emoji2-views-helper:1.2.0) with AarTransform
Transforming emoji2-1.2.0.aar (androidx.emoji2:emoji2:1.2.0) with ExtractAarTransform
Transforming emoji2-1.2.0.aar (androidx.emoji2:emoji2:1.2.0) with AarTransform
Transforming viewpager2-1.0.0.aar (androidx.viewpager2:viewpager2:1.0.0) with ExtractAarTransform
Transforming viewpager2-1.0.0.aar (androidx.viewpager2:viewpager2:1.0.0) with AarTransform
Transforming fragment-ktx-1.3.6.aar (androidx.fragment:fragment-ktx:1.3.6) with ExtractAarTransform
Transforming fragment-ktx-1.3.6.aar (androidx.fragment:fragment-ktx:1.3.6) with AarTransform
Transforming fragment-1.3.6.aar (androidx.fragment:fragment:1.3.6) with ExtractAarTransform
Transforming fragment-1.3.6.aar (androidx.fragment:fragment:1.3.6) with AarTransform
Transforming fragment-1.3.6.aar (androidx.fragment:fragment:1.3.6) with ExtractAarTransform
Transforming fragment-1.3.6.aar (androidx.fragment:fragment:1.3.6) with AarTransform
Transforming activity-ktx-1.8.0.aar (androidx.activity:activity-ktx:1.8.0) with ExtractAarTransform
Transforming activity-ktx-1.8.0.aar (androidx.activity:activity-ktx:1.8.0) with AarTransform
Transforming activity-1.8.0.aar (androidx.activity:activity:1.8.0) with ExtractAarTransform
Transforming activity-1.8.0.aar (androidx.activity:activity:1.8.0) with AarTransform
Transforming drawerlayout-1.1.1.aar (androidx.drawerlayout:drawerlayout:1.1.1) with ExtractAarTransform
Transforming drawerlayout-1.1.1.aar (androidx.drawerlayout:drawerlayout:1.1.1) with AarTransform
Transforming coordinatorlayout-1.1.0.aar (androidx.coordinatorlayout:coordinatorlayout:1.1.0) with ExtractAarTransform
Transforming coordinatorlayout-1.1.0.aar (androidx.coordinatorlayout:coordinatorlayout:1.1.0) with AarTransform
Transforming vectordrawable-animated-1.1.0.aar (androidx.vectordrawable:vectordrawable-animated:1.1.0) with ExtractAarTransform
Transforming vectordrawable-animated-1.1.0.aar (androidx.vectordrawable:vectordrawable-animated:1.1.0) with AarTransform
Transforming vectordrawable-1.1.0.aar (androidx.vectordrawable:vectordrawable:1.1.0) with ExtractAarTransform
Transforming vectordrawable-1.1.0.aar (androidx.vectordrawable:vectordrawable:1.1.0) with AarTransform
Transforming vectordrawable-1.1.0.aar (androidx.vectordrawable:vectordrawable:1.1.0) with ExtractAarTransform
Transforming vectordrawable-1.1.0.aar (androidx.vectordrawable:vectordrawable:1.1.0) with AarTransform
Transforming slidingpanelayout-1.2.0.aar (androidx.slidingpanelayout:slidingpanelayout:1.2.0) with ExtractAarTransform
Transforming slidingpanelayout-1.2.0.aar (androidx.slidingpanelayout:slidingpanelayout:1.2.0) with AarTransform
Transforming loader-1.0.0.aar (androidx.loader:loader:1.0.0) with ExtractAarTransform
Transforming loader-1.0.0.aar (androidx.loader:loader:1.0.0) with AarTransform
Transforming loader-1.0.0.aar (androidx.loader:loader:1.0.0) with ExtractAarTransform
Transforming loader-1.0.0.aar (androidx.loader:loader:1.0.0) with AarTransform
Transforming savedstate-ktx-1.2.1.aar (androidx.savedstate:savedstate-ktx:1.2.1) with ExtractAarTransform
Transforming savedstate-ktx-1.2.1.aar (androidx.savedstate:savedstate-ktx:1.2.1) with AarTransform
Transforming savedstate-1.2.1.aar (androidx.savedstate:savedstate:1.2.1) with ExtractAarTransform
Transforming savedstate-1.2.1.aar (androidx.savedstate:savedstate:1.2.1) with AarTransform
Transforming lifecycle-runtime-ktx-2.6.1.aar (androidx.lifecycle:lifecycle-runtime-ktx:2.6.1) with ExtractAarTransform
Transforming lifecycle-runtime-ktx-2.6.1.aar (androidx.lifecycle:lifecycle-runtime-ktx:2.6.1) with AarTransform
Transforming lifecycle-viewmodel-ktx-2.6.1.aar (androidx.lifecycle:lifecycle-viewmodel-ktx:2.6.1) with ExtractAarTransform
Transforming lifecycle-viewmodel-ktx-2.6.1.aar (androidx.lifecycle:lifecycle-viewmodel-ktx:2.6.1) with AarTransform
Transforming lifecycle-process-2.6.1.aar (androidx.lifecycle:lifecycle-process:2.6.1) with ExtractAarTransform
Transforming lifecycle-process-2.6.1.aar (androidx.lifecycle:lifecycle-process:2.6.1) with AarTransform
Transforming lifecycle-livedata-core-ktx-2.6.1.aar (androidx.lifecycle:lifecycle-livedata-core-ktx:2.6.1) with ExtractAarTransform
Transforming lifecycle-livedata-core-ktx-2.6.1.aar (androidx.lifecycle:lifecycle-livedata-core-ktx:2.6.1) with AarTransform
Transforming lifecycle-livedata-core-2.6.1.aar (androidx.lifecycle:lifecycle-livedata-core:2.6.1) with ExtractAarTransform
Transforming lifecycle-livedata-core-2.6.1.aar (androidx.lifecycle:lifecycle-livedata-core:2.6.1) with AarTransform
Transforming lifecycle-livedata-2.6.1.aar (androidx.lifecycle:lifecycle-livedata:2.6.1) with ExtractAarTransform
Transforming lifecycle-livedata-2.6.1.aar (androidx.lifecycle:lifecycle-livedata:2.6.1) with AarTransform
Transforming lifecycle-viewmodel-2.6.1.aar (androidx.lifecycle:lifecycle-viewmodel:2.6.1) with ExtractAarTransform
Transforming lifecycle-viewmodel-2.6.1.aar (androidx.lifecycle:lifecycle-viewmodel:2.6.1) with AarTransform
Transforming lifecycle-viewmodel-2.6.1.aar (androidx.lifecycle:lifecycle-viewmodel:2.6.1) with ExtractAarTransform
Transforming lifecycle-viewmodel-2.6.1.aar (androidx.lifecycle:lifecycle-viewmodel:2.6.1) with AarTransform
Transforming lifecycle-runtime-2.6.1.aar (androidx.lifecycle:lifecycle-runtime:2.6.1) with ExtractAarTransform
Transforming lifecycle-runtime-2.6.1.aar (androidx.lifecycle:lifecycle-runtime:2.6.1) with AarTransform
Transforming lifecycle-viewmodel-savedstate-2.6.1.aar (androidx.lifecycle:lifecycle-viewmodel-savedstate:2.6.1) with ExtractAarTransform
Transforming lifecycle-viewmodel-savedstate-2.6.1.aar (androidx.lifecycle:lifecycle-viewmodel-savedstate:2.6.1) with AarTransform
Transforming core-ktx-1.9.0.aar (androidx.core:core-ktx:1.9.0) with ExtractAarTransform
Transforming core-ktx-1.9.0.aar (androidx.core:core-ktx:1.9.0) with AarTransform
Transforming viewpager-1.0.0.aar (androidx.viewpager:viewpager:1.0.0) with ExtractAarTransform
Transforming viewpager-1.0.0.aar (androidx.viewpager:viewpager:1.0.0) with AarTransform
Transforming recyclerview-1.1.0.aar (androidx.recyclerview:recyclerview:1.1.0) with ExtractAarTransform
Transforming recyclerview-1.1.0.aar (androidx.recyclerview:recyclerview:1.1.0) with AarTransform
Transforming recyclerview-1.1.0.aar (androidx.recyclerview:recyclerview:1.1.0) with ExtractAarTransform
Transforming recyclerview-1.1.0.aar (androidx.recyclerview:recyclerview:1.1.0) with AarTransform
Transforming customview-1.1.0.aar (androidx.customview:customview:1.1.0) with ExtractAarTransform
Transforming customview-1.1.0.aar (androidx.customview:customview:1.1.0) with AarTransform
Transforming customview-1.1.0.aar (androidx.customview:customview:1.1.0) with ExtractAarTransform
Transforming customview-1.1.0.aar (androidx.customview:customview:1.1.0) with AarTransform
Transforming transition-1.4.1.aar (androidx.transition:transition:1.4.1) with ExtractAarTransform
Transforming transition-1.4.1.aar (androidx.transition:transition:1.4.1) with AarTransform
Transforming window-1.0.0.aar (androidx.window:window:1.0.0) with ExtractAarTransform
Transforming window-1.0.0.aar (androidx.window:window:1.0.0) with AarTransform
Transforming core-1.9.0.aar (androidx.core:core:1.9.0) with ExtractAarTransform
Transforming core-1.9.0.aar (androidx.core:core:1.9.0) with AarTransform
Transforming core-1.9.0.aar (androidx.core:core:1.9.0) with ExtractAarTransform
Transforming core-1.9.0.aar (androidx.core:core:1.9.0) with AarTransform
Transforming cursoradapter-1.0.0.aar (androidx.cursoradapter:cursoradapter:1.0.0) with ExtractAarTransform
Transforming cursoradapter-1.0.0.aar (androidx.cursoradapter:cursoradapter:1.0.0) with AarTransform
Transforming cardview-1.0.0.aar (androidx.cardview:cardview:1.0.0) with ExtractAarTransform
Transforming cardview-1.0.0.aar (androidx.cardview:cardview:1.0.0) with AarTransform
Transforming versionedparcelable-1.1.1.aar (androidx.versionedparcelable:versionedparcelable:1.1.1) with ExtractAarTransform
Transforming versionedparcelable-1.1.1.aar (androidx.versionedparcelable:versionedparcelable:1.1.1) with AarTransform
Transforming profileinstaller-1.3.0.aar (androidx.profileinstaller:profileinstaller:1.3.0) with ExtractAarTransform
Transforming profileinstaller-1.3.0.aar (androidx.profileinstaller:profileinstaller:1.3.0) with AarTransform
Transforming startup-runtime-1.1.1.aar (androidx.startup:startup-runtime:1.1.1) with ExtractAarTransform
Transforming startup-runtime-1.1.1.aar (androidx.startup:startup-runtime:1.1.1) with AarTransform
Transforming tracing-1.0.0.aar (androidx.tracing:tracing:1.0.0) with ExtractAarTransform
Transforming tracing-1.0.0.aar (androidx.tracing:tracing:1.0.0) with AarTransform
Transforming interpolator-1.0.0.aar (androidx.interpolator:interpolator:1.0.0) with ExtractAarTransform
Transforming interpolator-1.0.0.aar (androidx.interpolator:interpolator:1.0.0) with AarTransform
Transforming core-runtime-2.2.0.aar (androidx.arch.core:core-runtime:2.2.0) with ExtractAarTransform
Transforming core-runtime-2.2.0.aar (androidx.arch.core:core-runtime:2.2.0) with AarTransform
Transforming localbroadcastmanager-1.0.0.aar (androidx.localbroadcastmanager:localbroadcastmanager:1.0.0) with ExtractAarTransform
Transforming localbroadcastmanager-1.0.0.aar (androidx.localbroadcastmanager:localbroadcastmanager:1.0.0) with AarTransform
Transforming print-1.0.0.aar (androidx.print:print:1.0.0) with ExtractAarTransform
Transforming print-1.0.0.aar (androidx.print:print:1.0.0) with AarTransform
Transforming annotation-experimental-1.3.0.aar (androidx.annotation:annotation-experimental:1.3.0) with ExtractAarTransform
Transforming annotation-experimental-1.3.0.aar (androidx.annotation:annotation-experimental:1.3.0) with AarTransform
Caching disabled for task ':app:checkDebugAarMetadata' because:
  Caching has been disabled for the task
Skipping task ':app:checkDebugAarMetadata' as it is up-to-date.
Resolve mutations for :app:mapDebugSourceSetPaths (Thread[Execution worker Thread 3,5,main]) started.
:app:mapDebugSourceSetPaths (Thread[Execution worker Thread 3,5,main]) started.

> Task :app:mapDebugSourceSetPaths UP-TO-DATE
Caching disabled for task ':app:mapDebugSourceSetPaths' because:
  Caching has been disabled for the task
Skipping task ':app:mapDebugSourceSetPaths' as it is up-to-date.
Resolve mutations for :app:createDebugCompatibleScreenManifests (Thread[Execution worker Thread 3,5,main]) started.
:app:createDebugCompatibleScreenManifests (Thread[Execution worker Thread 2,5,main]) started.

> Task :app:createDebugCompatibleScreenManifests UP-TO-DATE
Caching disabled for task ':app:createDebugCompatibleScreenManifests' because:
  Caching has been disabled for the task
Skipping task ':app:createDebugCompatibleScreenManifests' as it is up-to-date.
Resolve mutations for :app:extractDeepLinksDebug (Thread[Execution worker Thread 2,5,main]) started.
:app:extractDeepLinksDebug (Thread[Execution worker Thread 2,5,main]) started.

> Task :app:extractDeepLinksDebug UP-TO-DATE
Build cache key for task ':app:extractDeepLinksDebug' is 046831ba850cec7eaef2b51d2a7e4905
Skipping task ':app:extractDeepLinksDebug' as it is up-to-date.
Resolve mutations for :app:processDebugMainManifest (Thread[Execution worker Thread 2,5,main]) started.
:app:processDebugMainManifest (Thread[Execution worker Thread 2,5,main]) started.

> Task :app:processDebugMainManifest UP-TO-DATE
Transforming viewbinding-8.6.0.aar (androidx.databinding:viewbinding:8.6.0) with ExtractAarTransform
Transforming viewbinding-8.6.0.aar (androidx.databinding:viewbinding:8.6.0) with AarTransform
Transforming material-1.11.0.aar (com.google.android.material:material:1.11.0) with ExtractAarTransform
Transforming material-1.11.0.aar (com.google.android.material:material:1.11.0) with AarTransform
Transforming constraintlayout-2.1.4.aar (androidx.constraintlayout:constraintlayout:2.1.4) with ExtractAarTransform
Transforming constraintlayout-2.1.4.aar (androidx.constraintlayout:constraintlayout:2.1.4) with AarTransform
Transforming preference-1.2.1.aar (androidx.preference:preference:1.2.1) with ExtractAarTransform
Transforming preference-1.2.1.aar (androidx.preference:preference:1.2.1) with AarTransform
Transforming appcompat-resources-1.6.1.aar (androidx.appcompat:appcompat-resources:1.6.1) with ExtractAarTransform
Transforming appcompat-resources-1.6.1.aar (androidx.appcompat:appcompat-resources:1.6.1) with AarTransform
Transforming appcompat-1.6.1.aar (androidx.appcompat:appcompat:1.6.1) with ExtractAarTransform
Transforming appcompat-1.6.1.aar (androidx.appcompat:appcompat:1.6.1) with AarTransform
Transforming dynamicanimation-1.0.0.aar (androidx.dynamicanimation:dynamicanimation:1.0.0) with ExtractAarTransform
Transforming dynamicanimation-1.0.0.aar (androidx.dynamicanimation:dynamicanimation:1.0.0) with AarTransform
Transforming legacy-support-core-utils-1.0.0.aar (androidx.legacy:legacy-support-core-utils:1.0.0) with ExtractAarTransform
Transforming legacy-support-core-utils-1.0.0.aar (androidx.legacy:legacy-support-core-utils:1.0.0) with AarTransform
Transforming documentfile-1.0.1.aar (androidx.documentfile:documentfile:1.0.1) with ExtractAarTransform
Transforming documentfile-1.0.1.aar (androidx.documentfile:documentfile:1.0.1) with AarTransform
Transforming documentfile-1.0.1.aar (androidx.documentfile:documentfile:1.0.1) with ExtractAarTransform
Transforming documentfile-1.0.1.aar (androidx.documentfile:documentfile:1.0.1) with AarTransform
Transforming emoji2-views-helper-1.2.0.aar (androidx.emoji2:emoji2-views-helper:1.2.0) with ExtractAarTransform
Transforming emoji2-views-helper-1.2.0.aar (androidx.emoji2:emoji2-views-helper:1.2.0) with AarTransform
Transforming emoji2-1.2.0.aar (androidx.emoji2:emoji2:1.2.0) with ExtractAarTransform
Transforming emoji2-1.2.0.aar (androidx.emoji2:emoji2:1.2.0) with AarTransform
Transforming viewpager2-1.0.0.aar (androidx.viewpager2:viewpager2:1.0.0) with ExtractAarTransform
Transforming viewpager2-1.0.0.aar (androidx.viewpager2:viewpager2:1.0.0) with AarTransform
Transforming fragment-ktx-1.3.6.aar (androidx.fragment:fragment-ktx:1.3.6) with ExtractAarTransform
Transforming fragment-ktx-1.3.6.aar (androidx.fragment:fragment-ktx:1.3.6) with AarTransform
Transforming fragment-1.3.6.aar (androidx.fragment:fragment:1.3.6) with ExtractAarTransform
Transforming fragment-1.3.6.aar (androidx.fragment:fragment:1.3.6) with AarTransform
Transforming fragment-1.3.6.aar (androidx.fragment:fragment:1.3.6) with ExtractAarTransform
Transforming fragment-1.3.6.aar (androidx.fragment:fragment:1.3.6) with AarTransform
Transforming activity-ktx-1.8.0.aar (androidx.activity:activity-ktx:1.8.0) with ExtractAarTransform
Transforming activity-ktx-1.8.0.aar (androidx.activity:activity-ktx:1.8.0) with AarTransform
Transforming activity-1.8.0.aar (androidx.activity:activity:1.8.0) with ExtractAarTransform
Transforming activity-1.8.0.aar (androidx.activity:activity:1.8.0) with AarTransform
Transforming drawerlayout-1.1.1.aar (androidx.drawerlayout:drawerlayout:1.1.1) with ExtractAarTransform
Transforming drawerlayout-1.1.1.aar (androidx.drawerlayout:drawerlayout:1.1.1) with AarTransform
Transforming coordinatorlayout-1.1.0.aar (androidx.coordinatorlayout:coordinatorlayout:1.1.0) with ExtractAarTransform
Transforming coordinatorlayout-1.1.0.aar (androidx.coordinatorlayout:coordinatorlayout:1.1.0) with AarTransform
Transforming vectordrawable-animated-1.1.0.aar (androidx.vectordrawable:vectordrawable-animated:1.1.0) with ExtractAarTransform
Transforming vectordrawable-animated-1.1.0.aar (androidx.vectordrawable:vectordrawable-animated:1.1.0) with AarTransform
Transforming vectordrawable-1.1.0.aar (androidx.vectordrawable:vectordrawable:1.1.0) with ExtractAarTransform
Transforming vectordrawable-1.1.0.aar (androidx.vectordrawable:vectordrawable:1.1.0) with AarTransform
Transforming vectordrawable-1.1.0.aar (androidx.vectordrawable:vectordrawable:1.1.0) with ExtractAarTransform
Transforming vectordrawable-1.1.0.aar (androidx.vectordrawable:vectordrawable:1.1.0) with AarTransform
Transforming slidingpanelayout-1.2.0.aar (androidx.slidingpanelayout:slidingpanelayout:1.2.0) with ExtractAarTransform
Transforming slidingpanelayout-1.2.0.aar (androidx.slidingpanelayout:slidingpanelayout:1.2.0) with AarTransform
Transforming loader-1.0.0.aar (androidx.loader:loader:1.0.0) with ExtractAarTransform
Transforming loader-1.0.0.aar (androidx.loader:loader:1.0.0) with AarTransform
Transforming loader-1.0.0.aar (androidx.loader:loader:1.0.0) with ExtractAarTransform
Transforming loader-1.0.0.aar (androidx.loader:loader:1.0.0) with AarTransform
Transforming savedstate-ktx-1.2.1.aar (androidx.savedstate:savedstate-ktx:1.2.1) with ExtractAarTransform
Transforming savedstate-ktx-1.2.1.aar (androidx.savedstate:savedstate-ktx:1.2.1) with AarTransform
Transforming savedstate-1.2.1.aar (androidx.savedstate:savedstate:1.2.1) with ExtractAarTransform
Transforming savedstate-1.2.1.aar (androidx.savedstate:savedstate:1.2.1) with AarTransform
Transforming lifecycle-runtime-ktx-2.6.1.aar (androidx.lifecycle:lifecycle-runtime-ktx:2.6.1) with ExtractAarTransform
Transforming lifecycle-runtime-ktx-2.6.1.aar (androidx.lifecycle:lifecycle-runtime-ktx:2.6.1) with AarTransform
Transforming lifecycle-viewmodel-ktx-2.6.1.aar (androidx.lifecycle:lifecycle-viewmodel-ktx:2.6.1) with ExtractAarTransform
Transforming lifecycle-viewmodel-ktx-2.6.1.aar (androidx.lifecycle:lifecycle-viewmodel-ktx:2.6.1) with AarTransform
Transforming lifecycle-process-2.6.1.aar (androidx.lifecycle:lifecycle-process:2.6.1) with ExtractAarTransform
Transforming lifecycle-process-2.6.1.aar (androidx.lifecycle:lifecycle-process:2.6.1) with AarTransform
Transforming lifecycle-livedata-core-ktx-2.6.1.aar (androidx.lifecycle:lifecycle-livedata-core-ktx:2.6.1) with ExtractAarTransform
Transforming lifecycle-livedata-core-ktx-2.6.1.aar (androidx.lifecycle:lifecycle-livedata-core-ktx:2.6.1) with AarTransform
Transforming lifecycle-livedata-core-2.6.1.aar (androidx.lifecycle:lifecycle-livedata-core:2.6.1) with ExtractAarTransform
Transforming lifecycle-livedata-core-2.6.1.aar (androidx.lifecycle:lifecycle-livedata-core:2.6.1) with AarTransform
Transforming lifecycle-livedata-2.6.1.aar (androidx.lifecycle:lifecycle-livedata:2.6.1) with ExtractAarTransform
Transforming lifecycle-livedata-2.6.1.aar (androidx.lifecycle:lifecycle-livedata:2.6.1) with AarTransform
Transforming lifecycle-viewmodel-2.6.1.aar (androidx.lifecycle:lifecycle-viewmodel:2.6.1) with ExtractAarTransform
Transforming lifecycle-viewmodel-2.6.1.aar (androidx.lifecycle:lifecycle-viewmodel:2.6.1) with AarTransform
Transforming lifecycle-viewmodel-2.6.1.aar (androidx.lifecycle:lifecycle-viewmodel:2.6.1) with ExtractAarTransform
Transforming lifecycle-viewmodel-2.6.1.aar (androidx.lifecycle:lifecycle-viewmodel:2.6.1) with AarTransform
Transforming lifecycle-runtime-2.6.1.aar (androidx.lifecycle:lifecycle-runtime:2.6.1) with ExtractAarTransform
Transforming lifecycle-runtime-2.6.1.aar (androidx.lifecycle:lifecycle-runtime:2.6.1) with AarTransform
Transforming lifecycle-viewmodel-savedstate-2.6.1.aar (androidx.lifecycle:lifecycle-viewmodel-savedstate:2.6.1) with ExtractAarTransform
Transforming lifecycle-viewmodel-savedstate-2.6.1.aar (androidx.lifecycle:lifecycle-viewmodel-savedstate:2.6.1) with AarTransform
Transforming core-ktx-1.9.0.aar (androidx.core:core-ktx:1.9.0) with ExtractAarTransform
Transforming core-ktx-1.9.0.aar (androidx.core:core-ktx:1.9.0) with AarTransform
Transforming viewpager-1.0.0.aar (androidx.viewpager:viewpager:1.0.0) with ExtractAarTransform
Transforming viewpager-1.0.0.aar (androidx.viewpager:viewpager:1.0.0) with AarTransform
Transforming recyclerview-1.1.0.aar (androidx.recyclerview:recyclerview:1.1.0) with ExtractAarTransform
Transforming recyclerview-1.1.0.aar (androidx.recyclerview:recyclerview:1.1.0) with AarTransform
Transforming recyclerview-1.1.0.aar (androidx.recyclerview:recyclerview:1.1.0) with ExtractAarTransform
Transforming recyclerview-1.1.0.aar (androidx.recyclerview:recyclerview:1.1.0) with AarTransform
Transforming customview-1.1.0.aar (androidx.customview:customview:1.1.0) with ExtractAarTransform
Transforming customview-1.1.0.aar (androidx.customview:customview:1.1.0) with AarTransform
Transforming customview-1.1.0.aar (androidx.customview:customview:1.1.0) with ExtractAarTransform
Transforming customview-1.1.0.aar (androidx.customview:customview:1.1.0) with AarTransform
Transforming transition-1.4.1.aar (androidx.transition:transition:1.4.1) with ExtractAarTransform
Transforming transition-1.4.1.aar (androidx.transition:transition:1.4.1) with AarTransform
Transforming window-1.0.0.aar (androidx.window:window:1.0.0) with ExtractAarTransform
Transforming window-1.0.0.aar (androidx.window:window:1.0.0) with AarTransform
Transforming core-1.9.0.aar (androidx.core:core:1.9.0) with ExtractAarTransform
Transforming core-1.9.0.aar (androidx.core:core:1.9.0) with AarTransform
Transforming core-1.9.0.aar (androidx.core:core:1.9.0) with ExtractAarTransform
Transforming core-1.9.0.aar (androidx.core:core:1.9.0) with AarTransform
Transforming cursoradapter-1.0.0.aar (androidx.cursoradapter:cursoradapter:1.0.0) with ExtractAarTransform
Transforming cursoradapter-1.0.0.aar (androidx.cursoradapter:cursoradapter:1.0.0) with AarTransform
Transforming cardview-1.0.0.aar (androidx.cardview:cardview:1.0.0) with ExtractAarTransform
Transforming cardview-1.0.0.aar (androidx.cardview:cardview:1.0.0) with AarTransform
Transforming versionedparcelable-1.1.1.aar (androidx.versionedparcelable:versionedparcelable:1.1.1) with ExtractAarTransform
Transforming versionedparcelable-1.1.1.aar (androidx.versionedparcelable:versionedparcelable:1.1.1) with AarTransform
Transforming profileinstaller-1.3.0.aar (androidx.profileinstaller:profileinstaller:1.3.0) with ExtractAarTransform
Transforming profileinstaller-1.3.0.aar (androidx.profileinstaller:profileinstaller:1.3.0) with AarTransform
Transforming startup-runtime-1.1.1.aar (androidx.startup:startup-runtime:1.1.1) with ExtractAarTransform
Transforming startup-runtime-1.1.1.aar (androidx.startup:startup-runtime:1.1.1) with AarTransform
Transforming tracing-1.0.0.aar (androidx.tracing:tracing:1.0.0) with ExtractAarTransform
Transforming tracing-1.0.0.aar (androidx.tracing:tracing:1.0.0) with AarTransform
Transforming interpolator-1.0.0.aar (androidx.interpolator:interpolator:1.0.0) with ExtractAarTransform
Transforming interpolator-1.0.0.aar (androidx.interpolator:interpolator:1.0.0) with AarTransform
Transforming core-runtime-2.2.0.aar (androidx.arch.core:core-runtime:2.2.0) with ExtractAarTransform
Transforming core-runtime-2.2.0.aar (androidx.arch.core:core-runtime:2.2.0) with AarTransform
Transforming localbroadcastmanager-1.0.0.aar (androidx.localbroadcastmanager:localbroadcastmanager:1.0.0) with ExtractAarTransform
Transforming localbroadcastmanager-1.0.0.aar (androidx.localbroadcastmanager:localbroadcastmanager:1.0.0) with AarTransform
Transforming print-1.0.0.aar (androidx.print:print:1.0.0) with ExtractAarTransform
Transforming print-1.0.0.aar (androidx.print:print:1.0.0) with AarTransform
Transforming annotation-experimental-1.3.0.aar (androidx.annotation:annotation-experimental:1.3.0) with ExtractAarTransform
Transforming annotation-experimental-1.3.0.aar (androidx.annotation:annotation-experimental:1.3.0) with AarTransform
Transforming viewbinding-8.6.0.aar (androidx.databinding:viewbinding:8.6.0) with ExtractAarTransform
Transforming viewbinding-8.6.0.aar (androidx.databinding:viewbinding:8.6.0) with AarTransform
Transforming material-1.11.0.aar (com.google.android.material:material:1.11.0) with ExtractAarTransform
Transforming material-1.11.0.aar (com.google.android.material:material:1.11.0) with AarTransform
Transforming constraintlayout-2.1.4.aar (androidx.constraintlayout:constraintlayout:2.1.4) with ExtractAarTransform
Transforming constraintlayout-2.1.4.aar (androidx.constraintlayout:constraintlayout:2.1.4) with AarTransform
Transforming preference-1.2.1.aar (androidx.preference:preference:1.2.1) with ExtractAarTransform
Transforming preference-1.2.1.aar (androidx.preference:preference:1.2.1) with AarTransform
Transforming appcompat-resources-1.6.1.aar (androidx.appcompat:appcompat-resources:1.6.1) with ExtractAarTransform
Transforming appcompat-resources-1.6.1.aar (androidx.appcompat:appcompat-resources:1.6.1) with AarTransform
Transforming appcompat-1.6.1.aar (androidx.appcompat:appcompat:1.6.1) with ExtractAarTransform
Transforming appcompat-1.6.1.aar (androidx.appcompat:appcompat:1.6.1) with AarTransform
Transforming dynamicanimation-1.0.0.aar (androidx.dynamicanimation:dynamicanimation:1.0.0) with ExtractAarTransform
Transforming dynamicanimation-1.0.0.aar (androidx.dynamicanimation:dynamicanimation:1.0.0) with AarTransform
Transforming legacy-support-core-utils-1.0.0.aar (androidx.legacy:legacy-support-core-utils:1.0.0) with ExtractAarTransform
Transforming legacy-support-core-utils-1.0.0.aar (androidx.legacy:legacy-support-core-utils:1.0.0) with AarTransform
Transforming documentfile-1.0.1.aar (androidx.documentfile:documentfile:1.0.1) with ExtractAarTransform
Transforming documentfile-1.0.1.aar (androidx.documentfile:documentfile:1.0.1) with AarTransform
Transforming documentfile-1.0.1.aar (androidx.documentfile:documentfile:1.0.1) with ExtractAarTransform
Transforming documentfile-1.0.1.aar (androidx.documentfile:documentfile:1.0.1) with AarTransform
Transforming emoji2-views-helper-1.2.0.aar (androidx.emoji2:emoji2-views-helper:1.2.0) with ExtractAarTransform
Transforming emoji2-views-helper-1.2.0.aar (androidx.emoji2:emoji2-views-helper:1.2.0) with AarTransform
Transforming emoji2-1.2.0.aar (androidx.emoji2:emoji2:1.2.0) with ExtractAarTransform
Transforming emoji2-1.2.0.aar (androidx.emoji2:emoji2:1.2.0) with AarTransform
Transforming viewpager2-1.0.0.aar (androidx.viewpager2:viewpager2:1.0.0) with ExtractAarTransform
Transforming viewpager2-1.0.0.aar (androidx.viewpager2:viewpager2:1.0.0) with AarTransform
Transforming fragment-ktx-1.3.6.aar (androidx.fragment:fragment-ktx:1.3.6) with ExtractAarTransform
Transforming fragment-ktx-1.3.6.aar (androidx.fragment:fragment-ktx:1.3.6) with AarTransform
Transforming fragment-1.3.6.aar (androidx.fragment:fragment:1.3.6) with ExtractAarTransform
Transforming fragment-1.3.6.aar (androidx.fragment:fragment:1.3.6) with AarTransform
Transforming fragment-1.3.6.aar (androidx.fragment:fragment:1.3.6) with ExtractAarTransform
Transforming fragment-1.3.6.aar (androidx.fragment:fragment:1.3.6) with AarTransform
Transforming activity-ktx-1.8.0.aar (androidx.activity:activity-ktx:1.8.0) with ExtractAarTransform
Transforming activity-ktx-1.8.0.aar (androidx.activity:activity-ktx:1.8.0) with AarTransform
Transforming activity-1.8.0.aar (androidx.activity:activity:1.8.0) with ExtractAarTransform
Transforming activity-1.8.0.aar (androidx.activity:activity:1.8.0) with AarTransform
Transforming drawerlayout-1.1.1.aar (androidx.drawerlayout:drawerlayout:1.1.1) with ExtractAarTransform
Transforming drawerlayout-1.1.1.aar (androidx.drawerlayout:drawerlayout:1.1.1) with AarTransform
Transforming coordinatorlayout-1.1.0.aar (androidx.coordinatorlayout:coordinatorlayout:1.1.0) with ExtractAarTransform
Transforming coordinatorlayout-1.1.0.aar (androidx.coordinatorlayout:coordinatorlayout:1.1.0) with AarTransform
Transforming vectordrawable-animated-1.1.0.aar (androidx.vectordrawable:vectordrawable-animated:1.1.0) with ExtractAarTransform
Transforming vectordrawable-animated-1.1.0.aar (androidx.vectordrawable:vectordrawable-animated:1.1.0) with AarTransform
Transforming vectordrawable-1.1.0.aar (androidx.vectordrawable:vectordrawable:1.1.0) with ExtractAarTransform
Transforming vectordrawable-1.1.0.aar (androidx.vectordrawable:vectordrawable:1.1.0) with AarTransform
Transforming vectordrawable-1.1.0.aar (androidx.vectordrawable:vectordrawable:1.1.0) with ExtractAarTransform
Transforming vectordrawable-1.1.0.aar (androidx.vectordrawable:vectordrawable:1.1.0) with AarTransform
Transforming slidingpanelayout-1.2.0.aar (androidx.slidingpanelayout:slidingpanelayout:1.2.0) with ExtractAarTransform
Transforming slidingpanelayout-1.2.0.aar (androidx.slidingpanelayout:slidingpanelayout:1.2.0) with AarTransform
Transforming loader-1.0.0.aar (androidx.loader:loader:1.0.0) with ExtractAarTransform
Transforming loader-1.0.0.aar (androidx.loader:loader:1.0.0) with AarTransform
Transforming loader-1.0.0.aar (androidx.loader:loader:1.0.0) with ExtractAarTransform
Transforming loader-1.0.0.aar (androidx.loader:loader:1.0.0) with AarTransform
Transforming savedstate-ktx-1.2.1.aar (androidx.savedstate:savedstate-ktx:1.2.1) with ExtractAarTransform
Transforming savedstate-ktx-1.2.1.aar (androidx.savedstate:savedstate-ktx:1.2.1) with AarTransform
Transforming savedstate-1.2.1.aar (androidx.savedstate:savedstate:1.2.1) with ExtractAarTransform
Transforming savedstate-1.2.1.aar (androidx.savedstate:savedstate:1.2.1) with AarTransform
Transforming lifecycle-runtime-ktx-2.6.1.aar (androidx.lifecycle:lifecycle-runtime-ktx:2.6.1) with ExtractAarTransform
Transforming lifecycle-runtime-ktx-2.6.1.aar (androidx.lifecycle:lifecycle-runtime-ktx:2.6.1) with AarTransform
Transforming lifecycle-viewmodel-ktx-2.6.1.aar (androidx.lifecycle:lifecycle-viewmodel-ktx:2.6.1) with ExtractAarTransform
Transforming lifecycle-viewmodel-ktx-2.6.1.aar (androidx.lifecycle:lifecycle-viewmodel-ktx:2.6.1) with AarTransform
Transforming lifecycle-process-2.6.1.aar (androidx.lifecycle:lifecycle-process:2.6.1) with ExtractAarTransform
Transforming lifecycle-process-2.6.1.aar (androidx.lifecycle:lifecycle-process:2.6.1) with AarTransform
Transforming lifecycle-livedata-core-ktx-2.6.1.aar (androidx.lifecycle:lifecycle-livedata-core-ktx:2.6.1) with ExtractAarTransform
Transforming lifecycle-livedata-core-ktx-2.6.1.aar (androidx.lifecycle:lifecycle-livedata-core-ktx:2.6.1) with AarTransform
Transforming lifecycle-livedata-core-2.6.1.aar (androidx.lifecycle:lifecycle-livedata-core:2.6.1) with ExtractAarTransform
Transforming lifecycle-livedata-core-2.6.1.aar (androidx.lifecycle:lifecycle-livedata-core:2.6.1) with AarTransform
Transforming lifecycle-livedata-2.6.1.aar (androidx.lifecycle:lifecycle-livedata:2.6.1) with ExtractAarTransform
Transforming lifecycle-livedata-2.6.1.aar (androidx.lifecycle:lifecycle-livedata:2.6.1) with AarTransform
Transforming lifecycle-viewmodel-2.6.1.aar (androidx.lifecycle:lifecycle-viewmodel:2.6.1) with ExtractAarTransform
Transforming lifecycle-viewmodel-2.6.1.aar (androidx.lifecycle:lifecycle-viewmodel:2.6.1) with AarTransform
Transforming lifecycle-viewmodel-2.6.1.aar (androidx.lifecycle:lifecycle-viewmodel:2.6.1) with ExtractAarTransform
Transforming lifecycle-viewmodel-2.6.1.aar (androidx.lifecycle:lifecycle-viewmodel:2.6.1) with AarTransform
Transforming lifecycle-runtime-2.6.1.aar (androidx.lifecycle:lifecycle-runtime:2.6.1) with ExtractAarTransform
Transforming lifecycle-runtime-2.6.1.aar (androidx.lifecycle:lifecycle-runtime:2.6.1) with AarTransform
Transforming lifecycle-viewmodel-savedstate-2.6.1.aar (androidx.lifecycle:lifecycle-viewmodel-savedstate:2.6.1) with ExtractAarTransform
Transforming lifecycle-viewmodel-savedstate-2.6.1.aar (androidx.lifecycle:lifecycle-viewmodel-savedstate:2.6.1) with AarTransform
Transforming core-ktx-1.9.0.aar (androidx.core:core-ktx:1.9.0) with ExtractAarTransform
Transforming core-ktx-1.9.0.aar (androidx.core:core-ktx:1.9.0) with AarTransform
Transforming viewpager-1.0.0.aar (androidx.viewpager:viewpager:1.0.0) with ExtractAarTransform
Transforming viewpager-1.0.0.aar (androidx.viewpager:viewpager:1.0.0) with AarTransform
Transforming recyclerview-1.1.0.aar (androidx.recyclerview:recyclerview:1.1.0) with ExtractAarTransform
Transforming recyclerview-1.1.0.aar (androidx.recyclerview:recyclerview:1.1.0) with AarTransform
Transforming recyclerview-1.1.0.aar (androidx.recyclerview:recyclerview:1.1.0) with ExtractAarTransform
Transforming recyclerview-1.1.0.aar (androidx.recyclerview:recyclerview:1.1.0) with AarTransform
Transforming customview-1.1.0.aar (androidx.customview:customview:1.1.0) with ExtractAarTransform
Transforming customview-1.1.0.aar (androidx.customview:customview:1.1.0) with AarTransform
Transforming customview-1.1.0.aar (androidx.customview:customview:1.1.0) with ExtractAarTransform
Transforming customview-1.1.0.aar (androidx.customview:customview:1.1.0) with AarTransform
Transforming transition-1.4.1.aar (androidx.transition:transition:1.4.1) with ExtractAarTransform
Transforming transition-1.4.1.aar (androidx.transition:transition:1.4.1) with AarTransform
Transforming window-1.0.0.aar (androidx.window:window:1.0.0) with ExtractAarTransform
Transforming window-1.0.0.aar (androidx.window:window:1.0.0) with AarTransform
Transforming core-1.9.0.aar (androidx.core:core:1.9.0) with ExtractAarTransform
Transforming core-1.9.0.aar (androidx.core:core:1.9.0) with AarTransform
Transforming core-1.9.0.aar (androidx.core:core:1.9.0) with ExtractAarTransform
Transforming core-1.9.0.aar (androidx.core:core:1.9.0) with AarTransform
Transforming cursoradapter-1.0.0.aar (androidx.cursoradapter:cursoradapter:1.0.0) with ExtractAarTransform
Transforming cursoradapter-1.0.0.aar (androidx.cursoradapter:cursoradapter:1.0.0) with AarTransform
Transforming cardview-1.0.0.aar (androidx.cardview:cardview:1.0.0) with ExtractAarTransform
Transforming cardview-1.0.0.aar (androidx.cardview:cardview:1.0.0) with AarTransform
Transforming versionedparcelable-1.1.1.aar (androidx.versionedparcelable:versionedparcelable:1.1.1) with ExtractAarTransform
Transforming versionedparcelable-1.1.1.aar (androidx.versionedparcelable:versionedparcelable:1.1.1) with AarTransform
Transforming profileinstaller-1.3.0.aar (androidx.profileinstaller:profileinstaller:1.3.0) with ExtractAarTransform
Transforming profileinstaller-1.3.0.aar (androidx.profileinstaller:profileinstaller:1.3.0) with AarTransform
Transforming startup-runtime-1.1.1.aar (androidx.startup:startup-runtime:1.1.1) with ExtractAarTransform
Transforming startup-runtime-1.1.1.aar (androidx.startup:startup-runtime:1.1.1) with AarTransform
Transforming tracing-1.0.0.aar (androidx.tracing:tracing:1.0.0) with ExtractAarTransform
Transforming tracing-1.0.0.aar (androidx.tracing:tracing:1.0.0) with AarTransform
Transforming interpolator-1.0.0.aar (androidx.interpolator:interpolator:1.0.0) with ExtractAarTransform
Transforming interpolator-1.0.0.aar (androidx.interpolator:interpolator:1.0.0) with AarTransform
Transforming core-runtime-2.2.0.aar (androidx.arch.core:core-runtime:2.2.0) with ExtractAarTransform
Transforming core-runtime-2.2.0.aar (androidx.arch.core:core-runtime:2.2.0) with AarTransform
Transforming localbroadcastmanager-1.0.0.aar (androidx.localbroadcastmanager:localbroadcastmanager:1.0.0) with ExtractAarTransform
Transforming localbroadcastmanager-1.0.0.aar (androidx.localbroadcastmanager:localbroadcastmanager:1.0.0) with AarTransform
Transforming print-1.0.0.aar (androidx.print:print:1.0.0) with ExtractAarTransform
Transforming print-1.0.0.aar (androidx.print:print:1.0.0) with AarTransform
Transforming annotation-experimental-1.3.0.aar (androidx.annotation:annotation-experimental:1.3.0) with ExtractAarTransform
Transforming annotation-experimental-1.3.0.aar (androidx.annotation:annotation-experimental:1.3.0) with AarTransform
Build cache key for task ':app:processDebugMainManifest' is 4ea73cac9c43563ff108714d03329b05
Skipping task ':app:processDebugMainManifest' as it is up-to-date.
Resolve mutations for :app:processDebugManifest (Thread[Execution worker Thread 3,5,main]) started.
:app:processDebugManifest (Thread[Execution worker Thread 3,5,main]) started.

> Task :app:processDebugManifest UP-TO-DATE
Build cache key for task ':app:processDebugManifest' is 6049da8b6ce5f8c573b88bf5de918057
Skipping task ':app:processDebugManifest' as it is up-to-date.
Resolve mutations for :app:processDebugManifestForPackage (Thread[Execution worker Thread 3,5,main]) started.
:app:processDebugManifestForPackage (Thread[Execution worker Thread 3,5,main]) started.

> Task :app:processDebugManifestForPackage UP-TO-DATE
Custom actions are attached to task ':app:processDebugManifestForPackage'.
Build cache key for task ':app:processDebugManifestForPackage' is e61d96678f189fe0615e179aa97a834c
Skipping task ':app:processDebugManifestForPackage' as it is up-to-date.
Resolve mutations for :app:processDebugResources (Thread[Execution worker Thread 3,5,main]) started.
:app:processDebugResources (Thread[Execution worker Thread 3,5,main]) started.

> Task :app:processDebugResources UP-TO-DATE
Transforming aapt2-8.6.0-11315950-linux.jar (com.android.tools.build:aapt2:8.6.0-11315950) with Aapt2Extractor
Transforming viewbinding-8.6.0.aar (androidx.databinding:viewbinding:8.6.0) with ExtractAarTransform
Transforming viewbinding-8.6.0.aar (androidx.databinding:viewbinding:8.6.0) with AarResourcesCompilerTransform
Transforming material-1.11.0.aar (com.google.android.material:material:1.11.0) with ExtractAarTransform
Transforming material-1.11.0.aar (com.google.android.material:material:1.11.0) with AarResourcesCompilerTransform
Transforming constraintlayout-2.1.4.aar (androidx.constraintlayout:constraintlayout:2.1.4) with ExtractAarTransform
Transforming constraintlayout-2.1.4.aar (androidx.constraintlayout:constraintlayout:2.1.4) with AarResourcesCompilerTransform
Transforming preference-1.2.1.aar (androidx.preference:preference:1.2.1) with ExtractAarTransform
Transforming preference-1.2.1.aar (androidx.preference:preference:1.2.1) with AarResourcesCompilerTransform
Transforming appcompat-resources-1.6.1.aar (androidx.appcompat:appcompat-resources:1.6.1) with ExtractAarTransform
Transforming appcompat-resources-1.6.1.aar (androidx.appcompat:appcompat-resources:1.6.1) with AarResourcesCompilerTransform
Transforming appcompat-1.6.1.aar (androidx.appcompat:appcompat:1.6.1) with ExtractAarTransform
Transforming appcompat-1.6.1.aar (androidx.appcompat:appcompat:1.6.1) with AarResourcesCompilerTransform
Transforming dynamicanimation-1.0.0.aar (androidx.dynamicanimation:dynamicanimation:1.0.0) with ExtractAarTransform
Transforming dynamicanimation-1.0.0.aar (androidx.dynamicanimation:dynamicanimation:1.0.0) with AarResourcesCompilerTransform
Transforming legacy-support-core-utils-1.0.0.aar (androidx.legacy:legacy-support-core-utils:1.0.0) with ExtractAarTransform
Transforming legacy-support-core-utils-1.0.0.aar (androidx.legacy:legacy-support-core-utils:1.0.0) with AarResourcesCompilerTransform
Transforming documentfile-1.0.1.aar (androidx.documentfile:documentfile:1.0.1) with ExtractAarTransform
Transforming documentfile-1.0.1.aar (androidx.documentfile:documentfile:1.0.1) with AarResourcesCompilerTransform
Transforming documentfile-1.0.1.aar (androidx.documentfile:documentfile:1.0.1) with ExtractAarTransform
Transforming documentfile-1.0.1.aar (androidx.documentfile:documentfile:1.0.1) with AarResourcesCompilerTransform
Transforming emoji2-views-helper-1.2.0.aar (androidx.emoji2:emoji2-views-helper:1.2.0) with ExtractAarTransform
Transforming emoji2-views-helper-1.2.0.aar (androidx.emoji2:emoji2-views-helper:1.2.0) with AarResourcesCompilerTransform
Transforming emoji2-1.2.0.aar (androidx.emoji2:emoji2:1.2.0) with ExtractAarTransform
Transforming emoji2-1.2.0.aar (androidx.emoji2:emoji2:1.2.0) with AarResourcesCompilerTransform
Transforming viewpager2-1.0.0.aar (androidx.viewpager2:viewpager2:1.0.0) with ExtractAarTransform
Transforming viewpager2-1.0.0.aar (androidx.viewpager2:viewpager2:1.0.0) with AarResourcesCompilerTransform
Transforming fragment-ktx-1.3.6.aar (androidx.fragment:fragment-ktx:1.3.6) with ExtractAarTransform
Transforming fragment-ktx-1.3.6.aar (androidx.fragment:fragment-ktx:1.3.6) with AarResourcesCompilerTransform
Transforming fragment-1.3.6.aar (androidx.fragment:fragment:1.3.6) with ExtractAarTransform
Transforming fragment-1.3.6.aar (androidx.fragment:fragment:1.3.6) with AarResourcesCompilerTransform
Transforming fragment-1.3.6.aar (androidx.fragment:fragment:1.3.6) with ExtractAarTransform
Transforming fragment-1.3.6.aar (androidx.fragment:fragment:1.3.6) with AarResourcesCompilerTransform
Transforming activity-ktx-1.8.0.aar (androidx.activity:activity-ktx:1.8.0) with ExtractAarTransform
Transforming activity-ktx-1.8.0.aar (androidx.activity:activity-ktx:1.8.0) with AarResourcesCompilerTransform
Transforming activity-1.8.0.aar (androidx.activity:activity:1.8.0) with ExtractAarTransform
Transforming activity-1.8.0.aar (androidx.activity:activity:1.8.0) with AarResourcesCompilerTransform
Transforming drawerlayout-1.1.1.aar (androidx.drawerlayout:drawerlayout:1.1.1) with ExtractAarTransform
Transforming drawerlayout-1.1.1.aar (androidx.drawerlayout:drawerlayout:1.1.1) with AarResourcesCompilerTransform
Transforming coordinatorlayout-1.1.0.aar (androidx.coordinatorlayout:coordinatorlayout:1.1.0) with ExtractAarTransform
Transforming coordinatorlayout-1.1.0.aar (androidx.coordinatorlayout:coordinatorlayout:1.1.0) with AarResourcesCompilerTransform
Transforming vectordrawable-animated-1.1.0.aar (androidx.vectordrawable:vectordrawable-animated:1.1.0) with ExtractAarTransform
Transforming vectordrawable-animated-1.1.0.aar (androidx.vectordrawable:vectordrawable-animated:1.1.0) with AarResourcesCompilerTransform
Transforming vectordrawable-1.1.0.aar (androidx.vectordrawable:vectordrawable:1.1.0) with ExtractAarTransform
Transforming vectordrawable-1.1.0.aar (androidx.vectordrawable:vectordrawable:1.1.0) with AarResourcesCompilerTransform
Transforming vectordrawable-1.1.0.aar (androidx.vectordrawable:vectordrawable:1.1.0) with ExtractAarTransform
Transforming vectordrawable-1.1.0.aar (androidx.vectordrawable:vectordrawable:1.1.0) with AarResourcesCompilerTransform
Transforming slidingpanelayout-1.2.0.aar (androidx.slidingpanelayout:slidingpanelayout:1.2.0) with ExtractAarTransform
Transforming slidingpanelayout-1.2.0.aar (androidx.slidingpanelayout:slidingpanelayout:1.2.0) with AarResourcesCompilerTransform
Transforming loader-1.0.0.aar (androidx.loader:loader:1.0.0) with ExtractAarTransform
Transforming loader-1.0.0.aar (androidx.loader:loader:1.0.0) with AarResourcesCompilerTransform
Transforming loader-1.0.0.aar (androidx.loader:loader:1.0.0) with ExtractAarTransform
Transforming loader-1.0.0.aar (androidx.loader:loader:1.0.0) with AarResourcesCompilerTransform
Transforming savedstate-ktx-1.2.1.aar (androidx.savedstate:savedstate-ktx:1.2.1) with ExtractAarTransform
Transforming savedstate-ktx-1.2.1.aar (androidx.savedstate:savedstate-ktx:1.2.1) with AarResourcesCompilerTransform
Transforming savedstate-1.2.1.aar (androidx.savedstate:savedstate:1.2.1) with ExtractAarTransform
Transforming savedstate-1.2.1.aar (androidx.savedstate:savedstate:1.2.1) with AarResourcesCompilerTransform
Transforming lifecycle-runtime-ktx-2.6.1.aar (androidx.lifecycle:lifecycle-runtime-ktx:2.6.1) with ExtractAarTransform
Transforming lifecycle-runtime-ktx-2.6.1.aar (androidx.lifecycle:lifecycle-runtime-ktx:2.6.1) with AarResourcesCompilerTransform
Transforming lifecycle-viewmodel-ktx-2.6.1.aar (androidx.lifecycle:lifecycle-viewmodel-ktx:2.6.1) with ExtractAarTransform
Transforming lifecycle-viewmodel-ktx-2.6.1.aar (androidx.lifecycle:lifecycle-viewmodel-ktx:2.6.1) with AarResourcesCompilerTransform
Transforming lifecycle-process-2.6.1.aar (androidx.lifecycle:lifecycle-process:2.6.1) with ExtractAarTransform
Transforming lifecycle-process-2.6.1.aar (androidx.lifecycle:lifecycle-process:2.6.1) with AarResourcesCompilerTransform
Transforming lifecycle-livedata-core-ktx-2.6.1.aar (androidx.lifecycle:lifecycle-livedata-core-ktx:2.6.1) with ExtractAarTransform
Transforming lifecycle-livedata-core-ktx-2.6.1.aar (androidx.lifecycle:lifecycle-livedata-core-ktx:2.6.1) with AarResourcesCompilerTransform
Transforming lifecycle-livedata-core-2.6.1.aar (androidx.lifecycle:lifecycle-livedata-core:2.6.1) with ExtractAarTransform
Transforming lifecycle-livedata-core-2.6.1.aar (androidx.lifecycle:lifecycle-livedata-core:2.6.1) with AarResourcesCompilerTransform
Transforming lifecycle-livedata-2.6.1.aar (androidx.lifecycle:lifecycle-livedata:2.6.1) with ExtractAarTransform
Transforming lifecycle-livedata-2.6.1.aar (androidx.lifecycle:lifecycle-livedata:2.6.1) with AarResourcesCompilerTransform
Transforming lifecycle-viewmodel-2.6.1.aar (androidx.lifecycle:lifecycle-viewmodel:2.6.1) with ExtractAarTransform
Transforming lifecycle-viewmodel-2.6.1.aar (androidx.lifecycle:lifecycle-viewmodel:2.6.1) with AarResourcesCompilerTransform
Transforming lifecycle-viewmodel-2.6.1.aar (androidx.lifecycle:lifecycle-viewmodel:2.6.1) with ExtractAarTransform
Transforming lifecycle-viewmodel-2.6.1.aar (androidx.lifecycle:lifecycle-viewmodel:2.6.1) with AarResourcesCompilerTransform
Transforming lifecycle-runtime-2.6.1.aar (androidx.lifecycle:lifecycle-runtime:2.6.1) with ExtractAarTransform
Transforming lifecycle-runtime-2.6.1.aar (androidx.lifecycle:lifecycle-runtime:2.6.1) with AarResourcesCompilerTransform
Transforming lifecycle-viewmodel-savedstate-2.6.1.aar (androidx.lifecycle:lifecycle-viewmodel-savedstate:2.6.1) with ExtractAarTransform
Transforming lifecycle-viewmodel-savedstate-2.6.1.aar (androidx.lifecycle:lifecycle-viewmodel-savedstate:2.6.1) with AarResourcesCompilerTransform
Transforming core-ktx-1.9.0.aar (androidx.core:core-ktx:1.9.0) with ExtractAarTransform
Transforming core-ktx-1.9.0.aar (androidx.core:core-ktx:1.9.0) with AarResourcesCompilerTransform
Transforming viewpager-1.0.0.aar (androidx.viewpager:viewpager:1.0.0) with ExtractAarTransform
Transforming viewpager-1.0.0.aar (androidx.viewpager:viewpager:1.0.0) with AarResourcesCompilerTransform
Transforming recyclerview-1.1.0.aar (androidx.recyclerview:recyclerview:1.1.0) with ExtractAarTransform
Transforming recyclerview-1.1.0.aar (androidx.recyclerview:recyclerview:1.1.0) with AarResourcesCompilerTransform
Transforming recyclerview-1.1.0.aar (androidx.recyclerview:recyclerview:1.1.0) with ExtractAarTransform
Transforming recyclerview-1.1.0.aar (androidx.recyclerview:recyclerview:1.1.0) with AarResourcesCompilerTransform
Transforming customview-1.1.0.aar (androidx.customview:customview:1.1.0) with ExtractAarTransform
Transforming customview-1.1.0.aar (androidx.customview:customview:1.1.0) with AarResourcesCompilerTransform
Transforming customview-1.1.0.aar (androidx.customview:customview:1.1.0) with ExtractAarTransform
Transforming customview-1.1.0.aar (androidx.customview:customview:1.1.0) with AarResourcesCompilerTransform
Transforming transition-1.4.1.aar (androidx.transition:transition:1.4.1) with ExtractAarTransform
Transforming transition-1.4.1.aar (androidx.transition:transition:1.4.1) with AarResourcesCompilerTransform
Transforming window-1.0.0.aar (androidx.window:window:1.0.0) with ExtractAarTransform
Transforming window-1.0.0.aar (androidx.window:window:1.0.0) with AarResourcesCompilerTransform
Transforming core-1.9.0.aar (androidx.core:core:1.9.0) with ExtractAarTransform
Transforming core-1.9.0.aar (androidx.core:core:1.9.0) with AarResourcesCompilerTransform
Transforming core-1.9.0.aar (androidx.core:core:1.9.0) with ExtractAarTransform
Transforming core-1.9.0.aar (androidx.core:core:1.9.0) with AarResourcesCompilerTransform
Transforming cursoradapter-1.0.0.aar (androidx.cursoradapter:cursoradapter:1.0.0) with ExtractAarTransform
Transforming cursoradapter-1.0.0.aar (androidx.cursoradapter:cursoradapter:1.0.0) with AarResourcesCompilerTransform
Transforming cardview-1.0.0.aar (androidx.cardview:cardview:1.0.0) with ExtractAarTransform
Transforming cardview-1.0.0.aar (androidx.cardview:cardview:1.0.0) with AarResourcesCompilerTransform
Transforming versionedparcelable-1.1.1.aar (androidx.versionedparcelable:versionedparcelable:1.1.1) with ExtractAarTransform
Transforming versionedparcelable-1.1.1.aar (androidx.versionedparcelable:versionedparcelable:1.1.1) with AarResourcesCompilerTransform
Transforming profileinstaller-1.3.0.aar (androidx.profileinstaller:profileinstaller:1.3.0) with ExtractAarTransform
Transforming profileinstaller-1.3.0.aar (androidx.profileinstaller:profileinstaller:1.3.0) with AarResourcesCompilerTransform
Transforming startup-runtime-1.1.1.aar (androidx.startup:startup-runtime:1.1.1) with ExtractAarTransform
Transforming startup-runtime-1.1.1.aar (androidx.startup:startup-runtime:1.1.1) with AarResourcesCompilerTransform
Transforming tracing-1.0.0.aar (androidx.tracing:tracing:1.0.0) with ExtractAarTransform
Transforming tracing-1.0.0.aar (androidx.tracing:tracing:1.0.0) with AarResourcesCompilerTransform
Transforming interpolator-1.0.0.aar (androidx.interpolator:interpolator:1.0.0) with ExtractAarTransform
Transforming interpolator-1.0.0.aar (androidx.interpolator:interpolator:1.0.0) with AarResourcesCompilerTransform
Transforming core-runtime-2.2.0.aar (androidx.arch.core:core-runtime:2.2.0) with ExtractAarTransform
Transforming core-runtime-2.2.0.aar (androidx.arch.core:core-runtime:2.2.0) with AarResourcesCompilerTransform
Transforming localbroadcastmanager-1.0.0.aar (androidx.localbroadcastmanager:localbroadcastmanager:1.0.0) with ExtractAarTransform
Transforming localbroadcastmanager-1.0.0.aar (androidx.localbroadcastmanager:localbroadcastmanager:1.0.0) with AarResourcesCompilerTransform
Transforming print-1.0.0.aar (androidx.print:print:1.0.0) with ExtractAarTransform
Transforming print-1.0.0.aar (androidx.print:print:1.0.0) with AarResourcesCompilerTransform
Transforming annotation-experimental-1.3.0.aar (androidx.annotation:annotation-experimental:1.3.0) with ExtractAarTransform
Transforming annotation-experimental-1.3.0.aar (androidx.annotation:annotation-experimental:1.3.0) with AarResourcesCompilerTransform
Build cache key for task ':app:processDebugResources' is 66f0be89d78ae2105c3b0db9f3bc81f8
Skipping task ':app:processDebugResources' as it is up-to-date.
Resolve mutations for :app:compileDebugJavaWithJavac (Thread[Execution worker Thread 3,5,main]) started.
:app:compileDebugJavaWithJavac (Thread[Execution worker Thread 3,5,main]) started.

> Task :app:compileDebugJavaWithJavac UP-TO-DATE
Transforming viewbinding-8.6.0.aar (androidx.databinding:viewbinding:8.6.0) with AarToClassTransform
Transforming material-1.11.0.aar (com.google.android.material:material:1.11.0) with AarToClassTransform
Transforming preference-1.2.1.aar (androidx.preference:preference:1.2.1) with AarToClassTransform
Transforming appcompat-1.6.1.aar (androidx.appcompat:appcompat:1.6.1) with AarToClassTransform
Transforming constraintlayout-2.1.4.aar (androidx.constraintlayout:constraintlayout:2.1.4) with AarToClassTransform
Transforming dynamicanimation-1.0.0.aar (androidx.dynamicanimation:dynamicanimation:1.0.0) with AarToClassTransform
Transforming legacy-support-core-utils-1.0.0.aar (androidx.legacy:legacy-support-core-utils:1.0.0) with AarToClassTransform
Transforming documentfile-1.0.1.aar (androidx.documentfile:documentfile:1.0.1) with AarToClassTransform
Transforming documentfile-1.0.1.aar (androidx.documentfile:documentfile:1.0.1) with AarToClassTransform
Transforming viewpager2-1.0.0.aar (androidx.viewpager2:viewpager2:1.0.0) with AarToClassTransform
Transforming fragment-ktx-1.3.6.aar (androidx.fragment:fragment-ktx:1.3.6) with AarToClassTransform
Transforming fragment-1.3.6.aar (androidx.fragment:fragment:1.3.6) with AarToClassTransform
Transforming fragment-1.3.6.aar (androidx.fragment:fragment:1.3.6) with AarToClassTransform
Transforming activity-ktx-1.8.0.aar (androidx.activity:activity-ktx:1.8.0) with AarToClassTransform
Transforming activity-1.8.0.aar (androidx.activity:activity:1.8.0) with AarToClassTransform
Transforming appcompat-resources-1.6.1.aar (androidx.appcompat:appcompat-resources:1.6.1) with AarToClassTransform
Transforming drawerlayout-1.1.1.aar (androidx.drawerlayout:drawerlayout:1.1.1) with AarToClassTransform
Transforming coordinatorlayout-1.1.0.aar (androidx.coordinatorlayout:coordinatorlayout:1.1.0) with AarToClassTransform
Transforming recyclerview-1.1.0.aar (androidx.recyclerview:recyclerview:1.1.0) with AarToClassTransform
Transforming recyclerview-1.1.0.aar (androidx.recyclerview:recyclerview:1.1.0) with AarToClassTransform
Transforming transition-1.4.1.aar (androidx.transition:transition:1.4.1) with AarToClassTransform
Transforming vectordrawable-animated-1.1.0.aar (androidx.vectordrawable:vectordrawable-animated:1.1.0) with AarToClassTransform
Transforming vectordrawable-1.1.0.aar (androidx.vectordrawable:vectordrawable:1.1.0) with AarToClassTransform
Transforming vectordrawable-1.1.0.aar (androidx.vectordrawable:vectordrawable:1.1.0) with AarToClassTransform
Transforming slidingpanelayout-1.2.0.aar (androidx.slidingpanelayout:slidingpanelayout:1.2.0) with AarToClassTransform
Transforming viewpager-1.0.0.aar (androidx.viewpager:viewpager:1.0.0) with AarToClassTransform
Transforming customview-1.1.0.aar (androidx.customview:customview:1.1.0) with AarToClassTransform
Transforming customview-1.1.0.aar (androidx.customview:customview:1.1.0) with AarToClassTransform
Transforming loader-1.0.0.aar (androidx.loader:loader:1.0.0) with AarToClassTransform
Transforming loader-1.0.0.aar (androidx.loader:loader:1.0.0) with AarToClassTransform
Transforming lifecycle-livedata-2.6.1.aar (androidx.lifecycle:lifecycle-livedata:2.6.1) with AarToClassTransform
Transforming lifecycle-livedata-core-ktx-2.6.1.aar (androidx.lifecycle:lifecycle-livedata-core-ktx:2.6.1) with AarToClassTransform
Transforming lifecycle-viewmodel-ktx-2.6.1.aar (androidx.lifecycle:lifecycle-viewmodel-ktx:2.6.1) with AarToClassTransform
Transforming lifecycle-runtime-ktx-2.6.1.aar (androidx.lifecycle:lifecycle-runtime-ktx:2.6.1) with AarToClassTransform
Transforming lifecycle-livedata-core-2.6.1.aar (androidx.lifecycle:lifecycle-livedata-core:2.6.1) with AarToClassTransform
Transforming lifecycle-viewmodel-2.6.1.aar (androidx.lifecycle:lifecycle-viewmodel:2.6.1) with AarToClassTransform
Transforming lifecycle-viewmodel-2.6.1.aar (androidx.lifecycle:lifecycle-viewmodel:2.6.1) with AarToClassTransform
Transforming lifecycle-runtime-2.6.1.aar (androidx.lifecycle:lifecycle-runtime:2.6.1) with AarToClassTransform
Transforming lifecycle-viewmodel-savedstate-2.6.1.aar (androidx.lifecycle:lifecycle-viewmodel-savedstate:2.6.1) with AarToClassTransform
Transforming core-ktx-1.9.0.aar (androidx.core:core-ktx:1.9.0) with AarToClassTransform
Transforming core-1.9.0.aar (androidx.core:core:1.9.0) with AarToClassTransform
Transforming core-1.9.0.aar (androidx.core:core:1.9.0) with AarToClassTransform
Transforming cursoradapter-1.0.0.aar (androidx.cursoradapter:cursoradapter:1.0.0) with AarToClassTransform
Transforming savedstate-ktx-1.2.1.aar (androidx.savedstate:savedstate-ktx:1.2.1) with AarToClassTransform
Transforming savedstate-1.2.1.aar (androidx.savedstate:savedstate:1.2.1) with AarToClassTransform
Transforming cardview-1.0.0.aar (androidx.cardview:cardview:1.0.0) with AarToClassTransform
Transforming versionedparcelable-1.1.1.aar (androidx.versionedparcelable:versionedparcelable:1.1.1) with AarToClassTransform
Transforming core-runtime-2.2.0.aar (androidx.arch.core:core-runtime:2.2.0) with AarToClassTransform
Transforming interpolator-1.0.0.aar (androidx.interpolator:interpolator:1.0.0) with AarToClassTransform
Transforming localbroadcastmanager-1.0.0.aar (androidx.localbroadcastmanager:localbroadcastmanager:1.0.0) with AarToClassTransform
Transforming lifecycle-common-2.6.1.jar (androidx.lifecycle:lifecycle-common:2.6.1) with IdentityTransform
Transforming print-1.0.0.aar (androidx.print:print:1.0.0) with AarToClassTransform
Transforming annotation-experimental-1.3.0.aar (androidx.annotation:annotation-experimental:1.3.0) with AarToClassTransform
Transforming collection-ktx-1.1.0.jar (androidx.collection:collection-ktx:1.1.0) with IdentityTransform
Transforming collection-1.1.0.jar (androidx.collection:collection:1.1.0) with IdentityTransform
Transforming annotation-1.3.0.jar (androidx.annotation:annotation:1.3.0) with IdentityTransform
Transforming core-common-2.2.0.jar (androidx.arch.core:core-common:2.2.0) with IdentityTransform
Transforming kotlinx-coroutines-core-jvm-1.6.4.jar (org.jetbrains.kotlinx:kotlinx-coroutines-core-jvm:1.6.4) with IdentityTransform
Transforming kotlin-stdlib-jdk8-1.8.22.jar (org.jetbrains.kotlin:kotlin-stdlib-jdk8:1.8.22) with IdentityTransform
Transforming kotlinx-coroutines-android-1.6.4.jar (org.jetbrains.kotlinx:kotlinx-coroutines-android:1.6.4) with IdentityTransform
Transforming kotlin-stdlib-jdk7-1.8.22.jar (org.jetbrains.kotlin:kotlin-stdlib-jdk7:1.8.22) with IdentityTransform
Transforming kotlin-stdlib-1.8.22.jar (org.jetbrains.kotlin:kotlin-stdlib:1.8.22) with IdentityTransform
Transforming annotations-13.0.jar (org.jetbrains:annotations:13.0) with IdentityTransform
Transforming resourceinspection-annotation-1.0.1.jar (androidx.resourceinspection:resourceinspection-annotation:1.0.1) with IdentityTransform
Transforming kotlin-stdlib-common-1.8.22.jar (org.jetbrains.kotlin:kotlin-stdlib-common:1.8.22) with IdentityTransform
Transforming core-for-system-modules.jar with JdkImageTransform
Transforming core-for-system-modules.jar with JdkImageTransform
Transforming core-for-system-modules.jar with JdkImageTransform
Transforming core-for-system-modules.jar with JdkImageTransform
Transforming core-for-system-modules.jar with JdkImageTransform
Transforming core-for-system-modules.jar with JdkImageTransform
Custom actions are attached to task ':app:compileDebugJavaWithJavac'.
Build cache key for task ':app:compileDebugJavaWithJavac' is 8a124a10813a7fa30bbde572de52c836
Skipping task ':app:compileDebugJavaWithJavac' as it is up-to-date.
Resolve mutations for :app:mergeDebugShaders (Thread[Execution worker Thread 2,5,main]) started.
:app:mergeDebugShaders (Thread[Execution worker Thread 2,5,main]) started.

> Task :app:mergeDebugShaders
Caching disabled for task ':app:mergeDebugShaders' because:
  Simple merging task
Task ':app:mergeDebugShaders' is not up-to-date because:
  Output property 'outputDir' file /home/runner/work/NearChuckle-android-wip-edition/NearChuckle-android-wip-edition/android/app/build/intermediates/merged_shaders/debug/mergeDebugShaders/out has been removed.
The input changes require a full rebuild for incremental task ':app:mergeDebugShaders'.
Resolve mutations for :app:compileDebugShaders (Thread[Execution worker Thread 3,5,main]) started.
:app:compileDebugShaders (Thread[Execution worker Thread 3,5,main]) started.

> Task :app:compileDebugShaders NO-SOURCE
Skipping task ':app:compileDebugShaders' as it has no source files and no previous output files.
Resolve mutations for :app:generateDebugAssets (Thread[Execution worker Thread 3,5,main]) started.
:app:generateDebugAssets (Thread[Execution worker Thread 3,5,main]) started.

> Task :app:generateDebugAssets UP-TO-DATE
Skipping task ':app:generateDebugAssets' as it has no actions.
Resolve mutations for :app:mergeDebugAssets (Thread[Execution worker Thread 3,5,main]) started.
:app:mergeDebugAssets (Thread[Execution worker Thread 2,5,main]) started.

> Task :app:mergeDebugAssets
Transforming viewbinding-8.6.0.aar (androidx.databinding:viewbinding:8.6.0) with ExtractAarTransform
Transforming viewbinding-8.6.0.aar (androidx.databinding:viewbinding:8.6.0) with AarTransform
Transforming material-1.11.0.aar (com.google.android.material:material:1.11.0) with ExtractAarTransform
Transforming material-1.11.0.aar (com.google.android.material:material:1.11.0) with AarTransform
Transforming constraintlayout-2.1.4.aar (androidx.constraintlayout:constraintlayout:2.1.4) with ExtractAarTransform
Transforming constraintlayout-2.1.4.aar (androidx.constraintlayout:constraintlayout:2.1.4) with AarTransform
Transforming preference-1.2.1.aar (androidx.preference:preference:1.2.1) with ExtractAarTransform
Transforming preference-1.2.1.aar (androidx.preference:preference:1.2.1) with AarTransform
Transforming appcompat-resources-1.6.1.aar (androidx.appcompat:appcompat-resources:1.6.1) with ExtractAarTransform
Transforming appcompat-resources-1.6.1.aar (androidx.appcompat:appcompat-resources:1.6.1) with AarTransform
Transforming appcompat-1.6.1.aar (androidx.appcompat:appcompat:1.6.1) with ExtractAarTransform
Transforming appcompat-1.6.1.aar (androidx.appcompat:appcompat:1.6.1) with AarTransform
Transforming dynamicanimation-1.0.0.aar (androidx.dynamicanimation:dynamicanimation:1.0.0) with ExtractAarTransform
Transforming dynamicanimation-1.0.0.aar (androidx.dynamicanimation:dynamicanimation:1.0.0) with AarTransform
Transforming legacy-support-core-utils-1.0.0.aar (androidx.legacy:legacy-support-core-utils:1.0.0) with ExtractAarTransform
Transforming legacy-support-core-utils-1.0.0.aar (androidx.legacy:legacy-support-core-utils:1.0.0) with AarTransform
Transforming documentfile-1.0.1.aar (androidx.documentfile:documentfile:1.0.1) with ExtractAarTransform
Transforming documentfile-1.0.1.aar (androidx.documentfile:documentfile:1.0.1) with AarTransform
Transforming documentfile-1.0.1.aar (androidx.documentfile:documentfile:1.0.1) with ExtractAarTransform
Transforming documentfile-1.0.1.aar (androidx.documentfile:documentfile:1.0.1) with AarTransform
Transforming emoji2-views-helper-1.2.0.aar (androidx.emoji2:emoji2-views-helper:1.2.0) with ExtractAarTransform
Transforming emoji2-views-helper-1.2.0.aar (androidx.emoji2:emoji2-views-helper:1.2.0) with AarTransform
Transforming emoji2-1.2.0.aar (androidx.emoji2:emoji2:1.2.0) with ExtractAarTransform
Transforming emoji2-1.2.0.aar (androidx.emoji2:emoji2:1.2.0) with AarTransform
Transforming viewpager2-1.0.0.aar (androidx.viewpager2:viewpager2:1.0.0) with ExtractAarTransform
Transforming viewpager2-1.0.0.aar (androidx.viewpager2:viewpager2:1.0.0) with AarTransform
Transforming fragment-ktx-1.3.6.aar (androidx.fragment:fragment-ktx:1.3.6) with ExtractAarTransform
Transforming fragment-ktx-1.3.6.aar (androidx.fragment:fragment-ktx:1.3.6) with AarTransform
Transforming fragment-1.3.6.aar (androidx.fragment:fragment:1.3.6) with ExtractAarTransform
Transforming fragment-1.3.6.aar (androidx.fragment:fragment:1.3.6) with AarTransform
Transforming fragment-1.3.6.aar (androidx.fragment:fragment:1.3.6) with ExtractAarTransform
Transforming fragment-1.3.6.aar (androidx.fragment:fragment:1.3.6) with AarTransform
Transforming activity-ktx-1.8.0.aar (androidx.activity:activity-ktx:1.8.0) with ExtractAarTransform
Transforming activity-ktx-1.8.0.aar (androidx.activity:activity-ktx:1.8.0) with AarTransform
Transforming activity-1.8.0.aar (androidx.activity:activity:1.8.0) with ExtractAarTransform
Transforming activity-1.8.0.aar (androidx.activity:activity:1.8.0) with AarTransform
Transforming drawerlayout-1.1.1.aar (androidx.drawerlayout:drawerlayout:1.1.1) with ExtractAarTransform
Transforming drawerlayout-1.1.1.aar (androidx.drawerlayout:drawerlayout:1.1.1) with AarTransform
Transforming coordinatorlayout-1.1.0.aar (androidx.coordinatorlayout:coordinatorlayout:1.1.0) with ExtractAarTransform
Transforming coordinatorlayout-1.1.0.aar (androidx.coordinatorlayout:coordinatorlayout:1.1.0) with AarTransform
Transforming vectordrawable-animated-1.1.0.aar (androidx.vectordrawable:vectordrawable-animated:1.1.0) with ExtractAarTransform
Transforming vectordrawable-animated-1.1.0.aar (androidx.vectordrawable:vectordrawable-animated:1.1.0) with AarTransform
Transforming vectordrawable-1.1.0.aar (androidx.vectordrawable:vectordrawable:1.1.0) with ExtractAarTransform
Transforming vectordrawable-1.1.0.aar (androidx.vectordrawable:vectordrawable:1.1.0) with AarTransform
Transforming vectordrawable-1.1.0.aar (androidx.vectordrawable:vectordrawable:1.1.0) with ExtractAarTransform
Transforming vectordrawable-1.1.0.aar (androidx.vectordrawable:vectordrawable:1.1.0) with AarTransform
Transforming slidingpanelayout-1.2.0.aar (androidx.slidingpanelayout:slidingpanelayout:1.2.0) with ExtractAarTransform
Transforming slidingpanelayout-1.2.0.aar (androidx.slidingpanelayout:slidingpanelayout:1.2.0) with AarTransform
Transforming loader-1.0.0.aar (androidx.loader:loader:1.0.0) with ExtractAarTransform
Transforming loader-1.0.0.aar (androidx.loader:loader:1.0.0) with AarTransform
Transforming loader-1.0.0.aar (androidx.loader:loader:1.0.0) with ExtractAarTransform
Transforming loader-1.0.0.aar (androidx.loader:loader:1.0.0) with AarTransform
Transforming savedstate-ktx-1.2.1.aar (androidx.savedstate:savedstate-ktx:1.2.1) with ExtractAarTransform
Transforming savedstate-ktx-1.2.1.aar (androidx.savedstate:savedstate-ktx:1.2.1) with AarTransform
Transforming savedstate-1.2.1.aar (androidx.savedstate:savedstate:1.2.1) with ExtractAarTransform
Transforming savedstate-1.2.1.aar (androidx.savedstate:savedstate:1.2.1) with AarTransform
Transforming lifecycle-runtime-ktx-2.6.1.aar (androidx.lifecycle:lifecycle-runtime-ktx:2.6.1) with ExtractAarTransform
Transforming lifecycle-runtime-ktx-2.6.1.aar (androidx.lifecycle:lifecycle-runtime-ktx:2.6.1) with AarTransform
Transforming lifecycle-viewmodel-ktx-2.6.1.aar (androidx.lifecycle:lifecycle-viewmodel-ktx:2.6.1) with ExtractAarTransform
Transforming lifecycle-viewmodel-ktx-2.6.1.aar (androidx.lifecycle:lifecycle-viewmodel-ktx:2.6.1) with AarTransform
Transforming lifecycle-process-2.6.1.aar (androidx.lifecycle:lifecycle-process:2.6.1) with ExtractAarTransform
Transforming lifecycle-process-2.6.1.aar (androidx.lifecycle:lifecycle-process:2.6.1) with AarTransform
Transforming lifecycle-livedata-core-ktx-2.6.1.aar (androidx.lifecycle:lifecycle-livedata-core-ktx:2.6.1) with ExtractAarTransform
Transforming lifecycle-livedata-core-ktx-2.6.1.aar (androidx.lifecycle:lifecycle-livedata-core-ktx:2.6.1) with AarTransform
Transforming lifecycle-livedata-core-2.6.1.aar (androidx.lifecycle:lifecycle-livedata-core:2.6.1) with ExtractAarTransform
Transforming lifecycle-livedata-core-2.6.1.aar (androidx.lifecycle:lifecycle-livedata-core:2.6.1) with AarTransform
Transforming lifecycle-livedata-2.6.1.aar (androidx.lifecycle:lifecycle-livedata:2.6.1) with ExtractAarTransform
Transforming lifecycle-livedata-2.6.1.aar (androidx.lifecycle:lifecycle-livedata:2.6.1) with AarTransform
Transforming lifecycle-viewmodel-2.6.1.aar (androidx.lifecycle:lifecycle-viewmodel:2.6.1) with ExtractAarTransform
Transforming lifecycle-viewmodel-2.6.1.aar (androidx.lifecycle:lifecycle-viewmodel:2.6.1) with AarTransform
Transforming lifecycle-viewmodel-2.6.1.aar (androidx.lifecycle:lifecycle-viewmodel:2.6.1) with ExtractAarTransform
Transforming lifecycle-viewmodel-2.6.1.aar (androidx.lifecycle:lifecycle-viewmodel:2.6.1) with AarTransform
Transforming lifecycle-runtime-2.6.1.aar (androidx.lifecycle:lifecycle-runtime:2.6.1) with ExtractAarTransform
Transforming lifecycle-runtime-2.6.1.aar (androidx.lifecycle:lifecycle-runtime:2.6.1) with AarTransform
Transforming lifecycle-viewmodel-savedstate-2.6.1.aar (androidx.lifecycle:lifecycle-viewmodel-savedstate:2.6.1) with ExtractAarTransform
Transforming lifecycle-viewmodel-savedstate-2.6.1.aar (androidx.lifecycle:lifecycle-viewmodel-savedstate:2.6.1) with AarTransform
Transforming core-ktx-1.9.0.aar (androidx.core:core-ktx:1.9.0) with ExtractAarTransform
Transforming core-ktx-1.9.0.aar (androidx.core:core-ktx:1.9.0) with AarTransform
Transforming viewpager-1.0.0.aar (androidx.viewpager:viewpager:1.0.0) with ExtractAarTransform
Transforming viewpager-1.0.0.aar (androidx.viewpager:viewpager:1.0.0) with AarTransform
Transforming recyclerview-1.1.0.aar (androidx.recyclerview:recyclerview:1.1.0) with ExtractAarTransform
Transforming recyclerview-1.1.0.aar (androidx.recyclerview:recyclerview:1.1.0) with AarTransform
Transforming recyclerview-1.1.0.aar (androidx.recyclerview:recyclerview:1.1.0) with ExtractAarTransform
Transforming recyclerview-1.1.0.aar (androidx.recyclerview:recyclerview:1.1.0) with AarTransform
Transforming customview-1.1.0.aar (androidx.customview:customview:1.1.0) with ExtractAarTransform
Transforming customview-1.1.0.aar (androidx.customview:customview:1.1.0) with AarTransform
Transforming customview-1.1.0.aar (androidx.customview:customview:1.1.0) with ExtractAarTransform
Transforming customview-1.1.0.aar (androidx.customview:customview:1.1.0) with AarTransform
Transforming customview-1.1.0.aar (androidx.customview:customview:1.1.0) with ExtractAarTransform
Transforming customview-1.1.0.aar (androidx.customview:customview:1.1.0) with AarTransform
Transforming customview-1.1.0.aar (androidx.customview:customview:1.1.0) with ExtractAarTransform
Transforming customview-1.1.0.aar (androidx.customview:customview:1.1.0) with AarTransform
Transforming customview-1.1.0.aar (androidx.customview:customview:1.1.0) with ExtractAarTransform
Transforming customview-1.1.0.aar (androidx.customview:customview:1.1.0) with AarTransform
Transforming transition-1.4.1.aar (androidx.transition:transition:1.4.1) with ExtractAarTransform
Transforming transition-1.4.1.aar (androidx.transition:transition:1.4.1) with AarTransform
Transforming window-1.0.0.aar (androidx.window:window:1.0.0) with ExtractAarTransform
Transforming window-1.0.0.aar (androidx.window:window:1.0.0) with AarTransform
Transforming core-1.9.0.aar (androidx.core:core:1.9.0) with ExtractAarTransform
Transforming core-1.9.0.aar (androidx.core:core:1.9.0) with AarTransform
Transforming core-1.9.0.aar (androidx.core:core:1.9.0) with ExtractAarTransform
Transforming core-1.9.0.aar (androidx.core:core:1.9.0) with AarTransform
Transforming core-1.9.0.aar (androidx.core:core:1.9.0) with ExtractAarTransform
Transforming core-1.9.0.aar (androidx.core:core:1.9.0) with AarTransform
Transforming core-1.9.0.aar (androidx.core:core:1.9.0) with ExtractAarTransform
Transforming core-1.9.0.aar (androidx.core:core:1.9.0) with AarTransform
Transforming core-1.9.0.aar (androidx.core:core:1.9.0) with ExtractAarTransform
Transforming core-1.9.0.aar (androidx.core:core:1.9.0) with AarTransform
Transforming core-1.9.0.aar (androidx.core:core:1.9.0) with ExtractAarTransform
Transforming core-1.9.0.aar (androidx.core:core:1.9.0) with AarTransform
Transforming core-1.9.0.aar (androidx.core:core:1.9.0) with ExtractAarTransform
Transforming core-1.9.0.aar (androidx.core:core:1.9.0) with AarTransform
Transforming core-1.9.0.aar (androidx.core:core:1.9.0) with ExtractAarTransform
Transforming core-1.9.0.aar (androidx.core:core:1.9.0) with AarTransform
Transforming core-1.9.0.aar (androidx.core:core:1.9.0) with ExtractAarTransform
Transforming core-1.9.0.aar (androidx.core:core:1.9.0) with AarTransform
Transforming core-1.9.0.aar (androidx.core:core:1.9.0) with ExtractAarTransform
Transforming core-1.9.0.aar (androidx.core:core:1.9.0) with AarTransform
Transforming core-1.9.0.aar (androidx.core:core:1.9.0) with ExtractAarTransform
Transforming core-1.9.0.aar (androidx.core:core:1.9.0) with AarTransform
Transforming cursoradapter-1.0.0.aar (androidx.cursoradapter:cursoradapter:1.0.0) with ExtractAarTransform
Transforming cursoradapter-1.0.0.aar (androidx.cursoradapter:cursoradapter:1.0.0) with AarTransform
Transforming cardview-1.0.0.aar (androidx.cardview:cardview:1.0.0) with ExtractAarTransform
Transforming cardview-1.0.0.aar (androidx.cardview:cardview:1.0.0) with AarTransform
Transforming versionedparcelable-1.1.1.aar (androidx.versionedparcelable:versionedparcelable:1.1.1) with ExtractAarTransform
Transforming versionedparcelable-1.1.1.aar (androidx.versionedparcelable:versionedparcelable:1.1.1) with AarTransform
Transforming profileinstaller-1.3.0.aar (androidx.profileinstaller:profileinstaller:1.3.0) with ExtractAarTransform
Transforming profileinstaller-1.3.0.aar (androidx.profileinstaller:profileinstaller:1.3.0) with AarTransform
Transforming startup-runtime-1.1.1.aar (androidx.startup:startup-runtime:1.1.1) with ExtractAarTransform
Transforming startup-runtime-1.1.1.aar (androidx.startup:startup-runtime:1.1.1) with AarTransform
Transforming tracing-1.0.0.aar (androidx.tracing:tracing:1.0.0) with ExtractAarTransform
Transforming tracing-1.0.0.aar (androidx.tracing:tracing:1.0.0) with AarTransform
Transforming interpolator-1.0.0.aar (androidx.interpolator:interpolator:1.0.0) with ExtractAarTransform
Transforming interpolator-1.0.0.aar (androidx.interpolator:interpolator:1.0.0) with AarTransform
Transforming core-runtime-2.2.0.aar (androidx.arch.core:core-runtime:2.2.0) with ExtractAarTransform
Transforming core-runtime-2.2.0.aar (androidx.arch.core:core-runtime:2.2.0) with AarTransform
Transforming localbroadcastmanager-1.0.0.aar (androidx.localbroadcastmanager:localbroadcastmanager:1.0.0) with ExtractAarTransform
Transforming localbroadcastmanager-1.0.0.aar (androidx.localbroadcastmanager:localbroadcastmanager:1.0.0) with AarTransform
Transforming print-1.0.0.aar (androidx.print:print:1.0.0) with ExtractAarTransform
Transforming print-1.0.0.aar (androidx.print:print:1.0.0) with AarTransform
Transforming annotation-experimental-1.3.0.aar (androidx.annotation:annotation-experimental:1.3.0) with ExtractAarTransform
Transforming annotation-experimental-1.3.0.aar (androidx.annotation:annotation-experimental:1.3.0) with AarTransform
Caching disabled for task ':app:mergeDebugAssets' because:
  Simple merging task
Task ':app:mergeDebugAssets' is not up-to-date because:
  Output property 'outputDir' file /home/runner/work/NearChuckle-android-wip-edition/NearChuckle-android-wip-edition/android/app/build/intermediates/assets/debug/mergeDebugAssets has been removed.
  Output property 'outputDir' file /home/runner/work/NearChuckle-android-wip-edition/NearChuckle-android-wip-edition/android/app/build/intermediates/assets/debug/mergeDebugAssets/system_android.cfg has been removed.
The input changes require a full rebuild for incremental task ':app:mergeDebugAssets'.
Resolve mutations for :app:compressDebugAssets (Thread[Execution worker Thread 2,5,main]) started.
:app:compressDebugAssets (Thread[Execution worker Thread 2,5,main]) started.

> Task :app:compressDebugAssets FROM-CACHE
Build cache key for task ':app:compressDebugAssets' is a8e138c5fc1e153f778c2f23c669b3d6
Task ':app:compressDebugAssets' is not up-to-date because:
  Output property 'outputDir' file /home/runner/work/NearChuckle-android-wip-edition/NearChuckle-android-wip-edition/android/app/build/intermediates/compressed_assets/debug/compressDebugAssets/out has been removed.
  Output property 'outputDir' file /home/runner/work/NearChuckle-android-wip-edition/NearChuckle-android-wip-edition/android/app/build/intermediates/compressed_assets/debug/compressDebugAssets/out/assets has been removed.
  Output property 'outputDir' file /home/runner/work/NearChuckle-android-wip-edition/NearChuckle-android-wip-edition/android/app/build/intermediates/compressed_assets/debug/compressDebugAssets/out/assets/system_android.cfg.jar has been removed.
Loaded cache entry for task ':app:compressDebugAssets' with cache key a8e138c5fc1e153f778c2f23c669b3d6
Resolve mutations for :app:desugarDebugFileDependencies (Thread[Execution worker Thread 3,5,main]) started.
:app:desugarDebugFileDependencies (Thread[Execution worker,5,main]) started.

> Task :app:desugarDebugFileDependencies FROM-CACHE
Build cache key for task ':app:desugarDebugFileDependencies' is 4145a102146f5bf3ba7d53b9f701fccb
Task ':app:desugarDebugFileDependencies' is not up-to-date because:
  Output property 'outputDirectory' file /home/runner/work/NearChuckle-android-wip-edition/NearChuckle-android-wip-edition/android/app/build/intermediates/external_file_lib_dex_archives/debug/desugarDebugFileDependencies has been removed.
  Output property 'outputGlobalSynthetics' file /home/runner/work/NearChuckle-android-wip-edition/NearChuckle-android-wip-edition/android/app/build/intermediates/global_synthetics_file_lib/debug/desugarDebugFileDependencies has been removed.
Loaded cache entry for task ':app:desugarDebugFileDependencies' with cache key 4145a102146f5bf3ba7d53b9f701fccb
Resolve mutations for :app:dexBuilderDebug (Thread[Execution worker Thread 3,5,main]) started.
:app:dexBuilderDebug (Thread[Execution worker Thread 3,5,main]) started.

> Task :app:dexBuilderDebug
Build cache key for task ':app:dexBuilderDebug' is de140c5d1d2d6a33e512ce030513de52
Task ':app:dexBuilderDebug' is not up-to-date because:
  Output property 'externalLibsFromArtifactTransformsOutputs.dex' file /home/runner/work/NearChuckle-android-wip-edition/NearChuckle-android-wip-edition/android/app/build/intermediates/external_libs_dex_archive_with_artifact_transforms/debug/dexBuilderDebug/out has been removed.
  Output property 'externalLibsFromArtifactTransformsOutputs.globalSynthetics' file /home/runner/work/NearChuckle-android-wip-edition/NearChuckle-android-wip-edition/android/app/build/intermediates/global_synthetics_external_libs_artifact_transform/debug/dexBuilderDebug/out has been removed.
  Output property 'externalLibsOutputs.dex' file /home/runner/work/NearChuckle-android-wip-edition/NearChuckle-android-wip-edition/android/app/build/intermediates/external_libs_dex_archive/debug/dexBuilderDebug/out has been removed.
The input changes require a full rebuild for incremental task ':app:dexBuilderDebug'.
Dex builder is incremental : false 
Processing input /home/runner/work/NearChuckle-android-wip-edition/NearChuckle-android-wip-edition/android/app/build/intermediates/javac/debug/compileDebugJavaWithJavac/classes
Dexing /home/runner/work/NearChuckle-android-wip-edition/NearChuckle-android-wip-edition/android/app/build/intermediates/javac/debug/compileDebugJavaWithJavac/classes
Processing input /home/runner/work/NearChuckle-android-wip-edition/NearChuckle-android-wip-edition/android/app/build/intermediates/compile_and_runtime_not_namespaced_r_class_jar/debug/processDebugResources/R.jar
Dexing /home/runner/work/NearChuckle-android-wip-edition/NearChuckle-android-wip-edition/android/app/build/intermediates/compile_and_runtime_not_namespaced_r_class_jar/debug/processDebugResources/R.jar
Dexing '/home/runner/work/NearChuckle-android-wip-edition/NearChuckle-android-wip-edition/android/app/build/intermediates/compile_and_runtime_not_namespaced_r_class_jar/debug/processDebugResources/R.jar' to '/home/runner/work/NearChuckle-android-wip-edition/NearChuckle-android-wip-edition/android/app/build/intermediates/project_dex_archive/debug/dexBuilderDebug/out/2e75b517abfcfc3dd5a4ca90338a9d9a068736d6b4fdc65db918ee34a1d9223e_0.jar'
Dexing '/home/runner/work/NearChuckle-android-wip-edition/NearChuckle-android-wip-edition/android/app/build/intermediates/compile_and_runtime_not_namespaced_r_class_jar/debug/processDebugResources/R.jar' to '/home/runner/work/NearChuckle-android-wip-edition/NearChuckle-android-wip-edition/android/app/build/intermediates/project_dex_archive/debug/dexBuilderDebug/out/2e75b517abfcfc3dd5a4ca90338a9d9a068736d6b4fdc65db918ee34a1d9223e_1.jar'
Dexing '/home/runner/work/NearChuckle-android-wip-edition/NearChuckle-android-wip-edition/android/app/build/intermediates/javac/debug/compileDebugJavaWithJavac/classes' to '/home/runner/work/NearChuckle-android-wip-edition/NearChuckle-android-wip-edition/android/app/build/intermediates/project_dex_archive/debug/dexBuilderDebug/out'
Dexing '/home/runner/work/NearChuckle-android-wip-edition/NearChuckle-android-wip-edition/android/app/build/intermediates/javac/debug/compileDebugJavaWithJavac/classes' to '/home/runner/work/NearChuckle-android-wip-edition/NearChuckle-android-wip-edition/android/app/build/intermediates/project_dex_archive/debug/dexBuilderDebug/out'
Done with all dex archive conversions
Stored cache entry for task ':app:dexBuilderDebug' with cache key de140c5d1d2d6a33e512ce030513de52
Resolve mutations for :app:mergeDebugGlobalSynthetics (Thread[Execution worker Thread 3,5,main]) started.
:app:mergeDebugGlobalSynthetics (Thread[Execution worker Thread 3,5,main]) started.

> Task :app:mergeDebugGlobalSynthetics FROM-CACHE
Transforming viewbinding-8.6.0.aar (androidx.databinding:viewbinding:8.6.0) with AarToClassTransform
Transforming material-1.11.0.aar (com.google.android.material:material:1.11.0) with AarToClassTransform
Transforming constraintlayout-2.1.4.aar (androidx.constraintlayout:constraintlayout:2.1.4) with AarToClassTransform
Transforming preference-1.2.1.aar (androidx.preference:preference:1.2.1) with AarToClassTransform
Transforming appcompat-resources-1.6.1.aar (androidx.appcompat:appcompat-resources:1.6.1) with AarToClassTransform
Transforming appcompat-1.6.1.aar (androidx.appcompat:appcompat:1.6.1) with AarToClassTransform
Transforming dynamicanimation-1.0.0.aar (androidx.dynamicanimation:dynamicanimation:1.0.0) with AarToClassTransform
Transforming legacy-support-core-utils-1.0.0.aar (androidx.legacy:legacy-support-core-utils:1.0.0) with AarToClassTransform
Transforming documentfile-1.0.1.aar (androidx.documentfile:documentfile:1.0.1) with AarToClassTransform
Transforming documentfile-1.0.1.aar (androidx.documentfile:documentfile:1.0.1) with AarToClassTransform
Transforming emoji2-views-helper-1.2.0.aar (androidx.emoji2:emoji2-views-helper:1.2.0) with AarToClassTransform
Transforming emoji2-1.2.0.aar (androidx.emoji2:emoji2:1.2.0) with AarToClassTransform
Transforming viewpager2-1.0.0.aar (androidx.viewpager2:viewpager2:1.0.0) with AarToClassTransform
Transforming viewbinding-8.6.0.aar (androidx.databinding:viewbinding:8.6.0) with IdentityTransform
Transforming fragment-ktx-1.3.6.aar (androidx.fragment:fragment-ktx:1.3.6) with AarToClassTransform
Transforming fragment-1.3.6.aar (androidx.fragment:fragment:1.3.6) with AarToClassTransform
Transforming fragment-1.3.6.aar (androidx.fragment:fragment:1.3.6) with AarToClassTransform
Transforming activity-ktx-1.8.0.aar (androidx.activity:activity-ktx:1.8.0) with AarToClassTransform
Transforming activity-1.8.0.aar (androidx.activity:activity:1.8.0) with AarToClassTransform
Transforming drawerlayout-1.1.1.aar (androidx.drawerlayout:drawerlayout:1.1.1) with AarToClassTransform
Transforming coordinatorlayout-1.1.0.aar (androidx.coordinatorlayout:coordinatorlayout:1.1.0) with AarToClassTransform
Transforming vectordrawable-animated-1.1.0.aar (androidx.vectordrawable:vectordrawable-animated:1.1.0) with AarToClassTransform
Transforming vectordrawable-1.1.0.aar (androidx.vectordrawable:vectordrawable:1.1.0) with AarToClassTransform
Transforming vectordrawable-1.1.0.aar (androidx.vectordrawable:vectordrawable:1.1.0) with AarToClassTransform
Transforming slidingpanelayout-1.2.0.aar (androidx.slidingpanelayout:slidingpanelayout:1.2.0) with AarToClassTransform
Transforming loader-1.0.0.aar (androidx.loader:loader:1.0.0) with AarToClassTransform
Transforming loader-1.0.0.aar (androidx.loader:loader:1.0.0) with AarToClassTransform
Transforming savedstate-ktx-1.2.1.aar (androidx.savedstate:savedstate-ktx:1.2.1) with AarToClassTransform
Transforming savedstate-1.2.1.aar (androidx.savedstate:savedstate:1.2.1) with AarToClassTransform
Transforming viewbinding-8.6.0.aar (androidx.databinding:viewbinding:8.6.0) with DexingNoClasspathTransform
Transforming lifecycle-runtime-ktx-2.6.1.aar (androidx.lifecycle:lifecycle-runtime-ktx:2.6.1) with AarToClassTransform
Transforming lifecycle-viewmodel-ktx-2.6.1.aar (androidx.lifecycle:lifecycle-viewmodel-ktx:2.6.1) with AarToClassTransform
Transforming lifecycle-process-2.6.1.aar (androidx.lifecycle:lifecycle-process:2.6.1) with AarToClassTransform
Transforming lifecycle-livedata-core-ktx-2.6.1.aar (androidx.lifecycle:lifecycle-livedata-core-ktx:2.6.1) with AarToClassTransform
Transforming lifecycle-livedata-core-2.6.1.aar (androidx.lifecycle:lifecycle-livedata-core:2.6.1) with AarToClassTransform
Transforming lifecycle-livedata-2.6.1.aar (androidx.lifecycle:lifecycle-livedata:2.6.1) with AarToClassTransform
Transforming lifecycle-common-2.6.1.jar (androidx.lifecycle:lifecycle-common:2.6.1) with IdentityTransform
Transforming lifecycle-common-2.6.1.jar (androidx.lifecycle:lifecycle-common:2.6.1) with IdentityTransform
Transforming lifecycle-common-2.6.1.jar (androidx.lifecycle:lifecycle-common:2.6.1) with DexingNoClasspathTransform
Transforming lifecycle-viewmodel-2.6.1.aar (androidx.lifecycle:lifecycle-viewmodel:2.6.1) with AarToClassTransform
Transforming lifecycle-viewmodel-2.6.1.aar (androidx.lifecycle:lifecycle-viewmodel:2.6.1) with AarToClassTransform
Transforming lifecycle-runtime-2.6.1.aar (androidx.lifecycle:lifecycle-runtime:2.6.1) with AarToClassTransform
Transforming lifecycle-viewmodel-savedstate-2.6.1.aar (androidx.lifecycle:lifecycle-viewmodel-savedstate:2.6.1) with AarToClassTransform
Transforming core-ktx-1.9.0.aar (androidx.core:core-ktx:1.9.0) with AarToClassTransform
Transforming viewpager-1.0.0.aar (androidx.viewpager:viewpager:1.0.0) with AarToClassTransform
Transforming recyclerview-1.1.0.aar (androidx.recyclerview:recyclerview:1.1.0) with AarToClassTransform
Transforming recyclerview-1.1.0.aar (androidx.recyclerview:recyclerview:1.1.0) with AarToClassTransform
Transforming customview-1.1.0.aar (androidx.customview:customview:1.1.0) with AarToClassTransform
Transforming customview-1.1.0.aar (androidx.customview:customview:1.1.0) with AarToClassTransform
Transforming customview-1.1.0.aar (androidx.customview:customview:1.1.0) with AarToClassTransform
Transforming customview-1.1.0.aar (androidx.customview:customview:1.1.0) with AarToClassTransform
Transforming customview-1.1.0.aar (androidx.customview:customview:1.1.0) with AarToClassTransform
Transforming transition-1.4.1.aar (androidx.transition:transition:1.4.1) with AarToClassTransform
Transforming window-1.0.0.aar (androidx.window:window:1.0.0) with AarToClassTransform
Transforming core-1.9.0.aar (androidx.core:core:1.9.0) with AarToClassTransform
Transforming core-1.9.0.aar (androidx.core:core:1.9.0) with AarToClassTransform
Transforming core-1.9.0.aar (androidx.core:core:1.9.0) with AarToClassTransform
Transforming core-1.9.0.aar (androidx.core:core:1.9.0) with AarToClassTransform
Transforming core-1.9.0.aar (androidx.core:core:1.9.0) with AarToClassTransform
Transforming core-1.9.0.aar (androidx.core:core:1.9.0) with AarToClassTransform
Transforming core-1.9.0.aar (androidx.core:core:1.9.0) with AarToClassTransform
Transforming core-1.9.0.aar (androidx.core:core:1.9.0) with AarToClassTransform
Transforming core-1.9.0.aar (androidx.core:core:1.9.0) with AarToClassTransform
Transforming core-1.9.0.aar (androidx.core:core:1.9.0) with AarToClassTransform
Transforming core-1.9.0.aar (androidx.core:core:1.9.0) with AarToClassTransform
Transforming cursoradapter-1.0.0.aar (androidx.cursoradapter:cursoradapter:1.0.0) with AarToClassTransform
Transforming resourceinspection-annotation-1.0.1.jar (androidx.resourceinspection:resourceinspection-annotation:1.0.1) with IdentityTransform
Transforming resourceinspection-annotation-1.0.1.jar (androidx.resourceinspection:resourceinspection-annotation:1.0.1) with IdentityTransform
Transforming resourceinspection-annotation-1.0.1.jar (androidx.resourceinspection:resourceinspection-annotation:1.0.1) with DexingNoClasspathTransform
Transforming cardview-1.0.0.aar (androidx.cardview:cardview:1.0.0) with AarToClassTransform
Transforming versionedparcelable-1.1.1.aar (androidx.versionedparcelable:versionedparcelable:1.1.1) with AarToClassTransform
Transforming collection-ktx-1.1.0.jar (androidx.collection:collection-ktx:1.1.0) with IdentityTransform
Transforming collection-ktx-1.1.0.jar (androidx.collection:collection-ktx:1.1.0) with IdentityTransform
Transforming collection-ktx-1.1.0.jar (androidx.collection:collection-ktx:1.1.0) with DexingNoClasspathTransform
Transforming collection-1.1.0.jar (androidx.collection:collection:1.1.0) with IdentityTransform
Transforming collection-1.1.0.jar (androidx.collection:collection:1.1.0) with IdentityTransform
Transforming collection-1.1.0.jar (androidx.collection:collection:1.1.0) with DexingNoClasspathTransform
Transforming profileinstaller-1.3.0.aar (androidx.profileinstaller:profileinstaller:1.3.0) with AarToClassTransform
Transforming startup-runtime-1.1.1.aar (androidx.startup:startup-runtime:1.1.1) with AarToClassTransform
Transforming tracing-1.0.0.aar (androidx.tracing:tracing:1.0.0) with AarToClassTransform
Transforming interpolator-1.0.0.aar (androidx.interpolator:interpolator:1.0.0) with AarToClassTransform
Transforming core-runtime-2.2.0.aar (androidx.arch.core:core-runtime:2.2.0) with AarToClassTransform
Transforming core-common-2.2.0.jar (androidx.arch.core:core-common:2.2.0) with IdentityTransform
Transforming core-common-2.2.0.jar (androidx.arch.core:core-common:2.2.0) with IdentityTransform
Transforming core-common-2.2.0.jar (androidx.arch.core:core-common:2.2.0) with DexingNoClasspathTransform
Transforming localbroadcastmanager-1.0.0.aar (androidx.localbroadcastmanager:localbroadcastmanager:1.0.0) with AarToClassTransform
Transforming print-1.0.0.aar (androidx.print:print:1.0.0) with AarToClassTransform
Transforming annotation-1.3.0.jar (androidx.annotation:annotation:1.3.0) with IdentityTransform
Transforming annotation-1.3.0.jar (androidx.annotation:annotation:1.3.0) with IdentityTransform
Transforming annotation-1.3.0.jar (androidx.annotation:annotation:1.3.0) with DexingNoClasspathTransform
Transforming annotation-experimental-1.3.0.aar (androidx.annotation:annotation-experimental:1.3.0) with AarToClassTransform
Transforming kotlinx-coroutines-core-jvm-1.6.4.jar (org.jetbrains.kotlinx:kotlinx-coroutines-core-jvm:1.6.4) with IdentityTransform
Transforming kotlinx-coroutines-core-jvm-1.6.4.jar (org.jetbrains.kotlinx:kotlinx-coroutines-core-jvm:1.6.4) with IdentityTransform
Transforming kotlinx-coroutines-core-jvm-1.6.4.jar (org.jetbrains.kotlinx:kotlinx-coroutines-core-jvm:1.6.4) with DexingNoClasspathTransform
Transforming kotlinx-coroutines-android-1.6.4.jar (org.jetbrains.kotlinx:kotlinx-coroutines-android:1.6.4) with IdentityTransform
Transforming kotlinx-coroutines-android-1.6.4.jar (org.jetbrains.kotlinx:kotlinx-coroutines-android:1.6.4) with IdentityTransform
Transforming kotlinx-coroutines-android-1.6.4.jar (org.jetbrains.kotlinx:kotlinx-coroutines-android:1.6.4) with DexingNoClasspathTransform
Transforming kotlin-stdlib-jdk8-1.8.22.jar (org.jetbrains.kotlin:kotlin-stdlib-jdk8:1.8.22) with IdentityTransform
Transforming kotlin-stdlib-jdk8-1.8.22.jar (org.jetbrains.kotlin:kotlin-stdlib-jdk8:1.8.22) with IdentityTransform
Transforming kotlin-stdlib-jdk8-1.8.22.jar (org.jetbrains.kotlin:kotlin-stdlib-jdk8:1.8.22) with DexingNoClasspathTransform
Transforming kotlin-stdlib-jdk7-1.8.22.jar (org.jetbrains.kotlin:kotlin-stdlib-jdk7:1.8.22) with IdentityTransform
Transforming kotlin-stdlib-jdk7-1.8.22.jar (org.jetbrains.kotlin:kotlin-stdlib-jdk7:1.8.22) with IdentityTransform
Transforming kotlin-stdlib-jdk7-1.8.22.jar (org.jetbrains.kotlin:kotlin-stdlib-jdk7:1.8.22) with DexingNoClasspathTransform
Transforming kotlin-stdlib-1.8.22.jar (org.jetbrains.kotlin:kotlin-stdlib:1.8.22) with IdentityTransform
Transforming kotlin-stdlib-1.8.22.jar (org.jetbrains.kotlin:kotlin-stdlib:1.8.22) with IdentityTransform
Transforming kotlin-stdlib-1.8.22.jar (org.jetbrains.kotlin:kotlin-stdlib:1.8.22) with DexingNoClasspathTransform
Transforming kotlin-stdlib-common-1.8.22.jar (org.jetbrains.kotlin:kotlin-stdlib-common:1.8.22) with IdentityTransform
Transforming kotlin-stdlib-common-1.8.22.jar (org.jetbrains.kotlin:kotlin-stdlib-common:1.8.22) with IdentityTransform
Transforming kotlin-stdlib-common-1.8.22.jar (org.jetbrains.kotlin:kotlin-stdlib-common:1.8.22) with DexingNoClasspathTransform
Transforming annotations-13.0.jar (org.jetbrains:annotations:13.0) with IdentityTransform
Transforming annotations-13.0.jar (org.jetbrains:annotations:13.0) with IdentityTransform
Transforming annotations-13.0.jar (org.jetbrains:annotations:13.0) with DexingNoClasspathTransform
Transforming viewbinding-8.6.0.aar (androidx.databinding:viewbinding:8.6.0) with DexingOutputSplitTransform
Transforming material-1.11.0.aar (com.google.android.material:material:1.11.0) with IdentityTransform
Transforming constraintlayout-2.1.4.aar (androidx.constraintlayout:constraintlayout:2.1.4) with IdentityTransform
Transforming material-1.11.0.aar (com.google.android.material:material:1.11.0) with DexingNoClasspathTransform
Transforming constraintlayout-2.1.4.aar (androidx.constraintlayout:constraintlayout:2.1.4) with DexingNoClasspathTransform
Transforming appcompat-resources-1.6.1.aar (androidx.appcompat:appcompat-resources:1.6.1) with IdentityTransform
Transforming appcompat-resources-1.6.1.aar (androidx.appcompat:appcompat-resources:1.6.1) with DexingNoClasspathTransform
Transforming constraintlayout-2.1.4.aar (androidx.constraintlayout:constraintlayout:2.1.4) with DexingOutputSplitTransform
Transforming preference-1.2.1.aar (androidx.preference:preference:1.2.1) with IdentityTransform
Transforming material-1.11.0.aar (com.google.android.material:material:1.11.0) with DexingOutputSplitTransform
Transforming appcompat-resources-1.6.1.aar (androidx.appcompat:appcompat-resources:1.6.1) with DexingOutputSplitTransform
Transforming preference-1.2.1.aar (androidx.preference:preference:1.2.1) with DexingNoClasspathTransform
Transforming dynamicanimation-1.0.0.aar (androidx.dynamicanimation:dynamicanimation:1.0.0) with IdentityTransform
Transforming preference-1.2.1.aar (androidx.preference:preference:1.2.1) with DexingOutputSplitTransform
Transforming legacy-support-core-utils-1.0.0.aar (androidx.legacy:legacy-support-core-utils:1.0.0) with IdentityTransform
Transforming appcompat-1.6.1.aar (androidx.appcompat:appcompat:1.6.1) with IdentityTransform
Transforming legacy-support-core-utils-1.0.0.aar (androidx.legacy:legacy-support-core-utils:1.0.0) with DexingNoClasspathTransform
Transforming dynamicanimation-1.0.0.aar (androidx.dynamicanimation:dynamicanimation:1.0.0) with DexingNoClasspathTransform
Transforming appcompat-1.6.1.aar (androidx.appcompat:appcompat:1.6.1) with DexingNoClasspathTransform
Transforming documentfile-1.0.1.aar (androidx.documentfile:documentfile:1.0.1) with IdentityTransform
Transforming legacy-support-core-utils-1.0.0.aar (androidx.legacy:legacy-support-core-utils:1.0.0) with DexingOutputSplitTransform
Transforming dynamicanimation-1.0.0.aar (androidx.dynamicanimation:dynamicanimation:1.0.0) with DexingOutputSplitTransform
Transforming documentfile-1.0.1.aar (androidx.documentfile:documentfile:1.0.1) with DexingNoClasspathTransform
Transforming documentfile-1.0.1.aar (androidx.documentfile:documentfile:1.0.1) with IdentityTransform
Transforming documentfile-1.0.1.aar (androidx.documentfile:documentfile:1.0.1) with DexingNoClasspathTransform
Transforming documentfile-1.0.1.aar (androidx.documentfile:documentfile:1.0.1) with DexingOutputSplitTransform
Transforming documentfile-1.0.1.aar (androidx.documentfile:documentfile:1.0.1) with DexingOutputSplitTransform
Transforming appcompat-1.6.1.aar (androidx.appcompat:appcompat:1.6.1) with DexingOutputSplitTransform
Transforming emoji2-views-helper-1.2.0.aar (androidx.emoji2:emoji2-views-helper:1.2.0) with IdentityTransform
Transforming viewpager2-1.0.0.aar (androidx.viewpager2:viewpager2:1.0.0) with IdentityTransform
Transforming emoji2-1.2.0.aar (androidx.emoji2:emoji2:1.2.0) with IdentityTransform
Transforming emoji2-views-helper-1.2.0.aar (androidx.emoji2:emoji2-views-helper:1.2.0) with DexingNoClasspathTransform
Transforming viewpager2-1.0.0.aar (androidx.viewpager2:viewpager2:1.0.0) with DexingNoClasspathTransform
Transforming emoji2-1.2.0.aar (androidx.emoji2:emoji2:1.2.0) with DexingNoClasspathTransform
Transforming fragment-ktx-1.3.6.aar (androidx.fragment:fragment-ktx:1.3.6) with IdentityTransform
Transforming emoji2-views-helper-1.2.0.aar (androidx.emoji2:emoji2-views-helper:1.2.0) with DexingOutputSplitTransform
Transforming viewpager2-1.0.0.aar (androidx.viewpager2:viewpager2:1.0.0) with DexingOutputSplitTransform
Transforming fragment-ktx-1.3.6.aar (androidx.fragment:fragment-ktx:1.3.6) with DexingNoClasspathTransform
Transforming emoji2-1.2.0.aar (androidx.emoji2:emoji2:1.2.0) with DexingOutputSplitTransform
Transforming fragment-ktx-1.3.6.aar (androidx.fragment:fragment-ktx:1.3.6) with DexingOutputSplitTransform
Transforming activity-ktx-1.8.0.aar (androidx.activity:activity-ktx:1.8.0) with IdentityTransform
Transforming fragment-1.3.6.aar (androidx.fragment:fragment:1.3.6) with IdentityTransform
Transforming fragment-1.3.6.aar (androidx.fragment:fragment:1.3.6) with IdentityTransform
Transforming activity-ktx-1.8.0.aar (androidx.activity:activity-ktx:1.8.0) with DexingNoClasspathTransform
Transforming fragment-1.3.6.aar (androidx.fragment:fragment:1.3.6) with DexingNoClasspathTransform
Transforming fragment-1.3.6.aar (androidx.fragment:fragment:1.3.6) with DexingNoClasspathTransform
Transforming activity-ktx-1.8.0.aar (androidx.activity:activity-ktx:1.8.0) with DexingOutputSplitTransform
Transforming fragment-1.3.6.aar (androidx.fragment:fragment:1.3.6) with DexingOutputSplitTransform
Transforming activity-1.8.0.aar (androidx.activity:activity:1.8.0) with IdentityTransform
Transforming fragment-1.3.6.aar (androidx.fragment:fragment:1.3.6) with DexingOutputSplitTransform
Transforming activity-1.8.0.aar (androidx.activity:activity:1.8.0) with DexingNoClasspathTransform
Transforming drawerlayout-1.1.1.aar (androidx.drawerlayout:drawerlayout:1.1.1) with IdentityTransform
Transforming drawerlayout-1.1.1.aar (androidx.drawerlayout:drawerlayout:1.1.1) with DexingNoClasspathTransform
Transforming vectordrawable-animated-1.1.0.aar (androidx.vectordrawable:vectordrawable-animated:1.1.0) with IdentityTransform
Transforming activity-1.8.0.aar (androidx.activity:activity:1.8.0) with DexingOutputSplitTransform
Transforming coordinatorlayout-1.1.0.aar (androidx.coordinatorlayout:coordinatorlayout:1.1.0) with IdentityTransform
Transforming vectordrawable-animated-1.1.0.aar (androidx.vectordrawable:vectordrawable-animated:1.1.0) with DexingNoClasspathTransform
Transforming drawerlayout-1.1.1.aar (androidx.drawerlayout:drawerlayout:1.1.1) with DexingOutputSplitTransform
Transforming coordinatorlayout-1.1.0.aar (androidx.coordinatorlayout:coordinatorlayout:1.1.0) with DexingNoClasspathTransform
Transforming vectordrawable-1.1.0.aar (androidx.vectordrawable:vectordrawable:1.1.0) with IdentityTransform
Transforming vectordrawable-animated-1.1.0.aar (androidx.vectordrawable:vectordrawable-animated:1.1.0) with DexingOutputSplitTransform
Transforming vectordrawable-1.1.0.aar (androidx.vectordrawable:vectordrawable:1.1.0) with IdentityTransform
Transforming coordinatorlayout-1.1.0.aar (androidx.coordinatorlayout:coordinatorlayout:1.1.0) with DexingOutputSplitTransform
Transforming vectordrawable-1.1.0.aar (androidx.vectordrawable:vectordrawable:1.1.0) with DexingNoClasspathTransform
Transforming vectordrawable-1.1.0.aar (androidx.vectordrawable:vectordrawable:1.1.0) with DexingNoClasspathTransform
Transforming slidingpanelayout-1.2.0.aar (androidx.slidingpanelayout:slidingpanelayout:1.2.0) with IdentityTransform
Transforming loader-1.0.0.aar (androidx.loader:loader:1.0.0) with IdentityTransform
Transforming loader-1.0.0.aar (androidx.loader:loader:1.0.0) with DexingNoClasspathTransform
Transforming vectordrawable-1.1.0.aar (androidx.vectordrawable:vectordrawable:1.1.0) with DexingOutputSplitTransform
Transforming slidingpanelayout-1.2.0.aar (androidx.slidingpanelayout:slidingpanelayout:1.2.0) with DexingNoClasspathTransform
Transforming loader-1.0.0.aar (androidx.loader:loader:1.0.0) with DexingOutputSplitTransform
Transforming loader-1.0.0.aar (androidx.loader:loader:1.0.0) with IdentityTransform
Transforming loader-1.0.0.aar (androidx.loader:loader:1.0.0) with DexingNoClasspathTransform
Transforming loader-1.0.0.aar (androidx.loader:loader:1.0.0) with DexingOutputSplitTransform
Transforming vectordrawable-1.1.0.aar (androidx.vectordrawable:vectordrawable:1.1.0) with DexingOutputSplitTransform
Transforming slidingpanelayout-1.2.0.aar (androidx.slidingpanelayout:slidingpanelayout:1.2.0) with DexingOutputSplitTransform
Transforming savedstate-1.2.1.aar (androidx.savedstate:savedstate:1.2.1) with IdentityTransform
Transforming lifecycle-runtime-ktx-2.6.1.aar (androidx.lifecycle:lifecycle-runtime-ktx:2.6.1) with IdentityTransform
Transforming savedstate-ktx-1.2.1.aar (androidx.savedstate:savedstate-ktx:1.2.1) with IdentityTransform
Transforming savedstate-1.2.1.aar (androidx.savedstate:savedstate:1.2.1) with DexingNoClasspathTransform
Transforming lifecycle-runtime-ktx-2.6.1.aar (androidx.lifecycle:lifecycle-runtime-ktx:2.6.1) with DexingNoClasspathTransform
Transforming savedstate-ktx-1.2.1.aar (androidx.savedstate:savedstate-ktx:1.2.1) with DexingNoClasspathTransform
Transforming savedstate-1.2.1.aar (androidx.savedstate:savedstate:1.2.1) with DexingOutputSplitTransform
Transforming lifecycle-runtime-ktx-2.6.1.aar (androidx.lifecycle:lifecycle-runtime-ktx:2.6.1) with DexingOutputSplitTransform
Transforming lifecycle-viewmodel-ktx-2.6.1.aar (androidx.lifecycle:lifecycle-viewmodel-ktx:2.6.1) with IdentityTransform
Transforming savedstate-ktx-1.2.1.aar (androidx.savedstate:savedstate-ktx:1.2.1) with DexingOutputSplitTransform
Transforming lifecycle-viewmodel-ktx-2.6.1.aar (androidx.lifecycle:lifecycle-viewmodel-ktx:2.6.1) with DexingNoClasspathTransform
Transforming lifecycle-process-2.6.1.aar (androidx.lifecycle:lifecycle-process:2.6.1) with IdentityTransform
Transforming lifecycle-livedata-core-ktx-2.6.1.aar (androidx.lifecycle:lifecycle-livedata-core-ktx:2.6.1) with IdentityTransform
Transforming lifecycle-process-2.6.1.aar (androidx.lifecycle:lifecycle-process:2.6.1) with DexingNoClasspathTransform
Transforming lifecycle-viewmodel-ktx-2.6.1.aar (androidx.lifecycle:lifecycle-viewmodel-ktx:2.6.1) with DexingOutputSplitTransform
Transforming lifecycle-livedata-core-2.6.1.aar (androidx.lifecycle:lifecycle-livedata-core:2.6.1) with IdentityTransform
Transforming lifecycle-livedata-core-ktx-2.6.1.aar (androidx.lifecycle:lifecycle-livedata-core-ktx:2.6.1) with DexingNoClasspathTransform
Transforming lifecycle-livedata-core-2.6.1.aar (androidx.lifecycle:lifecycle-livedata-core:2.6.1) with DexingNoClasspathTransform
Transforming lifecycle-livedata-core-ktx-2.6.1.aar (androidx.lifecycle:lifecycle-livedata-core-ktx:2.6.1) with DexingOutputSplitTransform
Transforming lifecycle-process-2.6.1.aar (androidx.lifecycle:lifecycle-process:2.6.1) with DexingOutputSplitTransform
Transforming lifecycle-livedata-core-2.6.1.aar (androidx.lifecycle:lifecycle-livedata-core:2.6.1) with DexingOutputSplitTransform
Transforming lifecycle-livedata-2.6.1.aar (androidx.lifecycle:lifecycle-livedata:2.6.1) with IdentityTransform
Transforming lifecycle-viewmodel-2.6.1.aar (androidx.lifecycle:lifecycle-viewmodel:2.6.1) with IdentityTransform
Transforming lifecycle-viewmodel-2.6.1.aar (androidx.lifecycle:lifecycle-viewmodel:2.6.1) with IdentityTransform
Transforming lifecycle-livedata-2.6.1.aar (androidx.lifecycle:lifecycle-livedata:2.6.1) with DexingNoClasspathTransform
Transforming lifecycle-viewmodel-2.6.1.aar (androidx.lifecycle:lifecycle-viewmodel:2.6.1) with DexingNoClasspathTransform
Transforming lifecycle-viewmodel-2.6.1.aar (androidx.lifecycle:lifecycle-viewmodel:2.6.1) with DexingNoClasspathTransform
Transforming lifecycle-common-2.6.1.jar (androidx.lifecycle:lifecycle-common:2.6.1) with DexingOutputSplitTransform
Transforming lifecycle-livedata-2.6.1.aar (androidx.lifecycle:lifecycle-livedata:2.6.1) with DexingOutputSplitTransform
Transforming lifecycle-viewmodel-2.6.1.aar (androidx.lifecycle:lifecycle-viewmodel:2.6.1) with DexingOutputSplitTransform
Transforming lifecycle-viewmodel-2.6.1.aar (androidx.lifecycle:lifecycle-viewmodel:2.6.1) with DexingOutputSplitTransform
Transforming lifecycle-runtime-2.6.1.aar (androidx.lifecycle:lifecycle-runtime:2.6.1) with IdentityTransform
Transforming viewpager-1.0.0.aar (androidx.viewpager:viewpager:1.0.0) with IdentityTransform
Transforming lifecycle-viewmodel-savedstate-2.6.1.aar (androidx.lifecycle:lifecycle-viewmodel-savedstate:2.6.1) with IdentityTransform
Transforming core-ktx-1.9.0.aar (androidx.core:core-ktx:1.9.0) with IdentityTransform
Transforming lifecycle-runtime-2.6.1.aar (androidx.lifecycle:lifecycle-runtime:2.6.1) with DexingNoClasspathTransform
Transforming viewpager-1.0.0.aar (androidx.viewpager:viewpager:1.0.0) with DexingNoClasspathTransform
Transforming core-ktx-1.9.0.aar (androidx.core:core-ktx:1.9.0) with DexingNoClasspathTransform
Transforming lifecycle-viewmodel-savedstate-2.6.1.aar (androidx.lifecycle:lifecycle-viewmodel-savedstate:2.6.1) with DexingNoClasspathTransform
Transforming viewpager-1.0.0.aar (androidx.viewpager:viewpager:1.0.0) with DexingOutputSplitTransform
Transforming lifecycle-runtime-2.6.1.aar (androidx.lifecycle:lifecycle-runtime:2.6.1) with DexingOutputSplitTransform
Transforming lifecycle-viewmodel-savedstate-2.6.1.aar (androidx.lifecycle:lifecycle-viewmodel-savedstate:2.6.1) with DexingOutputSplitTransform
Transforming core-ktx-1.9.0.aar (androidx.core:core-ktx:1.9.0) with DexingOutputSplitTransform
Transforming recyclerview-1.1.0.aar (androidx.recyclerview:recyclerview:1.1.0) with IdentityTransform
Transforming recyclerview-1.1.0.aar (androidx.recyclerview:recyclerview:1.1.0) with IdentityTransform
Transforming customview-1.1.0.aar (androidx.customview:customview:1.1.0) with IdentityTransform
Transforming recyclerview-1.1.0.aar (androidx.recyclerview:recyclerview:1.1.0) with DexingNoClasspathTransform
Transforming recyclerview-1.1.0.aar (androidx.recyclerview:recyclerview:1.1.0) with DexingNoClasspathTransform
Transforming customview-1.1.0.aar (androidx.customview:customview:1.1.0) with DexingNoClasspathTransform
Transforming customview-1.1.0.aar (androidx.customview:customview:1.1.0) with DexingOutputSplitTransform
Transforming recyclerview-1.1.0.aar (androidx.recyclerview:recyclerview:1.1.0) with DexingOutputSplitTransform
Transforming recyclerview-1.1.0.aar (androidx.recyclerview:recyclerview:1.1.0) with DexingOutputSplitTransform
Transforming customview-1.1.0.aar (androidx.customview:customview:1.1.0) with IdentityTransform
Transforming customview-1.1.0.aar (androidx.customview:customview:1.1.0) with DexingNoClasspathTransform
Transforming customview-1.1.0.aar (androidx.customview:customview:1.1.0) with DexingOutputSplitTransform
Transforming transition-1.4.1.aar (androidx.transition:transition:1.4.1) with IdentityTransform
Transforming window-1.0.0.aar (androidx.window:window:1.0.0) with IdentityTransform
Transforming transition-1.4.1.aar (androidx.transition:transition:1.4.1) with DexingNoClasspathTransform
Transforming transition-1.4.1.aar (androidx.transition:transition:1.4.1) with DexingOutputSplitTransform
Transforming core-1.9.0.aar (androidx.core:core:1.9.0) with IdentityTransform
Transforming core-1.9.0.aar (androidx.core:core:1.9.0) with IdentityTransform
Transforming window-1.0.0.aar (androidx.window:window:1.0.0) with DexingNoClasspathTransform
Transforming core-1.9.0.aar (androidx.core:core:1.9.0) with DexingNoClasspathTransform
Transforming core-1.9.0.aar (androidx.core:core:1.9.0) with DexingNoClasspathTransform
Transforming window-1.0.0.aar (androidx.window:window:1.0.0) with DexingOutputSplitTransform
Transforming core-1.9.0.aar (androidx.core:core:1.9.0) with DexingOutputSplitTransform
Transforming core-1.9.0.aar (androidx.core:core:1.9.0) with DexingOutputSplitTransform
Transforming cursoradapter-1.0.0.aar (androidx.cursoradapter:cursoradapter:1.0.0) with IdentityTransform
Transforming versionedparcelable-1.1.1.aar (androidx.versionedparcelable:versionedparcelable:1.1.1) with IdentityTransform
Transforming resourceinspection-annotation-1.0.1.jar (androidx.resourceinspection:resourceinspection-annotation:1.0.1) with DexingOutputSplitTransform
Transforming cardview-1.0.0.aar (androidx.cardview:cardview:1.0.0) with IdentityTransform
Transforming cursoradapter-1.0.0.aar (androidx.cursoradapter:cursoradapter:1.0.0) with DexingNoClasspathTransform
Transforming versionedparcelable-1.1.1.aar (androidx.versionedparcelable:versionedparcelable:1.1.1) with DexingNoClasspathTransform
Transforming cardview-1.0.0.aar (androidx.cardview:cardview:1.0.0) with DexingNoClasspathTransform
Transforming collection-ktx-1.1.0.jar (androidx.collection:collection-ktx:1.1.0) with DexingOutputSplitTransform
Transforming versionedparcelable-1.1.1.aar (androidx.versionedparcelable:versionedparcelable:1.1.1) with DexingOutputSplitTransform
Transforming cursoradapter-1.0.0.aar (androidx.cursoradapter:cursoradapter:1.0.0) with DexingOutputSplitTransform
Transforming cardview-1.0.0.aar (androidx.cardview:cardview:1.0.0) with DexingOutputSplitTransform
Transforming collection-1.1.0.jar (androidx.collection:collection:1.1.0) with DexingOutputSplitTransform
Transforming startup-runtime-1.1.1.aar (androidx.startup:startup-runtime:1.1.1) with IdentityTransform
Transforming profileinstaller-1.3.0.aar (androidx.profileinstaller:profileinstaller:1.3.0) with IdentityTransform
Transforming startup-runtime-1.1.1.aar (androidx.startup:startup-runtime:1.1.1) with DexingNoClasspathTransform
Transforming profileinstaller-1.3.0.aar (androidx.profileinstaller:profileinstaller:1.3.0) with DexingNoClasspathTransform
Transforming tracing-1.0.0.aar (androidx.tracing:tracing:1.0.0) with IdentityTransform
Transforming interpolator-1.0.0.aar (androidx.interpolator:interpolator:1.0.0) with IdentityTransform
Transforming startup-runtime-1.1.1.aar (androidx.startup:startup-runtime:1.1.1) with DexingOutputSplitTransform
Transforming interpolator-1.0.0.aar (androidx.interpolator:interpolator:1.0.0) with DexingNoClasspathTransform
Transforming tracing-1.0.0.aar (androidx.tracing:tracing:1.0.0) with DexingNoClasspathTransform
Transforming profileinstaller-1.3.0.aar (androidx.profileinstaller:profileinstaller:1.3.0) with DexingOutputSplitTransform
Transforming interpolator-1.0.0.aar (androidx.interpolator:interpolator:1.0.0) with DexingOutputSplitTransform
Transforming tracing-1.0.0.aar (androidx.tracing:tracing:1.0.0) with DexingOutputSplitTransform
Transforming core-runtime-2.2.0.aar (androidx.arch.core:core-runtime:2.2.0) with IdentityTransform
Transforming concurrent-futures-1.1.0.jar (androidx.concurrent:concurrent-futures:1.1.0) with IdentityTransform
Transforming core-runtime-2.2.0.aar (androidx.arch.core:core-runtime:2.2.0) with DexingNoClasspathTransform
Transforming core-common-2.2.0.jar (androidx.arch.core:core-common:2.2.0) with DexingOutputSplitTransform
Transforming localbroadcastmanager-1.0.0.aar (androidx.localbroadcastmanager:localbroadcastmanager:1.0.0) with IdentityTransform
Transforming concurrent-futures-1.1.0.jar (androidx.concurrent:concurrent-futures:1.1.0) with IdentityTransform
Transforming concurrent-futures-1.1.0.jar (androidx.concurrent:concurrent-futures:1.1.0) with DexingNoClasspathTransform
Transforming core-runtime-2.2.0.aar (androidx.arch.core:core-runtime:2.2.0) with DexingOutputSplitTransform
Transforming print-1.0.0.aar (androidx.print:print:1.0.0) with IdentityTransform
Transforming concurrent-futures-1.1.0.jar (androidx.concurrent:concurrent-futures:1.1.0) with DexingOutputSplitTransform
Transforming localbroadcastmanager-1.0.0.aar (androidx.localbroadcastmanager:localbroadcastmanager:1.0.0) with DexingNoClasspathTransform
Transforming print-1.0.0.aar (androidx.print:print:1.0.0) with DexingNoClasspathTransform
Transforming localbroadcastmanager-1.0.0.aar (androidx.localbroadcastmanager:localbroadcastmanager:1.0.0) with DexingOutputSplitTransform
Transforming annotation-experimental-1.3.0.aar (androidx.annotation:annotation-experimental:1.3.0) with IdentityTransform
Transforming print-1.0.0.aar (androidx.print:print:1.0.0) with DexingOutputSplitTransform
Transforming annotation-1.3.0.jar (androidx.annotation:annotation:1.3.0) with DexingOutputSplitTransform
Transforming annotation-experimental-1.3.0.aar (androidx.annotation:annotation-experimental:1.3.0) with DexingNoClasspathTransform
Transforming kotlinx-coroutines-android-1.6.4.jar (org.jetbrains.kotlinx:kotlinx-coroutines-android:1.6.4) with DexingOutputSplitTransform
Transforming kotlin-stdlib-jdk8-1.8.22.jar (org.jetbrains.kotlin:kotlin-stdlib-jdk8:1.8.22) with DexingOutputSplitTransform
Transforming annotation-experimental-1.3.0.aar (androidx.annotation:annotation-experimental:1.3.0) with DexingOutputSplitTransform
Transforming kotlin-stdlib-jdk7-1.8.22.jar (org.jetbrains.kotlin:kotlin-stdlib-jdk7:1.8.22) with DexingOutputSplitTransform
Transforming error_prone_annotations-2.15.0.jar (com.google.errorprone:error_prone_annotations:2.15.0) with IdentityTransform
Transforming error_prone_annotations-2.15.0.jar (com.google.errorprone:error_prone_annotations:2.15.0) with IdentityTransform
Transforming error_prone_annotations-2.15.0.jar (com.google.errorprone:error_prone_annotations:2.15.0) with DexingNoClasspathTransform
Transforming kotlinx-coroutines-core-jvm-1.6.4.jar (org.jetbrains.kotlinx:kotlinx-coroutines-core-jvm:1.6.4) with DexingOutputSplitTransform
Transforming constraintlayout-core-1.0.4.jar (androidx.constraintlayout:constraintlayout-core:1.0.4) with IdentityTransform
Transforming kotlin-stdlib-1.8.22.jar (org.jetbrains.kotlin:kotlin-stdlib:1.8.22) with DexingOutputSplitTransform
Transforming constraintlayout-core-1.0.4.jar (androidx.constraintlayout:constraintlayout-core:1.0.4) with IdentityTransform
Transforming constraintlayout-core-1.0.4.jar (androidx.constraintlayout:constraintlayout-core:1.0.4) with DexingNoClasspathTransform
Transforming kotlin-stdlib-common-1.8.22.jar (org.jetbrains.kotlin:kotlin-stdlib-common:1.8.22) with DexingOutputSplitTransform
Transforming error_prone_annotations-2.15.0.jar (com.google.errorprone:error_prone_annotations:2.15.0) with DexingOutputSplitTransform
Transforming listenablefuture-1.0.jar (com.google.guava:listenablefuture:1.0) with IdentityTransform
Transforming annotations-13.0.jar (org.jetbrains:annotations:13.0) with DexingOutputSplitTransform
Transforming constraintlayout-core-1.0.4.jar (androidx.constraintlayout:constraintlayout-core:1.0.4) with DexingOutputSplitTransform
Transforming listenablefuture-1.0.jar (com.google.guava:listenablefuture:1.0) with IdentityTransform
Transforming listenablefuture-1.0.jar (com.google.guava:listenablefuture:1.0) with DexingNoClasspathTransform
Transforming listenablefuture-1.0.jar (com.google.guava:listenablefuture:1.0) with DexingOutputSplitTransform
Build cache key for task ':app:mergeDebugGlobalSynthetics' is 49f1c3a0e29efbb1ee5643fa9c484ea8
Task ':app:mergeDebugGlobalSynthetics' is not up-to-date because:
  Output property 'globalSyntheticsOutput' file /home/runner/work/NearChuckle-android-wip-edition/NearChuckle-android-wip-edition/android/app/build/intermediates/global_synthetics_dex/debug/mergeDebugGlobalSynthetics has been removed.
Loaded cache entry for task ':app:mergeDebugGlobalSynthetics' with cache key 49f1c3a0e29efbb1ee5643fa9c484ea8
Resolve mutations for :app:processDebugJavaRes (Thread[Execution worker Thread 3,5,main]) started.
:app:processDebugJavaRes (Thread[Execution worker Thread 3,5,main]) started.

> Task :app:processDebugJavaRes NO-SOURCE
file or directory '/home/runner/work/NearChuckle-android-wip-edition/NearChuckle-android-wip-edition/android/app/src/main/resources', not found
file or directory '/home/runner/work/NearChuckle-android-wip-edition/NearChuckle-android-wip-edition/android/app/src/debug/resources', not found
Skipping task ':app:processDebugJavaRes' as it has no source files and no previous output files.
Resolve mutations for :app:mergeDebugJavaResource (Thread[Execution worker Thread 3,5,main]) started.
:app:mergeDebugJavaResource (Thread[Execution worker Thread 3,5,main]) started.
Resolve mutations for :app:checkDebugDuplicateClasses (Thread[Execution worker,5,main]) started.
:app:checkDebugDuplicateClasses (Thread[Execution worker,5,main]) started.
Resolve mutations for :app:preProfileBuild (Thread[included builds,5,main]) started.
:app:preProfileBuild (Thread[Execution worker Thread 2,5,main]) started.

> Task :app:preProfileBuild
Skipping task ':app:preProfileBuild' as it has no actions.
Resolve mutations for :app:configureCMakeRelease[arm64-v8a] (Thread[Execution worker Thread 2,5,main]) started.
:app:configureCMakeRelease[arm64-v8a] (Thread[Execution worker Thread 2,5,main]) started.

> Task :app:checkDebugDuplicateClasses
Transforming viewbinding-8.6.0.aar (androidx.databinding:viewbinding:8.6.0) with AarToClassTransform
Transforming viewbinding-8.6.0.aar (androidx.databinding:viewbinding:8.6.0) with EnumerateClassesTransform
Transforming material-1.11.0.aar (com.google.android.material:material:1.11.0) with AarToClassTransform
Transforming material-1.11.0.aar (com.google.android.material:material:1.11.0) with EnumerateClassesTransform
Transforming constraintlayout-2.1.4.aar (androidx.constraintlayout:constraintlayout:2.1.4) with AarToClassTransform
Transforming constraintlayout-2.1.4.aar (androidx.constraintlayout:constraintlayout:2.1.4) with EnumerateClassesTransform
Transforming preference-1.2.1.aar (androidx.preference:preference:1.2.1) with AarToClassTransform
Transforming preference-1.2.1.aar (androidx.preference:preference:1.2.1) with EnumerateClassesTransform
Transforming appcompat-resources-1.6.1.aar (androidx.appcompat:appcompat-resources:1.6.1) with AarToClassTransform
Transforming appcompat-resources-1.6.1.aar (androidx.appcompat:appcompat-resources:1.6.1) with EnumerateClassesTransform
Transforming appcompat-1.6.1.aar (androidx.appcompat:appcompat:1.6.1) with AarToClassTransform
Transforming appcompat-1.6.1.aar (androidx.appcompat:appcompat:1.6.1) with EnumerateClassesTransform
Transforming dynamicanimation-1.0.0.aar (androidx.dynamicanimation:dynamicanimation:1.0.0) with AarToClassTransform
Transforming dynamicanimation-1.0.0.aar (androidx.dynamicanimation:dynamicanimation:1.0.0) with EnumerateClassesTransform
Transforming legacy-support-core-utils-1.0.0.aar (androidx.legacy:legacy-support-core-utils:1.0.0) with AarToClassTransform
Transforming legacy-support-core-utils-1.0.0.aar (androidx.legacy:legacy-support-core-utils:1.0.0) with EnumerateClassesTransform
Transforming documentfile-1.0.1.aar (androidx.documentfile:documentfile:1.0.1) with AarToClassTransform
Transforming documentfile-1.0.1.aar (androidx.documentfile:documentfile:1.0.1) with EnumerateClassesTransform
Transforming documentfile-1.0.1.aar (androidx.documentfile:documentfile:1.0.1) with AarToClassTransform
Transforming documentfile-1.0.1.aar (androidx.documentfile:documentfile:1.0.1) with EnumerateClassesTransform
Transforming emoji2-views-helper-1.2.0.aar (androidx.emoji2:emoji2-views-helper:1.2.0) with AarToClassTransform
Transforming emoji2-views-helper-1.2.0.aar (androidx.emoji2:emoji2-views-helper:1.2.0) with EnumerateClassesTransform
Transforming emoji2-1.2.0.aar (androidx.emoji2:emoji2:1.2.0) with AarToClassTransform
Transforming emoji2-1.2.0.aar (androidx.emoji2:emoji2:1.2.0) with EnumerateClassesTransform
Transforming viewpager2-1.0.0.aar (androidx.viewpager2:viewpager2:1.0.0) with AarToClassTransform
Transforming viewpager2-1.0.0.aar (androidx.viewpager2:viewpager2:1.0.0) with EnumerateClassesTransform
Transforming fragment-ktx-1.3.6.aar (androidx.fragment:fragment-ktx:1.3.6) with AarToClassTransform
Transforming fragment-ktx-1.3.6.aar (androidx.fragment:fragment-ktx:1.3.6) with EnumerateClassesTransform
Transforming fragment-1.3.6.aar (androidx.fragment:fragment:1.3.6) with AarToClassTransform
Transforming fragment-1.3.6.aar (androidx.fragment:fragment:1.3.6) with EnumerateClassesTransform
Transforming fragment-1.3.6.aar (androidx.fragment:fragment:1.3.6) with AarToClassTransform
Transforming fragment-1.3.6.aar (androidx.fragment:fragment:1.3.6) with EnumerateClassesTransform
Transforming activity-ktx-1.8.0.aar (androidx.activity:activity-ktx:1.8.0) with AarToClassTransform
Transforming activity-ktx-1.8.0.aar (androidx.activity:activity-ktx:1.8.0) with EnumerateClassesTransform
Transforming activity-1.8.0.aar (androidx.activity:activity:1.8.0) with AarToClassTransform
Transforming activity-1.8.0.aar (androidx.activity:activity:1.8.0) with EnumerateClassesTransform
Transforming drawerlayout-1.1.1.aar (androidx.drawerlayout:drawerlayout:1.1.1) with AarToClassTransform
Transforming drawerlayout-1.1.1.aar (androidx.drawerlayout:drawerlayout:1.1.1) with EnumerateClassesTransform
Transforming coordinatorlayout-1.1.0.aar (androidx.coordinatorlayout:coordinatorlayout:1.1.0) with AarToClassTransform
Transforming coordinatorlayout-1.1.0.aar (androidx.coordinatorlayout:coordinatorlayout:1.1.0) with EnumerateClassesTransform
Transforming vectordrawable-animated-1.1.0.aar (androidx.vectordrawable:vectordrawable-animated:1.1.0) with AarToClassTransform
Transforming vectordrawable-animated-1.1.0.aar (androidx.vectordrawable:vectordrawable-animated:1.1.0) with EnumerateClassesTransform
Transforming vectordrawable-1.1.0.aar (androidx.vectordrawable:vectordrawable:1.1.0) with AarToClassTransform
Transforming vectordrawable-1.1.0.aar (androidx.vectordrawable:vectordrawable:1.1.0) with EnumerateClassesTransform
Transforming vectordrawable-1.1.0.aar (androidx.vectordrawable:vectordrawable:1.1.0) with AarToClassTransform
Transforming vectordrawable-1.1.0.aar (androidx.vectordrawable:vectordrawable:1.1.0) with EnumerateClassesTransform
Transforming slidingpanelayout-1.2.0.aar (androidx.slidingpanelayout:slidingpanelayout:1.2.0) with AarToClassTransform
Transforming slidingpanelayout-1.2.0.aar (androidx.slidingpanelayout:slidingpanelayout:1.2.0) with EnumerateClassesTransform
Transforming loader-1.0.0.aar (androidx.loader:loader:1.0.0) with AarToClassTransform
Transforming loader-1.0.0.aar (androidx.loader:loader:1.0.0) with EnumerateClassesTransform
Transforming loader-1.0.0.aar (androidx.loader:loader:1.0.0) with AarToClassTransform
Transforming loader-1.0.0.aar (androidx.loader:loader:1.0.0) with EnumerateClassesTransform
Transforming savedstate-ktx-1.2.1.aar (androidx.savedstate:savedstate-ktx:1.2.1) with AarToClassTransform
Transforming savedstate-ktx-1.2.1.aar (androidx.savedstate:savedstate-ktx:1.2.1) with EnumerateClassesTransform
Transforming savedstate-1.2.1.aar (androidx.savedstate:savedstate:1.2.1) with AarToClassTransform
Transforming savedstate-1.2.1.aar (androidx.savedstate:savedstate:1.2.1) with EnumerateClassesTransform
Transforming lifecycle-runtime-ktx-2.6.1.aar (androidx.lifecycle:lifecycle-runtime-ktx:2.6.1) with AarToClassTransform
Transforming lifecycle-runtime-ktx-2.6.1.aar (androidx.lifecycle:lifecycle-runtime-ktx:2.6.1) with EnumerateClassesTransform
Transforming lifecycle-viewmodel-ktx-2.6.1.aar (androidx.lifecycle:lifecycle-viewmodel-ktx:2.6.1) with AarToClassTransform
Transforming lifecycle-viewmodel-ktx-2.6.1.aar (androidx.lifecycle:lifecycle-viewmodel-ktx:2.6.1) with EnumerateClassesTransform
Transforming lifecycle-process-2.6.1.aar (androidx.lifecycle:lifecycle-process:2.6.1) with AarToClassTransform
Transforming lifecycle-process-2.6.1.aar (androidx.lifecycle:lifecycle-process:2.6.1) with EnumerateClassesTransform
Transforming lifecycle-livedata-core-ktx-2.6.1.aar (androidx.lifecycle:lifecycle-livedata-core-ktx:2.6.1) with AarToClassTransform
Transforming lifecycle-livedata-core-ktx-2.6.1.aar (androidx.lifecycle:lifecycle-livedata-core-ktx:2.6.1) with EnumerateClassesTransform
Transforming lifecycle-livedata-core-2.6.1.aar (androidx.lifecycle:lifecycle-livedata-core:2.6.1) with AarToClassTransform
Transforming lifecycle-livedata-core-2.6.1.aar (androidx.lifecycle:lifecycle-livedata-core:2.6.1) with EnumerateClassesTransform
Transforming lifecycle-livedata-2.6.1.aar (androidx.lifecycle:lifecycle-livedata:2.6.1) with AarToClassTransform
Transforming lifecycle-livedata-2.6.1.aar (androidx.lifecycle:lifecycle-livedata:2.6.1) with EnumerateClassesTransform
Transforming lifecycle-common-2.6.1.jar (androidx.lifecycle:lifecycle-common:2.6.1) with IdentityTransform
Transforming lifecycle-common-2.6.1.jar (androidx.lifecycle:lifecycle-common:2.6.1) with EnumerateClassesTransform
Transforming lifecycle-viewmodel-2.6.1.aar (androidx.lifecycle:lifecycle-viewmodel:2.6.1) with AarToClassTransform
Transforming lifecycle-viewmodel-2.6.1.aar (androidx.lifecycle:lifecycle-viewmodel:2.6.1) with EnumerateClassesTransform
Transforming lifecycle-viewmodel-2.6.1.aar (androidx.lifecycle:lifecycle-viewmodel:2.6.1) with AarToClassTransform
Transforming lifecycle-viewmodel-2.6.1.aar (androidx.lifecycle:lifecycle-viewmodel:2.6.1) with EnumerateClassesTransform
Transforming lifecycle-runtime-2.6.1.aar (androidx.lifecycle:lifecycle-runtime:2.6.1) with AarToClassTransform
Transforming lifecycle-runtime-2.6.1.aar (androidx.lifecycle:lifecycle-runtime:2.6.1) with EnumerateClassesTransform
Transforming lifecycle-viewmodel-savedstate-2.6.1.aar (androidx.lifecycle:lifecycle-viewmodel-savedstate:2.6.1) with AarToClassTransform
Transforming lifecycle-viewmodel-savedstate-2.6.1.aar (androidx.lifecycle:lifecycle-viewmodel-savedstate:2.6.1) with EnumerateClassesTransform
Transforming core-ktx-1.9.0.aar (androidx.core:core-ktx:1.9.0) with AarToClassTransform
Transforming core-ktx-1.9.0.aar (androidx.core:core-ktx:1.9.0) with EnumerateClassesTransform
Transforming viewpager-1.0.0.aar (androidx.viewpager:viewpager:1.0.0) with AarToClassTransform
Transforming viewpager-1.0.0.aar (androidx.viewpager:viewpager:1.0.0) with EnumerateClassesTransform
Transforming recyclerview-1.1.0.aar (androidx.recyclerview:recyclerview:1.1.0) with AarToClassTransform
Transforming recyclerview-1.1.0.aar (androidx.recyclerview:recyclerview:1.1.0) with EnumerateClassesTransform
Transforming recyclerview-1.1.0.aar (androidx.recyclerview:recyclerview:1.1.0) with AarToClassTransform
Transforming recyclerview-1.1.0.aar (androidx.recyclerview:recyclerview:1.1.0) with EnumerateClassesTransform
Transforming customview-1.1.0.aar (androidx.customview:customview:1.1.0) with AarToClassTransform
Transforming customview-1.1.0.aar (androidx.customview:customview:1.1.0) with EnumerateClassesTransform
Transforming customview-1.1.0.aar (androidx.customview:customview:1.1.0) with AarToClassTransform
Transforming customview-1.1.0.aar (androidx.customview:customview:1.1.0) with EnumerateClassesTransform
Transforming customview-1.1.0.aar (androidx.customview:customview:1.1.0) with AarToClassTransform
Transforming customview-1.1.0.aar (androidx.customview:customview:1.1.0) with EnumerateClassesTransform
Transforming customview-1.1.0.aar (androidx.customview:customview:1.1.0) with AarToClassTransform
Transforming customview-1.1.0.aar (androidx.customview:customview:1.1.0) with EnumerateClassesTransform
Transforming customview-1.1.0.aar (androidx.customview:customview:1.1.0) with AarToClassTransform
Transforming customview-1.1.0.aar (androidx.customview:customview:1.1.0) with EnumerateClassesTransform
Transforming transition-1.4.1.aar (androidx.transition:transition:1.4.1) with AarToClassTransform
Transforming transition-1.4.1.aar (androidx.transition:transition:1.4.1) with EnumerateClassesTransform
Transforming window-1.0.0.aar (androidx.window:window:1.0.0) with AarToClassTransform
Transforming window-1.0.0.aar (androidx.window:window:1.0.0) with EnumerateClassesTransform
Transforming core-1.9.0.aar (androidx.core:core:1.9.0) with AarToClassTransform
Transforming core-1.9.0.aar (androidx.core:core:1.9.0) with EnumerateClassesTransform
Transforming core-1.9.0.aar (androidx.core:core:1.9.0) with AarToClassTransform
Transforming core-1.9.0.aar (androidx.core:core:1.9.0) with EnumerateClassesTransform
Transforming core-1.9.0.aar (androidx.core:core:1.9.0) with AarToClassTransform
Transforming core-1.9.0.aar (androidx.core:core:1.9.0) with EnumerateClassesTransform
Transforming core-1.9.0.aar (androidx.core:core:1.9.0) with AarToClassTransform
Transforming core-1.9.0.aar (androidx.core:core:1.9.0) with EnumerateClassesTransform
Transforming core-1.9.0.aar (androidx.core:core:1.9.0) with AarToClassTransform
Transforming core-1.9.0.aar (androidx.core:core:1.9.0) with EnumerateClassesTransform
Transforming core-1.9.0.aar (androidx.core:core:1.9.0) with AarToClassTransform
Transforming core-1.9.0.aar (androidx.core:core:1.9.0) with EnumerateClassesTransform
Transforming core-1.9.0.aar (androidx.core:core:1.9.0) with AarToClassTransform
Transforming core-1.9.0.aar (androidx.core:core:1.9.0) with EnumerateClassesTransform
Transforming core-1.9.0.aar (androidx.core:core:1.9.0) with AarToClassTransform
Transforming core-1.9.0.aar (androidx.core:core:1.9.0) with EnumerateClassesTransform
Transforming core-1.9.0.aar (androidx.core:core:1.9.0) with AarToClassTransform
Transforming core-1.9.0.aar (androidx.core:core:1.9.0) with EnumerateClassesTransform
Transforming core-1.9.0.aar (androidx.core:core:1.9.0) with AarToClassTransform
Transforming core-1.9.0.aar (androidx.core:core:1.9.0) with EnumerateClassesTransform
Transforming core-1.9.0.aar (androidx.core:core:1.9.0) with AarToClassTransform
Transforming core-1.9.0.aar (androidx.core:core:1.9.0) with EnumerateClassesTransform
Transforming cursoradapter-1.0.0.aar (androidx.cursoradapter:cursoradapter:1.0.0) with AarToClassTransform
Transforming cursoradapter-1.0.0.aar (androidx.cursoradapter:cursoradapter:1.0.0) with EnumerateClassesTransform
Transforming resourceinspection-annotation-1.0.1.jar (androidx.resourceinspection:resourceinspection-annotation:1.0.1) with IdentityTransform
Transforming resourceinspection-annotation-1.0.1.jar (androidx.resourceinspection:resourceinspection-annotation:1.0.1) with EnumerateClassesTransform
Transforming cardview-1.0.0.aar (androidx.cardview:cardview:1.0.0) with AarToClassTransform
Transforming cardview-1.0.0.aar (androidx.cardview:cardview:1.0.0) with EnumerateClassesTransform
Transforming versionedparcelable-1.1.1.aar (androidx.versionedparcelable:versionedparcelable:1.1.1) with AarToClassTransform
Transforming versionedparcelable-1.1.1.aar (androidx.versionedparcelable:versionedparcelable:1.1.1) with EnumerateClassesTransform
Transforming collection-ktx-1.1.0.jar (androidx.collection:collection-ktx:1.1.0) with IdentityTransform
Transforming collection-ktx-1.1.0.jar (androidx.collection:collection-ktx:1.1.0) with EnumerateClassesTransform
Transforming collection-1.1.0.jar (androidx.collection:collection:1.1.0) with IdentityTransform
Transforming collection-1.1.0.jar (androidx.collection:collection:1.1.0) with EnumerateClassesTransform
Transforming profileinstaller-1.3.0.aar (androidx.profileinstaller:profileinstaller:1.3.0) with AarToClassTransform
Transforming profileinstaller-1.3.0.aar (androidx.profileinstaller:profileinstaller:1.3.0) with EnumerateClassesTransform
Transforming startup-runtime-1.1.1.aar (androidx.startup:startup-runtime:1.1.1) with AarToClassTransform
Transforming startup-runtime-1.1.1.aar (androidx.startup:startup-runtime:1.1.1) with EnumerateClassesTransform
Transforming tracing-1.0.0.aar (androidx.tracing:tracing:1.0.0) with AarToClassTransform
Transforming tracing-1.0.0.aar (androidx.tracing:tracing:1.0.0) with EnumerateClassesTransform
Transforming interpolator-1.0.0.aar (androidx.interpolator:interpolator:1.0.0) with AarToClassTransform
Transforming interpolator-1.0.0.aar (androidx.interpolator:interpolator:1.0.0) with EnumerateClassesTransform
Transforming core-runtime-2.2.0.aar (androidx.arch.core:core-runtime:2.2.0) with AarToClassTransform
Transforming core-runtime-2.2.0.aar (androidx.arch.core:core-runtime:2.2.0) with EnumerateClassesTransform
Transforming core-common-2.2.0.jar (androidx.arch.core:core-common:2.2.0) with IdentityTransform
Transforming core-common-2.2.0.jar (androidx.arch.core:core-common:2.2.0) with EnumerateClassesTransform
Transforming concurrent-futures-1.1.0.jar (androidx.concurrent:concurrent-futures:1.1.0) with IdentityTransform
Transforming concurrent-futures-1.1.0.jar (androidx.concurrent:concurrent-futures:1.1.0) with EnumerateClassesTransform
Transforming localbroadcastmanager-1.0.0.aar (androidx.localbroadcastmanager:localbroadcastmanager:1.0.0) with AarToClassTransform
Transforming localbroadcastmanager-1.0.0.aar (androidx.localbroadcastmanager:localbroadcastmanager:1.0.0) with EnumerateClassesTransform
Transforming print-1.0.0.aar (androidx.print:print:1.0.0) with AarToClassTransform
Transforming print-1.0.0.aar (androidx.print:print:1.0.0) with EnumerateClassesTransform
Transforming annotation-1.3.0.jar (androidx.annotation:annotation:1.3.0) with IdentityTransform
Transforming annotation-1.3.0.jar (androidx.annotation:annotation:1.3.0) with EnumerateClassesTransform
Transforming annotation-experimental-1.3.0.aar (androidx.annotation:annotation-experimental:1.3.0) with AarToClassTransform
Transforming annotation-experimental-1.3.0.aar (androidx.annotation:annotation-experimental:1.3.0) with EnumerateClassesTransform
Transforming kotlinx-coroutines-core-jvm-1.6.4.jar (org.jetbrains.kotlinx:kotlinx-coroutines-core-jvm:1.6.4) with IdentityTransform
Transforming kotlinx-coroutines-core-jvm-1.6.4.jar (org.jetbrains.kotlinx:kotlinx-coroutines-core-jvm:1.6.4) with EnumerateClassesTransform
Transforming kotlinx-coroutines-android-1.6.4.jar (org.jetbrains.kotlinx:kotlinx-coroutines-android:1.6.4) with IdentityTransform
Transforming kotlinx-coroutines-android-1.6.4.jar (org.jetbrains.kotlinx:kotlinx-coroutines-android:1.6.4) with EnumerateClassesTransform
Transforming kotlin-stdlib-jdk8-1.8.22.jar (org.jetbrains.kotlin:kotlin-stdlib-jdk8:1.8.22) with IdentityTransform
Transforming kotlin-stdlib-jdk8-1.8.22.jar (org.jetbrains.kotlin:kotlin-stdlib-jdk8:1.8.22) with EnumerateClassesTransform
Transforming kotlin-stdlib-jdk7-1.8.22.jar (org.jetbrains.kotlin:kotlin-stdlib-jdk7:1.8.22) with IdentityTransform
Transforming kotlin-stdlib-jdk7-1.8.22.jar (org.jetbrains.kotlin:kotlin-stdlib-jdk7:1.8.22) with EnumerateClassesTransform
Transforming kotlin-stdlib-1.8.22.jar (org.jetbrains.kotlin:kotlin-stdlib:1.8.22) with IdentityTransform
Transforming kotlin-stdlib-1.8.22.jar (org.jetbrains.kotlin:kotlin-stdlib:1.8.22) with EnumerateClassesTransform
Transforming error_prone_annotations-2.15.0.jar (com.google.errorprone:error_prone_annotations:2.15.0) with IdentityTransform
Transforming error_prone_annotations-2.15.0.jar (com.google.errorprone:error_prone_annotations:2.15.0) with EnumerateClassesTransform
Transforming constraintlayout-core-1.0.4.jar (androidx.constraintlayout:constraintlayout-core:1.0.4) with IdentityTransform
Transforming constraintlayout-core-1.0.4.jar (androidx.constraintlayout:constraintlayout-core:1.0.4) with EnumerateClassesTransform
Transforming kotlin-stdlib-common-1.8.22.jar (org.jetbrains.kotlin:kotlin-stdlib-common:1.8.22) with IdentityTransform
Transforming kotlin-stdlib-common-1.8.22.jar (org.jetbrains.kotlin:kotlin-stdlib-common:1.8.22) with EnumerateClassesTransform
Transforming annotations-13.0.jar (org.jetbrains:annotations:13.0) with IdentityTransform
Transforming annotations-13.0.jar (org.jetbrains:annotations:13.0) with EnumerateClassesTransform
Transforming listenablefuture-1.0.jar (com.google.guava:listenablefuture:1.0) with IdentityTransform
Transforming listenablefuture-1.0.jar (com.google.guava:listenablefuture:1.0) with EnumerateClassesTransform
Caching disabled for task ':app:checkDebugDuplicateClasses' because:
  Caching has been disabled for the task
Task ':app:checkDebugDuplicateClasses' is not up-to-date because:
  Output property 'dummyOutputDirectory' file /home/runner/work/NearChuckle-android-wip-edition/NearChuckle-android-wip-edition/android/app/build/intermediates/duplicate_classes_check/debug/checkDebugDuplicateClasses has been removed.

> Task :app:mergeDebugJavaResource
Transforming viewbinding-8.6.0.aar (androidx.databinding:viewbinding:8.6.0) with ExtractAarTransform
Transforming viewbinding-8.6.0.aar (androidx.databinding:viewbinding:8.6.0) with AarTransform
Transforming material-1.11.0.aar (com.google.android.material:material:1.11.0) with ExtractAarTransform
Transforming material-1.11.0.aar (com.google.android.material:material:1.11.0) with AarTransform
Transforming constraintlayout-2.1.4.aar (androidx.constraintlayout:constraintlayout:2.1.4) with ExtractAarTransform
Transforming constraintlayout-2.1.4.aar (androidx.constraintlayout:constraintlayout:2.1.4) with AarTransform
Transforming preference-1.2.1.aar (androidx.preference:preference:1.2.1) with ExtractAarTransform
Transforming preference-1.2.1.aar (androidx.preference:preference:1.2.1) with AarTransform
Transforming appcompat-resources-1.6.1.aar (androidx.appcompat:appcompat-resources:1.6.1) with ExtractAarTransform
Transforming appcompat-resources-1.6.1.aar (androidx.appcompat:appcompat-resources:1.6.1) with AarTransform
Transforming appcompat-1.6.1.aar (androidx.appcompat:appcompat:1.6.1) with ExtractAarTransform
Transforming appcompat-1.6.1.aar (androidx.appcompat:appcompat:1.6.1) with AarTransform
Transforming dynamicanimation-1.0.0.aar (androidx.dynamicanimation:dynamicanimation:1.0.0) with ExtractAarTransform
Transforming dynamicanimation-1.0.0.aar (androidx.dynamicanimation:dynamicanimation:1.0.0) with AarTransform
Transforming legacy-support-core-utils-1.0.0.aar (androidx.legacy:legacy-support-core-utils:1.0.0) with ExtractAarTransform
Transforming legacy-support-core-utils-1.0.0.aar (androidx.legacy:legacy-support-core-utils:1.0.0) with AarTransform
Transforming documentfile-1.0.1.aar (androidx.documentfile:documentfile:1.0.1) with ExtractAarTransform
Transforming documentfile-1.0.1.aar (androidx.documentfile:documentfile:1.0.1) with AarTransform
Transforming documentfile-1.0.1.aar (androidx.documentfile:documentfile:1.0.1) with ExtractAarTransform
Transforming documentfile-1.0.1.aar (androidx.documentfile:documentfile:1.0.1) with AarTransform
Transforming emoji2-views-helper-1.2.0.aar (androidx.emoji2:emoji2-views-helper:1.2.0) with ExtractAarTransform
Transforming emoji2-views-helper-1.2.0.aar (androidx.emoji2:emoji2-views-helper:1.2.0) with AarTransform
Transforming emoji2-1.2.0.aar (androidx.emoji2:emoji2:1.2.0) with ExtractAarTransform
Transforming emoji2-1.2.0.aar (androidx.emoji2:emoji2:1.2.0) with AarTransform
Transforming viewpager2-1.0.0.aar (androidx.viewpager2:viewpager2:1.0.0) with ExtractAarTransform
Transforming viewpager2-1.0.0.aar (androidx.viewpager2:viewpager2:1.0.0) with AarTransform
Transforming fragment-ktx-1.3.6.aar (androidx.fragment:fragment-ktx:1.3.6) with ExtractAarTransform
Transforming fragment-ktx-1.3.6.aar (androidx.fragment:fragment-ktx:1.3.6) with AarTransform
Transforming fragment-1.3.6.aar (androidx.fragment:fragment:1.3.6) with ExtractAarTransform
Transforming fragment-1.3.6.aar (androidx.fragment:fragment:1.3.6) with AarTransform
Transforming fragment-1.3.6.aar (androidx.fragment:fragment:1.3.6) with ExtractAarTransform
Transforming fragment-1.3.6.aar (androidx.fragment:fragment:1.3.6) with AarTransform
Transforming activity-ktx-1.8.0.aar (androidx.activity:activity-ktx:1.8.0) with ExtractAarTransform
Transforming activity-ktx-1.8.0.aar (androidx.activity:activity-ktx:1.8.0) with AarTransform
Transforming activity-1.8.0.aar (androidx.activity:activity:1.8.0) with ExtractAarTransform
Transforming activity-1.8.0.aar (androidx.activity:activity:1.8.0) with AarTransform
Transforming drawerlayout-1.1.1.aar (androidx.drawerlayout:drawerlayout:1.1.1) with ExtractAarTransform
Transforming drawerlayout-1.1.1.aar (androidx.drawerlayout:drawerlayout:1.1.1) with AarTransform
Transforming coordinatorlayout-1.1.0.aar (androidx.coordinatorlayout:coordinatorlayout:1.1.0) with ExtractAarTransform
Transforming coordinatorlayout-1.1.0.aar (androidx.coordinatorlayout:coordinatorlayout:1.1.0) with AarTransform
Transforming vectordrawable-animated-1.1.0.aar (androidx.vectordrawable:vectordrawable-animated:1.1.0) with ExtractAarTransform
Transforming vectordrawable-animated-1.1.0.aar (androidx.vectordrawable:vectordrawable-animated:1.1.0) with AarTransform
Transforming vectordrawable-1.1.0.aar (androidx.vectordrawable:vectordrawable:1.1.0) with ExtractAarTransform
Transforming vectordrawable-1.1.0.aar (androidx.vectordrawable:vectordrawable:1.1.0) with AarTransform
Transforming vectordrawable-1.1.0.aar (androidx.vectordrawable:vectordrawable:1.1.0) with ExtractAarTransform
Transforming vectordrawable-1.1.0.aar (androidx.vectordrawable:vectordrawable:1.1.0) with AarTransform
Transforming slidingpanelayout-1.2.0.aar (androidx.slidingpanelayout:slidingpanelayout:1.2.0) with ExtractAarTransform
Transforming slidingpanelayout-1.2.0.aar (androidx.slidingpanelayout:slidingpanelayout:1.2.0) with AarTransform
Transforming loader-1.0.0.aar (androidx.loader:loader:1.0.0) with ExtractAarTransform
Transforming loader-1.0.0.aar (androidx.loader:loader:1.0.0) with AarTransform
Transforming loader-1.0.0.aar (androidx.loader:loader:1.0.0) with ExtractAarTransform
Transforming loader-1.0.0.aar (androidx.loader:loader:1.0.0) with AarTransform
Transforming savedstate-ktx-1.2.1.aar (androidx.savedstate:savedstate-ktx:1.2.1) with ExtractAarTransform
Transforming savedstate-ktx-1.2.1.aar (androidx.savedstate:savedstate-ktx:1.2.1) with AarTransform
Transforming savedstate-1.2.1.aar (androidx.savedstate:savedstate:1.2.1) with ExtractAarTransform
Transforming savedstate-1.2.1.aar (androidx.savedstate:savedstate:1.2.1) with AarTransform
Transforming lifecycle-runtime-ktx-2.6.1.aar (androidx.lifecycle:lifecycle-runtime-ktx:2.6.1) with ExtractAarTransform
Transforming lifecycle-runtime-ktx-2.6.1.aar (androidx.lifecycle:lifecycle-runtime-ktx:2.6.1) with AarTransform
Transforming lifecycle-viewmodel-ktx-2.6.1.aar (androidx.lifecycle:lifecycle-viewmodel-ktx:2.6.1) with ExtractAarTransform
Transforming lifecycle-viewmodel-ktx-2.6.1.aar (androidx.lifecycle:lifecycle-viewmodel-ktx:2.6.1) with AarTransform
Transforming lifecycle-process-2.6.1.aar (androidx.lifecycle:lifecycle-process:2.6.1) with ExtractAarTransform
Transforming lifecycle-process-2.6.1.aar (androidx.lifecycle:lifecycle-process:2.6.1) with AarTransform
Transforming lifecycle-livedata-core-ktx-2.6.1.aar (androidx.lifecycle:lifecycle-livedata-core-ktx:2.6.1) with ExtractAarTransform
Transforming lifecycle-livedata-core-ktx-2.6.1.aar (androidx.lifecycle:lifecycle-livedata-core-ktx:2.6.1) with AarTransform
Transforming lifecycle-livedata-core-2.6.1.aar (androidx.lifecycle:lifecycle-livedata-core:2.6.1) with ExtractAarTransform
Transforming lifecycle-livedata-core-2.6.1.aar (androidx.lifecycle:lifecycle-livedata-core:2.6.1) with AarTransform
Transforming lifecycle-livedata-2.6.1.aar (androidx.lifecycle:lifecycle-livedata:2.6.1) with ExtractAarTransform
Transforming lifecycle-livedata-2.6.1.aar (androidx.lifecycle:lifecycle-livedata:2.6.1) with AarTransform
Transforming lifecycle-common-2.6.1.jar (androidx.lifecycle:lifecycle-common:2.6.1) with IdentityTransform
Transforming lifecycle-viewmodel-2.6.1.aar (androidx.lifecycle:lifecycle-viewmodel:2.6.1) with ExtractAarTransform
Transforming lifecycle-viewmodel-2.6.1.aar (androidx.lifecycle:lifecycle-viewmodel:2.6.1) with AarTransform
Transforming lifecycle-viewmodel-2.6.1.aar (androidx.lifecycle:lifecycle-viewmodel:2.6.1) with ExtractAarTransform
Transforming lifecycle-viewmodel-2.6.1.aar (androidx.lifecycle:lifecycle-viewmodel:2.6.1) with AarTransform
Transforming lifecycle-runtime-2.6.1.aar (androidx.lifecycle:lifecycle-runtime:2.6.1) with ExtractAarTransform
Transforming lifecycle-runtime-2.6.1.aar (androidx.lifecycle:lifecycle-runtime:2.6.1) with AarTransform
Transforming lifecycle-viewmodel-savedstate-2.6.1.aar (androidx.lifecycle:lifecycle-viewmodel-savedstate:2.6.1) with ExtractAarTransform
Transforming lifecycle-viewmodel-savedstate-2.6.1.aar (androidx.lifecycle:lifecycle-viewmodel-savedstate:2.6.1) with AarTransform
Transforming core-ktx-1.9.0.aar (androidx.core:core-ktx:1.9.0) with ExtractAarTransform
Transforming core-ktx-1.9.0.aar (androidx.core:core-ktx:1.9.0) with AarTransform
Transforming viewpager-1.0.0.aar (androidx.viewpager:viewpager:1.0.0) with ExtractAarTransform
Transforming viewpager-1.0.0.aar (androidx.viewpager:viewpager:1.0.0) with AarTransform
Transforming recyclerview-1.1.0.aar (androidx.recyclerview:recyclerview:1.1.0) with ExtractAarTransform
Transforming recyclerview-1.1.0.aar (androidx.recyclerview:recyclerview:1.1.0) with AarTransform
Transforming recyclerview-1.1.0.aar (androidx.recyclerview:recyclerview:1.1.0) with ExtractAarTransform
Transforming recyclerview-1.1.0.aar (androidx.recyclerview:recyclerview:1.1.0) with AarTransform
Transforming customview-1.1.0.aar (androidx.customview:customview:1.1.0) with ExtractAarTransform
Transforming customview-1.1.0.aar (androidx.customview:customview:1.1.0) with AarTransform
Transforming customview-1.1.0.aar (androidx.customview:customview:1.1.0) with ExtractAarTransform
Transforming customview-1.1.0.aar (androidx.customview:customview:1.1.0) with AarTransform
Transforming customview-1.1.0.aar (androidx.customview:customview:1.1.0) with ExtractAarTransform
Transforming customview-1.1.0.aar (androidx.customview:customview:1.1.0) with AarTransform
Transforming customview-1.1.0.aar (androidx.customview:customview:1.1.0) with ExtractAarTransform
Transforming customview-1.1.0.aar (androidx.customview:customview:1.1.0) with AarTransform
Transforming customview-1.1.0.aar (androidx.customview:customview:1.1.0) with ExtractAarTransform
Transforming customview-1.1.0.aar (androidx.customview:customview:1.1.0) with AarTransform
Transforming transition-1.4.1.aar (androidx.transition:transition:1.4.1) with ExtractAarTransform
Transforming transition-1.4.1.aar (androidx.transition:transition:1.4.1) with AarTransform
Transforming window-1.0.0.aar (androidx.window:window:1.0.0) with ExtractAarTransform
Transforming window-1.0.0.aar (androidx.window:window:1.0.0) with AarTransform
Transforming core-1.9.0.aar (androidx.core:core:1.9.0) with ExtractAarTransform
Transforming core-1.9.0.aar (androidx.core:core:1.9.0) with AarTransform
Transforming core-1.9.0.aar (androidx.core:core:1.9.0) with ExtractAarTransform
Transforming core-1.9.0.aar (androidx.core:core:1.9.0) with AarTransform
Transforming core-1.9.0.aar (androidx.core:core:1.9.0) with ExtractAarTransform
Transforming core-1.9.0.aar (androidx.core:core:1.9.0) with AarTransform
Transforming core-1.9.0.aar (androidx.core:core:1.9.0) with ExtractAarTransform
Transforming core-1.9.0.aar (androidx.core:core:1.9.0) with AarTransform
Transforming core-1.9.0.aar (androidx.core:core:1.9.0) with ExtractAarTransform
Transforming core-1.9.0.aar (androidx.core:core:1.9.0) with AarTransform
Transforming core-1.9.0.aar (androidx.core:core:1.9.0) with ExtractAarTransform
Transforming core-1.9.0.aar (androidx.core:core:1.9.0) with AarTransform
Transforming core-1.9.0.aar (androidx.core:core:1.9.0) with ExtractAarTransform
Transforming core-1.9.0.aar (androidx.core:core:1.9.0) with AarTransform
Transforming core-1.9.0.aar (androidx.core:core:1.9.0) with ExtractAarTransform
Transforming core-1.9.0.aar (androidx.core:core:1.9.0) with AarTransform
Transforming core-1.9.0.aar (androidx.core:core:1.9.0) with ExtractAarTransform
Transforming core-1.9.0.aar (androidx.core:core:1.9.0) with AarTransform
Transforming core-1.9.0.aar (androidx.core:core:1.9.0) with ExtractAarTransform
Transforming core-1.9.0.aar (androidx.core:core:1.9.0) with AarTransform
Transforming core-1.9.0.aar (androidx.core:core:1.9.0) with ExtractAarTransform
Transforming core-1.9.0.aar (androidx.core:core:1.9.0) with AarTransform
Transforming cursoradapter-1.0.0.aar (androidx.cursoradapter:cursoradapter:1.0.0) with ExtractAarTransform
Transforming cursoradapter-1.0.0.aar (androidx.cursoradapter:cursoradapter:1.0.0) with AarTransform
Transforming resourceinspection-annotation-1.0.1.jar (androidx.resourceinspection:resourceinspection-annotation:1.0.1) with IdentityTransform
Transforming cardview-1.0.0.aar (androidx.cardview:cardview:1.0.0) with ExtractAarTransform
Transforming cardview-1.0.0.aar (androidx.cardview:cardview:1.0.0) with AarTransform
Transforming versionedparcelable-1.1.1.aar (androidx.versionedparcelable:versionedparcelable:1.1.1) with ExtractAarTransform
Transforming versionedparcelable-1.1.1.aar (androidx.versionedparcelable:versionedparcelable:1.1.1) with AarTransform
Transforming collection-ktx-1.1.0.jar (androidx.collection:collection-ktx:1.1.0) with IdentityTransform
Transforming collection-1.1.0.jar (androidx.collection:collection:1.1.0) with IdentityTransform
Transforming profileinstaller-1.3.0.aar (androidx.profileinstaller:profileinstaller:1.3.0) with ExtractAarTransform
Transforming profileinstaller-1.3.0.aar (androidx.profileinstaller:profileinstaller:1.3.0) with AarTransform
Transforming startup-runtime-1.1.1.aar (androidx.startup:startup-runtime:1.1.1) with ExtractAarTransform
Transforming startup-runtime-1.1.1.aar (androidx.startup:startup-runtime:1.1.1) with AarTransform
Transforming tracing-1.0.0.aar (androidx.tracing:tracing:1.0.0) with ExtractAarTransform
Transforming tracing-1.0.0.aar (androidx.tracing:tracing:1.0.0) with AarTransform
Transforming interpolator-1.0.0.aar (androidx.interpolator:interpolator:1.0.0) with ExtractAarTransform
Transforming interpolator-1.0.0.aar (androidx.interpolator:interpolator:1.0.0) with AarTransform
Transforming core-runtime-2.2.0.aar (androidx.arch.core:core-runtime:2.2.0) with ExtractAarTransform
Transforming core-runtime-2.2.0.aar (androidx.arch.core:core-runtime:2.2.0) with AarTransform
Transforming core-common-2.2.0.jar (androidx.arch.core:core-common:2.2.0) with IdentityTransform
Transforming concurrent-futures-1.1.0.jar (androidx.concurrent:concurrent-futures:1.1.0) with IdentityTransform
Transforming localbroadcastmanager-1.0.0.aar (androidx.localbroadcastmanager:localbroadcastmanager:1.0.0) with ExtractAarTransform
Transforming localbroadcastmanager-1.0.0.aar (androidx.localbroadcastmanager:localbroadcastmanager:1.0.0) with AarTransform
Transforming print-1.0.0.aar (androidx.print:print:1.0.0) with ExtractAarTransform
Transforming print-1.0.0.aar (androidx.print:print:1.0.0) with AarTransform
Transforming annotation-1.3.0.jar (androidx.annotation:annotation:1.3.0) with IdentityTransform
Transforming annotation-experimental-1.3.0.aar (androidx.annotation:annotation-experimental:1.3.0) with ExtractAarTransform
Transforming annotation-experimental-1.3.0.aar (androidx.annotation:annotation-experimental:1.3.0) with AarTransform
Transforming kotlinx-coroutines-core-jvm-1.6.4.jar (org.jetbrains.kotlinx:kotlinx-coroutines-core-jvm:1.6.4) with IdentityTransform
Transforming kotlinx-coroutines-android-1.6.4.jar (org.jetbrains.kotlinx:kotlinx-coroutines-android:1.6.4) with IdentityTransform
Transforming kotlin-stdlib-jdk8-1.8.22.jar (org.jetbrains.kotlin:kotlin-stdlib-jdk8:1.8.22) with IdentityTransform
Transforming kotlin-stdlib-jdk7-1.8.22.jar (org.jetbrains.kotlin:kotlin-stdlib-jdk7:1.8.22) with IdentityTransform
Transforming kotlin-stdlib-1.8.22.jar (org.jetbrains.kotlin:kotlin-stdlib:1.8.22) with IdentityTransform
Transforming error_prone_annotations-2.15.0.jar (com.google.errorprone:error_prone_annotations:2.15.0) with IdentityTransform
Transforming constraintlayout-core-1.0.4.jar (androidx.constraintlayout:constraintlayout-core:1.0.4) with IdentityTransform
Transforming kotlin-stdlib-common-1.8.22.jar (org.jetbrains.kotlin:kotlin-stdlib-common:1.8.22) with IdentityTransform
Transforming annotations-13.0.jar (org.jetbrains:annotations:13.0) with IdentityTransform
Transforming listenablefuture-1.0.jar (com.google.guava:listenablefuture:1.0) with IdentityTransform
Caching disabled for task ':app:mergeDebugJavaResource' because:
  Caching has been disabled for the task
Task ':app:mergeDebugJavaResource' is not up-to-date because:
  Output property 'cacheDir' file /home/runner/work/NearChuckle-android-wip-edition/NearChuckle-android-wip-edition/android/app/build/intermediates/incremental/debug-mergeJavaRes/zip-cache has been removed.
  Output property 'cacheDir' file /home/runner/work/NearChuckle-android-wip-edition/NearChuckle-android-wip-edition/android/app/build/intermediates/incremental/debug-mergeJavaRes/zip-cache/+jcQuaa0iKcOrZ3LuZRDC2qh0To= has been removed.
  Output property 'cacheDir' file /home/runner/work/NearChuckle-android-wip-edition/NearChuckle-android-wip-edition/android/app/build/intermediates/incremental/debug-mergeJavaRes/zip-cache/0Z3Hisks9umSEHWtJ1kB6WuAlVw= has been removed.
  Output property 'cacheDir' file /home/runner/work/NearChuckle-android-wip-edition/NearChuckle-android-wip-edition/android/app/build/intermediates/incremental/debug-mergeJavaRes/zip-cache/15_2defy8MiERMcO_m0fWtNC2I4= has been removed.
  Output property 'cacheDir' file /home/runner/work/NearChuckle-android-wip-edition/NearChuckle-android-wip-edition/android/app/build/intermediates/incremental/debug-mergeJavaRes/zip-cache/3ajJ0by41ox_BTiKUObjARxn_ZU= has been removed.
  Output property 'cacheDir' file /home/runner/work/NearChuckle-android-wip-edition/NearChuckle-android-wip-edition/android/app/build/intermediates/incremental/debug-mergeJavaRes/zip-cache/3DabHBpygb1t3gDmCK53zasPFNY= has been removed.
  Output property 'cacheDir' file /home/runner/work/NearChuckle-android-wip-edition/NearChuckle-android-wip-edition/android/app/build/intermediates/incremental/debug-mergeJavaRes/zip-cache/4zYwPlbKqWGICfbDUIWLccUKE6Q= has been removed.
  Output property 'cacheDir' file /home/runner/work/NearChuckle-android-wip-edition/NearChuckle-android-wip-edition/android/app/build/intermediates/incremental/debug-mergeJavaRes/zip-cache/5crGfPTLI_9ah9XiBC3MT7Ju3N8= has been removed.
  Output property 'cacheDir' file /home/runner/work/NearChuckle-android-wip-edition/NearChuckle-android-wip-edition/android/app/build/intermediates/incremental/debug-mergeJavaRes/zip-cache/5OSCZtBr8ToIqQz03Xendrim32k= has been removed.
  Output property 'cacheDir' file /home/runner/work/NearChuckle-android-wip-edition/NearChuckle-android-wip-edition/android/app/build/intermediates/incremental/debug-mergeJavaRes/zip-cache/6QNx8hnL2Oc3Umx7x5RmXvGTzmY= has been removed.
  Output property 'cacheDir' file /home/runner/work/NearChuckle-android-wip-edition/NearChuckle-android-wip-edition/android/app/build/intermediates/incremental/debug-mergeJavaRes/zip-cache/6V27ys57gEusNqN8E+Jc9p6NWXI= has been removed.
  Output property 'cacheDir' file /home/runner/work/NearChuckle-android-wip-edition/NearChuckle-android-wip-edition/android/app/build/intermediates/incremental/debug-mergeJavaRes/zip-cache/6vpKaMb9VdDuuAmZ1jqHtIbduF8= has been removed.
  Output property 'cacheDir' file /home/runner/work/NearChuckle-android-wip-edition/NearChuckle-android-wip-edition/android/app/build/intermediates/incremental/debug-mergeJavaRes/zip-cache/7q13+prpfKXqCzVv1f0vpQEFsTE= has been removed.
  Output property 'cacheDir' file /home/runner/work/NearChuckle-android-wip-edition/NearChuckle-android-wip-edition/android/app/build/intermediates/incremental/debug-mergeJavaRes/zip-cache/_5Bbwu4CPGQe3vkI3hZXAZnqBEY= has been removed.
  Output property 'cacheDir' file /home/runner/work/NearChuckle-android-wip-edition/NearChuckle-android-wip-edition/android/app/build/intermediates/incremental/debug-mergeJavaRes/zip-cache/_m6tsxiE3FbpOMoYl2qlVIdAdaM= has been removed.
  Output property 'cacheDir' file /home/runner/work/NearChuckle-android-wip-edition/NearChuckle-android-wip-edition/android/app/build/intermediates/incremental/debug-mergeJavaRes/zip-cache/a9Zctk9dDitsE93dkvmmGC0T3K0= has been removed.
  Output property 'cacheDir' file /home/runner/work/NearChuckle-android-wip-edition/NearChuckle-android-wip-edition/android/app/build/intermediates/incremental/debug-mergeJavaRes/zip-cache/ASOghMiJVOIfMgV+ZLIoAlXSowE= has been removed.
  Output property 'cacheDir' file /home/runner/work/NearChuckle-android-wip-edition/NearChuckle-android-wip-edition/android/app/build/intermediates/incremental/debug-mergeJavaRes/zip-cache/aVmuNF1WkQBfO2UJMxPtoarR9Ss= has been removed.
  Output property 'cacheDir' file /home/runner/work/NearChuckle-android-wip-edition/NearChuckle-android-wip-edition/android/app/build/intermediates/incremental/debug-mergeJavaRes/zip-cache/c51bzxkKf1W9x_FYgEsA1aRO0ZE= has been removed.
  Output property 'cacheDir' file /home/runner/work/NearChuckle-android-wip-edition/NearChuckle-android-wip-edition/android/app/build/intermediates/incremental/debug-mergeJavaRes/zip-cache/ddnMMm84qbMlOCD9rJCEw0gy9EQ= has been removed.
  Output property 'cacheDir' file /home/runner/work/NearChuckle-android-wip-edition/NearChuckle-android-wip-edition/android/app/build/intermediates/incremental/debug-mergeJavaRes/zip-cache/Ds0+cVri4e_pfVlnPvb2eHcAKiE= has been removed.
  Output property 'cacheDir' file /home/runner/work/NearChuckle-android-wip-edition/NearChuckle-android-wip-edition/android/app/build/intermediates/incremental/debug-mergeJavaRes/zip-cache/EBufIxreEUgnHlx7bOzZyeQzz1Y= has been removed.
  Output property 'cacheDir' file /home/runner/work/NearChuckle-android-wip-edition/NearChuckle-android-wip-edition/android/app/build/intermediates/incremental/debug-mergeJavaRes/zip-cache/eki0YI2MmGAh9Wui7ZGL5L+LsgY= has been removed.
  Output property 'cacheDir' file /home/runner/work/NearChuckle-android-wip-edition/NearChuckle-android-wip-edition/android/app/build/intermediates/incremental/debug-mergeJavaRes/zip-cache/eolwIWKADVfi_7Wq+jzGB8KNeUY= has been removed.
  Output property 'cacheDir' file /home/runner/work/NearChuckle-android-wip-edition/NearChuckle-android-wip-edition/android/app/build/intermediates/incremental/debug-mergeJavaRes/zip-cache/fsK23lc0Ity15fc_4DIifTB7q5k= has been removed.
  Output property 'cacheDir' file /home/runner/work/NearChuckle-android-wip-edition/NearChuckle-android-wip-edition/android/app/build/intermediates/incremental/debug-mergeJavaRes/zip-cache/g+BjkCaNgXANO674NGr1fIXm9RQ= has been removed.
  Output property 'cacheDir' file /home/runner/work/NearChuckle-android-wip-edition/NearChuckle-android-wip-edition/android/app/build/intermediates/incremental/debug-mergeJavaRes/zip-cache/gZlI3ty7OqQfIg3dw9iiPSUIyLQ= has been removed.
  Output property 'cacheDir' file /home/runner/work/NearChuckle-android-wip-edition/NearChuckle-android-wip-edition/android/app/build/intermediates/incremental/debug-mergeJavaRes/zip-cache/iK8FEp971_77lAeq5HkiJ2mbB7k= has been removed.
  Output property 'cacheDir' file /home/runner/work/NearChuckle-android-wip-edition/NearChuckle-android-wip-edition/android/app/build/intermediates/incremental/debug-mergeJavaRes/zip-cache/ISpVByvHnNFh8wt+Tkz8O5kskrs= has been removed.
  Output property 'cacheDir' file /home/runner/work/NearChuckle-android-wip-edition/NearChuckle-android-wip-edition/android/app/build/intermediates/incremental/debug-mergeJavaRes/zip-cache/j4mkhErRh3mobZTd+GKsbWwXEpk= has been removed.
  Output property 'cacheDir' file /home/runner/work/NearChuckle-android-wip-edition/NearChuckle-android-wip-edition/android/app/build/intermediates/incremental/debug-mergeJavaRes/zip-cache/J8VRyDXXK2+HJKVT9HZq2bLdML8= has been removed.
  Output property 'cacheDir' file /home/runner/work/NearChuckle-android-wip-edition/NearChuckle-android-wip-edition/android/app/build/intermediates/incremental/debug-mergeJavaRes/zip-cache/JaNc7xtOZHwRiiy7x2kA5GRv_Kk= has been removed.
  Output property 'cacheDir' file /home/runner/work/NearChuckle-android-wip-edition/NearChuckle-android-wip-edition/android/app/build/intermediates/incremental/debug-mergeJavaRes/zip-cache/jyP+j1cOhMVZvLmfBPgDk+HSj1E= has been removed.
  Output property 'cacheDir' file /home/runner/work/NearChuckle-android-wip-edition/NearChuckle-android-wip-edition/android/app/build/intermediates/incremental/debug-mergeJavaRes/zip-cache/KJgRlH8zmfxuM0XIQH_MCnHGniM= has been removed.
  Output property 'cacheDir' file /home/runner/work/NearChuckle-android-wip-edition/NearChuckle-android-wip-edition/android/app/build/intermediates/incremental/debug-mergeJavaRes/zip-cache/KoV4ckmTCnUE6cLpdBHTb8YI94c= has been removed.
  Output property 'cacheDir' file /home/runner/work/NearChuckle-android-wip-edition/NearChuckle-android-wip-edition/android/app/build/intermediates/incremental/debug-mergeJavaRes/zip-cache/KTQBnTdHMKvWBmLUdvZzURDf2Zw= has been removed.
  Output property 'cacheDir' file /home/runner/work/NearChuckle-android-wip-edition/NearChuckle-android-wip-edition/android/app/build/intermediates/incremental/debug-mergeJavaRes/zip-cache/mkleycpLN_RgxbSWNBiiMbVA2GM= has been removed.
  Output property 'cacheDir' file /home/runner/work/NearChuckle-android-wip-edition/NearChuckle-android-wip-edition/android/app/build/intermediates/incremental/debug-mergeJavaRes/zip-cache/MzBMoqIbbtdBBpixzfHXmYR9zsE= has been removed.
  Output property 'cacheDir' file /home/runner/work/NearChuckle-android-wip-edition/NearChuckle-android-wip-edition/android/app/build/intermediates/incremental/debug-mergeJavaRes/zip-cache/NLDz+3iRHQ716SxsK7U3rPp+UNQ= has been removed.
  Output property 'cacheDir' file /home/runner/work/NearChuckle-android-wip-edition/NearChuckle-android-wip-edition/android/app/build/intermediates/incremental/debug-mergeJavaRes/zip-cache/nmhNUrjYjiSqs16MvgvcaA8f1vE= has been removed.
  Output property 'cacheDir' file /home/runner/work/NearChuckle-android-wip-edition/NearChuckle-android-wip-edition/android/app/build/intermediates/incremental/debug-mergeJavaRes/zip-cache/OFBn+0uhWFPH7aPaFwUdMDpLepU= has been removed.
  Output property 'cacheDir' file /home/runner/work/NearChuckle-android-wip-edition/NearChuckle-android-wip-edition/android/app/build/intermediates/incremental/debug-mergeJavaRes/zip-cache/qC1LkeX06luYJceE2HLv7pRcB_o= has been removed.
  Output property 'cacheDir' file /home/runner/work/NearChuckle-android-wip-edition/NearChuckle-android-wip-edition/android/app/build/intermediates/incremental/debug-mergeJavaRes/zip-cache/qCRjHlP9kwENMMzaXpgm2ED7TUQ= has been removed.
  Output property 'cacheDir' file /home/runner/work/NearChuckle-android-wip-edition/NearChuckle-android-wip-edition/android/app/build/intermediates/incremental/debug-mergeJavaRes/zip-cache/QJZv2NMD9EcLV7MlOdeWHVnKjG4= has been removed.
  Output property 'cacheDir' file /home/runner/work/NearChuckle-android-wip-edition/NearChuckle-android-wip-edition/android/app/build/intermediates/incremental/debug-mergeJavaRes/zip-cache/qZl6QzWA+khk+Jrd00fjPu7zaRg= has been removed.
  Output property 'cacheDir' file /home/runner/work/NearChuckle-android-wip-edition/NearChuckle-android-wip-edition/android/app/build/intermediates/incremental/debug-mergeJavaRes/zip-cache/RqTLFaFGQKQpnwNndMaB1qcjnQ8= has been removed.
  Output property 'cacheDir' file /home/runner/work/NearChuckle-android-wip-edition/NearChuckle-android-wip-edition/android/app/build/intermediates/incremental/debug-mergeJavaRes/zip-cache/ruc_uGiQkF40k5mnLvKsMVUT9jI= has been removed.
  Output property 'cacheDir' file /home/runner/work/NearChuckle-android-wip-edition/NearChuckle-android-wip-edition/android/app/build/intermediates/incremental/debug-mergeJavaRes/zip-cache/s_NmENdt0WvGZhV525ntNLGvoCQ= has been removed.
  Output property 'cacheDir' file /home/runner/work/NearChuckle-android-wip-edition/NearChuckle-android-wip-edition/android/app/build/intermediates/incremental/debug-mergeJavaRes/zip-cache/SQDOR7Nx+bKnQsdMVhwpmwGalJI= has been removed.
  Output property 'cacheDir' file /home/runner/work/NearChuckle-android-wip-edition/NearChuckle-android-wip-edition/android/app/build/intermediates/incremental/debug-mergeJavaRes/zip-cache/Sqzw1bBkKHv6IlpWx1uVuP8QYwM= has been removed.
  Output property 'cacheDir' file /home/runner/work/NearChuckle-android-wip-edition/NearChuckle-android-wip-edition/android/app/build/intermediates/incremental/debug-mergeJavaRes/zip-cache/SuCxqm8zRMOgOc3SDth10IKdGqQ= has been removed.
  Output property 'cacheDir' file /home/runner/work/NearChuckle-android-wip-edition/NearChuckle-android-wip-edition/android/app/build/intermediates/incremental/debug-mergeJavaRes/zip-cache/uiHI+m1SmKw0jVFGloPRTpG7nNs= has been removed.
  Output property 'cacheDir' file /home/runner/work/NearChuckle-android-wip-edition/NearChuckle-android-wip-edition/android/app/build/intermediates/incremental/debug-mergeJavaRes/zip-cache/uShlmH8GLMvLo5oFA6KR6M3Gfb4= has been removed.
  Output property 'cacheDir' file /home/runner/work/NearChuckle-android-wip-edition/NearChuckle-android-wip-edition/android/app/build/intermediates/incremental/debug-mergeJavaRes/zip-cache/V3qe+bwfZYLdM99rehNU+wIfVnU= has been removed.
  Output property 'cacheDir' file /home/runner/work/NearChuckle-android-wip-edition/NearChuckle-android-wip-edition/android/app/build/intermediates/incremental/debug-mergeJavaRes/zip-cache/V8EyYgISyyCIEOid1q5PKR2rkE8= has been removed.
  Output property 'cacheDir' file /home/runner/work/NearChuckle-android-wip-edition/NearChuckle-android-wip-edition/android/app/build/intermediates/incremental/debug-mergeJavaRes/zip-cache/w4A9gK9Z2n9EZRNMIvrbQEmLA3Y= has been removed.
  Output property 'cacheDir' file /home/runner/work/NearChuckle-android-wip-edition/NearChuckle-android-wip-edition/android/app/build/intermediates/incremental/debug-mergeJavaRes/zip-cache/waMN0guhlDNreztILWLzUGX6Uao= has been removed.
  Output property 'cacheDir' file /home/runner/work/NearChuckle-android-wip-edition/NearChuckle-android-wip-edition/android/app/build/intermediates/incremental/debug-mergeJavaRes/zip-cache/wLyYgr_BEoRbq7C1LtpOWpaXnAg= has been removed.
  Output property 'cacheDir' file /home/runner/work/NearChuckle-android-wip-edition/NearChuckle-android-wip-edition/android/app/build/intermediates/incremental/debug-mergeJavaRes/zip-cache/woOTo3wLT_Mrxa6fospYD49tYvQ= has been removed.
  Output property 'cacheDir' file /home/runner/work/NearChuckle-android-wip-edition/NearChuckle-android-wip-edition/android/app/build/intermediates/incremental/debug-mergeJavaRes/zip-cache/X02P0QU+XltNo7DuN1OtDiX3gL4= has been removed.
  Output property 'cacheDir' file /home/runner/work/NearChuckle-android-wip-edition/NearChuckle-android-wip-edition/android/app/build/intermediates/incremental/debug-mergeJavaRes/zip-cache/xaaBQRDrY3KxnFlwoSfTvaAdypI= has been removed.
  Output property 'cacheDir' file /home/runner/work/NearChuckle-android-wip-edition/NearChuckle-android-wip-edition/android/app/build/intermediates/incremental/debug-mergeJavaRes/zip-cache/xHFVVJ6cRImSL3ajNajytdfgjgk= has been removed.
  Output property 'cacheDir' file /home/runner/work/NearChuckle-android-wip-edition/NearChuckle-android-wip-edition/android/app/build/intermediates/incremental/debug-mergeJavaRes/zip-cache/Xo9uwzqRmhYAXMlbAPfQQwyVl+U= has been removed.
  Output property 'cacheDir' file /home/runner/work/NearChuckle-android-wip-edition/NearChuckle-android-wip-edition/android/app/build/intermediates/incremental/debug-mergeJavaRes/zip-cache/xu8rV1p7aDIgYX59nA0xrgsGD60= has been removed.
  Output property 'cacheDir' file /home/runner/work/NearChuckle-android-wip-edition/NearChuckle-android-wip-edition/android/app/build/intermediates/incremental/debug-mergeJavaRes/zip-cache/xZShw50cLwr7LStSu3vdS2o4V_w= has been removed.
  Output property 'cacheDir' file /home/runner/work/NearChuckle-android-wip-edition/NearChuckle-android-wip-edition/android/app/build/intermediates/incremental/debug-mergeJavaRes/zip-cache/y9M5a8xbFHQfXeTT+S2pOu+ZvWs= has been removed.
  Output property 'cacheDir' file /home/runner/work/NearChuckle-android-wip-edition/NearChuckle-android-wip-edition/android/app/build/intermediates/incremental/debug-mergeJavaRes/zip-cache/yKoJCZuotV32bufDOsZWBA48kaE= has been removed.
  Output property 'cacheDir' file /home/runner/work/NearChuckle-android-wip-edition/NearChuckle-android-wip-edition/android/app/build/intermediates/incremental/debug-mergeJavaRes/zip-cache/yXEDDHNwkFIMNCyKY4Ii+l1LNBw= has been removed.
  Output property 'cacheDir' file /home/runner/work/NearChuckle-android-wip-edition/NearChuckle-android-wip-edition/android/app/build/intermediates/incremental/debug-mergeJavaRes/zip-cache/z2g1p0L4AOmSBcts1TwAx6w4ai4= has been removed.
  Output property 'cacheDir' file /home/runner/work/NearChuckle-android-wip-edition/NearChuckle-android-wip-edition/android/app/build/intermediates/incremental/debug-mergeJavaRes/zip-cache/zzWa_tYOHHUfS3V1mCYdRwoTAdI= has been removed.
  Output property 'outputFile' file /home/runner/work/NearChuckle-android-wip-edition/NearChuckle-android-wip-edition/android/app/build/intermediates/merged_java_res/debug/mergeDebugJavaResource/base.jar has been removed.
The input changes require a full rebuild for incremental task ':app:mergeDebugJavaResource'.

> Task :app:configureCMakeRelease[arm64-v8a]
Caching disabled for task ':app:configureCMakeRelease[arm64-v8a]' because:
  Caching has been disabled for the task
Task ':app:configureCMakeRelease[arm64-v8a]' is not up-to-date because:
  Task.upToDateWhen is false.
C/C++: /home/runner/work/NearChuckle-android-wip-edition/NearChuckle-android-wip-edition/android/app/src/main/cpp/CMakeLists.txt profile|arm64-v8a : Start JSON generation. Platform version: 26 min SDK version: arm64-v8a
C/C++: /home/runner/work/NearChuckle-android-wip-edition/NearChuckle-android-wip-edition/android/app/src/main/cpp/CMakeLists.txt profile|arm64-v8a : rebuilding JSON /home/runner/work/NearChuckle-android-wip-edition/NearChuckle-android-wip-edition/android/app/.cxx/Release/34122i6w/arm64-v8a/android_gradle_build.json due to:
C/C++: /home/runner/work/NearChuckle-android-wip-edition/NearChuckle-android-wip-edition/android/app/src/main/cpp/CMakeLists.txt profile|arm64-v8a : - no fingerprint file, will remove stale configuration folder
C/C++: /home/runner/work/NearChuckle-android-wip-edition/NearChuckle-android-wip-edition/android/app/src/main/cpp/CMakeLists.txt profile|arm64-v8a : removing stale contents from '/home/runner/work/NearChuckle-android-wip-edition/NearChuckle-android-wip-edition/android/app/.cxx/Release/34122i6w/arm64-v8a'
C/C++: /home/runner/work/NearChuckle-android-wip-edition/NearChuckle-android-wip-edition/android/app/src/main/cpp/CMakeLists.txt profile|arm64-v8a : created folder '/home/runner/work/NearChuckle-android-wip-edition/NearChuckle-android-wip-edition/android/app/.cxx/Release/34122i6w/arm64-v8a'
C/C++: /home/runner/work/NearChuckle-android-wip-edition/NearChuckle-android-wip-edition/android/app/src/main/cpp/CMakeLists.txt profile|arm64-v8a : executing cmake /usr/local/lib/android/sdk/cmake/3.22.1/bin/cmake \
  -H/home/runner/work/NearChuckle-android-wip-edition/NearChuckle-android-wip-edition/android/app/src/main/cpp \
  -DCMAKE_SYSTEM_NAME=Android \
  -DCMAKE_EXPORT_COMPILE_COMMANDS=ON \
  -DCMAKE_SYSTEM_VERSION=26 \
  -DANDROID_PLATFORM=android-26 \
  -DANDROID_ABI=arm64-v8a \
  -DCMAKE_ANDROID_ARCH_ABI=arm64-v8a \
  -DANDROID_NDK=/usr/local/lib/android/sdk/ndk/26.1.10909125 \
  -DCMAKE_ANDROID_NDK=/usr/local/lib/android/sdk/ndk/26.1.10909125 \
  -DCMAKE_TOOLCHAIN_FILE=/usr/local/lib/android/sdk/ndk/26.1.10909125/build/cmake/android.toolchain.cmake \
  -DCMAKE_MAKE_PROGRAM=/usr/local/lib/android/sdk/cmake/3.22.1/bin/ninja \
  "-DCMAKE_CXX_FLAGS=-std=c++17 -frtti -fexceptions" \
  -DCMAKE_LIBRARY_OUTPUT_DIRECTORY=/home/runner/work/NearChuckle-android-wip-edition/NearChuckle-android-wip-edition/android/app/build/intermediates/cxx/Release/34122i6w/obj/arm64-v8a \
  -DCMAKE_RUNTIME_OUTPUT_DIRECTORY=/home/runner/work/NearChuckle-android-wip-edition/NearChuckle-android-wip-edition/android/app/build/intermediates/cxx/Release/34122i6w/obj/arm64-v8a \
  -B/home/runner/work/NearChuckle-android-wip-edition/NearChuckle-android-wip-edition/android/app/.cxx/Release/34122i6w/arm64-v8a \
  -GNinja \
  -DANDROID_STL=c++_shared \
  -DANDROID_SUPPORT_FLEXIBLE_PAGE_SIZES=ON \
  -DUSE_ANGLE=ON \
  -DANGLE_USE_VULKAN=ON \
  -DDISABLE_CG=ON \
  -DANDROID_PERFORMANCE_MODE=ON \
  -DCMAKE_BUILD_TYPE=Release

C/C++: /home/runner/work/NearChuckle-android-wip-edition/NearChuckle-android-wip-edition/android/app/src/main/cpp/CMakeLists.txt profile|arm64-v8a : /usr/local/lib/android/sdk/cmake/3.22.1/bin/cmake \
  -H/home/runner/work/NearChuckle-android-wip-edition/NearChuckle-android-wip-edition/android/app/src/main/cpp \
  -DCMAKE_SYSTEM_NAME=Android \
  -DCMAKE_EXPORT_COMPILE_COMMANDS=ON \
  -DCMAKE_SYSTEM_VERSION=26 \
  -DANDROID_PLATFORM=android-26 \
  -DANDROID_ABI=arm64-v8a \
  -DCMAKE_ANDROID_ARCH_ABI=arm64-v8a \
  -DANDROID_NDK=/usr/local/lib/android/sdk/ndk/26.1.10909125 \
  -DCMAKE_ANDROID_NDK=/usr/local/lib/android/sdk/ndk/26.1.10909125 \
  -DCMAKE_TOOLCHAIN_FILE=/usr/local/lib/android/sdk/ndk/26.1.10909125/build/cmake/android.toolchain.cmake \
  -DCMAKE_MAKE_PROGRAM=/usr/local/lib/android/sdk/cmake/3.22.1/bin/ninja \
  "-DCMAKE_CXX_FLAGS=-std=c++17 -frtti -fexceptions" \
  -DCMAKE_LIBRARY_OUTPUT_DIRECTORY=/home/runner/work/NearChuckle-android-wip-edition/NearChuckle-android-wip-edition/android/app/build/intermediates/cxx/Release/34122i6w/obj/arm64-v8a \
  -DCMAKE_RUNTIME_OUTPUT_DIRECTORY=/home/runner/work/NearChuckle-android-wip-edition/NearChuckle-android-wip-edition/android/app/build/intermediates/cxx/Release/34122i6w/obj/arm64-v8a \
  -B/home/runner/work/NearChuckle-android-wip-edition/NearChuckle-android-wip-edition/android/app/.cxx/Release/34122i6w/arm64-v8a \
  -GNinja \
  -DANDROID_STL=c++_shared \
  -DANDROID_SUPPORT_FLEXIBLE_PAGE_SIZES=ON \
  -DUSE_ANGLE=ON \
  -DANGLE_USE_VULKAN=ON \
  -DDISABLE_CG=ON \
  -DANDROID_PERFORMANCE_MODE=ON \
  -DCMAKE_BUILD_TYPE=Release

Starting process 'command '/usr/local/lib/android/sdk/cmake/3.22.1/bin/cmake''. Working directory: /home/runner/work/NearChuckle-android-wip-edition/NearChuckle-android-wip-edition/android/app Command: /usr/local/lib/android/sdk/cmake/3.22.1/bin/cmake -H/home/runner/work/NearChuckle-android-wip-edition/NearChuckle-android-wip-edition/android/app/src/main/cpp -DCMAKE_SYSTEM_NAME=Android -DCMAKE_EXPORT_COMPILE_COMMANDS=ON -DCMAKE_SYSTEM_VERSION=26 -DANDROID_PLATFORM=android-26 -DANDROID_ABI=arm64-v8a -DCMAKE_ANDROID_ARCH_ABI=arm64-v8a -DANDROID_NDK=/usr/local/lib/android/sdk/ndk/26.1.10909125 -DCMAKE_ANDROID_NDK=/usr/local/lib/android/sdk/ndk/26.1.10909125 -DCMAKE_TOOLCHAIN_FILE=/usr/local/lib/android/sdk/ndk/26.1.10909125/build/cmake/android.toolchain.cmake -DCMAKE_MAKE_PROGRAM=/usr/local/lib/android/sdk/cmake/3.22.1/bin/ninja -DCMAKE_CXX_FLAGS=-std=c++17 -frtti -fexceptions -DCMAKE_LIBRARY_OUTPUT_DIRECTORY=/home/runner/work/NearChuckle-android-wip-edition/NearChuckle-android-wip-edition/android/app/build/intermediates/cxx/Release/34122i6w/obj/arm64-v8a -DCMAKE_RUNTIME_OUTPUT_DIRECTORY=/home/runner/work/NearChuckle-android-wip-edition/NearChuckle-android-wip-edition/android/app/build/intermediates/cxx/Release/34122i6w/obj/arm64-v8a -B/home/runner/work/NearChuckle-android-wip-edition/NearChuckle-android-wip-edition/android/app/.cxx/Release/34122i6w/arm64-v8a -GNinja -DANDROID_STL=c++_shared -DANDROID_SUPPORT_FLEXIBLE_PAGE_SIZES=ON -DUSE_ANGLE=ON -DANGLE_USE_VULKAN=ON -DDISABLE_CG=ON -DANDROID_PERFORMANCE_MODE=ON -DCMAKE_BUILD_TYPE=Release
Successfully started process 'command '/usr/local/lib/android/sdk/cmake/3.22.1/bin/cmake''
C/C++: CMake Warning:
C/C++:   Manually-specified variables were not used by the project:
C/C++:     ANDROID_PERFORMANCE_MODE
C/C++:     ANDROID_SUPPORT_FLEXIBLE_PAGE_SIZES
C/C++:     DISABLE_CG
C/C++: /home/runner/work/NearChuckle-android-wip-edition/NearChuckle-android-wip-edition/android/app/src/main/cpp/CMakeLists.txt profile|arm64-v8a : Received process result: 0
C/C++: /home/runner/work/NearChuckle-android-wip-edition/NearChuckle-android-wip-edition/android/app/src/main/cpp/CMakeLists.txt profile|arm64-v8a : Exiting generation of /home/runner/work/NearChuckle-android-wip-edition/NearChuckle-android-wip-edition/android/app/.cxx/Release/34122i6w/arm64-v8a/compile_commands.json.bin normally
C/C++: /home/runner/work/NearChuckle-android-wip-edition/NearChuckle-android-wip-edition/android/app/src/main/cpp/CMakeLists.txt profile|arm64-v8a : done executing cmake
C/C++: /home/runner/work/NearChuckle-android-wip-edition/NearChuckle-android-wip-edition/android/app/src/main/cpp/CMakeLists.txt profile|arm64-v8a : hard linked /home/runner/work/NearChuckle-android-wip-edition/NearChuckle-android-wip-edition/android/app/.cxx/Release/34122i6w/arm64-v8a/compile_commands.json to /home/runner/work/NearChuckle-android-wip-edition/NearChuckle-android-wip-edition/android/app/.cxx/tools/profile/arm64-v8a/compile_commands.json
C/C++: /home/runner/work/NearChuckle-android-wip-edition/NearChuckle-android-wip-edition/android/app/src/main/cpp/CMakeLists.txt profile|arm64-v8a : JSON generation completed without problems
C/C++: /home/runner/work/NearChuckle-android-wip-edition/NearChuckle-android-wip-edition/android/app/src/main/cpp/CMakeLists.txt profile|arm64-v8a : Writing build model to /home/runner/work/NearChuckle-android-wip-edition/NearChuckle-android-wip-edition/android/app/build/intermediates/cxx/Release/34122i6w/logs/arm64-v8a/build_model.json
Resolve mutations for :app:mergeExtDexDebug (Thread[Execution worker Thread 2,5,main]) started.
:app:mergeExtDexDebug (Thread[Execution worker Thread 2,5,main]) started.

> Task :app:mergeExtDexDebug FROM-CACHE
Transforming viewbinding-8.6.0.aar (androidx.databinding:viewbinding:8.6.0) with AarToClassTransform
Transforming viewbinding-8.6.0.aar (androidx.databinding:viewbinding:8.6.0) with IdentityTransform
Transforming viewbinding-8.6.0.aar (androidx.databinding:viewbinding:8.6.0) with DexingNoClasspathTransform
Transforming viewbinding-8.6.0.aar (androidx.databinding:viewbinding:8.6.0) with DexingOutputSplitTransform
Transforming material-1.11.0.aar (com.google.android.material:material:1.11.0) with AarToClassTransform
Transforming material-1.11.0.aar (com.google.android.material:material:1.11.0) with IdentityTransform
Transforming material-1.11.0.aar (com.google.android.material:material:1.11.0) with DexingNoClasspathTransform
Transforming material-1.11.0.aar (com.google.android.material:material:1.11.0) with DexingOutputSplitTransform
Transforming constraintlayout-2.1.4.aar (androidx.constraintlayout:constraintlayout:2.1.4) with AarToClassTransform
Transforming constraintlayout-2.1.4.aar (androidx.constraintlayout:constraintlayout:2.1.4) with IdentityTransform
Transforming constraintlayout-2.1.4.aar (androidx.constraintlayout:constraintlayout:2.1.4) with DexingNoClasspathTransform
Transforming constraintlayout-2.1.4.aar (androidx.constraintlayout:constraintlayout:2.1.4) with DexingOutputSplitTransform
Transforming preference-1.2.1.aar (androidx.preference:preference:1.2.1) with AarToClassTransform
Transforming preference-1.2.1.aar (androidx.preference:preference:1.2.1) with IdentityTransform
Transforming preference-1.2.1.aar (androidx.preference:preference:1.2.1) with DexingNoClasspathTransform
Transforming preference-1.2.1.aar (androidx.preference:preference:1.2.1) with DexingOutputSplitTransform
Transforming appcompat-resources-1.6.1.aar (androidx.appcompat:appcompat-resources:1.6.1) with AarToClassTransform
Transforming appcompat-resources-1.6.1.aar (androidx.appcompat:appcompat-resources:1.6.1) with IdentityTransform
Transforming appcompat-resources-1.6.1.aar (androidx.appcompat:appcompat-resources:1.6.1) with DexingNoClasspathTransform
Transforming appcompat-resources-1.6.1.aar (androidx.appcompat:appcompat-resources:1.6.1) with DexingOutputSplitTransform
Transforming appcompat-1.6.1.aar (androidx.appcompat:appcompat:1.6.1) with AarToClassTransform
Transforming appcompat-1.6.1.aar (androidx.appcompat:appcompat:1.6.1) with IdentityTransform
Transforming appcompat-1.6.1.aar (androidx.appcompat:appcompat:1.6.1) with DexingNoClasspathTransform
Transforming appcompat-1.6.1.aar (androidx.appcompat:appcompat:1.6.1) with DexingOutputSplitTransform
Transforming dynamicanimation-1.0.0.aar (androidx.dynamicanimation:dynamicanimation:1.0.0) with AarToClassTransform
Transforming dynamicanimation-1.0.0.aar (androidx.dynamicanimation:dynamicanimation:1.0.0) with IdentityTransform
Transforming dynamicanimation-1.0.0.aar (androidx.dynamicanimation:dynamicanimation:1.0.0) with DexingNoClasspathTransform
Transforming dynamicanimation-1.0.0.aar (androidx.dynamicanimation:dynamicanimation:1.0.0) with DexingOutputSplitTransform
Transforming legacy-support-core-utils-1.0.0.aar (androidx.legacy:legacy-support-core-utils:1.0.0) with AarToClassTransform
Transforming legacy-support-core-utils-1.0.0.aar (androidx.legacy:legacy-support-core-utils:1.0.0) with IdentityTransform
Transforming legacy-support-core-utils-1.0.0.aar (androidx.legacy:legacy-support-core-utils:1.0.0) with DexingNoClasspathTransform
Transforming legacy-support-core-utils-1.0.0.aar (androidx.legacy:legacy-support-core-utils:1.0.0) with DexingOutputSplitTransform
Transforming documentfile-1.0.1.aar (androidx.documentfile:documentfile:1.0.1) with AarToClassTransform
Transforming documentfile-1.0.1.aar (androidx.documentfile:documentfile:1.0.1) with IdentityTransform
Transforming documentfile-1.0.1.aar (androidx.documentfile:documentfile:1.0.1) with DexingNoClasspathTransform
Transforming documentfile-1.0.1.aar (androidx.documentfile:documentfile:1.0.1) with DexingOutputSplitTransform
Transforming documentfile-1.0.1.aar (androidx.documentfile:documentfile:1.0.1) with AarToClassTransform
Transforming documentfile-1.0.1.aar (androidx.documentfile:documentfile:1.0.1) with IdentityTransform
Transforming documentfile-1.0.1.aar (androidx.documentfile:documentfile:1.0.1) with DexingNoClasspathTransform
Transforming documentfile-1.0.1.aar (androidx.documentfile:documentfile:1.0.1) with DexingOutputSplitTransform
Transforming emoji2-views-helper-1.2.0.aar (androidx.emoji2:emoji2-views-helper:1.2.0) with AarToClassTransform
Transforming emoji2-views-helper-1.2.0.aar (androidx.emoji2:emoji2-views-helper:1.2.0) with IdentityTransform
Transforming emoji2-views-helper-1.2.0.aar (androidx.emoji2:emoji2-views-helper:1.2.0) with DexingNoClasspathTransform
Transforming emoji2-views-helper-1.2.0.aar (androidx.emoji2:emoji2-views-helper:1.2.0) with DexingOutputSplitTransform
Transforming emoji2-1.2.0.aar (androidx.emoji2:emoji2:1.2.0) with AarToClassTransform
Transforming emoji2-1.2.0.aar (androidx.emoji2:emoji2:1.2.0) with IdentityTransform
Transforming emoji2-1.2.0.aar (androidx.emoji2:emoji2:1.2.0) with DexingNoClasspathTransform
Transforming emoji2-1.2.0.aar (androidx.emoji2:emoji2:1.2.0) with DexingOutputSplitTransform
Transforming viewpager2-1.0.0.aar (androidx.viewpager2:viewpager2:1.0.0) with AarToClassTransform
Transforming viewpager2-1.0.0.aar (androidx.viewpager2:viewpager2:1.0.0) with IdentityTransform
Transforming viewpager2-1.0.0.aar (androidx.viewpager2:viewpager2:1.0.0) with DexingNoClasspathTransform
Transforming viewpager2-1.0.0.aar (androidx.viewpager2:viewpager2:1.0.0) with DexingOutputSplitTransform
Transforming fragment-ktx-1.3.6.aar (androidx.fragment:fragment-ktx:1.3.6) with AarToClassTransform
Transforming fragment-ktx-1.3.6.aar (androidx.fragment:fragment-ktx:1.3.6) with IdentityTransform
Transforming fragment-ktx-1.3.6.aar (androidx.fragment:fragment-ktx:1.3.6) with DexingNoClasspathTransform
Transforming fragment-ktx-1.3.6.aar (androidx.fragment:fragment-ktx:1.3.6) with DexingOutputSplitTransform
Transforming fragment-1.3.6.aar (androidx.fragment:fragment:1.3.6) with AarToClassTransform
Transforming fragment-1.3.6.aar (androidx.fragment:fragment:1.3.6) with IdentityTransform
Transforming fragment-1.3.6.aar (androidx.fragment:fragment:1.3.6) with DexingNoClasspathTransform
Transforming fragment-1.3.6.aar (androidx.fragment:fragment:1.3.6) with DexingOutputSplitTransform
Transforming fragment-1.3.6.aar (androidx.fragment:fragment:1.3.6) with AarToClassTransform
Transforming fragment-1.3.6.aar (androidx.fragment:fragment:1.3.6) with IdentityTransform
Transforming fragment-1.3.6.aar (androidx.fragment:fragment:1.3.6) with DexingNoClasspathTransform
Transforming fragment-1.3.6.aar (androidx.fragment:fragment:1.3.6) with DexingOutputSplitTransform
Transforming activity-ktx-1.8.0.aar (androidx.activity:activity-ktx:1.8.0) with AarToClassTransform
Transforming activity-ktx-1.8.0.aar (androidx.activity:activity-ktx:1.8.0) with IdentityTransform
Transforming activity-ktx-1.8.0.aar (androidx.activity:activity-ktx:1.8.0) with DexingNoClasspathTransform
Transforming activity-ktx-1.8.0.aar (androidx.activity:activity-ktx:1.8.0) with DexingOutputSplitTransform
Transforming activity-1.8.0.aar (androidx.activity:activity:1.8.0) with AarToClassTransform
Transforming activity-1.8.0.aar (androidx.activity:activity:1.8.0) with IdentityTransform
Transforming activity-1.8.0.aar (androidx.activity:activity:1.8.0) with DexingNoClasspathTransform
Transforming activity-1.8.0.aar (androidx.activity:activity:1.8.0) with DexingOutputSplitTransform
Transforming drawerlayout-1.1.1.aar (androidx.drawerlayout:drawerlayout:1.1.1) with AarToClassTransform
Transforming drawerlayout-1.1.1.aar (androidx.drawerlayout:drawerlayout:1.1.1) with IdentityTransform
Transforming drawerlayout-1.1.1.aar (androidx.drawerlayout:drawerlayout:1.1.1) with DexingNoClasspathTransform
Transforming drawerlayout-1.1.1.aar (androidx.drawerlayout:drawerlayout:1.1.1) with DexingOutputSplitTransform
Transforming coordinatorlayout-1.1.0.aar (androidx.coordinatorlayout:coordinatorlayout:1.1.0) with AarToClassTransform
Transforming coordinatorlayout-1.1.0.aar (androidx.coordinatorlayout:coordinatorlayout:1.1.0) with IdentityTransform
Transforming coordinatorlayout-1.1.0.aar (androidx.coordinatorlayout:coordinatorlayout:1.1.0) with DexingNoClasspathTransform
Transforming coordinatorlayout-1.1.0.aar (androidx.coordinatorlayout:coordinatorlayout:1.1.0) with DexingOutputSplitTransform
Transforming vectordrawable-animated-1.1.0.aar (androidx.vectordrawable:vectordrawable-animated:1.1.0) with AarToClassTransform
Transforming vectordrawable-animated-1.1.0.aar (androidx.vectordrawable:vectordrawable-animated:1.1.0) with IdentityTransform
Transforming vectordrawable-animated-1.1.0.aar (androidx.vectordrawable:vectordrawable-animated:1.1.0) with DexingNoClasspathTransform
Transforming vectordrawable-animated-1.1.0.aar (androidx.vectordrawable:vectordrawable-animated:1.1.0) with DexingOutputSplitTransform
Transforming vectordrawable-1.1.0.aar (androidx.vectordrawable:vectordrawable:1.1.0) with AarToClassTransform
Transforming vectordrawable-1.1.0.aar (androidx.vectordrawable:vectordrawable:1.1.0) with IdentityTransform
Transforming vectordrawable-1.1.0.aar (androidx.vectordrawable:vectordrawable:1.1.0) with DexingNoClasspathTransform
Transforming vectordrawable-1.1.0.aar (androidx.vectordrawable:vectordrawable:1.1.0) with DexingOutputSplitTransform
Transforming vectordrawable-1.1.0.aar (androidx.vectordrawable:vectordrawable:1.1.0) with AarToClassTransform
Transforming vectordrawable-1.1.0.aar (androidx.vectordrawable:vectordrawable:1.1.0) with IdentityTransform
Transforming vectordrawable-1.1.0.aar (androidx.vectordrawable:vectordrawable:1.1.0) with DexingNoClasspathTransform
Transforming vectordrawable-1.1.0.aar (androidx.vectordrawable:vectordrawable:1.1.0) with DexingOutputSplitTransform
Transforming slidingpanelayout-1.2.0.aar (androidx.slidingpanelayout:slidingpanelayout:1.2.0) with AarToClassTransform
Transforming slidingpanelayout-1.2.0.aar (androidx.slidingpanelayout:slidingpanelayout:1.2.0) with IdentityTransform
Transforming slidingpanelayout-1.2.0.aar (androidx.slidingpanelayout:slidingpanelayout:1.2.0) with DexingNoClasspathTransform
Transforming slidingpanelayout-1.2.0.aar (androidx.slidingpanelayout:slidingpanelayout:1.2.0) with DexingOutputSplitTransform
Transforming loader-1.0.0.aar (androidx.loader:loader:1.0.0) with AarToClassTransform
Transforming loader-1.0.0.aar (androidx.loader:loader:1.0.0) with IdentityTransform
Transforming loader-1.0.0.aar (androidx.loader:loader:1.0.0) with DexingNoClasspathTransform
Transforming loader-1.0.0.aar (androidx.loader:loader:1.0.0) with DexingOutputSplitTransform
Transforming loader-1.0.0.aar (androidx.loader:loader:1.0.0) with AarToClassTransform
Transforming loader-1.0.0.aar (androidx.loader:loader:1.0.0) with IdentityTransform
Transforming loader-1.0.0.aar (androidx.loader:loader:1.0.0) with DexingNoClasspathTransform
Transforming loader-1.0.0.aar (androidx.loader:loader:1.0.0) with DexingOutputSplitTransform
Transforming savedstate-ktx-1.2.1.aar (androidx.savedstate:savedstate-ktx:1.2.1) with AarToClassTransform
Transforming savedstate-ktx-1.2.1.aar (androidx.savedstate:savedstate-ktx:1.2.1) with IdentityTransform
Transforming savedstate-ktx-1.2.1.aar (androidx.savedstate:savedstate-ktx:1.2.1) with DexingNoClasspathTransform
Transforming savedstate-ktx-1.2.1.aar (androidx.savedstate:savedstate-ktx:1.2.1) with DexingOutputSplitTransform
Transforming savedstate-1.2.1.aar (androidx.savedstate:savedstate:1.2.1) with AarToClassTransform
Transforming savedstate-1.2.1.aar (androidx.savedstate:savedstate:1.2.1) with IdentityTransform
Transforming savedstate-1.2.1.aar (androidx.savedstate:savedstate:1.2.1) with DexingNoClasspathTransform
Transforming savedstate-1.2.1.aar (androidx.savedstate:savedstate:1.2.1) with DexingOutputSplitTransform
Transforming lifecycle-runtime-ktx-2.6.1.aar (androidx.lifecycle:lifecycle-runtime-ktx:2.6.1) with AarToClassTransform
Transforming lifecycle-runtime-ktx-2.6.1.aar (androidx.lifecycle:lifecycle-runtime-ktx:2.6.1) with IdentityTransform
Transforming lifecycle-runtime-ktx-2.6.1.aar (androidx.lifecycle:lifecycle-runtime-ktx:2.6.1) with DexingNoClasspathTransform
Transforming lifecycle-runtime-ktx-2.6.1.aar (androidx.lifecycle:lifecycle-runtime-ktx:2.6.1) with DexingOutputSplitTransform
Transforming lifecycle-viewmodel-ktx-2.6.1.aar (androidx.lifecycle:lifecycle-viewmodel-ktx:2.6.1) with AarToClassTransform
Transforming lifecycle-viewmodel-ktx-2.6.1.aar (androidx.lifecycle:lifecycle-viewmodel-ktx:2.6.1) with IdentityTransform
Transforming lifecycle-viewmodel-ktx-2.6.1.aar (androidx.lifecycle:lifecycle-viewmodel-ktx:2.6.1) with DexingNoClasspathTransform
Transforming lifecycle-viewmodel-ktx-2.6.1.aar (androidx.lifecycle:lifecycle-viewmodel-ktx:2.6.1) with DexingOutputSplitTransform
Transforming lifecycle-process-2.6.1.aar (androidx.lifecycle:lifecycle-process:2.6.1) with AarToClassTransform
Transforming lifecycle-process-2.6.1.aar (androidx.lifecycle:lifecycle-process:2.6.1) with IdentityTransform
Transforming lifecycle-process-2.6.1.aar (androidx.lifecycle:lifecycle-process:2.6.1) with DexingNoClasspathTransform
Transforming lifecycle-process-2.6.1.aar (androidx.lifecycle:lifecycle-process:2.6.1) with DexingOutputSplitTransform
Transforming lifecycle-livedata-core-ktx-2.6.1.aar (androidx.lifecycle:lifecycle-livedata-core-ktx:2.6.1) with AarToClassTransform
Transforming lifecycle-livedata-core-ktx-2.6.1.aar (androidx.lifecycle:lifecycle-livedata-core-ktx:2.6.1) with IdentityTransform
Transforming lifecycle-livedata-core-ktx-2.6.1.aar (androidx.lifecycle:lifecycle-livedata-core-ktx:2.6.1) with DexingNoClasspathTransform
Transforming lifecycle-livedata-core-ktx-2.6.1.aar (androidx.lifecycle:lifecycle-livedata-core-ktx:2.6.1) with DexingOutputSplitTransform
Transforming lifecycle-livedata-core-2.6.1.aar (androidx.lifecycle:lifecycle-livedata-core:2.6.1) with AarToClassTransform
Transforming lifecycle-livedata-core-2.6.1.aar (androidx.lifecycle:lifecycle-livedata-core:2.6.1) with IdentityTransform
Transforming lifecycle-livedata-core-2.6.1.aar (androidx.lifecycle:lifecycle-livedata-core:2.6.1) with DexingNoClasspathTransform
Transforming lifecycle-livedata-core-2.6.1.aar (androidx.lifecycle:lifecycle-livedata-core:2.6.1) with DexingOutputSplitTransform
Transforming lifecycle-livedata-2.6.1.aar (androidx.lifecycle:lifecycle-livedata:2.6.1) with AarToClassTransform
Transforming lifecycle-livedata-2.6.1.aar (androidx.lifecycle:lifecycle-livedata:2.6.1) with IdentityTransform
Transforming lifecycle-livedata-2.6.1.aar (androidx.lifecycle:lifecycle-livedata:2.6.1) with DexingNoClasspathTransform
Transforming lifecycle-livedata-2.6.1.aar (androidx.lifecycle:lifecycle-livedata:2.6.1) with DexingOutputSplitTransform
Transforming lifecycle-common-2.6.1.jar (androidx.lifecycle:lifecycle-common:2.6.1) with IdentityTransform
Transforming lifecycle-common-2.6.1.jar (androidx.lifecycle:lifecycle-common:2.6.1) with IdentityTransform
Transforming lifecycle-common-2.6.1.jar (androidx.lifecycle:lifecycle-common:2.6.1) with DexingNoClasspathTransform
Transforming lifecycle-common-2.6.1.jar (androidx.lifecycle:lifecycle-common:2.6.1) with DexingOutputSplitTransform
Transforming lifecycle-viewmodel-2.6.1.aar (androidx.lifecycle:lifecycle-viewmodel:2.6.1) with AarToClassTransform
Transforming lifecycle-viewmodel-2.6.1.aar (androidx.lifecycle:lifecycle-viewmodel:2.6.1) with IdentityTransform
Transforming lifecycle-viewmodel-2.6.1.aar (androidx.lifecycle:lifecycle-viewmodel:2.6.1) with DexingNoClasspathTransform
Transforming lifecycle-viewmodel-2.6.1.aar (androidx.lifecycle:lifecycle-viewmodel:2.6.1) with DexingOutputSplitTransform
Transforming lifecycle-viewmodel-2.6.1.aar (androidx.lifecycle:lifecycle-viewmodel:2.6.1) with AarToClassTransform
Transforming lifecycle-viewmodel-2.6.1.aar (androidx.lifecycle:lifecycle-viewmodel:2.6.1) with IdentityTransform
Transforming lifecycle-viewmodel-2.6.1.aar (androidx.lifecycle:lifecycle-viewmodel:2.6.1) with DexingNoClasspathTransform
Transforming lifecycle-viewmodel-2.6.1.aar (androidx.lifecycle:lifecycle-viewmodel:2.6.1) with DexingOutputSplitTransform
Transforming lifecycle-runtime-2.6.1.aar (androidx.lifecycle:lifecycle-runtime:2.6.1) with AarToClassTransform
Transforming lifecycle-runtime-2.6.1.aar (androidx.lifecycle:lifecycle-runtime:2.6.1) with IdentityTransform
Transforming lifecycle-runtime-2.6.1.aar (androidx.lifecycle:lifecycle-runtime:2.6.1) with DexingNoClasspathTransform
Transforming lifecycle-runtime-2.6.1.aar (androidx.lifecycle:lifecycle-runtime:2.6.1) with DexingOutputSplitTransform
Transforming lifecycle-viewmodel-savedstate-2.6.1.aar (androidx.lifecycle:lifecycle-viewmodel-savedstate:2.6.1) with AarToClassTransform
Transforming lifecycle-viewmodel-savedstate-2.6.1.aar (androidx.lifecycle:lifecycle-viewmodel-savedstate:2.6.1) with IdentityTransform
Transforming lifecycle-viewmodel-savedstate-2.6.1.aar (androidx.lifecycle:lifecycle-viewmodel-savedstate:2.6.1) with DexingNoClasspathTransform
Transforming lifecycle-viewmodel-savedstate-2.6.1.aar (androidx.lifecycle:lifecycle-viewmodel-savedstate:2.6.1) with DexingOutputSplitTransform
Transforming core-ktx-1.9.0.aar (androidx.core:core-ktx:1.9.0) with AarToClassTransform
Transforming core-ktx-1.9.0.aar (androidx.core:core-ktx:1.9.0) with IdentityTransform
Transforming core-ktx-1.9.0.aar (androidx.core:core-ktx:1.9.0) with DexingNoClasspathTransform
Transforming core-ktx-1.9.0.aar (androidx.core:core-ktx:1.9.0) with DexingOutputSplitTransform
Transforming viewpager-1.0.0.aar (androidx.viewpager:viewpager:1.0.0) with AarToClassTransform
Transforming viewpager-1.0.0.aar (androidx.viewpager:viewpager:1.0.0) with IdentityTransform
Transforming viewpager-1.0.0.aar (androidx.viewpager:viewpager:1.0.0) with DexingNoClasspathTransform
Transforming viewpager-1.0.0.aar (androidx.viewpager:viewpager:1.0.0) with DexingOutputSplitTransform
Transforming recyclerview-1.1.0.aar (androidx.recyclerview:recyclerview:1.1.0) with AarToClassTransform
Transforming recyclerview-1.1.0.aar (androidx.recyclerview:recyclerview:1.1.0) with IdentityTransform
Transforming recyclerview-1.1.0.aar (androidx.recyclerview:recyclerview:1.1.0) with DexingNoClasspathTransform
Transforming recyclerview-1.1.0.aar (androidx.recyclerview:recyclerview:1.1.0) with DexingOutputSplitTransform
Transforming recyclerview-1.1.0.aar (androidx.recyclerview:recyclerview:1.1.0) with AarToClassTransform
Transforming recyclerview-1.1.0.aar (androidx.recyclerview:recyclerview:1.1.0) with IdentityTransform
Transforming recyclerview-1.1.0.aar (androidx.recyclerview:recyclerview:1.1.0) with DexingNoClasspathTransform
Transforming recyclerview-1.1.0.aar (androidx.recyclerview:recyclerview:1.1.0) with DexingOutputSplitTransform
Transforming customview-1.1.0.aar (androidx.customview:customview:1.1.0) with AarToClassTransform
Transforming customview-1.1.0.aar (androidx.customview:customview:1.1.0) with IdentityTransform
Transforming customview-1.1.0.aar (androidx.customview:customview:1.1.0) with DexingNoClasspathTransform
Transforming customview-1.1.0.aar (androidx.customview:customview:1.1.0) with DexingOutputSplitTransform
Transforming customview-1.1.0.aar (androidx.customview:customview:1.1.0) with AarToClassTransform
Transforming customview-1.1.0.aar (androidx.customview:customview:1.1.0) with IdentityTransform
Transforming customview-1.1.0.aar (androidx.customview:customview:1.1.0) with DexingNoClasspathTransform
Transforming customview-1.1.0.aar (androidx.customview:customview:1.1.0) with DexingOutputSplitTransform
Transforming customview-1.1.0.aar (androidx.customview:customview:1.1.0) with AarToClassTransform
Transforming customview-1.1.0.aar (androidx.customview:customview:1.1.0) with IdentityTransform
Transforming customview-1.1.0.aar (androidx.customview:customview:1.1.0) with DexingNoClasspathTransform
Transforming customview-1.1.0.aar (androidx.customview:customview:1.1.0) with DexingOutputSplitTransform
Transforming customview-1.1.0.aar (androidx.customview:customview:1.1.0) with AarToClassTransform
Transforming customview-1.1.0.aar (androidx.customview:customview:1.1.0) with IdentityTransform
Transforming customview-1.1.0.aar (androidx.customview:customview:1.1.0) with DexingNoClasspathTransform
Transforming customview-1.1.0.aar (androidx.customview:customview:1.1.0) with DexingOutputSplitTransform
Transforming customview-1.1.0.aar (androidx.customview:customview:1.1.0) with AarToClassTransform
Transforming customview-1.1.0.aar (androidx.customview:customview:1.1.0) with IdentityTransform
Transforming customview-1.1.0.aar (androidx.customview:customview:1.1.0) with DexingNoClasspathTransform
Transforming customview-1.1.0.aar (androidx.customview:customview:1.1.0) with DexingOutputSplitTransform
Transforming transition-1.4.1.aar (androidx.transition:transition:1.4.1) with AarToClassTransform
Transforming transition-1.4.1.aar (androidx.transition:transition:1.4.1) with IdentityTransform
Transforming transition-1.4.1.aar (androidx.transition:transition:1.4.1) with DexingNoClasspathTransform
Transforming transition-1.4.1.aar (androidx.transition:transition:1.4.1) with DexingOutputSplitTransform
Transforming window-1.0.0.aar (androidx.window:window:1.0.0) with AarToClassTransform
Transforming window-1.0.0.aar (androidx.window:window:1.0.0) with IdentityTransform
Transforming window-1.0.0.aar (androidx.window:window:1.0.0) with DexingNoClasspathTransform
Transforming window-1.0.0.aar (androidx.window:window:1.0.0) with DexingOutputSplitTransform
Transforming core-1.9.0.aar (androidx.core:core:1.9.0) with AarToClassTransform
Transforming core-1.9.0.aar (androidx.core:core:1.9.0) with IdentityTransform
Transforming core-1.9.0.aar (androidx.core:core:1.9.0) with DexingNoClasspathTransform
Transforming core-1.9.0.aar (androidx.core:core:1.9.0) with DexingOutputSplitTransform
Transforming core-1.9.0.aar (androidx.core:core:1.9.0) with AarToClassTransform
Transforming core-1.9.0.aar (androidx.core:core:1.9.0) with IdentityTransform
Transforming core-1.9.0.aar (androidx.core:core:1.9.0) with DexingNoClasspathTransform
Transforming core-1.9.0.aar (androidx.core:core:1.9.0) with DexingOutputSplitTransform
Transforming core-1.9.0.aar (androidx.core:core:1.9.0) with AarToClassTransform
Transforming core-1.9.0.aar (androidx.core:core:1.9.0) with IdentityTransform
Transforming core-1.9.0.aar (androidx.core:core:1.9.0) with DexingNoClasspathTransform
Transforming core-1.9.0.aar (androidx.core:core:1.9.0) with DexingOutputSplitTransform
Transforming core-1.9.0.aar (androidx.core:core:1.9.0) with AarToClassTransform
Transforming core-1.9.0.aar (androidx.core:core:1.9.0) with IdentityTransform
Transforming core-1.9.0.aar (androidx.core:core:1.9.0) with DexingNoClasspathTransform
Transforming core-1.9.0.aar (androidx.core:core:1.9.0) with DexingOutputSplitTransform
Transforming core-1.9.0.aar (androidx.core:core:1.9.0) with AarToClassTransform
Transforming core-1.9.0.aar (androidx.core:core:1.9.0) with IdentityTransform
Transforming core-1.9.0.aar (androidx.core:core:1.9.0) with DexingNoClasspathTransform
Transforming core-1.9.0.aar (androidx.core:core:1.9.0) with DexingOutputSplitTransform
Transforming core-1.9.0.aar (androidx.core:core:1.9.0) with AarToClassTransform
Transforming core-1.9.0.aar (androidx.core:core:1.9.0) with IdentityTransform
Transforming core-1.9.0.aar (androidx.core:core:1.9.0) with DexingNoClasspathTransform
Transforming core-1.9.0.aar (androidx.core:core:1.9.0) with DexingOutputSplitTransform
Transforming core-1.9.0.aar (androidx.core:core:1.9.0) with AarToClassTransform
Transforming core-1.9.0.aar (androidx.core:core:1.9.0) with IdentityTransform
Transforming core-1.9.0.aar (androidx.core:core:1.9.0) with DexingNoClasspathTransform
Transforming core-1.9.0.aar (androidx.core:core:1.9.0) with DexingOutputSplitTransform
Transforming core-1.9.0.aar (androidx.core:core:1.9.0) with AarToClassTransform
Transforming core-1.9.0.aar (androidx.core:core:1.9.0) with IdentityTransform
Transforming core-1.9.0.aar (androidx.core:core:1.9.0) with DexingNoClasspathTransform
Transforming core-1.9.0.aar (androidx.core:core:1.9.0) with DexingOutputSplitTransform
Transforming core-1.9.0.aar (androidx.core:core:1.9.0) with AarToClassTransform
Transforming core-1.9.0.aar (androidx.core:core:1.9.0) with IdentityTransform
Transforming core-1.9.0.aar (androidx.core:core:1.9.0) with DexingNoClasspathTransform
Transforming core-1.9.0.aar (androidx.core:core:1.9.0) with DexingOutputSplitTransform
Transforming core-1.9.0.aar (androidx.core:core:1.9.0) with AarToClassTransform
Transforming core-1.9.0.aar (androidx.core:core:1.9.0) with IdentityTransform
Transforming core-1.9.0.aar (androidx.core:core:1.9.0) with DexingNoClasspathTransform
Transforming core-1.9.0.aar (androidx.core:core:1.9.0) with DexingOutputSplitTransform
Transforming core-1.9.0.aar (androidx.core:core:1.9.0) with AarToClassTransform
Transforming core-1.9.0.aar (androidx.core:core:1.9.0) with IdentityTransform
Transforming core-1.9.0.aar (androidx.core:core:1.9.0) with DexingNoClasspathTransform
Transforming core-1.9.0.aar (androidx.core:core:1.9.0) with DexingOutputSplitTransform
Transforming cursoradapter-1.0.0.aar (androidx.cursoradapter:cursoradapter:1.0.0) with AarToClassTransform
Transforming cursoradapter-1.0.0.aar (androidx.cursoradapter:cursoradapter:1.0.0) with IdentityTransform
Transforming cursoradapter-1.0.0.aar (androidx.cursoradapter:cursoradapter:1.0.0) with DexingNoClasspathTransform
Transforming cursoradapter-1.0.0.aar (androidx.cursoradapter:cursoradapter:1.0.0) with DexingOutputSplitTransform
Transforming resourceinspection-annotation-1.0.1.jar (androidx.resourceinspection:resourceinspection-annotation:1.0.1) with IdentityTransform
Transforming resourceinspection-annotation-1.0.1.jar (androidx.resourceinspection:resourceinspection-annotation:1.0.1) with IdentityTransform
Transforming resourceinspection-annotation-1.0.1.jar (androidx.resourceinspection:resourceinspection-annotation:1.0.1) with DexingNoClasspathTransform
Transforming resourceinspection-annotation-1.0.1.jar (androidx.resourceinspection:resourceinspection-annotation:1.0.1) with DexingOutputSplitTransform
Transforming cardview-1.0.0.aar (androidx.cardview:cardview:1.0.0) with AarToClassTransform
Transforming cardview-1.0.0.aar (androidx.cardview:cardview:1.0.0) with IdentityTransform
Transforming cardview-1.0.0.aar (androidx.cardview:cardview:1.0.0) with DexingNoClasspathTransform
Transforming cardview-1.0.0.aar (androidx.cardview:cardview:1.0.0) with DexingOutputSplitTransform
Transforming versionedparcelable-1.1.1.aar (androidx.versionedparcelable:versionedparcelable:1.1.1) with AarToClassTransform
Transforming versionedparcelable-1.1.1.aar (androidx.versionedparcelable:versionedparcelable:1.1.1) with IdentityTransform
Transforming versionedparcelable-1.1.1.aar (androidx.versionedparcelable:versionedparcelable:1.1.1) with DexingNoClasspathTransform
Transforming versionedparcelable-1.1.1.aar (androidx.versionedparcelable:versionedparcelable:1.1.1) with DexingOutputSplitTransform
Transforming collection-ktx-1.1.0.jar (androidx.collection:collection-ktx:1.1.0) with IdentityTransform
Transforming collection-ktx-1.1.0.jar (androidx.collection:collection-ktx:1.1.0) with IdentityTransform
Transforming collection-ktx-1.1.0.jar (androidx.collection:collection-ktx:1.1.0) with DexingNoClasspathTransform
Transforming collection-ktx-1.1.0.jar (androidx.collection:collection-ktx:1.1.0) with DexingOutputSplitTransform
Transforming collection-1.1.0.jar (androidx.collection:collection:1.1.0) with IdentityTransform
Transforming collection-1.1.0.jar (androidx.collection:collection:1.1.0) with IdentityTransform
Transforming collection-1.1.0.jar (androidx.collection:collection:1.1.0) with DexingNoClasspathTransform
Transforming collection-1.1.0.jar (androidx.collection:collection:1.1.0) with DexingOutputSplitTransform
Transforming profileinstaller-1.3.0.aar (androidx.profileinstaller:profileinstaller:1.3.0) with AarToClassTransform
Transforming profileinstaller-1.3.0.aar (androidx.profileinstaller:profileinstaller:1.3.0) with IdentityTransform
Transforming profileinstaller-1.3.0.aar (androidx.profileinstaller:profileinstaller:1.3.0) with DexingNoClasspathTransform
Transforming profileinstaller-1.3.0.aar (androidx.profileinstaller:profileinstaller:1.3.0) with DexingOutputSplitTransform
Transforming startup-runtime-1.1.1.aar (androidx.startup:startup-runtime:1.1.1) with AarToClassTransform
Transforming startup-runtime-1.1.1.aar (androidx.startup:startup-runtime:1.1.1) with IdentityTransform
Transforming startup-runtime-1.1.1.aar (androidx.startup:startup-runtime:1.1.1) with DexingNoClasspathTransform
Transforming startup-runtime-1.1.1.aar (androidx.startup:startup-runtime:1.1.1) with DexingOutputSplitTransform
Transforming tracing-1.0.0.aar (androidx.tracing:tracing:1.0.0) with AarToClassTransform
Transforming tracing-1.0.0.aar (androidx.tracing:tracing:1.0.0) with IdentityTransform
Transforming tracing-1.0.0.aar (androidx.tracing:tracing:1.0.0) with DexingNoClasspathTransform
Transforming tracing-1.0.0.aar (androidx.tracing:tracing:1.0.0) with DexingOutputSplitTransform
Transforming interpolator-1.0.0.aar (androidx.interpolator:interpolator:1.0.0) with AarToClassTransform
Transforming interpolator-1.0.0.aar (androidx.interpolator:interpolator:1.0.0) with IdentityTransform
Transforming interpolator-1.0.0.aar (androidx.interpolator:interpolator:1.0.0) with DexingNoClasspathTransform
Transforming interpolator-1.0.0.aar (androidx.interpolator:interpolator:1.0.0) with DexingOutputSplitTransform
Transforming core-runtime-2.2.0.aar (androidx.arch.core:core-runtime:2.2.0) with AarToClassTransform
Transforming core-runtime-2.2.0.aar (androidx.arch.core:core-runtime:2.2.0) with IdentityTransform
Transforming core-runtime-2.2.0.aar (androidx.arch.core:core-runtime:2.2.0) with DexingNoClasspathTransform
Transforming core-runtime-2.2.0.aar (androidx.arch.core:core-runtime:2.2.0) with DexingOutputSplitTransform
Transforming core-common-2.2.0.jar (androidx.arch.core:core-common:2.2.0) with IdentityTransform
Transforming core-common-2.2.0.jar (androidx.arch.core:core-common:2.2.0) with IdentityTransform
Transforming core-common-2.2.0.jar (androidx.arch.core:core-common:2.2.0) with DexingNoClasspathTransform
Transforming core-common-2.2.0.jar (androidx.arch.core:core-common:2.2.0) with DexingOutputSplitTransform
Transforming concurrent-futures-1.1.0.jar (androidx.concurrent:concurrent-futures:1.1.0) with IdentityTransform
Transforming concurrent-futures-1.1.0.jar (androidx.concurrent:concurrent-futures:1.1.0) with IdentityTransform
Transforming concurrent-futures-1.1.0.jar (androidx.concurrent:concurrent-futures:1.1.0) with DexingNoClasspathTransform
Transforming concurrent-futures-1.1.0.jar (androidx.concurrent:concurrent-futures:1.1.0) with DexingOutputSplitTransform
Transforming localbroadcastmanager-1.0.0.aar (androidx.localbroadcastmanager:localbroadcastmanager:1.0.0) with AarToClassTransform
Transforming localbroadcastmanager-1.0.0.aar (androidx.localbroadcastmanager:localbroadcastmanager:1.0.0) with IdentityTransform
Transforming localbroadcastmanager-1.0.0.aar (androidx.localbroadcastmanager:localbroadcastmanager:1.0.0) with DexingNoClasspathTransform
Transforming localbroadcastmanager-1.0.0.aar (androidx.localbroadcastmanager:localbroadcastmanager:1.0.0) with DexingOutputSplitTransform
Transforming print-1.0.0.aar (androidx.print:print:1.0.0) with AarToClassTransform
Transforming print-1.0.0.aar (androidx.print:print:1.0.0) with IdentityTransform
Transforming print-1.0.0.aar (androidx.print:print:1.0.0) with DexingNoClasspathTransform
Transforming print-1.0.0.aar (androidx.print:print:1.0.0) with DexingOutputSplitTransform
Transforming annotation-1.3.0.jar (androidx.annotation:annotation:1.3.0) with IdentityTransform
Transforming annotation-1.3.0.jar (androidx.annotation:annotation:1.3.0) with IdentityTransform
Transforming annotation-1.3.0.jar (androidx.annotation:annotation:1.3.0) with DexingNoClasspathTransform
Transforming annotation-1.3.0.jar (androidx.annotation:annotation:1.3.0) with DexingOutputSplitTransform
Transforming annotation-experimental-1.3.0.aar (androidx.annotation:annotation-experimental:1.3.0) with AarToClassTransform
Transforming annotation-experimental-1.3.0.aar (androidx.annotation:annotation-experimental:1.3.0) with IdentityTransform
Transforming annotation-experimental-1.3.0.aar (androidx.annotation:annotation-experimental:1.3.0) with DexingNoClasspathTransform
Transforming annotation-experimental-1.3.0.aar (androidx.annotation:annotation-experimental:1.3.0) with DexingOutputSplitTransform
Transforming kotlinx-coroutines-core-jvm-1.6.4.jar (org.jetbrains.kotlinx:kotlinx-coroutines-core-jvm:1.6.4) with IdentityTransform
Transforming kotlinx-coroutines-core-jvm-1.6.4.jar (org.jetbrains.kotlinx:kotlinx-coroutines-core-jvm:1.6.4) with IdentityTransform
Transforming kotlinx-coroutines-core-jvm-1.6.4.jar (org.jetbrains.kotlinx:kotlinx-coroutines-core-jvm:1.6.4) with DexingNoClasspathTransform
Transforming kotlinx-coroutines-core-jvm-1.6.4.jar (org.jetbrains.kotlinx:kotlinx-coroutines-core-jvm:1.6.4) with DexingOutputSplitTransform
Transforming kotlinx-coroutines-android-1.6.4.jar (org.jetbrains.kotlinx:kotlinx-coroutines-android:1.6.4) with IdentityTransform
Transforming kotlinx-coroutines-android-1.6.4.jar (org.jetbrains.kotlinx:kotlinx-coroutines-android:1.6.4) with IdentityTransform
Transforming kotlinx-coroutines-android-1.6.4.jar (org.jetbrains.kotlinx:kotlinx-coroutines-android:1.6.4) with DexingNoClasspathTransform
Transforming kotlinx-coroutines-android-1.6.4.jar (org.jetbrains.kotlinx:kotlinx-coroutines-android:1.6.4) with DexingOutputSplitTransform
Transforming kotlin-stdlib-jdk8-1.8.22.jar (org.jetbrains.kotlin:kotlin-stdlib-jdk8:1.8.22) with IdentityTransform
Transforming kotlin-stdlib-jdk8-1.8.22.jar (org.jetbrains.kotlin:kotlin-stdlib-jdk8:1.8.22) with IdentityTransform
Transforming kotlin-stdlib-jdk8-1.8.22.jar (org.jetbrains.kotlin:kotlin-stdlib-jdk8:1.8.22) with DexingNoClasspathTransform
Transforming kotlin-stdlib-jdk8-1.8.22.jar (org.jetbrains.kotlin:kotlin-stdlib-jdk8:1.8.22) with DexingOutputSplitTransform
Transforming kotlin-stdlib-jdk7-1.8.22.jar (org.jetbrains.kotlin:kotlin-stdlib-jdk7:1.8.22) with IdentityTransform
Transforming kotlin-stdlib-jdk7-1.8.22.jar (org.jetbrains.kotlin:kotlin-stdlib-jdk7:1.8.22) with IdentityTransform
Transforming kotlin-stdlib-jdk7-1.8.22.jar (org.jetbrains.kotlin:kotlin-stdlib-jdk7:1.8.22) with DexingNoClasspathTransform
Transforming kotlin-stdlib-jdk7-1.8.22.jar (org.jetbrains.kotlin:kotlin-stdlib-jdk7:1.8.22) with DexingOutputSplitTransform
Transforming kotlin-stdlib-1.8.22.jar (org.jetbrains.kotlin:kotlin-stdlib:1.8.22) with IdentityTransform
Transforming kotlin-stdlib-1.8.22.jar (org.jetbrains.kotlin:kotlin-stdlib:1.8.22) with IdentityTransform
Transforming kotlin-stdlib-1.8.22.jar (org.jetbrains.kotlin:kotlin-stdlib:1.8.22) with DexingNoClasspathTransform
Transforming kotlin-stdlib-1.8.22.jar (org.jetbrains.kotlin:kotlin-stdlib:1.8.22) with DexingOutputSplitTransform
Transforming error_prone_annotations-2.15.0.jar (com.google.errorprone:error_prone_annotations:2.15.0) with IdentityTransform
Transforming error_prone_annotations-2.15.0.jar (com.google.errorprone:error_prone_annotations:2.15.0) with IdentityTransform
Transforming error_prone_annotations-2.15.0.jar (com.google.errorprone:error_prone_annotations:2.15.0) with DexingNoClasspathTransform
Transforming error_prone_annotations-2.15.0.jar (com.google.errorprone:error_prone_annotations:2.15.0) with DexingOutputSplitTransform
Transforming constraintlayout-core-1.0.4.jar (androidx.constraintlayout:constraintlayout-core:1.0.4) with IdentityTransform
Transforming constraintlayout-core-1.0.4.jar (androidx.constraintlayout:constraintlayout-core:1.0.4) with IdentityTransform
Transforming constraintlayout-core-1.0.4.jar (androidx.constraintlayout:constraintlayout-core:1.0.4) with DexingNoClasspathTransform
Transforming constraintlayout-core-1.0.4.jar (androidx.constraintlayout:constraintlayout-core:1.0.4) with DexingOutputSplitTransform
Transforming kotlin-stdlib-common-1.8.22.jar (org.jetbrains.kotlin:kotlin-stdlib-common:1.8.22) with IdentityTransform
Transforming kotlin-stdlib-common-1.8.22.jar (org.jetbrains.kotlin:kotlin-stdlib-common:1.8.22) with IdentityTransform
Transforming kotlin-stdlib-common-1.8.22.jar (org.jetbrains.kotlin:kotlin-stdlib-common:1.8.22) with DexingNoClasspathTransform
Transforming kotlin-stdlib-common-1.8.22.jar (org.jetbrains.kotlin:kotlin-stdlib-common:1.8.22) with DexingOutputSplitTransform
Transforming annotations-13.0.jar (org.jetbrains:annotations:13.0) with IdentityTransform
Transforming annotations-13.0.jar (org.jetbrains:annotations:13.0) with IdentityTransform
Transforming annotations-13.0.jar (org.jetbrains:annotations:13.0) with DexingNoClasspathTransform
Transforming annotations-13.0.jar (org.jetbrains:annotations:13.0) with DexingOutputSplitTransform
Transforming listenablefuture-1.0.jar (com.google.guava:listenablefuture:1.0) with IdentityTransform
Transforming listenablefuture-1.0.jar (com.google.guava:listenablefuture:1.0) with IdentityTransform
Transforming listenablefuture-1.0.jar (com.google.guava:listenablefuture:1.0) with DexingNoClasspathTransform
Transforming listenablefuture-1.0.jar (com.google.guava:listenablefuture:1.0) with DexingOutputSplitTransform
Build cache key for task ':app:mergeExtDexDebug' is dd085d9237c3503a842bd4263ea6171e
Task ':app:mergeExtDexDebug' is not up-to-date because:
  Output property 'outputDir' file /home/runner/work/NearChuckle-android-wip-edition/NearChuckle-android-wip-edition/android/app/build/intermediates/dex/debug/mergeExtDexDebug has been removed.
  Output property 'outputDir' file /home/runner/work/NearChuckle-android-wip-edition/NearChuckle-android-wip-edition/android/app/build/intermediates/dex/debug/mergeExtDexDebug/classes.dex has been removed.
Loaded cache entry for task ':app:mergeExtDexDebug' with cache key dd085d9237c3503a842bd4263ea6171e
Resolve mutations for :app:mergeLibDexDebug (Thread[Execution worker Thread 2,5,main]) started.
:app:mergeLibDexDebug (Thread[Execution worker Thread 2,5,main]) started.

> Task :app:mergeLibDexDebug FROM-CACHE
Build cache key for task ':app:mergeLibDexDebug' is e32eee791d43b60a086c34fd4b3a5a7c
Task ':app:mergeLibDexDebug' is not up-to-date because:
  Output property 'outputDir' file /home/runner/work/NearChuckle-android-wip-edition/NearChuckle-android-wip-edition/android/app/build/intermediates/dex/debug/mergeLibDexDebug has been removed.
  Output property 'outputDir' file /home/runner/work/NearChuckle-android-wip-edition/NearChuckle-android-wip-edition/android/app/build/intermediates/dex/debug/mergeLibDexDebug/0 has been removed.
  Output property 'outputDir' file /home/runner/work/NearChuckle-android-wip-edition/NearChuckle-android-wip-edition/android/app/build/intermediates/dex/debug/mergeLibDexDebug/1 has been removed.
  Output property 'outputDir' file /home/runner/work/NearChuckle-android-wip-edition/NearChuckle-android-wip-edition/android/app/build/intermediates/dex/debug/mergeLibDexDebug/10 has been removed.
  Output property 'outputDir' file /home/runner/work/NearChuckle-android-wip-edition/NearChuckle-android-wip-edition/android/app/build/intermediates/dex/debug/mergeLibDexDebug/11 has been removed.
  Output property 'outputDir' file /home/runner/work/NearChuckle-android-wip-edition/NearChuckle-android-wip-edition/android/app/build/intermediates/dex/debug/mergeLibDexDebug/12 has been removed.
  Output property 'outputDir' file /home/runner/work/NearChuckle-android-wip-edition/NearChuckle-android-wip-edition/android/app/build/intermediates/dex/debug/mergeLibDexDebug/13 has been removed.
  Output property 'outputDir' file /home/runner/work/NearChuckle-android-wip-edition/NearChuckle-android-wip-edition/android/app/build/intermediates/dex/debug/mergeLibDexDebug/14 has been removed.
  Output property 'outputDir' file /home/runner/work/NearChuckle-android-wip-edition/NearChuckle-android-wip-edition/android/app/build/intermediates/dex/debug/mergeLibDexDebug/15 has been removed.
  Output property 'outputDir' file /home/runner/work/NearChuckle-android-wip-edition/NearChuckle-android-wip-edition/android/app/build/intermediates/dex/debug/mergeLibDexDebug/2 has been removed.
  Output property 'outputDir' file /home/runner/work/NearChuckle-android-wip-edition/NearChuckle-android-wip-edition/android/app/build/intermediates/dex/debug/mergeLibDexDebug/3 has been removed.
  Output property 'outputDir' file /home/runner/work/NearChuckle-android-wip-edition/NearChuckle-android-wip-edition/android/app/build/intermediates/dex/debug/mergeLibDexDebug/4 has been removed.
  Output property 'outputDir' file /home/runner/work/NearChuckle-android-wip-edition/NearChuckle-android-wip-edition/android/app/build/intermediates/dex/debug/mergeLibDexDebug/5 has been removed.
  Output property 'outputDir' file /home/runner/work/NearChuckle-android-wip-edition/NearChuckle-android-wip-edition/android/app/build/intermediates/dex/debug/mergeLibDexDebug/6 has been removed.
  Output property 'outputDir' file /home/runner/work/NearChuckle-android-wip-edition/NearChuckle-android-wip-edition/android/app/build/intermediates/dex/debug/mergeLibDexDebug/7 has been removed.
  Output property 'outputDir' file /home/runner/work/NearChuckle-android-wip-edition/NearChuckle-android-wip-edition/android/app/build/intermediates/dex/debug/mergeLibDexDebug/8 has been removed.
  Output property 'outputDir' file /home/runner/work/NearChuckle-android-wip-edition/NearChuckle-android-wip-edition/android/app/build/intermediates/dex/debug/mergeLibDexDebug/9 has been removed.
Loaded cache entry for task ':app:mergeLibDexDebug' with cache key e32eee791d43b60a086c34fd4b3a5a7c
Resolve mutations for :app:mergeProjectDexDebug (Thread[Execution worker Thread 2,5,main]) started.
:app:mergeProjectDexDebug (Thread[Execution worker Thread 2,5,main]) started.
Resolve mutations for :app:buildCMakeRelease[arm64-v8a] (Thread[Execution worker Thread 3,5,main]) started.
:app:buildCMakeRelease[arm64-v8a] (Thread[Execution worker,5,main]) started.

> Task :app:mergeProjectDexDebug
Build cache key for task ':app:mergeProjectDexDebug' is 8228a87ab9bde2a8fbc20aef6390a301
Task ':app:mergeProjectDexDebug' is not up-to-date because:
  Output property 'outputDir' file /home/runner/work/NearChuckle-android-wip-edition/NearChuckle-android-wip-edition/android/app/build/intermediates/dex/debug/mergeProjectDexDebug has been removed.
  Output property 'outputDir' file /home/runner/work/NearChuckle-android-wip-edition/NearChuckle-android-wip-edition/android/app/build/intermediates/dex/debug/mergeProjectDexDebug/0 has been removed.
  Output property 'outputDir' file /home/runner/work/NearChuckle-android-wip-edition/NearChuckle-android-wip-edition/android/app/build/intermediates/dex/debug/mergeProjectDexDebug/0/classes.dex has been removed.
  Output property 'outputDir' file /home/runner/work/NearChuckle-android-wip-edition/NearChuckle-android-wip-edition/android/app/build/intermediates/dex/debug/mergeProjectDexDebug/1 has been removed.
  Output property 'outputDir' file /home/runner/work/NearChuckle-android-wip-edition/NearChuckle-android-wip-edition/android/app/build/intermediates/dex/debug/mergeProjectDexDebug/10 has been removed.
  Output property 'outputDir' file /home/runner/work/NearChuckle-android-wip-edition/NearChuckle-android-wip-edition/android/app/build/intermediates/dex/debug/mergeProjectDexDebug/11 has been removed.
  Output property 'outputDir' file /home/runner/work/NearChuckle-android-wip-edition/NearChuckle-android-wip-edition/android/app/build/intermediates/dex/debug/mergeProjectDexDebug/12 has been removed.
  Output property 'outputDir' file /home/runner/work/NearChuckle-android-wip-edition/NearChuckle-android-wip-edition/android/app/build/intermediates/dex/debug/mergeProjectDexDebug/13 has been removed.
  Output property 'outputDir' file /home/runner/work/NearChuckle-android-wip-edition/NearChuckle-android-wip-edition/android/app/build/intermediates/dex/debug/mergeProjectDexDebug/14 has been removed.
  Output property 'outputDir' file /home/runner/work/NearChuckle-android-wip-edition/NearChuckle-android-wip-edition/android/app/build/intermediates/dex/debug/mergeProjectDexDebug/15 has been removed.
  Output property 'outputDir' file /home/runner/work/NearChuckle-android-wip-edition/NearChuckle-android-wip-edition/android/app/build/intermediates/dex/debug/mergeProjectDexDebug/2 has been removed.
  Output property 'outputDir' file /home/runner/work/NearChuckle-android-wip-edition/NearChuckle-android-wip-edition/android/app/build/intermediates/dex/debug/mergeProjectDexDebug/3 has been removed.
  Output property 'outputDir' file /home/runner/work/NearChuckle-android-wip-edition/NearChuckle-android-wip-edition/android/app/build/intermediates/dex/debug/mergeProjectDexDebug/4 has been removed.
  Output property 'outputDir' file /home/runner/work/NearChuckle-android-wip-edition/NearChuckle-android-wip-edition/android/app/build/intermediates/dex/debug/mergeProjectDexDebug/5 has been removed.
  Output property 'outputDir' file /home/runner/work/NearChuckle-android-wip-edition/NearChuckle-android-wip-edition/android/app/build/intermediates/dex/debug/mergeProjectDexDebug/6 has been removed.
  Output property 'outputDir' file /home/runner/work/NearChuckle-android-wip-edition/NearChuckle-android-wip-edition/android/app/build/intermediates/dex/debug/mergeProjectDexDebug/7 has been removed.
  Output property 'outputDir' file /home/runner/work/NearChuckle-android-wip-edition/NearChuckle-android-wip-edition/android/app/build/intermediates/dex/debug/mergeProjectDexDebug/8 has been removed.
  Output property 'outputDir' file /home/runner/work/NearChuckle-android-wip-edition/NearChuckle-android-wip-edition/android/app/build/intermediates/dex/debug/mergeProjectDexDebug/9 has been removed.
The input changes require a full rebuild for incremental task ':app:mergeProjectDexDebug'.
Merging to '/home/runner/work/NearChuckle-android-wip-edition/NearChuckle-android-wip-edition/android/app/build/intermediates/dex/debug/mergeProjectDexDebug/0' with D8 from all or a subset of dex files in /home/runner/work/NearChuckle-android-wip-edition/NearChuckle-android-wip-edition/android/app/build/intermediates/project_dex_archive/debug/dexBuilderDebug/out/2e75b517abfcfc3dd5a4ca90338a9d9a068736d6b4fdc65db918ee34a1d9223e_0.jar, /home/runner/work/NearChuckle-android-wip-edition/NearChuckle-android-wip-edition/android/app/build/intermediates/project_dex_archive/debug/dexBuilderDebug/out/2e75b517abfcfc3dd5a4ca90338a9d9a068736d6b4fdc65db918ee34a1d9223e_1.jar, and from all global synthetics files in 
Merging to '/home/runner/work/NearChuckle-android-wip-edition/NearChuckle-android-wip-edition/android/app/build/intermediates/dex/debug/mergeProjectDexDebug/2' with D8 from all or a subset of dex files in /home/runner/work/NearChuckle-android-wip-edition/NearChuckle-android-wip-edition/android/app/build/intermediates/project_dex_archive/debug/dexBuilderDebug/out, and from all global synthetics files in 
Merging to '/home/runner/work/NearChuckle-android-wip-edition/NearChuckle-android-wip-edition/android/app/build/intermediates/dex/debug/mergeProjectDexDebug/1' with D8 from all or a subset of dex files in /home/runner/work/NearChuckle-android-wip-edition/NearChuckle-android-wip-edition/android/app/build/intermediates/project_dex_archive/debug/dexBuilderDebug/out, /home/runner/work/NearChuckle-android-wip-edition/NearChuckle-android-wip-edition/android/app/build/intermediates/project_dex_archive/debug/dexBuilderDebug/out, /home/runner/work/NearChuckle-android-wip-edition/NearChuckle-android-wip-edition/android/app/build/intermediates/project_dex_archive/debug/dexBuilderDebug/out, /home/runner/work/NearChuckle-android-wip-edition/NearChuckle-android-wip-edition/android/app/build/intermediates/project_dex_archive/debug/dexBuilderDebug/out, /home/runner/work/NearChuckle-android-wip-edition/NearChuckle-android-wip-edition/android/app/build/intermediates/project_dex_archive/debug/dexBuilderDebug/out, /home/runner/work/NearChuckle-android-wip-edition/NearChuckle-android-wip-edition/android/app/build/intermediates/project_dex_archive/debug/dexBuilderDebug/out, /home/runner/work/NearChuckle-android-wip-edition/NearChuckle-android-wip-edition/android/app/build/intermediates/project_dex_archive/debug/dexBuilderDebug/out, /home/runner/work/NearChuckle-android-wip-edition/NearChuckle-android-wip-edition/android/app/build/intermediates/project_dex_archive/debug/dexBuilderDebug/out, /home/runner/work/NearChuckle-android-wip-edition/NearChuckle-android-wip-edition/android/app/build/intermediates/project_dex_archive/debug/dexBuilderDebug/out, /home/runner/work/NearChuckle-android-wip-edition/NearChuckle-android-wip-edition/android/app/build/intermediates/project_dex_archive/debug/dexBuilderDebug/out, and from all global synthetics files in 
Merging to '/home/runner/work/NearChuckle-android-wip-edition/NearChuckle-android-wip-edition/android/app/build/intermediates/dex/debug/mergeProjectDexDebug/6' with D8 from all or a subset of dex files in /home/runner/work/NearChuckle-android-wip-edition/NearChuckle-android-wip-edition/android/app/build/intermediates/project_dex_archive/debug/dexBuilderDebug/out, and from all global synthetics files in 
Stored cache entry for task ':app:mergeProjectDexDebug' with cache key 8228a87ab9bde2a8fbc20aef6390a301

> Task :app:buildCMakeRelease[arm64-v8a]
Caching disabled for task ':app:buildCMakeRelease[arm64-v8a]' because:
  Caching has been disabled for the task
Task ':app:buildCMakeRelease[arm64-v8a]' is not up-to-date because:
  Task.upToDateWhen is false.
C/C++: starting build
C/C++: reading expected JSONs
C/C++: done reading expected JSONs
C/C++: executing build commands for targets that produce .so files or executables
C/C++: evaluate miniconfig
C/C++: evaluate library nearchuckle_android (arm64-v8a)
C/C++: building target library nearchuckle_android because no targets are specified.
C/C++: about to build targets nearchuckle_android
C/C++: Build nearchuckle_android
C/C++: /usr/local/lib/android/sdk/cmake/3.22.1/bin/ninja \
  -C \
  /home/runner/work/NearChuckle-android-wip-edition/NearChuckle-android-wip-edition/android/app/.cxx/Release/34122i6w/arm64-v8a \
  nearchuckle_android

Starting process 'command '/usr/local/lib/android/sdk/cmake/3.22.1/bin/ninja''. Working directory: /home/runner/work/NearChuckle-android-wip-edition/NearChuckle-android-wip-edition/android/app Command: /usr/local/lib/android/sdk/cmake/3.22.1/bin/ninja -C /home/runner/work/NearChuckle-android-wip-edition/NearChuckle-android-wip-edition/android/app/.cxx/Release/34122i6w/arm64-v8a nearchuckle_android
Successfully started process 'command '/usr/local/lib/android/sdk/cmake/3.22.1/bin/ninja''
C/C++: ninja: Entering directory `/home/runner/work/NearChuckle-android-wip-edition/NearChuckle-android-wip-edition/android/app/.cxx/Release/34122i6w/arm64-v8a'
C/C++: In file included from /home/runner/work/NearChuckle-android-wip-edition/NearChuckle-android-wip-edition/android/app/src/main/cpp/native_bridge.cpp:17:
C/C++: In file included from /home/runner/work/NearChuckle-android-wip-edition/NearChuckle-android-wip-edition/android/app/src/main/cpp/SDL3/SDL.h:3:
C/C++: /home/runner/work/NearChuckle-android-wip-edition/NearChuckle-android-wip-edition/android/app/src/main/cpp/SDL3/../SDL_stub.h:70:9: warning: empty struct has size 0 in C, size 1 in C++ [-Wextern-c-compat]
C/C++: typedef struct SDL_Window {} SDL_Window;
C/C++:         ^
C/C++: 1 warning generated.
C/C++: Received process result: 0
C/C++: check expected build outputs
C/C++: hard linked /usr/local/lib/android/sdk/ndk/26.1.10909125/toolchains/llvm/prebuilt/linux-x86_64/sysroot/usr/lib/aarch64-linux-android/libc++_shared.so to /home/runner/work/NearChuckle-android-wip-edition/NearChuckle-android-wip-edition/android/app/build/intermediates/cxx/Release/34122i6w/obj/arm64-v8a/libc++_shared.so
C/C++: build complete
Resolve mutations for :app:configureCMakeRelease[armeabi-v7a] (Thread[Execution worker,5,main]) started.
:app:configureCMakeRelease[armeabi-v7a] (Thread[Execution worker,5,main]) started.

> Task :app:configureCMakeRelease[armeabi-v7a]
Caching disabled for task ':app:configureCMakeRelease[armeabi-v7a]' because:
  Caching has been disabled for the task
Task ':app:configureCMakeRelease[armeabi-v7a]' is not up-to-date because:
  Task.upToDateWhen is false.
C/C++: /home/runner/work/NearChuckle-android-wip-edition/NearChuckle-android-wip-edition/android/app/src/main/cpp/CMakeLists.txt profile|armeabi-v7a : Start JSON generation. Platform version: 26 min SDK version: armeabi-v7a
C/C++: /home/runner/work/NearChuckle-android-wip-edition/NearChuckle-android-wip-edition/android/app/src/main/cpp/CMakeLists.txt profile|armeabi-v7a : rebuilding JSON /home/runner/work/NearChuckle-android-wip-edition/NearChuckle-android-wip-edition/android/app/.cxx/Release/34122i6w/armeabi-v7a/android_gradle_build.json due to:
C/C++: /home/runner/work/NearChuckle-android-wip-edition/NearChuckle-android-wip-edition/android/app/src/main/cpp/CMakeLists.txt profile|armeabi-v7a : - no fingerprint file, will remove stale configuration folder
C/C++: /home/runner/work/NearChuckle-android-wip-edition/NearChuckle-android-wip-edition/android/app/src/main/cpp/CMakeLists.txt profile|armeabi-v7a : removing stale contents from '/home/runner/work/NearChuckle-android-wip-edition/NearChuckle-android-wip-edition/android/app/.cxx/Release/34122i6w/armeabi-v7a'
C/C++: /home/runner/work/NearChuckle-android-wip-edition/NearChuckle-android-wip-edition/android/app/src/main/cpp/CMakeLists.txt profile|armeabi-v7a : created folder '/home/runner/work/NearChuckle-android-wip-edition/NearChuckle-android-wip-edition/android/app/.cxx/Release/34122i6w/armeabi-v7a'
C/C++: /home/runner/work/NearChuckle-android-wip-edition/NearChuckle-android-wip-edition/android/app/src/main/cpp/CMakeLists.txt profile|armeabi-v7a : executing cmake /usr/local/lib/android/sdk/cmake/3.22.1/bin/cmake \
  -H/home/runner/work/NearChuckle-android-wip-edition/NearChuckle-android-wip-edition/android/app/src/main/cpp \
  -DCMAKE_SYSTEM_NAME=Android \
  -DCMAKE_EXPORT_COMPILE_COMMANDS=ON \
  -DCMAKE_SYSTEM_VERSION=26 \
  -DANDROID_PLATFORM=android-26 \
  -DANDROID_ABI=armeabi-v7a \
  -DCMAKE_ANDROID_ARCH_ABI=armeabi-v7a \
  -DANDROID_NDK=/usr/local/lib/android/sdk/ndk/26.1.10909125 \
  -DCMAKE_ANDROID_NDK=/usr/local/lib/android/sdk/ndk/26.1.10909125 \
  -DCMAKE_TOOLCHAIN_FILE=/usr/local/lib/android/sdk/ndk/26.1.10909125/build/cmake/android.toolchain.cmake \
  -DCMAKE_MAKE_PROGRAM=/usr/local/lib/android/sdk/cmake/3.22.1/bin/ninja \
  "-DCMAKE_CXX_FLAGS=-std=c++17 -frtti -fexceptions" \
  -DCMAKE_LIBRARY_OUTPUT_DIRECTORY=/home/runner/work/NearChuckle-android-wip-edition/NearChuckle-android-wip-edition/android/app/build/intermediates/cxx/Release/34122i6w/obj/armeabi-v7a \
  -DCMAKE_RUNTIME_OUTPUT_DIRECTORY=/home/runner/work/NearChuckle-android-wip-edition/NearChuckle-android-wip-edition/android/app/build/intermediates/cxx/Release/34122i6w/obj/armeabi-v7a \
  -B/home/runner/work/NearChuckle-android-wip-edition/NearChuckle-android-wip-edition/android/app/.cxx/Release/34122i6w/armeabi-v7a \
  -GNinja \
  -DANDROID_STL=c++_shared \
  -DANDROID_SUPPORT_FLEXIBLE_PAGE_SIZES=ON \
  -DUSE_ANGLE=ON \
  -DANGLE_USE_VULKAN=ON \
  -DDISABLE_CG=ON \
  -DANDROID_PERFORMANCE_MODE=ON \
  -DCMAKE_BUILD_TYPE=Release

C/C++: /home/runner/work/NearChuckle-android-wip-edition/NearChuckle-android-wip-edition/android/app/src/main/cpp/CMakeLists.txt profile|armeabi-v7a : /usr/local/lib/android/sdk/cmake/3.22.1/bin/cmake \
  -H/home/runner/work/NearChuckle-android-wip-edition/NearChuckle-android-wip-edition/android/app/src/main/cpp \
  -DCMAKE_SYSTEM_NAME=Android \
  -DCMAKE_EXPORT_COMPILE_COMMANDS=ON \
  -DCMAKE_SYSTEM_VERSION=26 \
  -DANDROID_PLATFORM=android-26 \
  -DANDROID_ABI=armeabi-v7a \
  -DCMAKE_ANDROID_ARCH_ABI=armeabi-v7a \
  -DANDROID_NDK=/usr/local/lib/android/sdk/ndk/26.1.10909125 \
  -DCMAKE_ANDROID_NDK=/usr/local/lib/android/sdk/ndk/26.1.10909125 \
  -DCMAKE_TOOLCHAIN_FILE=/usr/local/lib/android/sdk/ndk/26.1.10909125/build/cmake/android.toolchain.cmake \
  -DCMAKE_MAKE_PROGRAM=/usr/local/lib/android/sdk/cmake/3.22.1/bin/ninja \
  "-DCMAKE_CXX_FLAGS=-std=c++17 -frtti -fexceptions" \
  -DCMAKE_LIBRARY_OUTPUT_DIRECTORY=/home/runner/work/NearChuckle-android-wip-edition/NearChuckle-android-wip-edition/android/app/build/intermediates/cxx/Release/34122i6w/obj/armeabi-v7a \
  -DCMAKE_RUNTIME_OUTPUT_DIRECTORY=/home/runner/work/NearChuckle-android-wip-edition/NearChuckle-android-wip-edition/android/app/build/intermediates/cxx/Release/34122i6w/obj/armeabi-v7a \
  -B/home/runner/work/NearChuckle-android-wip-edition/NearChuckle-android-wip-edition/android/app/.cxx/Release/34122i6w/armeabi-v7a \
  -GNinja \
  -DANDROID_STL=c++_shared \
  -DANDROID_SUPPORT_FLEXIBLE_PAGE_SIZES=ON \
  -DUSE_ANGLE=ON \
  -DANGLE_USE_VULKAN=ON \
  -DDISABLE_CG=ON \
  -DANDROID_PERFORMANCE_MODE=ON \
  -DCMAKE_BUILD_TYPE=Release

Starting process 'command '/usr/local/lib/android/sdk/cmake/3.22.1/bin/cmake''. Working directory: /home/runner/work/NearChuckle-android-wip-edition/NearChuckle-android-wip-edition/android/app Command: /usr/local/lib/android/sdk/cmake/3.22.1/bin/cmake -H/home/runner/work/NearChuckle-android-wip-edition/NearChuckle-android-wip-edition/android/app/src/main/cpp -DCMAKE_SYSTEM_NAME=Android -DCMAKE_EXPORT_COMPILE_COMMANDS=ON -DCMAKE_SYSTEM_VERSION=26 -DANDROID_PLATFORM=android-26 -DANDROID_ABI=armeabi-v7a -DCMAKE_ANDROID_ARCH_ABI=armeabi-v7a -DANDROID_NDK=/usr/local/lib/android/sdk/ndk/26.1.10909125 -DCMAKE_ANDROID_NDK=/usr/local/lib/android/sdk/ndk/26.1.10909125 -DCMAKE_TOOLCHAIN_FILE=/usr/local/lib/android/sdk/ndk/26.1.10909125/build/cmake/android.toolchain.cmake -DCMAKE_MAKE_PROGRAM=/usr/local/lib/android/sdk/cmake/3.22.1/bin/ninja -DCMAKE_CXX_FLAGS=-std=c++17 -frtti -fexceptions -DCMAKE_LIBRARY_OUTPUT_DIRECTORY=/home/runner/work/NearChuckle-android-wip-edition/NearChuckle-android-wip-edition/android/app/build/intermediates/cxx/Release/34122i6w/obj/armeabi-v7a -DCMAKE_RUNTIME_OUTPUT_DIRECTORY=/home/runner/work/NearChuckle-android-wip-edition/NearChuckle-android-wip-edition/android/app/build/intermediates/cxx/Release/34122i6w/obj/armeabi-v7a -B/home/runner/work/NearChuckle-android-wip-edition/NearChuckle-android-wip-edition/android/app/.cxx/Release/34122i6w/armeabi-v7a -GNinja -DANDROID_STL=c++_shared -DANDROID_SUPPORT_FLEXIBLE_PAGE_SIZES=ON -DUSE_ANGLE=ON -DANGLE_USE_VULKAN=ON -DDISABLE_CG=ON -DANDROID_PERFORMANCE_MODE=ON -DCMAKE_BUILD_TYPE=Release
Successfully started process 'command '/usr/local/lib/android/sdk/cmake/3.22.1/bin/cmake''
C/C++: CMake Warning:
C/C++:   Manually-specified variables were not used by the project:
C/C++:     ANDROID_PERFORMANCE_MODE
C/C++:     ANDROID_SUPPORT_FLEXIBLE_PAGE_SIZES
C/C++:     DISABLE_CG
C/C++: /home/runner/work/NearChuckle-android-wip-edition/NearChuckle-android-wip-edition/android/app/src/main/cpp/CMakeLists.txt profile|armeabi-v7a : Received process result: 0
C/C++: /home/runner/work/NearChuckle-android-wip-edition/NearChuckle-android-wip-edition/android/app/src/main/cpp/CMakeLists.txt profile|armeabi-v7a : Exiting generation of /home/runner/work/NearChuckle-android-wip-edition/NearChuckle-android-wip-edition/android/app/.cxx/Release/34122i6w/armeabi-v7a/compile_commands.json.bin normally
C/C++: /home/runner/work/NearChuckle-android-wip-edition/NearChuckle-android-wip-edition/android/app/src/main/cpp/CMakeLists.txt profile|armeabi-v7a : done executing cmake
C/C++: /home/runner/work/NearChuckle-android-wip-edition/NearChuckle-android-wip-edition/android/app/src/main/cpp/CMakeLists.txt profile|armeabi-v7a : hard linked /home/runner/work/NearChuckle-android-wip-edition/NearChuckle-android-wip-edition/android/app/.cxx/Release/34122i6w/armeabi-v7a/compile_commands.json to /home/runner/work/NearChuckle-android-wip-edition/NearChuckle-android-wip-edition/android/app/.cxx/tools/profile/armeabi-v7a/compile_commands.json
C/C++: /home/runner/work/NearChuckle-android-wip-edition/NearChuckle-android-wip-edition/android/app/src/main/cpp/CMakeLists.txt profile|armeabi-v7a : JSON generation completed without problems
C/C++: /home/runner/work/NearChuckle-android-wip-edition/NearChuckle-android-wip-edition/android/app/src/main/cpp/CMakeLists.txt profile|armeabi-v7a : Writing build model to /home/runner/work/NearChuckle-android-wip-edition/NearChuckle-android-wip-edition/android/app/build/intermediates/cxx/Release/34122i6w/logs/armeabi-v7a/build_model.json
Resolve mutations for :app:buildCMakeRelease[armeabi-v7a] (Thread[Execution worker,5,main]) started.
:app:buildCMakeRelease[armeabi-v7a] (Thread[Execution worker,5,main]) started.

> Task :app:buildCMakeRelease[armeabi-v7a]
Caching disabled for task ':app:buildCMakeRelease[armeabi-v7a]' because:
  Caching has been disabled for the task
Task ':app:buildCMakeRelease[armeabi-v7a]' is not up-to-date because:
  Task.upToDateWhen is false.
C/C++: starting build
C/C++: reading expected JSONs
C/C++: done reading expected JSONs
C/C++: executing build commands for targets that produce .so files or executables
C/C++: evaluate miniconfig
C/C++: evaluate library nearchuckle_android (armeabi-v7a)
C/C++: building target library nearchuckle_android because no targets are specified.
C/C++: about to build targets nearchuckle_android
C/C++: Build nearchuckle_android
C/C++: /usr/local/lib/android/sdk/cmake/3.22.1/bin/ninja \
  -C \
  /home/runner/work/NearChuckle-android-wip-edition/NearChuckle-android-wip-edition/android/app/.cxx/Release/34122i6w/armeabi-v7a \
  nearchuckle_android

Starting process 'command '/usr/local/lib/android/sdk/cmake/3.22.1/bin/ninja''. Working directory: /home/runner/work/NearChuckle-android-wip-edition/NearChuckle-android-wip-edition/android/app Command: /usr/local/lib/android/sdk/cmake/3.22.1/bin/ninja -C /home/runner/work/NearChuckle-android-wip-edition/NearChuckle-android-wip-edition/android/app/.cxx/Release/34122i6w/armeabi-v7a nearchuckle_android
Successfully started process 'command '/usr/local/lib/android/sdk/cmake/3.22.1/bin/ninja''
C/C++: ninja: Entering directory `/home/runner/work/NearChuckle-android-wip-edition/NearChuckle-android-wip-edition/android/app/.cxx/Release/34122i6w/armeabi-v7a'
C/C++: In file included from /home/runner/work/NearChuckle-android-wip-edition/NearChuckle-android-wip-edition/android/app/src/main/cpp/native_bridge.cpp:17:
C/C++: In file included from /home/runner/work/NearChuckle-android-wip-edition/NearChuckle-android-wip-edition/android/app/src/main/cpp/SDL3/SDL.h:3:
C/C++: /home/runner/work/NearChuckle-android-wip-edition/NearChuckle-android-wip-edition/android/app/src/main/cpp/SDL3/../SDL_stub.h:70:9: warning: empty struct has size 0 in C, size 1 in C++ [-Wextern-c-compat]
C/C++: typedef struct SDL_Window {} SDL_Window;
C/C++:         ^
C/C++: 1 warning generated.
C/C++: Received process result: 0
C/C++: check expected build outputs
C/C++: hard linked /usr/local/lib/android/sdk/ndk/26.1.10909125/toolchains/llvm/prebuilt/linux-x86_64/sysroot/usr/lib/arm-linux-androideabi/libc++_shared.so to /home/runner/work/NearChuckle-android-wip-edition/NearChuckle-android-wip-edition/android/app/build/intermediates/cxx/Release/34122i6w/obj/armeabi-v7a/libc++_shared.so
C/C++: build complete
Resolve mutations for :app:mergeDebugJniLibFolders (Thread[Execution worker,5,main]) started.
:app:mergeDebugJniLibFolders (Thread[Execution worker,5,main]) started.

> Task :app:mergeDebugJniLibFolders
Caching disabled for task ':app:mergeDebugJniLibFolders' because:
  Simple merging task
Task ':app:mergeDebugJniLibFolders' is not up-to-date because:
  Output property 'outputDir' file /home/runner/work/NearChuckle-android-wip-edition/NearChuckle-android-wip-edition/android/app/build/intermediates/merged_jni_libs/debug/mergeDebugJniLibFolders/out has been removed.
The input changes require a full rebuild for incremental task ':app:mergeDebugJniLibFolders'.
Resolve mutations for :app:mergeDebugNativeLibs (Thread[Execution worker,5,main]) started.
:app:mergeDebugNativeLibs (Thread[Execution worker,5,main]) started.
Resolve mutations for :app:validateSigningDebug (Thread[included builds,5,main]) started.
:app:validateSigningDebug (Thread[included builds,5,main]) started.

> Task :app:mergeDebugNativeLibs
Transforming viewbinding-8.6.0.aar (androidx.databinding:viewbinding:8.6.0) with ExtractAarTransform
Transforming viewbinding-8.6.0.aar (androidx.databinding:viewbinding:8.6.0) with AarTransform
Transforming material-1.11.0.aar (com.google.android.material:material:1.11.0) with ExtractAarTransform
Transforming material-1.11.0.aar (com.google.android.material:material:1.11.0) with AarTransform
Transforming constraintlayout-2.1.4.aar (androidx.constraintlayout:constraintlayout:2.1.4) with ExtractAarTransform
Transforming constraintlayout-2.1.4.aar (androidx.constraintlayout:constraintlayout:2.1.4) with AarTransform
Transforming preference-1.2.1.aar (androidx.preference:preference:1.2.1) with ExtractAarTransform
Transforming preference-1.2.1.aar (androidx.preference:preference:1.2.1) with AarTransform
Transforming appcompat-resources-1.6.1.aar (androidx.appcompat:appcompat-resources:1.6.1) with ExtractAarTransform
Transforming appcompat-resources-1.6.1.aar (androidx.appcompat:appcompat-resources:1.6.1) with AarTransform
Transforming appcompat-1.6.1.aar (androidx.appcompat:appcompat:1.6.1) with ExtractAarTransform
Transforming appcompat-1.6.1.aar (androidx.appcompat:appcompat:1.6.1) with AarTransform
Transforming dynamicanimation-1.0.0.aar (androidx.dynamicanimation:dynamicanimation:1.0.0) with ExtractAarTransform
Transforming dynamicanimation-1.0.0.aar (androidx.dynamicanimation:dynamicanimation:1.0.0) with AarTransform
Transforming legacy-support-core-utils-1.0.0.aar (androidx.legacy:legacy-support-core-utils:1.0.0) with ExtractAarTransform
Transforming legacy-support-core-utils-1.0.0.aar (androidx.legacy:legacy-support-core-utils:1.0.0) with AarTransform
Transforming documentfile-1.0.1.aar (androidx.documentfile:documentfile:1.0.1) with ExtractAarTransform
Transforming documentfile-1.0.1.aar (androidx.documentfile:documentfile:1.0.1) with AarTransform
Transforming documentfile-1.0.1.aar (androidx.documentfile:documentfile:1.0.1) with ExtractAarTransform
Transforming documentfile-1.0.1.aar (androidx.documentfile:documentfile:1.0.1) with AarTransform
Transforming emoji2-views-helper-1.2.0.aar (androidx.emoji2:emoji2-views-helper:1.2.0) with ExtractAarTransform
Transforming emoji2-views-helper-1.2.0.aar (androidx.emoji2:emoji2-views-helper:1.2.0) with AarTransform
Transforming emoji2-1.2.0.aar (androidx.emoji2:emoji2:1.2.0) with ExtractAarTransform
Transforming emoji2-1.2.0.aar (androidx.emoji2:emoji2:1.2.0) with AarTransform
Transforming viewpager2-1.0.0.aar (androidx.viewpager2:viewpager2:1.0.0) with ExtractAarTransform
Transforming viewpager2-1.0.0.aar (androidx.viewpager2:viewpager2:1.0.0) with AarTransform
Transforming fragment-ktx-1.3.6.aar (androidx.fragment:fragment-ktx:1.3.6) with ExtractAarTransform
Transforming fragment-ktx-1.3.6.aar (androidx.fragment:fragment-ktx:1.3.6) with AarTransform
Transforming fragment-1.3.6.aar (androidx.fragment:fragment:1.3.6) with ExtractAarTransform
Transforming fragment-1.3.6.aar (androidx.fragment:fragment:1.3.6) with AarTransform
Transforming fragment-1.3.6.aar (androidx.fragment:fragment:1.3.6) with ExtractAarTransform
Transforming fragment-1.3.6.aar (androidx.fragment:fragment:1.3.6) with AarTransform
Transforming activity-ktx-1.8.0.aar (androidx.activity:activity-ktx:1.8.0) with ExtractAarTransform
Transforming activity-ktx-1.8.0.aar (androidx.activity:activity-ktx:1.8.0) with AarTransform
Transforming activity-1.8.0.aar (androidx.activity:activity:1.8.0) with ExtractAarTransform
Transforming activity-1.8.0.aar (androidx.activity:activity:1.8.0) with AarTransform
Transforming drawerlayout-1.1.1.aar (androidx.drawerlayout:drawerlayout:1.1.1) with ExtractAarTransform
Transforming drawerlayout-1.1.1.aar (androidx.drawerlayout:drawerlayout:1.1.1) with AarTransform
Transforming coordinatorlayout-1.1.0.aar (androidx.coordinatorlayout:coordinatorlayout:1.1.0) with ExtractAarTransform
Transforming coordinatorlayout-1.1.0.aar (androidx.coordinatorlayout:coordinatorlayout:1.1.0) with AarTransform
Transforming vectordrawable-animated-1.1.0.aar (androidx.vectordrawable:vectordrawable-animated:1.1.0) with ExtractAarTransform
Transforming vectordrawable-animated-1.1.0.aar (androidx.vectordrawable:vectordrawable-animated:1.1.0) with AarTransform
Transforming vectordrawable-1.1.0.aar (androidx.vectordrawable:vectordrawable:1.1.0) with ExtractAarTransform
Transforming vectordrawable-1.1.0.aar (androidx.vectordrawable:vectordrawable:1.1.0) with AarTransform
Transforming vectordrawable-1.1.0.aar (androidx.vectordrawable:vectordrawable:1.1.0) with ExtractAarTransform
Transforming vectordrawable-1.1.0.aar (androidx.vectordrawable:vectordrawable:1.1.0) with AarTransform
Transforming slidingpanelayout-1.2.0.aar (androidx.slidingpanelayout:slidingpanelayout:1.2.0) with ExtractAarTransform
Transforming slidingpanelayout-1.2.0.aar (androidx.slidingpanelayout:slidingpanelayout:1.2.0) with AarTransform
Transforming loader-1.0.0.aar (androidx.loader:loader:1.0.0) with ExtractAarTransform
Transforming loader-1.0.0.aar (androidx.loader:loader:1.0.0) with AarTransform
Transforming loader-1.0.0.aar (androidx.loader:loader:1.0.0) with ExtractAarTransform
Transforming loader-1.0.0.aar (androidx.loader:loader:1.0.0) with AarTransform
Transforming savedstate-ktx-1.2.1.aar (androidx.savedstate:savedstate-ktx:1.2.1) with ExtractAarTransform
Transforming savedstate-ktx-1.2.1.aar (androidx.savedstate:savedstate-ktx:1.2.1) with AarTransform
Transforming savedstate-1.2.1.aar (androidx.savedstate:savedstate:1.2.1) with ExtractAarTransform
Transforming savedstate-1.2.1.aar (androidx.savedstate:savedstate:1.2.1) with AarTransform
Transforming lifecycle-runtime-ktx-2.6.1.aar (androidx.lifecycle:lifecycle-runtime-ktx:2.6.1) with ExtractAarTransform
Transforming lifecycle-runtime-ktx-2.6.1.aar (androidx.lifecycle:lifecycle-runtime-ktx:2.6.1) with AarTransform
Transforming lifecycle-viewmodel-ktx-2.6.1.aar (androidx.lifecycle:lifecycle-viewmodel-ktx:2.6.1) with ExtractAarTransform
Transforming lifecycle-viewmodel-ktx-2.6.1.aar (androidx.lifecycle:lifecycle-viewmodel-ktx:2.6.1) with AarTransform
Transforming lifecycle-process-2.6.1.aar (androidx.lifecycle:lifecycle-process:2.6.1) with ExtractAarTransform
Transforming lifecycle-process-2.6.1.aar (androidx.lifecycle:lifecycle-process:2.6.1) with AarTransform
Transforming lifecycle-livedata-core-ktx-2.6.1.aar (androidx.lifecycle:lifecycle-livedata-core-ktx:2.6.1) with ExtractAarTransform
Transforming lifecycle-livedata-core-ktx-2.6.1.aar (androidx.lifecycle:lifecycle-livedata-core-ktx:2.6.1) with AarTransform
Transforming lifecycle-livedata-core-2.6.1.aar (androidx.lifecycle:lifecycle-livedata-core:2.6.1) with ExtractAarTransform
Transforming lifecycle-livedata-core-2.6.1.aar (androidx.lifecycle:lifecycle-livedata-core:2.6.1) with AarTransform
Transforming lifecycle-livedata-2.6.1.aar (androidx.lifecycle:lifecycle-livedata:2.6.1) with ExtractAarTransform
Transforming lifecycle-livedata-2.6.1.aar (androidx.lifecycle:lifecycle-livedata:2.6.1) with AarTransform
Transforming lifecycle-common-2.6.1.jar (androidx.lifecycle:lifecycle-common:2.6.1) with ExtractJniTransform
Transforming lifecycle-viewmodel-2.6.1.aar (androidx.lifecycle:lifecycle-viewmodel:2.6.1) with ExtractAarTransform
Transforming lifecycle-viewmodel-2.6.1.aar (androidx.lifecycle:lifecycle-viewmodel:2.6.1) with AarTransform
Transforming lifecycle-viewmodel-2.6.1.aar (androidx.lifecycle:lifecycle-viewmodel:2.6.1) with ExtractAarTransform
Transforming lifecycle-viewmodel-2.6.1.aar (androidx.lifecycle:lifecycle-viewmodel:2.6.1) with AarTransform
Transforming lifecycle-runtime-2.6.1.aar (androidx.lifecycle:lifecycle-runtime:2.6.1) with ExtractAarTransform
Transforming lifecycle-runtime-2.6.1.aar (androidx.lifecycle:lifecycle-runtime:2.6.1) with AarTransform
Transforming lifecycle-viewmodel-savedstate-2.6.1.aar (androidx.lifecycle:lifecycle-viewmodel-savedstate:2.6.1) with ExtractAarTransform
Transforming lifecycle-viewmodel-savedstate-2.6.1.aar (androidx.lifecycle:lifecycle-viewmodel-savedstate:2.6.1) with AarTransform
Transforming core-ktx-1.9.0.aar (androidx.core:core-ktx:1.9.0) with ExtractAarTransform
Transforming core-ktx-1.9.0.aar (androidx.core:core-ktx:1.9.0) with AarTransform
Transforming viewpager-1.0.0.aar (androidx.viewpager:viewpager:1.0.0) with ExtractAarTransform
Transforming viewpager-1.0.0.aar (androidx.viewpager:viewpager:1.0.0) with AarTransform
Transforming recyclerview-1.1.0.aar (androidx.recyclerview:recyclerview:1.1.0) with ExtractAarTransform
Transforming recyclerview-1.1.0.aar (androidx.recyclerview:recyclerview:1.1.0) with AarTransform
Transforming recyclerview-1.1.0.aar (androidx.recyclerview:recyclerview:1.1.0) with ExtractAarTransform
Transforming recyclerview-1.1.0.aar (androidx.recyclerview:recyclerview:1.1.0) with AarTransform
Transforming customview-1.1.0.aar (androidx.customview:customview:1.1.0) with ExtractAarTransform
Transforming customview-1.1.0.aar (androidx.customview:customview:1.1.0) with AarTransform
Transforming customview-1.1.0.aar (androidx.customview:customview:1.1.0) with ExtractAarTransform
Transforming customview-1.1.0.aar (androidx.customview:customview:1.1.0) with AarTransform
Transforming customview-1.1.0.aar (androidx.customview:customview:1.1.0) with ExtractAarTransform
Transforming customview-1.1.0.aar (androidx.customview:customview:1.1.0) with AarTransform
Transforming customview-1.1.0.aar (androidx.customview:customview:1.1.0) with ExtractAarTransform
Transforming customview-1.1.0.aar (androidx.customview:customview:1.1.0) with AarTransform
Transforming customview-1.1.0.aar (androidx.customview:customview:1.1.0) with ExtractAarTransform
Transforming customview-1.1.0.aar (androidx.customview:customview:1.1.0) with AarTransform
Transforming transition-1.4.1.aar (androidx.transition:transition:1.4.1) with ExtractAarTransform
Transforming transition-1.4.1.aar (androidx.transition:transition:1.4.1) with AarTransform
Transforming window-1.0.0.aar (androidx.window:window:1.0.0) with ExtractAarTransform
Transforming window-1.0.0.aar (androidx.window:window:1.0.0) with AarTransform
Transforming core-1.9.0.aar (androidx.core:core:1.9.0) with ExtractAarTransform
Transforming core-1.9.0.aar (androidx.core:core:1.9.0) with AarTransform
Transforming core-1.9.0.aar (androidx.core:core:1.9.0) with ExtractAarTransform
Transforming core-1.9.0.aar (androidx.core:core:1.9.0) with AarTransform
Transforming core-1.9.0.aar (androidx.core:core:1.9.0) with ExtractAarTransform
Transforming core-1.9.0.aar (androidx.core:core:1.9.0) with AarTransform
Transforming core-1.9.0.aar (androidx.core:core:1.9.0) with ExtractAarTransform
Transforming core-1.9.0.aar (androidx.core:core:1.9.0) with AarTransform
Transforming core-1.9.0.aar (androidx.core:core:1.9.0) with ExtractAarTransform
Transforming core-1.9.0.aar (androidx.core:core:1.9.0) with AarTransform
Transforming core-1.9.0.aar (androidx.core:core:1.9.0) with ExtractAarTransform
Transforming core-1.9.0.aar (androidx.core:core:1.9.0) with AarTransform
Transforming core-1.9.0.aar (androidx.core:core:1.9.0) with ExtractAarTransform
Transforming core-1.9.0.aar (androidx.core:core:1.9.0) with AarTransform
Transforming core-1.9.0.aar (androidx.core:core:1.9.0) with ExtractAarTransform
Transforming core-1.9.0.aar (androidx.core:core:1.9.0) with AarTransform
Transforming core-1.9.0.aar (androidx.core:core:1.9.0) with ExtractAarTransform
Transforming core-1.9.0.aar (androidx.core:core:1.9.0) with AarTransform
Transforming core-1.9.0.aar (androidx.core:core:1.9.0) with ExtractAarTransform
Transforming core-1.9.0.aar (androidx.core:core:1.9.0) with AarTransform
Transforming core-1.9.0.aar (androidx.core:core:1.9.0) with ExtractAarTransform
Transforming core-1.9.0.aar (androidx.core:core:1.9.0) with AarTransform
Transforming cursoradapter-1.0.0.aar (androidx.cursoradapter:cursoradapter:1.0.0) with ExtractAarTransform
Transforming cursoradapter-1.0.0.aar (androidx.cursoradapter:cursoradapter:1.0.0) with AarTransform
Transforming resourceinspection-annotation-1.0.1.jar (androidx.resourceinspection:resourceinspection-annotation:1.0.1) with ExtractJniTransform
Transforming cardview-1.0.0.aar (androidx.cardview:cardview:1.0.0) with ExtractAarTransform
Transforming cardview-1.0.0.aar (androidx.cardview:cardview:1.0.0) with AarTransform
Transforming versionedparcelable-1.1.1.aar (androidx.versionedparcelable:versionedparcelable:1.1.1) with ExtractAarTransform
Transforming versionedparcelable-1.1.1.aar (androidx.versionedparcelable:versionedparcelable:1.1.1) with AarTransform
Transforming collection-ktx-1.1.0.jar (androidx.collection:collection-ktx:1.1.0) with ExtractJniTransform
Transforming collection-1.1.0.jar (androidx.collection:collection:1.1.0) with ExtractJniTransform
Transforming profileinstaller-1.3.0.aar (androidx.profileinstaller:profileinstaller:1.3.0) with ExtractAarTransform
Transforming profileinstaller-1.3.0.aar (androidx.profileinstaller:profileinstaller:1.3.0) with AarTransform
Transforming startup-runtime-1.1.1.aar (androidx.startup:startup-runtime:1.1.1) with ExtractAarTransform
Transforming startup-runtime-1.1.1.aar (androidx.startup:startup-runtime:1.1.1) with AarTransform
Transforming tracing-1.0.0.aar (androidx.tracing:tracing:1.0.0) with ExtractAarTransform
Transforming tracing-1.0.0.aar (androidx.tracing:tracing:1.0.0) with AarTransform
Transforming interpolator-1.0.0.aar (androidx.interpolator:interpolator:1.0.0) with ExtractAarTransform
Transforming interpolator-1.0.0.aar (androidx.interpolator:interpolator:1.0.0) with AarTransform
Transforming core-runtime-2.2.0.aar (androidx.arch.core:core-runtime:2.2.0) with ExtractAarTransform
Transforming core-runtime-2.2.0.aar (androidx.arch.core:core-runtime:2.2.0) with AarTransform
Transforming core-common-2.2.0.jar (androidx.arch.core:core-common:2.2.0) with ExtractJniTransform
Transforming concurrent-futures-1.1.0.jar (androidx.concurrent:concurrent-futures:1.1.0) with ExtractJniTransform
Transforming localbroadcastmanager-1.0.0.aar (androidx.localbroadcastmanager:localbroadcastmanager:1.0.0) with ExtractAarTransform
Transforming localbroadcastmanager-1.0.0.aar (androidx.localbroadcastmanager:localbroadcastmanager:1.0.0) with AarTransform
Transforming print-1.0.0.aar (androidx.print:print:1.0.0) with ExtractAarTransform
Transforming print-1.0.0.aar (androidx.print:print:1.0.0) with AarTransform
Transforming annotation-1.3.0.jar (androidx.annotation:annotation:1.3.0) with ExtractJniTransform
Transforming annotation-experimental-1.3.0.aar (androidx.annotation:annotation-experimental:1.3.0) with ExtractAarTransform
Transforming annotation-experimental-1.3.0.aar (androidx.annotation:annotation-experimental:1.3.0) with AarTransform
Transforming kotlinx-coroutines-core-jvm-1.6.4.jar (org.jetbrains.kotlinx:kotlinx-coroutines-core-jvm:1.6.4) with ExtractJniTransform
Transforming kotlinx-coroutines-android-1.6.4.jar (org.jetbrains.kotlinx:kotlinx-coroutines-android:1.6.4) with ExtractJniTransform
Transforming kotlin-stdlib-jdk8-1.8.22.jar (org.jetbrains.kotlin:kotlin-stdlib-jdk8:1.8.22) with ExtractJniTransform
Transforming kotlin-stdlib-jdk7-1.8.22.jar (org.jetbrains.kotlin:kotlin-stdlib-jdk7:1.8.22) with ExtractJniTransform
Transforming kotlin-stdlib-1.8.22.jar (org.jetbrains.kotlin:kotlin-stdlib:1.8.22) with ExtractJniTransform
Transforming error_prone_annotations-2.15.0.jar (com.google.errorprone:error_prone_annotations:2.15.0) with ExtractJniTransform
Transforming constraintlayout-core-1.0.4.jar (androidx.constraintlayout:constraintlayout-core:1.0.4) with ExtractJniTransform
Transforming kotlin-stdlib-common-1.8.22.jar (org.jetbrains.kotlin:kotlin-stdlib-common:1.8.22) with ExtractJniTransform
Transforming annotations-13.0.jar (org.jetbrains:annotations:13.0) with ExtractJniTransform
Transforming listenablefuture-1.0.jar (com.google.guava:listenablefuture:1.0) with ExtractJniTransform
Caching disabled for task ':app:mergeDebugNativeLibs' because:
  Caching has been disabled for the task
Task ':app:mergeDebugNativeLibs' is not up-to-date because:
  Output property 'outputDir' file /home/runner/work/NearChuckle-android-wip-edition/NearChuckle-android-wip-edition/android/app/build/intermediates/merged_native_libs/debug/mergeDebugNativeLibs/out has been removed.
  Output property 'outputDir' file /home/runner/work/NearChuckle-android-wip-edition/NearChuckle-android-wip-edition/android/app/build/intermediates/merged_native_libs/debug/mergeDebugNativeLibs/out/lib has been removed.
  Output property 'outputDir' file /home/runner/work/NearChuckle-android-wip-edition/NearChuckle-android-wip-edition/android/app/build/intermediates/merged_native_libs/debug/mergeDebugNativeLibs/out/lib/arm64-v8a has been removed.
  Output property 'outputDir' file /home/runner/work/NearChuckle-android-wip-edition/NearChuckle-android-wip-edition/android/app/build/intermediates/merged_native_libs/debug/mergeDebugNativeLibs/out/lib/armeabi-v7a has been removed.
  Output property 'testOnlyDir' file /home/runner/work/NearChuckle-android-wip-edition/NearChuckle-android-wip-edition/android/app/build/intermediates/merged_test_only_native_libs/debug/mergeDebugNativeLibs/out has been removed.

> Task :app:validateSigningDebug
Caching disabled for task ':app:validateSigningDebug' because:
  Caching has been disabled for the task
Task ':app:validateSigningDebug' is not up-to-date because:
  Task.upToDateWhen is false.
Creating default debug keystore at /home/runner/.config/.android/debug.keystore
Resolve mutations for :app:stripDebugDebugSymbols (Thread[included builds,5,main]) started.
:app:stripDebugDebugSymbols (Thread[included builds,5,main]) started.
Resolve mutations for :app:writeDebugAppMetadata (Thread[Execution worker,5,main]) started.
:app:writeDebugAppMetadata (Thread[Execution worker,5,main]) started.

> Task :app:writeDebugAppMetadata
Caching disabled for task ':app:writeDebugAppMetadata' because:
  Caching has been disabled for the task
Task ':app:writeDebugAppMetadata' is not up-to-date because:
  Output property 'outputFile' file /home/runner/work/NearChuckle-android-wip-edition/NearChuckle-android-wip-edition/android/app/build/intermediates/app_metadata/debug/writeDebugAppMetadata/app-metadata.properties has been removed.
Resolve mutations for :app:writeDebugSigningConfigVersions (Thread[Execution worker,5,main]) started.
:app:writeDebugSigningConfigVersions (Thread[Execution worker,5,main]) started.

> Task :app:writeDebugSigningConfigVersions
Caching disabled for task ':app:writeDebugSigningConfigVersions' because:
  Caching has been disabled for the task
Task ':app:writeDebugSigningConfigVersions' is not up-to-date because:
  Output property 'outputFile' file /home/runner/work/NearChuckle-android-wip-edition/NearChuckle-android-wip-edition/android/app/build/intermediates/signing_config_versions/debug/writeDebugSigningConfigVersions/signing-config-versions.json has been removed.

> Task :app:stripDebugDebugSymbols
Caching disabled for task ':app:stripDebugDebugSymbols' because:
  Caching has been disabled for the task
Task ':app:stripDebugDebugSymbols' is not up-to-date because:
  Output property 'outputDir' file /home/runner/work/NearChuckle-android-wip-edition/NearChuckle-android-wip-edition/android/app/build/intermediates/stripped_native_libs/debug/stripDebugDebugSymbols/out has been removed.
  Output property 'outputDir' file /home/runner/work/NearChuckle-android-wip-edition/NearChuckle-android-wip-edition/android/app/build/intermediates/stripped_native_libs/debug/stripDebugDebugSymbols/out/lib has been removed.
  Output property 'outputDir' file /home/runner/work/NearChuckle-android-wip-edition/NearChuckle-android-wip-edition/android/app/build/intermediates/stripped_native_libs/debug/stripDebugDebugSymbols/out/lib/arm64-v8a has been removed.
  Output property 'outputDir' file /home/runner/work/NearChuckle-android-wip-edition/NearChuckle-android-wip-edition/android/app/build/intermediates/stripped_native_libs/debug/stripDebugDebugSymbols/out/lib/armeabi-v7a has been removed.
The input changes require a full rebuild for incremental task ':app:stripDebugDebugSymbols'.
C/C++: android.ndkVersion from module build.gradle is [26.1.10909125]
C/C++: android.ndkPath from module build.gradle is not set
C/C++: ndk.dir in local.properties is not set
C/C++: Not considering ANDROID_NDK_HOME because support was removed after deprecation period.
C/C++: sdkFolder is /usr/local/lib/android/sdk
C/C++: android.ndkVersion from module build.gradle is [26.1.10909125]
C/C++: android.ndkPath from module build.gradle is not set
C/C++: ndk.dir in local.properties is not set
C/C++: Not considering ANDROID_NDK_HOME because support was removed after deprecation period.
C/C++: sdkFolder is /usr/local/lib/android/sdk
C/C++: android.ndkVersion from module build.gradle is [26.1.10909125]
C/C++: android.ndkPath from module build.gradle is not set
C/C++: ndk.dir in local.properties is not set
C/C++: Not considering ANDROID_NDK_HOME because support was removed after deprecation period.
C/C++: sdkFolder is /usr/local/lib/android/sdk
C/C++: android.ndkVersion from module build.gradle is [26.1.10909125]
C/C++: android.ndkPath from module build.gradle is not set
C/C++: ndk.dir in local.properties is not set
C/C++: Not considering ANDROID_NDK_HOME because support was removed after deprecation period.
C/C++: sdkFolder is /usr/local/lib/android/sdk
Starting process 'command '/usr/local/lib/android/sdk/ndk/26.1.10909125/toolchains/llvm/prebuilt/linux-x86_64/bin/llvm-strip''. Working directory: /home/runner/work/NearChuckle-android-wip-edition/NearChuckle-android-wip-edition/android/app Command: /usr/local/lib/android/sdk/ndk/26.1.10909125/toolchains/llvm/prebuilt/linux-x86_64/bin/llvm-strip --strip-unneeded -o /home/runner/work/NearChuckle-android-wip-edition/NearChuckle-android-wip-edition/android/app/build/intermediates/stripped_native_libs/debug/stripDebugDebugSymbols/out/lib/armeabi-v7a/libc++_shared.so /home/runner/work/NearChuckle-android-wip-edition/NearChuckle-android-wip-edition/android/app/build/intermediates/merged_native_libs/debug/mergeDebugNativeLibs/out/lib/armeabi-v7a/libc++_shared.so
Starting process 'command '/usr/local/lib/android/sdk/ndk/26.1.10909125/toolchains/llvm/prebuilt/linux-x86_64/bin/llvm-strip''. Working directory: /home/runner/work/NearChuckle-android-wip-edition/NearChuckle-android-wip-edition/android/app Command: /usr/local/lib/android/sdk/ndk/26.1.10909125/toolchains/llvm/prebuilt/linux-x86_64/bin/llvm-strip --strip-unneeded -o /home/runner/work/NearChuckle-android-wip-edition/NearChuckle-android-wip-edition/android/app/build/intermediates/stripped_native_libs/debug/stripDebugDebugSymbols/out/lib/armeabi-v7a/libnearchuckle_android.so /home/runner/work/NearChuckle-android-wip-edition/NearChuckle-android-wip-edition/android/app/build/intermediates/merged_native_libs/debug/mergeDebugNativeLibs/out/lib/armeabi-v7a/libnearchuckle_android.so
Starting process 'command '/usr/local/lib/android/sdk/ndk/26.1.10909125/toolchains/llvm/prebuilt/linux-x86_64/bin/llvm-strip''. Working directory: /home/runner/work/NearChuckle-android-wip-edition/NearChuckle-android-wip-edition/android/app Command: /usr/local/lib/android/sdk/ndk/26.1.10909125/toolchains/llvm/prebuilt/linux-x86_64/bin/llvm-strip --strip-unneeded -o /home/runner/work/NearChuckle-android-wip-edition/NearChuckle-android-wip-edition/android/app/build/intermediates/stripped_native_libs/debug/stripDebugDebugSymbols/out/lib/arm64-v8a/libnearchuckle_android.so /home/runner/work/NearChuckle-android-wip-edition/NearChuckle-android-wip-edition/android/app/build/intermediates/merged_native_libs/debug/mergeDebugNativeLibs/out/lib/arm64-v8a/libnearchuckle_android.so
Starting process 'command '/usr/local/lib/android/sdk/ndk/26.1.10909125/toolchains/llvm/prebuilt/linux-x86_64/bin/llvm-strip''. Working directory: /home/runner/work/NearChuckle-android-wip-edition/NearChuckle-android-wip-edition/android/app Command: /usr/local/lib/android/sdk/ndk/26.1.10909125/toolchains/llvm/prebuilt/linux-x86_64/bin/llvm-strip --strip-unneeded -o /home/runner/work/NearChuckle-android-wip-edition/NearChuckle-android-wip-edition/android/app/build/intermediates/stripped_native_libs/debug/stripDebugDebugSymbols/out/lib/arm64-v8a/libc++_shared.so /home/runner/work/NearChuckle-android-wip-edition/NearChuckle-android-wip-edition/android/app/build/intermediates/merged_native_libs/debug/mergeDebugNativeLibs/out/lib/arm64-v8a/libc++_shared.so
Successfully started process 'command '/usr/local/lib/android/sdk/ndk/26.1.10909125/toolchains/llvm/prebuilt/linux-x86_64/bin/llvm-strip''
Successfully started process 'command '/usr/local/lib/android/sdk/ndk/26.1.10909125/toolchains/llvm/prebuilt/linux-x86_64/bin/llvm-strip''
Successfully started process 'command '/usr/local/lib/android/sdk/ndk/26.1.10909125/toolchains/llvm/prebuilt/linux-x86_64/bin/llvm-strip''
Successfully started process 'command '/usr/local/lib/android/sdk/ndk/26.1.10909125/toolchains/llvm/prebuilt/linux-x86_64/bin/llvm-strip''
Resolve mutations for :app:packageDebug (Thread[included builds,5,main]) started.
:app:packageDebug (Thread[included builds,5,main]) started.

> Task :app:packageDebug
Custom actions are attached to task ':app:packageDebug'.
Caching disabled for task ':app:packageDebug' because:
  Caching has been disabled for the task
Task ':app:packageDebug' is not up-to-date because:
  Output property 'ideModelOutputFile' file /home/runner/work/NearChuckle-android-wip-edition/NearChuckle-android-wip-edition/android/app/build/outputs/apk/debug/output-metadata.json has been removed.
  Output property 'incrementalFolder' file /home/runner/work/NearChuckle-android-wip-edition/NearChuckle-android-wip-edition/android/app/build/intermediates/incremental/packageDebug/tmp has been removed.
  Output property 'incrementalFolder' file /home/runner/work/NearChuckle-android-wip-edition/NearChuckle-android-wip-edition/android/app/build/intermediates/incremental/packageDebug/tmp/debug has been removed.
  Output property 'outputDirectory' file /home/runner/work/NearChuckle-android-wip-edition/NearChuckle-android-wip-edition/android/app/build/outputs/apk/debug has been removed.
The input changes require a full rebuild for incremental task ':app:packageDebug'.
Resolve mutations for :app:createDebugApkListingFileRedirect (Thread[included builds,5,main]) started.
:app:createDebugApkListingFileRedirect (Thread[included builds,5,main]) started.

> Task :app:createDebugApkListingFileRedirect
Caching disabled for task ':app:createDebugApkListingFileRedirect' because:
  Caching has been disabled for the task
Task ':app:createDebugApkListingFileRedirect' is not up-to-date because:
  Output property 'redirectFile' file /home/runner/work/NearChuckle-android-wip-edition/NearChuckle-android-wip-edition/android/app/build/intermediates/apk_ide_redirect_file/debug/createDebugApkListingFileRedirect/redirect.txt has been removed.
Resolve mutations for :app:assembleDebug (Thread[included builds,5,main]) started.
:app:assembleDebug (Thread[included builds,5,main]) started.

> Task :app:assembleDebug
Skipping task ':app:assembleDebug' as it has no actions.

BUILD SUCCESSFUL in 6s
42 actionable tasks: 19 executed, 5 from cache, 18 up-to-date
