offline mode
ninja: Entering directory `out/Android_arm64'


disable fast local for non-interactive: fastlocal=1->0
 use `--fast_local` to enable fast local with non-interactive mode
schedule pending:1+ready:0 (node:5701 edge:2)
build start: Ready 1 Pending 1
rebuild manifest finished

loading build.ninja... done 170.682822ms
load siso config done 828.917467ms
schedule pending:1+ready:0 (node:19605 edge:2)
build start: Ready 1 Pending 1
rebuild manifest finished
schedule pending:1+ready:0 (node:19605 edge:6)
build start: Ready 243 Pending 2014
[0/2255] 1.14s S CXX clang_x64/obj/third_party/abseil-cpp/absl/log/internal/proto/proto.o
[0/2255] 1.14s S CXX clang_x64/obj/third_party/protobuf/protobuf_lite_library/zero_copy_stream_impl_lite.o
[0/2255] 1.14s S CXX obj/libEGL_egl_loader/egl_loader_autogen.o
[0/2251] 1.14s S CXX clang_x64/obj/third_party/abseil-cpp/absl/log/log_entry/log_entry.o
[0/2250] 1.14s S CXX clang_x64/obj/third_party/abseil-cpp/absl/random/internal/platform/randen_round_keys.o
[0/2246] 1.14s S CXX clang_x64/obj/third_party/abseil-cpp/absl/log/internal/fnmatch/fnmatch.o
[0/2244] 1.14s S CXX clang_x64/obj/third_party/abseil-cpp/absl/hash/hash/hash.o
[0/2236] 1.14s S CXX clang_x64/obj/third_party/abseil-cpp/absl/strings/str_format_internal/bind.o
[0/2236] 1.14s S CXX clang_x64/obj/third_party/abseil-cpp/absl/random/internal/entropy_pool/entropy_pool.o
[0/2236] 1.14s S ACTION //third_party/spirv-tools/src:spvtools_generators_inc(//build/toolchain/android:android_clang_arm64)
[0/2236] 1.14s S CXX clang_x64/obj/third_party/abseil-cpp/absl/log/internal/vlog_config/vlog_config.o
[0/2236] 1.14s S ACTION //third_party/spirv-tools/src:spvtools_language_header_armexperimentalmloperations(//build/toolchain/android:android_clang_arm64)
[0/2236] 1.14s S ACTION //third_party/spirv-tools/src:spvtools_core_tables(//build/toolchain/android:android_clang_arm64)
[0/2235] 1.15s S ACTION //third_party/spirv-tools/src:spvtools_language_header_debuginfo(//build/toolchain/android:android_clang_arm64)
[0/2235] 1.15s S CXX clang_x64/obj/third_party/abseil-cpp/absl/log/globals/globals.o
[0/2234] 1.15s S ACTION //third_party/spirv-tools/src:spvtools_language_header_vkdebuginfo(//build/toolchain/android:android_clang_arm64)
[0/2234] 1.15s S CXX clang_x64/obj/third_party/abseil-cpp/absl/log/internal/log_sink_set/log_sink_set.o
[0/2234] 1.15s S ACTION //third_party/spirv-tools/src:spvtools_language_header_graphdebuginfo(//build/toolchain/android:android_clang_arm64)
[0/2234] 1.15s S ACTION //third_party/spirv-tools/src:spvtools_language_header_debugprintf(//build/toolchain/android:android_clang_arm64)
[0/2234] 1.15s S ACTION //third_party/spirv-tools/src:spvtools_language_header_cldebuginfo100(//build/toolchain/android:android_clang_arm64)
[0/2233] 1.15s S CXX clang_x64/obj/third_party/abseil-cpp/absl/log/internal/globals/globals.o
[0/2233] 1.15s S CXX clang_x64/obj/third_party/abseil-cpp/absl/random/seed_gen_exception/seed_gen_exception.o
[0/2233] 1.15s S CXX clang_x64/obj/third_party/abseil-cpp/absl/log/internal/format/log_format.o
[0/2233] 1.15s S CXX clang_x64/obj/third_party/abseil-cpp/absl/log/internal/log_message/log_message.o
[0/2233] 1.15s S CXX clang_x64/obj/third_party/abseil-cpp/absl/random/seed_sequences/seed_sequences.o
[0/2233] 1.15s S CXX clang_x64/obj/third_party/abseil-cpp/absl/log/internal/nullguard/nullguard.o
[0/2233] 1.15s S CXX obj/third_party/abseil-cpp/absl/debugging/utf8_for_code_point/utf8_for_code_point.o
[0/2233] 1.15s S CXX clang_x64/obj/third_party/abseil-cpp/absl/synchronization/kernel_timeout_internal/kernel_timeout.o
[0/2232] 1.15s S CC clang_x64/obj/third_party/protobuf/utf8_range/utf8_range.o
[0/2230] 1.15s S CXX clang_x64/obj/third_party/abseil-cpp/absl/random/distributions/gaussian_distribution.o
[0/2230] 1.15s S CXX obj/third_party/abseil-cpp/absl/container/hashtablez_sampler/hashtablez_sampler_force_weak_definition.o
[0/2229] 1.16s S CXX obj/third_party/abseil-cpp/absl/debugging/stacktrace/stacktrace.o
[0/2227] 1.16s S CXX clang_x64/obj/third_party/abseil-cpp/absl/container/raw_hash_set/raw_hash_set.o
[0/2229] 1.16s S CXX clang_x64/obj/third_party/abseil-cpp/absl/log/internal/check_op/check_op.o
[0/2229] 1.16s S CXX clang_x64/obj/third_party/abseil-cpp/absl/debugging/leak_check/leak_check.o
[0/2229] 1.16s S CXX clang_x64/obj/third_party/abseil-cpp/absl/debugging/examine_stack/examine_stack.o
[0/2229] 1.16s S CXX clang_x64/obj/third_party/abseil-cpp/absl/base/tracing_internal/tracing.o
[0/2229] 1.16s S CXX clang_x64/obj/third_party/abseil-cpp/absl/debugging/failure_signal_handler/failure_signal_handler.o
[0/2229] 1.16s S CXX clang_x64/obj/third_party/abseil-cpp/absl/log/initialize/initialize.o
[0/2228] 1.16s S CXX clang_x64/obj/third_party/abseil-cpp/absl/log/die_if_null/die_if_null.o
[0/2228] 1.16s S CXX clang_x64/obj/third_party/abseil-cpp/absl/log/internal/conditions/conditions.o
[0/2228] 1.16s S CXX clang_x64/obj/third_party/abseil-cpp/absl/container/hashtablez_sampler/hashtablez_sampler_force_weak_definition.o
[0/2227] 1.16s S CXX clang_x64/obj/third_party/abseil-cpp/absl/strings/internal/ostringstream.o
[0/2227] 1.16s S CXX clang_x64/obj/third_party/abseil-cpp/absl/log/internal/structured_proto/structured_proto.o
[0/2227] 1.16s S CXX clang_x64/obj/third_party/abseil-cpp/absl/log/log_sink/log_sink.o
[0/2227] 1.17s S CXX clang_x64/obj/third_party/abseil-cpp/absl/strings/internal/utf8.o
[0/2227] 1.16s S CXX clang_x64/obj/third_party/abseil-cpp/absl/random/internal/randen/randen.o
[0/2227] 1.16s S CXX clang_x64/obj/third_party/abseil-cpp/absl/crc/crc_cord_state/crc_cord_state.o
[0/2227] 1.16s S CXX clang_x64/obj/third_party/abseil-cpp/absl/strings/internal/escaping.o
[0/2226] 1.17s S CXX clang_x64/obj/third_party/abseil-cpp/absl/debugging/symbolize/symbolize.o
[0/2227] 1.16s S CXX clang_x64/obj/third_party/abseil-cpp/absl/random/distributions/discrete_distribution.o
[0/2224] 1.17s S CXX clang_x64/obj/third_party/abseil-cpp/absl/debugging/stacktrace/stacktrace.o
[0/2224] 1.17s S CXX clang_x64/obj/third_party/abseil-cpp/absl/debugging/debugging_internal/elf_mem_image.o
[0/2227] 1.16s S CXX clang_x64/obj/third_party/abseil-cpp/absl/base/strerror/strerror.o
[0/2224] 1.17s S CXX clang_x64/obj/third_party/abseil-cpp/absl/time/clock_interface/clock_interface.o
[0/2223] 1.17s S CC obj/xxhash/xxhash.o
[0/2223] 1.17s S CXX obj/third_party/abseil-cpp/absl/profiling/exponential_biased/exponential_biased.o
[0/2221] 1.17s S CXX clang_x64/obj/third_party/abseil-cpp/absl/time/internal/cctz/civil_time/civil_time_detail.o
[0/2220] 1.17s S CXX clang_x64/obj/third_party/abseil-cpp/absl/time/time/clock.o
[0/2220] 1.18s S CXX clang_x64/obj/third_party/abseil-cpp/absl/base/malloc_internal/low_level_alloc.o
[0/2220] 1.18s S CXX clang_x64/obj/third_party/abseil-cpp/absl/synchronization/graphcycles_internal/graphcycles.o
[0/2219] 1.18s S CXX clang_x64/obj/third_party/abseil-cpp/absl/status/statusor/statusor.o
[0/2219] 1.18s S CXX clang_x64/obj/third_party/abseil-cpp/absl/synchronization/synchronization/blocking_counter.o
[0/2219] 1.18s S CXX clang_x64/obj/third_party/abseil-cpp/absl/strings/cordz_handle/cordz_handle.o
[0/2219] 1.18s S CXX clang_x64/obj/third_party/abseil-cpp/absl/status/status_builder/status_builder.o
[0/2219] 1.18s S CXX clang_x64/obj/third_party/abseil-cpp/absl/profiling/exponential_biased/exponential_biased.o
[0/2218] 1.18s S CXX clang_x64/obj/third_party/abseil-cpp/absl/status/status/status.o
[0/2218] 1.18s S CXX clang_x64/obj/third_party/abseil-cpp/absl/strings/cordz_functions/cordz_functions.o
[0/2218] 1.18s S CXX clang_x64/obj/third_party/abseil-cpp/absl/random/internal/seed_material/seed_material.o
[0/2218] 1.18s S CXX clang_x64/obj/third_party/abseil-cpp/absl/strings/cordz_info/cordz_info.o
[0/2218] 1.19s S CXX clang_x64/obj/third_party/abseil-cpp/absl/time/internal/cctz/time_zone/time_zone_format.o
[0/2217] 1.19s S CXX obj/third_party/abseil-cpp/absl/debugging/demangle_internal/demangle.o
[0/2215] 1.19s S CXX obj/third_party/abseil-cpp/absl/debugging/debugging_internal/elf_mem_image.o
[0/2212] 1.19s S CXX obj/third_party/abseil-cpp/absl/strings/strings/charconv.o
[0/2212] 1.19s S CXX clang_x64/obj/third_party/abseil-cpp/absl/random/internal/randen_slow/randen_slow.o
[0/2212] 1.19s S CXX clang_x64/obj/third_party/abseil-cpp/absl/random/internal/randen_hwaes_impl/randen_hwaes.o
[0/2212] 1.20s S CXX clang_x64/obj/third_party/abseil-cpp/absl/base/raw_logging_internal/raw_logging.o
[0/2200] 1.20s S CXX clang_x64/obj/third_party/abseil-cpp/absl/random/internal/randen_hwaes/randen_detect.o
[0/2161] 1.21s S CXX clang_x64/obj/buildtools/third_party/libc++abi/libc++abi/cxa_exception.o
[0/2161] 1.22s S CXX obj/third_party/abseil-cpp/absl/synchronization/graphcycles_internal/graphcycles.o
[0/2161] 1.22s S CXX obj/third_party/abseil-cpp/absl/strings/cord_internal/cord_rep_btree.o
[0/2161] 1.22s S CXX obj/third_party/abseil-cpp/absl/synchronization/synchronization/blocking_counter.o
[0/2161] 1.22s S CXX obj/third_party/abseil-cpp/absl/strings/cordz_info/cordz_info.o
[0/2161] 1.22s S CXX clang_x64/obj/third_party/protobuf/protobuf_lite_library/zero_copy_stream.o
[0/2157] 1.22s S CXX obj/third_party/abseil-cpp/absl/crc/crc32c/crc_memcpy_x86_arm_combined.o
[0/2157] 1.22s S CXX clang_x64/obj/third_party/protobuf/protobuf_lite_library/extension_set.o
[0/2157] 1.22s S CXX clang_x64/obj/third_party/protobuf/protobuf_lite_library/arenaz_sampler.o
[0/2157] 1.22s S CXX clang_x64/obj/third_party/protobuf/protobuf_lite_library/printer.o
[0/2157] 1.22s S CXX obj/third_party/abseil-cpp/absl/base/raw_logging_internal/raw_logging.o
[0/2157] 1.22s S CXX obj/third_party/abseil-cpp/absl/container/raw_hash_set/raw_hash_set.o
[0/2157] 1.22s S CXX clang_x64/obj/third_party/protobuf/protobuf_lite_library/map.o
[0/2157] 1.22s S CXX clang_x64/obj/third_party/protobuf/protobuf_lite_library/message_lite.o
[0/2157] 1.22s S CXX clang_x64/obj/third_party/protobuf/protobuf_lite_library/parse_context.o
[0/2157] 1.22s S CXX clang_x64/obj/third_party/protobuf/protobuf_lite_library/micro_string.o
[0/2157] 1.22s S CXX clang_x64/obj/third_party/protobuf/protobuf_lite_library/port.o
[0/2157] 1.22s S CXX clang_x64/obj/third_party/protobuf/protobuf_lite_library/repeated_field.o
[0/2157] 1.22s S CXX clang_x64/obj/third_party/protobuf/protobuf_lite_library/raw_ptr.o
[0/2157] 1.22s S CXX clang_x64/obj/third_party/protobuf/protobuf_lite_library/common.o
[0/2157] 1.22s S CXX clang_x64/obj/third_party/protobuf/protobuf_lite_library/repeated_ptr_field.o
[0/2157] 1.22s S CXX clang_x64/obj/third_party/protobuf/protobuf_lite_library/unknown_field_set_lite.o
[0/2157] 1.22s S CXX clang_x64/obj/third_party/protobuf/protobuf_lite_library/wire_format_lite.o
[0/2157] 1.22s S CXX clang_x64/obj/third_party/protobuf/protobuf_lite_library/arena_align.o
[0/2157] 1.22s S CXX clang_x64/obj/third_party/protobuf/protobuf_lite_library/arenastring.o
[0/2157] 1.22s S CXX clang_x64/obj/third_party/protobuf/protobuf_lite_library/arena_allocation_policy.o
[0/2157] 1.22s S CXX obj/third_party/abseil-cpp/absl/synchronization/synchronization/pthread_waiter.o
[0/2157] 1.22s S CXX obj/third_party/abseil-cpp/absl/synchronization/synchronization/sem_waiter.o
[0/2157] 1.22s S CXX clang_x64/obj/third_party/protobuf/protobuf_lite_library/generated_message_util.o
[0/2157] 1.22s S CXX clang_x64/obj/third_party/protobuf/protobuf_lite_library/generated_enum_util.o
[0/2157] 1.22s S CXX clang_x64/obj/third_party/protobuf/protobuf_lite_library/implicit_weak_message.o
[0/2149] 1.23s S CXX clang_x64/obj/third_party/abseil-cpp/absl/strings/cord/cord_analysis.o
[0/2149] 1.23s S CXX clang_x64/obj/third_party/abseil-cpp/absl/debugging/demangle_internal/demangle.o
[0/2157] 1.22s S CXX clang_x64/obj/third_party/protobuf/protobuf_lite_library/inlined_string_field.o
[0/2157] 1.22s S CXX clang_x64/obj/third_party/protobuf/protobuf_lite_library/strtod.o
[0/2149] 1.23s S CXX clang_x64/obj/third_party/abseil-cpp/absl/crc/crc32c/crc_memcpy_fallback.o
[0/2157] 1.22s S CXX clang_x64/obj/third_party/protobuf/protobuf_lite_library/zero_copy_sink.o
[0/2124] 1.24s S CXX clang_x64/obj/third_party/abseil-cpp/absl/strings/str_format_internal/arg.o
[0/2157] 1.22s S CXX clang_x64/obj/third_party/abseil-cpp/absl/strings/cord_internal/cord_rep_btree.o
[0/2157] 1.22s S CXX clang_x64/obj/third_party/abseil-cpp/absl/types/source_location/source_location.o
[0/2157] 1.22s S CXX clang_x64/obj/third_party/protobuf/protobuf_lite_library/coded_stream.o
[0/2142] 1.24s S CXX clang_x64/obj/third_party/abseil-cpp/absl/base/cpu_detect/cpu_detect.o
[0/2157] 1.22s S CXX clang_x64/obj/third_party/abseil-cpp/absl/crc/crc_internal/crc_x86_arm_combined.o
[0/2124] 1.24s S CXX clang_x64/obj/third_party/abseil-cpp/absl/strings/str_format_internal/parser.o
[0/2124] 1.24s S CXX clang_x64/obj/third_party/abseil-cpp/absl/base/log_severity/log_severity.o
[0/2124] 1.24s S CXX clang_x64/obj/third_party/abseil-cpp/absl/base/base/cycleclock.o
[0/2124] 1.24s S CXX clang_x64/obj/buildtools/third_party/libc++abi/libc++abi/cxa_guard.o
[0/2124] 1.24s S CXX clang_x64/obj/buildtools/third_party/libc++abi/libc++abi/stdlib_typeinfo.o
[0/2124] 1.24s S CXX clang_x64/obj/buildtools/third_party/libc++abi/libc++abi/stdlib_stdexcept.o
[0/2124] 1.24s S CXX clang_x64/obj/buildtools/third_party/libc++abi/libc++abi/stdlib_exception.o
[0/2124] 1.24s S CXX obj/third_party/abseil-cpp/absl/synchronization/synchronization/futex_waiter.o
[0/2124] 1.24s S CXX clang_x64/obj/buildtools/third_party/libc++abi/libc++abi/private_typeinfo.o
[0/2124] 1.24s S CXX clang_x64/obj/third_party/abseil-cpp/absl/base/throw_delegate/throw_delegate.o
[0/2124] 1.24s S CXX clang_x64/obj/buildtools/third_party/libc++abi/libc++abi/fallback_malloc.o
[0/2124] 1.24s S CXX clang_x64/obj/buildtools/third_party/libc++abi/libc++abi/cxa_virtual.o
[0/2124] 1.24s S CXX obj/third_party/abseil-cpp/absl/synchronization/synchronization/create_thread_identity.o
[0/2124] 1.24s S CXX clang_x64/obj/buildtools/third_party/libc++abi/libc++abi/cxa_vector.o
[0/2124] 1.24s S CXX clang_x64/obj/buildtools/third_party/libc++abi/libc++abi/cxa_handlers.o
[0/2124] 1.24s S CXX obj/third_party/abseil-cpp/absl/base/base/sysinfo.o
[0/2120] 1.26s S CC obj/third_party/zlib/zlib_data_chunk_simd/inflate.o
[0/2120] 1.26s S CXX obj/third_party/abseil-cpp/absl/synchronization/kernel_timeout_internal/kernel_timeout.o
[0/2120] 1.26s S CXX obj/third_party/abseil-cpp/absl/hash/hash/hash.o
[0/2120] 1.26s S CXX clang_x64/obj/third_party/protobuf/protobuf_lite_library/type_id.o
[0/2120] 1.26s S CXX clang_x64/obj/third_party/abseil-cpp/absl/status/status/status_internal.o
[0/2120] 1.28s S CXX obj/third_party/abseil-cpp/absl/synchronization/synchronization/mutex.o
[0/2120] 1.26s S CXX clang_x64/obj/third_party/abseil-cpp/absl/status/status/status_payload_printer.o
[0/2120] 1.26s S CXX clang_x64/obj/third_party/abseil-cpp/absl/debugging/utf8_for_code_point/utf8_for_code_point.o
[0/2157] 1.22s S CXX clang_x64/obj/third_party/protobuf/protobuf_lite_library/io_win32.o
[0/2120] 1.26s S CXX obj/third_party/abseil-cpp/absl/types/source_location/source_location.o
[0/2120] 1.26s S CXX clang_x64/obj/third_party/abseil-cpp/absl/debugging/decode_rust_punycode/decode_rust_punycode.o
[0/2120] 1.26s S CXX obj/third_party/abseil-cpp/absl/debugging/debugging_internal/vdso_support.o
[0/2120] 1.26s S CXX clang_x64/obj/third_party/abseil-cpp/absl/debugging/demangle_rust/demangle_rust.o
[0/2120] 1.26s S CXX obj/third_party/abseil-cpp/absl/strings/internal/ostringstream.o
[0/2120] 1.26s S CXX obj/third_party/abseil-cpp/absl/debugging/demangle_rust/demangle_rust.o
[0/2120] 1.26s S CXX obj/third_party/abseil-cpp/absl/strings/strings/ascii.o
[0/2120] 1.26s S CXX obj/third_party/abseil-cpp/absl/strings/strings/str_split.o
[0/2120] 1.26s S CXX obj/third_party/abseil-cpp/absl/debugging/symbolize/symbolize.o
[0/2120] 1.26s S CXX obj/third_party/abseil-cpp/absl/strings/strings/str_replace.o
[0/2120] 1.26s S CXX obj/third_party/abseil-cpp/absl/base/throw_delegate/throw_delegate.o
[0/2120] 1.26s S CXX obj/third_party/abseil-cpp/absl/strings/strings/str_cat.o
[0/2120] 1.31s S CXX clang_x64/obj/third_party/abseil-cpp/absl/time/time/duration.o
[0/2120] 1.31s S CC obj/third_party/cpu_features/cpuinfo/impl_aarch64_freebsd_or_openbsd.o
[0/2120] 1.27s S CXX clang_x64/obj/third_party/abseil-cpp/absl/base/base/thread_identity.o
[0/2120] 1.27s S CXX obj/third_party/abseil-cpp/absl/strings/strings/stringify_sink.o
[0/2120] 1.27s S CXX obj/third_party/abseil-cpp/absl/strings/strings/memutil.o
[0/2120] 1.26s S CXX obj/third_party/abseil-cpp/absl/base/malloc_internal/low_level_alloc.o
[0/2120] 1.32s S CXX clang_x64/obj/buildtools/third_party/libc++/libc++/valarray.o
[0/2120] 1.27s S CXX obj/third_party/abseil-cpp/absl/strings/strings/damerau_levenshtein_distance.o
[0/2120] 1.27s S CXX obj/third_party/abseil-cpp/absl/crc/crc_internal/crc_x86_arm_combined.o
[0/2120] 1.27s S CXX obj/third_party/abseil-cpp/absl/strings/strings/charconv_parse.o
[0/2120] 1.27s S CXX obj/third_party/abseil-cpp/absl/strings/strings/charconv_bigint.o
[0/2120] 1.27s S CXX obj/third_party/abseil-cpp/absl/crc/crc_cord_state/crc_cord_state.o
[0/2120] 1.32s S CXX clang_x64/obj/buildtools/third_party/libc++/libc++/typeinfo.o
[0/2120] 1.27s S CXX obj/third_party/abseil-cpp/absl/time/internal/cctz/time_zone/time_zone_format.o
[0/2120] 1.27s S CXX obj/third_party/abseil-cpp/absl/strings/cord/cord_analysis.o
[0/2120] 1.27s S CXX obj/third_party/abseil-cpp/absl/strings/strings/numbers.o
[0/2120] 1.27s S CXX obj/third_party/abseil-cpp/absl/strings/strings/match.o
[0/2120] 1.27s S CXX obj/third_party/abseil-cpp/absl/strings/cord_internal/cord_rep_crc.o
[0/2120] 1.27s S CXX clang_x64/obj/buildtools/third_party/libc++abi/libc++abi/cxa_default_handlers.o
[0/2120] 1.27s S CXX clang_x64/obj/buildtools/third_party/libc++abi/libc++abi/cxa_aux_runtime.o
[0/2120] 1.27s S CXX obj/third_party/abseil-cpp/absl/strings/strings/escaping.o
[0/2120] 1.27s S CXX clang_x64/obj/buildtools/third_party/libc++abi/libc++abi/abort_message.o
[0/2120] 1.27s S CXX clang_x64/obj/third_party/protobuf/protobuf_full_library/importer.o
[0/2120] 1.27s S CXX clang_x64/obj/buildtools/third_party/libc++abi/libc++abi/cxa_thread_atexit.o
[0/2120] 1.27s S CXX clang_x64/obj/buildtools/third_party/libc++abi/libc++abi/cxa_demangle.o
[0/2120] 1.28s S CXX clang_x64/obj/third_party/protobuf/protoc_lib/code_generator_lite.o
[0/2120] 1.28s S CXX clang_x64/obj/third_party/protobuf/protoc_java_full/enum_field.o
[0/2119] 1.35s S CXX obj/buildtools/third_party/libc++abi/libc++abi/cxa_aux_runtime.o
[0/2120] 1.28s S CXX clang_x64/obj/third_party/protobuf/protoc_java_lite/enum_field.o
[0/2120] 1.28s S CXX clang_x64/obj/third_party/protobuf/protoc_java/doc_comment.o
[0/2120] 1.28s S CXX clang_x64/obj/third_party/protobuf/protoc_cpp/extension.o
[0/2119] 1.36s F CXX clang_x64/obj/third_party/abseil-cpp/absl/random/internal/platform/randen_round_keys.o
[0/2120] 1.28s S CXX clang_x64/obj/third_party/protobuf/protoc/main.o
[0/2120] 1.28s S CXX obj/third_party/abseil-cpp/absl/strings/cord_internal/cord_rep_consume.o
[0/2120] 1.28s S CXX obj/third_party/abseil-cpp/absl/strings/cord_internal/cord_rep_btree_reader.o
[0/2120] 1.28s S CXX obj/third_party/abseil-cpp/absl/strings/cord_internal/cord_rep_btree_navigator.o
[0/2120] 1.28s S CXX obj/third_party/abseil-cpp/absl/synchronization/synchronization/barrier.o
[0/2120] 1.28s S CXX obj/third_party/abseil-cpp/absl/synchronization/synchronization/notification.o
[0/2120] 1.28s S CXX obj/third_party/abseil-cpp/absl/numeric/int128/int128.o
[0/2120] 1.28s S CXX obj/third_party/abseil-cpp/absl/strings/cordz_functions/cordz_functions.o
[1/2118] 1.38s S CC obj/buildtools/third_party/libunwind/libunwind/UnwindLevel1-gcc-ext.o
[0/2120] 1.28s S CXX obj/third_party/abseil-cpp/absl/crc/crc32c/crc32c.o
[0/2120] 1.28s S CXX obj/third_party/abseil-cpp/absl/base/tracing_internal/tracing.o
[0/2120] 1.28s S CXX clang_x64/obj/third_party/protobuf/protobuf_lite_library/any_lite.o
[0/2120] 1.28s S CXX obj/third_party/abseil-cpp/absl/crc/crc32c/crc_memcpy_fallback.o
[0/2120] 1.28s S CXX clang_x64/obj/third_party/protobuf/protobuf_lite_library/zero_copy_stream_impl.o
[0/2120] 1.28s S CXX obj/third_party/abseil-cpp/absl/crc/crc32c/crc_non_temporal_memcpy.o
[0/2120] 1.28s S CXX obj/third_party/abseil-cpp/absl/hash/city/city.o
[0/2120] 1.26s S CXX obj/third_party/abseil-cpp/absl/strings/strings/substitute.o
[0/2120] 1.28s S CXX clang_x64/obj/third_party/protobuf/protobuf_lite_library/arena.o
[0/2120] 1.29s S CXX obj/third_party/abseil-cpp/absl/strings/cord_internal/cord_internal.o
[0/2120] 1.29s S CXX obj/third_party/abseil-cpp/absl/time/time/clock.o
[0/2120] 1.29s S CXX obj/buildtools/third_party/libc++abi/libc++abi/cxa_exception.o
[0/2120] 1.29s S CXX obj/third_party/abseil-cpp/absl/base/base/thread_identity.o
[0/2120] 1.29s S CXX clang_x64/obj/third_party/abseil-cpp/absl/numeric/int128/int128.o
[1/2118] 1.39s S CXX obj/buildtools/third_party/libc++abi/libc++abi/cxa_exception_storage.o
[0/2120] 1.29s S CXX clang_x64/obj/third_party/abseil-cpp/absl/strings/strings/charconv.o
[0/2120] 1.29s S CXX clang_x64/obj/buildtools/third_party/libc++abi/libc++abi/cxa_exception_storage.o
[0/2120] 1.29s S CXX obj/third_party/abseil-cpp/absl/base/base/casts.o
[0/2120] 1.29s S CXX obj/third_party/abseil-cpp/absl/base/base/unscaledcycleclock.o
[0/2120] 1.29s S CXX obj/third_party/abseil-cpp/absl/base/spinlock_wait/spinlock_wait.o
[0/2120] 1.29s S CXX obj/third_party/abseil-cpp/absl/base/base/spinlock.o
[0/2120] 1.29s S CXX obj/third_party/abseil-cpp/absl/strings/internal/escaping.o
[0/2120] 1.29s S CXX obj/third_party/abseil-cpp/absl/base/base/cycleclock.o
[0/2120] 1.29s S CXX obj/third_party/abseil-cpp/absl/strings/internal/utf8.o
[0/2120] 1.29s S CXX clang_x64/obj/buildtools/third_party/libc++abi/libc++abi/cxa_personality.o
[0/2120] 1.30s S CXX clang_x64/obj/third_party/abseil-cpp/absl/strings/str_format_internal/output.o
[0/2120] 1.30s S CC obj/src/third_party/volk/volk/volk.o
[0/2120] 1.30s S CXX clang_x64/obj/third_party/abseil-cpp/absl/strings/str_format_internal/float_conversion.o
[0/2120] 1.30s S CXX obj/buildtools/third_party/libc++abi/libc++abi/cxa_personality.o
[0/2120] 1.30s S CXX clang_x64/obj/third_party/abseil-cpp/absl/strings/str_format_internal/extension.o
[0/2120] 1.30s S CXX clang_x64/obj/third_party/abseil-cpp/absl/container/hashtablez_sampler/hashtablez_sampler.o
[0/2120] 1.30s S CC obj/third_party/zlib/zlib/compress.o
[1/2118] 1.40s S CXX clang_x64/obj/buildtools/third_party/libc++/libc++/d2s.o
[0/2120] 1.30s S CXX obj/third_party/zlib/google/compression_utils_portable/compression_utils_portable.o
[0/2120] 1.30s S CXX obj/third_party/vulkan_memory_allocator/vulkan_memory_allocator/vma.o
[0/2120] 1.30s S CXX obj/src/libANGLE/renderer/vulkan/angle_vk_mem_alloc_wrapper/vk_mem_alloc_wrapper.o
[0/2120] 1.30s S CXX obj/third_party/abseil-cpp/absl/container/hashtablez_sampler/hashtablez_sampler.o
[0/2120] 1.30s S CXX obj/third_party/abseil-cpp/absl/synchronization/synchronization/waiter_base.o
[0/2120] 1.30s S CXX obj/third_party/abseil-cpp/absl/debugging/debugging_internal/address_is_readable.o
[0/2120] 1.30s S CXX obj/buildtools/third_party/libc++/libc++/any.o
[0/2120] 1.30s S CXX obj/third_party/abseil-cpp/absl/time/internal/cctz/time_zone/time_zone_fixed.o
[0/2120] 1.30s S CXX obj/third_party/abseil-cpp/absl/time/internal/cctz/time_zone/zone_info_source.o
[0/2120] 1.30s S CXX obj/third_party/abseil-cpp/absl/time/internal/cctz/time_zone/time_zone_posix.o
[1/2118] 1.41s S CXX clang_x64/obj/buildtools/third_party/libc++/libc++/d2fixed.o
[0/2120] 1.30s S CXX clang_x64/obj/third_party/abseil-cpp/absl/debugging/debugging_internal/address_is_readable.o
[0/2120] 1.30s S CXX clang_x64/obj/third_party/abseil-cpp/absl/debugging/debugging_internal/vdso_support.o
[0/2120] 1.30s S CXX obj/third_party/abseil-cpp/absl/time/internal/cctz/time_zone/time_zone_libc.o
[0/2120] 1.30s S CXX obj/third_party/abseil-cpp/absl/time/internal/cctz/time_zone/time_zone_info.o
[0/2120] 1.30s S CXX obj/third_party/abseil-cpp/absl/time/internal/cctz/time_zone/time_zone_lookup.o
[1/2118] 1.42s S CXX clang_x64/obj/buildtools/third_party/libc++/libc++/regex.o
[0/2120] 1.30s S CXX obj/third_party/abseil-cpp/absl/crc/crc_internal/crc.o
[0/2120] 1.30s S CXX obj/third_party/abseil-cpp/absl/time/internal/cctz/time_zone/time_zone_if.o
[0/2120] 1.30s S CXX obj/third_party/abseil-cpp/absl/time/time/civil_time.o
[1/2118] 1.42s S CXX clang_x64/obj/buildtools/third_party/libc++/libc++/random_shuffle.o
[0/2120] 1.30s S CXX obj/third_party/abseil-cpp/absl/time/time/time.o
[0/2120] 1.30s S CC obj/third_party/zlib/zlib_arm_crc32/crc32_simd.o
[0/2120] 1.31s S CC obj/third_party/zlib/zlib_adler32_simd/adler32_simd.o
[0/2120] 1.30s S CXX clang_x64/obj/third_party/abseil-cpp/absl/time/internal/cctz/time_zone/zone_info_source.o
[0/2120] 1.31s S CXX clang_x64/obj/third_party/abseil-cpp/absl/time/internal/cctz/time_zone/time_zone_posix.o
[0/2120] 1.31s S CC obj/third_party/cpu_features/ndk_compat/cpu-features.o
[0/2120] 1.31s S CXX clang_x64/obj/third_party/abseil-cpp/absl/time/internal/cctz/time_zone/time_zone_libc.o
[0/2120] 1.31s S CXX clang_x64/obj/third_party/abseil-cpp/absl/time/internal/cctz/time_zone/time_zone_info.o
[0/2120] 1.31s S CXX clang_x64/obj/third_party/abseil-cpp/absl/time/internal/cctz/time_zone/time_zone_lookup.o
[0/2120] 1.31s S CXX clang_x64/obj/third_party/abseil-cpp/absl/time/time/civil_time.o
[0/2120] 1.31s S CXX clang_x64/obj/third_party/abseil-cpp/absl/time/time/time.o
[0/2120] 1.31s S CXX clang_x64/obj/third_party/abseil-cpp/absl/time/time/format.o
[0/2120] 1.31s S CXX obj/third_party/abseil-cpp/absl/time/internal/cctz/time_zone/time_zone_impl.o
[0/2120] 1.27s S CXX obj/third_party/abseil-cpp/absl/strings/cordz_handle/cordz_handle.o
[0/2120] 1.28s S CXX clang_x64/obj/buildtools/third_party/libc++/libc++/any.o
[0/2120] 1.31s S CXX clang_x64/obj/third_party/abseil-cpp/absl/time/internal/cctz/time_zone/time_zone_impl.o
[0/2120] 1.32s S CC obj/third_party/cpu_features/cpuinfo/impl_aarch64_cpuid.o
[0/2120] 1.32s S CXX clang_x64/obj/third_party/abseil-cpp/absl/synchronization/synchronization/stdcpp_waiter.o
[0/2120] 1.32s S CXX clang_x64/obj/third_party/abseil-cpp/absl/synchronization/synchronization/sem_waiter.o
[0/2120] 1.32s S CXX clang_x64/obj/third_party/abseil-cpp/absl/synchronization/synchronization/barrier.o
[0/2120] 1.32s S CXX clang_x64/obj/third_party/abseil-cpp/absl/synchronization/synchronization/waiter_base.o
[0/2120] 1.32s S CXX clang_x64/obj/third_party/abseil-cpp/absl/synchronization/synchronization/per_thread_sem.o
[0/2120] 1.32s S CXX clang_x64/obj/third_party/abseil-cpp/absl/synchronization/synchronization/futex_waiter.o
[0/2120] 1.32s S CXX clang_x64/obj/third_party/abseil-cpp/absl/synchronization/synchronization/create_thread_identity.o
[0/2120] 1.32s S CXX clang_x64/obj/third_party/abseil-cpp/absl/synchronization/synchronization/pthread_waiter.o
[0/2120] 1.32s S CXX clang_x64/obj/third_party/abseil-cpp/absl/crc/crc32c/crc32c.o
[0/2120] 1.32s S CXX clang_x64/obj/third_party/abseil-cpp/absl/crc/crc32c/crc_non_temporal_memcpy.o
[0/2120] 1.32s S CXX clang_x64/obj/third_party/abseil-cpp/absl/strings/cord_internal/cord_internal.o
[0/2120] 1.32s S CXX clang_x64/obj/third_party/abseil-cpp/absl/strings/cord_internal/cord_rep_consume.o
[0/2120] 1.32s S CXX clang_x64/obj/third_party/abseil-cpp/absl/strings/cord_internal/cord_rep_btree_reader.o
[0/2120] 1.30s S CXX obj/third_party/abseil-cpp/absl/strings/cord/cord.o
[0/2120] 1.32s S CXX clang_x64/obj/third_party/abseil-cpp/absl/strings/cord/cord.o
[0/2120] 1.32s S CXX clang_x64/obj/third_party/abseil-cpp/absl/crc/crc32c/crc_memcpy_x86_arm_combined.o
[0/2120] 1.33s S CXX clang_x64/obj/third_party/abseil-cpp/absl/strings/cord_internal/cord_rep_crc.o
[0/2120] 1.33s S CXX clang_x64/obj/third_party/abseil-cpp/absl/strings/strings/str_split.o
[0/2120] 1.33s S CXX clang_x64/obj/third_party/abseil-cpp/absl/strings/strings/str_replace.o
[0/2120] 1.33s S CXX clang_x64/obj/third_party/abseil-cpp/absl/strings/strings/str_cat.o
[0/2120] 1.33s S CXX clang_x64/obj/third_party/abseil-cpp/absl/strings/strings/ascii.o
[0/2120] 1.33s S CXX clang_x64/obj/third_party/abseil-cpp/absl/strings/strings/substitute.o
[0/2120] 1.33s S CXX obj/third_party/abseil-cpp/absl/time/time/format.o
[0/2120] 1.33s S CXX clang_x64/obj/third_party/abseil-cpp/absl/strings/strings/match.o
[0/2120] 1.33s S CXX clang_x64/obj/third_party/abseil-cpp/absl/strings/strings/stringify_sink.o
[0/2120] 1.33s S CXX clang_x64/obj/third_party/abseil-cpp/absl/strings/strings/memutil.o
[0/2120] 1.33s S CXX clang_x64/obj/third_party/abseil-cpp/absl/strings/strings/damerau_levenshtein_distance.o
[0/2120] 1.33s S CXX clang_x64/obj/third_party/abseil-cpp/absl/strings/strings/numbers.o
[0/2120] 1.27s S CXX obj/third_party/abseil-cpp/absl/base/cpu_detect/cpu_detect.o
[0/2120] 1.33s S CXX clang_x64/obj/third_party/abseil-cpp/absl/strings/strings/charconv_parse.o
[0/2120] 1.33s S CXX clang_x64/obj/third_party/abseil-cpp/absl/strings/strings/charconv_bigint.o
[0/2120] 1.33s S CXX clang_x64/obj/third_party/abseil-cpp/absl/strings/strings/escaping.o
[0/2120] 1.33s S CXX clang_x64/obj/buildtools/third_party/libc++/libc++/thread.o
[0/2120] 1.33s S CXX clang_x64/obj/third_party/abseil-cpp/absl/base/base/casts.o
[0/2120] 1.33s S CXX clang_x64/obj/third_party/abseil-cpp/absl/base/base/unscaledcycleclock.o
[0/2120] 1.33s S CXX obj/third_party/abseil-cpp/absl/strings/str_format_internal/arg.o
[0/2120] 1.33s S CXX obj/third_party/abseil-cpp/absl/strings/str_format_internal/parser.o
[0/2120] 1.33s S CXX obj/third_party/abseil-cpp/absl/strings/str_format_internal/output.o
[0/2120] 1.33s S CXX obj/third_party/abseil-cpp/absl/strings/str_format_internal/float_conversion.o
[0/2120] 1.33s S CXX obj/third_party/abseil-cpp/absl/strings/str_format_internal/extension.o
[1/2118] 1.45s S CXX clang_x64/obj/buildtools/third_party/libc++/libc++/random.o
[0/2120] 1.33s S CC obj/third_party/zlib/zlib/zutil.o
[0/2120] 1.32s S CXX clang_x64/obj/third_party/abseil-cpp/absl/strings/cord_internal/cord_rep_btree_navigator.o
[0/2120] 1.33s S CC obj/third_party/zlib/zlib/trees.o
[0/2120] 1.33s S CC obj/third_party/zlib/zlib/inffast.o
[0/2120] 1.33s S CXX clang_x64/obj/buildtools/third_party/libc++/libc++/system_error.o
[0/2120] 1.33s S CC obj/third_party/zlib/zlib/uncompr.o
[0/2120] 1.33s S CC obj/third_party/zlib/zlib/gzwrite.o
[0/2120] 1.33s S CC obj/third_party/zlib/zlib/infback.o
[0/2120] 1.33s S CC obj/third_party/zlib/zlib/gzread.o
[0/2120] 1.33s S CC obj/third_party/cpu_features/cpuinfo/string_view.o
[0/2120] 1.33s S CC obj/third_party/zlib/zlib/deflate.o
[0/2120] 1.33s S CC obj/third_party/zlib/zlib/cpu_features.o
[0/2120] 1.33s S CXX clang_x64/obj/buildtools/third_party/libc++/libc++/strstream.o
[0/2120] 1.33s S CXX obj/buildtools/third_party/libc++abi/libc++abi/cxa_demangle_stub.o
[0/2120] 1.33s S CXX obj/buildtools/third_party/libc++abi/libc++abi/stdlib_typeinfo.o
[0/2119] 1.33s S CXX obj/buildtools/third_party/libc++abi/libc++abi/cxa_thread_atexit.o
[0/2120] 1.28s S CXX clang_x64/obj/third_party/protobuf/protoc_python/helpers.o
[0/2120] 1.32s S CXX clang_x64/obj/third_party/abseil-cpp/absl/crc/crc_internal/crc.o
[0/2119] 1.35s S CXX obj/buildtools/third_party/libc++abi/libc++abi/stdlib_stdexcept.o
[0/2119] 1.35s S CXX obj/buildtools/third_party/libunwind/libunwind/libunwind.o
[0/2119] 1.35s S ACTION //:angle_commit_id(//build/toolchain/android:android_clang_arm64)
[0/2120] 1.33s S CC obj/third_party/zlib/zlib/adler32.o
[0/2119] 1.35s S CC obj/third_party/cpu_features/cpuinfo/hwcaps.o
[0/2119] 1.35s S CXX obj/buildtools/third_party/libc++abi/libc++abi/stdlib_exception.o
[0/2119] 1.35s S CXX clang_x64/obj/third_party/protobuf/protoc_java_lite/enum.o
[0/2119] 1.35s F CXX obj/libEGL_egl_loader/egl_loader_autogen.o
[0/2119] 1.35s S CXX clang_x64/obj/third_party/protobuf/protobuf_full_library/any.o
[0/2119] 1.35s S CXX obj/buildtools/third_party/libc++abi/libc++abi/private_typeinfo.o
[0/2119] 1.35s S CXX obj/buildtools/third_party/libc++abi/libc++abi/fallback_malloc.o
[0/2119] 1.35s S CXX clang_x64/obj/third_party/abseil-cpp/absl/base/base/sysinfo.o
[0/2119] 1.35s S CXX clang_x64/obj/third_party/protobuf/protobuf_full_library/wire_format.o
[0/2119] 1.35s S CXX clang_x64/obj/third_party/protobuf/protobuf_full_library/message_differencer.o
[0/2119] 1.35s S CXX obj/buildtools/third_party/libc++abi/libc++abi/cxa_virtual.o
[0/2119] 1.35s S CXX clang_x64/obj/third_party/protobuf/protobuf_full_library/field_comparator.o
[0/2119] 1.35s S CXX clang_x64/obj/third_party/protobuf/protobuf_full_library/delimited_message_util.o
[0/2119] 1.35s S CXX clang_x64/obj/third_party/protobuf/protobuf_full_library/unknown_field_set.o
[0/2120] 1.28s S CXX obj/third_party/abseil-cpp/absl/debugging/decode_rust_punycode/decode_rust_punycode.o
[1/2118] 1.36s S CXX clang_x64/obj/third_party/protobuf/protobuf_full_library/text_format.o
[0/2120] 1.33s S CC obj/third_party/zlib/zlib/gzlib.o
[1/2118] 1.37s S CXX clang_x64/obj/third_party/protobuf/protoc_cpp/cord_field.o
[1/2118] 1.37s S CXX clang_x64/obj/third_party/protobuf/protoc_cpp/field_layout.o
[1/2118] 1.37s S CXX clang_x64/obj/third_party/protobuf/protobuf_full_library/extension_set_heavy.o
[1/2118] 1.36s S CXX obj/buildtools/third_party/libc++abi/libc++abi/cxa_vector.o
[1/2118] 1.37s S CXX clang_x64/obj/third_party/protobuf/protobuf_full_library/descriptor.pb.o
[1/2118] 1.37s S CXX clang_x64/obj/third_party/protobuf/protobuf_full_library/descriptor.o
[2/2118] 1.54s S CXX clang_x64/obj/buildtools/third_party/libc++/libc++/ios.instantiations.o
[1/2118] 1.37s S CXX clang_x64/obj/third_party/protobuf/protobuf_full_library/cpp_file_options.pb.o
[1/2118] 1.37s S CXX obj/third_party/abseil-cpp/absl/synchronization/synchronization/win32_waiter.o
[2/2118] 1.55s S CXX clang_x64/obj/buildtools/third_party/libc++/libc++/ios.o
[1/2118] 1.37s S CXX clang_x64/obj/third_party/protobuf/protobuf_full_library/cpp_features.pb.o
[1/2118] 1.37s S CXX clang_x64/obj/third_party/protobuf/protobuf_full_library/parser.o
[1/2118] 1.37s S CXX clang_x64/obj/buildtools/third_party/libc++/libc++/algorithm.o
[1/2118] 1.37s S CXX clang_x64/obj/buildtools/third_party/libc++/libc++/directory_entry.o
[1/2118] 1.37s S CXX clang_x64/obj/buildtools/third_party/libc++/libc++/new.o
[1/2118] 1.37s S CXX clang_x64/obj/third_party/protobuf/protobuf_full_library/generated_message_reflection.o
[1/2118] 1.37s S CXX clang_x64/obj/buildtools/third_party/libc++/libc++/vector.o
[2/2118] 1.56s S CXX obj/buildtools/third_party/libc++/libc++/new.o
[1/2118] 1.37s S CXX clang_x64/obj/buildtools/third_party/libc++/libc++/variant.o
[1/2118] 1.37s S CXX obj/buildtools/third_party/libc++abi/libc++abi/cxa_default_handlers.o
[1/2118] 1.37s S CXX obj/buildtools/third_party/libunwind/libunwind/Unwind-EHABI.o
[2/2118] 1.57s S CXX clang_x64/obj/buildtools/third_party/libc++/libc++/atomic.o
[1/2118] 1.37s S ASM obj/buildtools/third_party/libunwind/libunwind/UnwindRegistersSave.o
[1/2118] 1.37s S CXX obj/third_party/abseil-cpp/absl/time/time/duration.o
[1/2118] 1.37s S ASM obj/buildtools/third_party/libunwind/libunwind/UnwindRegistersRestore.o
[1/2118] 1.37s S CXX clang_x64/obj/third_party/protobuf/protobuf_full_library/feature_resolver.o
[1/2118] 1.38s S CXX clang_x64/obj/third_party/protobuf/protobuf_full_library/symbol.o
[1/2118] 1.38s S CXX clang_x64/obj/third_party/protobuf/protobuf_full_library/service.o
[1/2118] 1.38s S CXX clang_x64/obj/third_party/protobuf/protobuf_full_library/reflection_ops.o
[1/2118] 1.38s S CXX obj/buildtools/third_party/libc++abi/libc++abi/cxa_handlers.o
[1/2118] 1.38s S CXX clang_x64/obj/third_party/protobuf/protobuf_full_library/reflection_mode.o
[1/2118] 1.38s S CXX clang_x64/obj/third_party/protobuf/protobuf_full_library/naming_style.o
[1/2118] 1.38s S CXX clang_x64/obj/third_party/protobuf/protobuf_full_library/message.o
[1/2118] 1.38s S CXX clang_x64/obj/third_party/protobuf/protobuf_full_library/map_field.o
[1/2118] 1.38s S CXX clang_x64/obj/third_party/protobuf/protobuf_full_library/json_enumvalue_options.pb.o
[2/2118] 1.61s S CXX obj/buildtools/third_party/libc++/libc++/new_helpers.o
[1/2118] 1.38s S CXX clang_x64/obj/third_party/protobuf/protobuf_full_library/generated_message_tctable_gen.o
[1/2118] 1.38s S CXX clang_x64/obj/third_party/protobuf/protobuf_full_library/generated_message_tctable_full.o
[0/2157] 1.22s S CXX clang_x64/obj/third_party/protobuf/protobuf_lite_library/tokenizer.o
[1/2118] 1.38s S CXX clang_x64/obj/third_party/protobuf/protobuf_full_library/internal_feature_helper.o
[1/2118] 1.39s S CC obj/third_party/cpu_features/cpuinfo/filesystem.o
[1/2118] 1.39s S CC obj/third_party/cpu_features/cpuinfo/impl_aarch64_windows.o
[1/2118] 1.39s S CC obj/third_party/cpu_features/cpuinfo/impl_aarch64_macos_or_iphone.o
[0/2120] 1.27s S CXX obj/third_party/abseil-cpp/absl/time/internal/cctz/civil_time/civil_time_detail.o
[1/2118] 1.39s S CC obj/third_party/cpu_features/cpuinfo/impl_aarch64_linux_or_android.o
[1/2118] 1.39s S CC obj/third_party/zlib/zlib/inftrees.o
[1/2118] 1.39s S CC obj/third_party/zlib/zlib/crc32.o
[1/2118] 1.39s S CXX obj/buildtools/third_party/libc++abi/libc++abi/abort_message.o
[1/2118] 1.39s S CXX obj/buildtools/third_party/libc++abi/libc++abi/cxa_guard.o
[1/2118] 1.39s S CC obj/third_party/cpu_features/cpuinfo/stack_line_reader.o
[1/2118] 1.39s S CC obj/third_party/zlib/zlib/gzclose.o
[2/2118] 1.63s S CXX obj/buildtools/third_party/libc++/libc++/new_handler.o
[1/2118] 1.39s S CXX clang_x64/obj/buildtools/third_party/libc++/libc++/stdexcept.o
[1/2118] 1.39s S CC obj/third_party/cpu_features/cpuinfo/hwcaps_linux_or_android.o
[1/2118] 1.39s S CXX clang_x64/obj/buildtools/third_party/libc++/libc++/shared_mutex.o
[0/2120] 1.29s S CXX obj/third_party/abseil-cpp/absl/strings/str_format_internal/bind.o
[2/2118] 1.63s S CXX obj/buildtools/third_party/libc++/libc++/stdexcept.o
[0/2120] 1.30s S CXX obj/third_party/abseil-cpp/absl/synchronization/synchronization/stdcpp_waiter.o
[0/2120] 1.31s S CXX clang_x64/obj/third_party/abseil-cpp/absl/time/internal/cctz/time_zone/time_zone_if.o
[0/2119] 1.35s S CXX clang_x64/obj/third_party/abseil-cpp/absl/base/base/spinlock.o
[0/2119] 1.35s S ACTION //:angle_program_version_id(//build/toolchain/android:android_clang_arm64)
[1/2118] 1.41s S CXX clang_x64/obj/buildtools/third_party/libc++/libc++/f2s.o
[0/2120] 1.29s S CXX obj/third_party/abseil-cpp/absl/base/log_severity/log_severity.o
[2/2118] 1.64s S CXX obj/buildtools/third_party/libc++/libc++/mutex_destructor.o
[2/2118] 1.54s S CXX clang_x64/obj/buildtools/third_party/libc++/libc++/new_handler.o
[2/2118] 1.54s S CXX clang_x64/obj/buildtools/third_party/libc++/libc++/mutex_destructor.o
[1/2118] 1.37s S CXX clang_x64/obj/third_party/protobuf/protobuf_full_library/descriptor_database.o
[2/2118] 1.54s S CC obj/third_party/cpu_features/cpuinfo/hwcaps_freebsd_or_openbsd.o
[2/2118] 1.54s S CXX clang_x64/obj/buildtools/third_party/libc++/libc++/memory.o
[2/2118] 1.54s S CXX clang_x64/obj/buildtools/third_party/libc++/libc++/mutex.o
[2/2118] 1.54s S CXX clang_x64/obj/buildtools/third_party/libc++/libc++/iostream.o
[2/2118] 1.54s S CC obj/third_party/zlib/zlib_data_chunk_simd/inffast_chunk.o
[2/2118] 1.53s S CXX clang_x64/obj/buildtools/third_party/libc++/libc++/optional.o
[2/2118] 1.68s S CXX obj/buildtools/third_party/libc++/libc++/exception.o
[2/2118] 1.56s S CXX clang_x64/obj/buildtools/third_party/libc++/libc++/hash.o
[1/2118] 1.37s S CXX clang_x64/obj/buildtools/third_party/libc++/libc++/verbose_abort.o
[2/2118] 1.56s S CXX clang_x64/obj/buildtools/third_party/libc++/libc++/functional.o
[2/2118] 1.56s S CXX clang_x64/obj/buildtools/third_party/libc++/libc++/path.o
[2/2118] 1.69s S CXX clang_x64/obj/third_party/protobuf/protoc_java_full/string_field.o
[2/2118] 1.56s S CXX obj/buildtools/third_party/libc++/libc++/algorithm.o
[2/2118] 1.56s S CXX clang_x64/obj/buildtools/third_party/libc++/libc++/future.o
[2/2118] 1.56s S CXX clang_x64/obj/buildtools/third_party/libc++/libc++/filesystem_clock.o
[2/2118] 1.56s S CXX clang_x64/obj/buildtools/third_party/libc++/libc++/filesystem_error.o
[2/2118] 1.56s S CXX clang_x64/obj/buildtools/third_party/libc++/libc++/directory_iterator.o
[1/2118] 1.37s S CXX clang_x64/obj/third_party/abseil-cpp/absl/time/internal/cctz/time_zone/time_zone_fixed.o
[2/2118] 1.57s S CXX clang_x64/obj/buildtools/third_party/libc++/libc++/condition_variable_destructor.o
[2/2118] 1.56s S CXX clang_x64/obj/buildtools/third_party/libc++/libc++/exception.o
[2/2118] 1.57s S CXX clang_x64/obj/buildtools/third_party/libc++/libc++/error_category.o
[2/2118] 1.57s S CXX clang_x64/obj/buildtools/third_party/libc++/libc++/condition_variable.o
[2/2118] 1.57s S CXX clang_x64/obj/buildtools/third_party/libc++/libc++/chrono.o
[2/2118] 1.57s S CXX clang_x64/obj/buildtools/third_party/libc++/libc++/charconv.o
[2/2118] 1.57s S CXX clang_x64/obj/buildtools/third_party/libc++/libc++/call_once.o
[2/2118] 1.57s S CXX obj/buildtools/third_party/libc++/libc++/verbose_abort.o
[2/2118] 1.57s S CXX clang_x64/obj/buildtools/third_party/libc++/libc++/bind.o
[2/2118] 1.58s S CXX clang_x64/obj/third_party/protobuf/protoc_lib/code_generator.o
[2/2118] 1.57s S CXX clang_x64/obj/buildtools/third_party/libc++/libc++/barrier.o
[2/2118] 1.58s S CXX clang_x64/obj/third_party/protobuf/protoc_lib/versions.o
[2/2118] 1.58s S CXX clang_x64/obj/third_party/protobuf/protoc_lib/zip_writer.o
[2/2118] 1.56s S CXX clang_x64/obj/buildtools/third_party/libc++/libc++/operations.o
[1/2118] 1.37s S CC obj/buildtools/third_party/libunwind/libunwind/UnwindLevel1.o
[2/2118] 1.59s S CXX obj/buildtools/third_party/libc++/libc++/vector.o
[2/2118] 1.58s S CXX clang_x64/obj/third_party/protobuf/protoc_lib/retention.o
[2/2118] 1.59s S CXX obj/buildtools/third_party/libc++/libc++/variant.o
[2/2118] 1.59s S CXX clang_x64/obj/third_party/protobuf/protoc_lib/plugin.pb.o
[2/2118] 1.59s S CXX obj/buildtools/third_party/libc++/libc++/valarray.o
[2/2118] 1.59s S CXX obj/buildtools/third_party/libc++/libc++/thread.o
[2/2117] 1.72s S ACTION //third_party/perfetto/gn:gen_buildflags(//build/toolchain/linux:clang_x64)
[2/2118] 1.59s S CXX obj/buildtools/third_party/libc++/libc++/system_error.o
[2/2118] 1.59s S CXX clang_x64/obj/third_party/protobuf/protoc_lib/command_line_interface.o
[2/2118] 1.59s S CXX clang_x64/obj/third_party/protobuf/protoc_java_full/enum.o
[2/2118] 1.59s S CXX clang_x64/obj/third_party/protobuf/protoc_lib/plugin.o
[2/2118] 1.59s S CXX obj/buildtools/third_party/libc++/libc++/string.o
[1/2118] 1.39s S CXX clang_x64/obj/buildtools/third_party/libc++/libc++/string.o
[2/2118] 1.54s S CXX clang_x64/obj/buildtools/third_party/libc++/libc++/new_helpers.o
[1/2118] 1.37s S CXX clang_x64/obj/third_party/protobuf/protobuf_full_library/generated_message_bases.o
[2/2117] 1.73s S CXX clang_x64/obj/third_party/abseil-cpp/absl/synchronization/synchronization/notification.o
[2/2118] 1.67s S CXX clang_x64/obj/third_party/protobuf/protoc_java/context.o
[2/2118] 1.67s S CXX clang_x64/obj/third_party/protobuf/protoc_java/shared_code_generator.o
[2/2118] 1.67s S CXX clang_x64/obj/third_party/protobuf/protoc_java/names.o
[2/2118] 1.54s S CXX clang_x64/obj/buildtools/third_party/libc++/libc++/locale.o
[2/2118] 1.67s S CXX clang_x64/obj/third_party/protobuf/protoc_java/name_resolver.o
[2/2118] 1.67s S CXX clang_x64/obj/third_party/protobuf/protoc_java/message_serialization.o
[2/2118] 1.67s S CXX clang_x64/obj/third_party/protobuf/protoc_java/internal_helpers.o
[2/2118] 1.68s S CXX clang_x64/obj/third_party/protobuf/protoc_java/generator.o
[2/2117] 1.74s S CXX clang_x64/obj/third_party/protobuf/protoc_java/field_common.o
[2/2118] 1.68s S CXX clang_x64/obj/third_party/protobuf/protoc_java/file.o
[2/2118] 1.68s S CXX obj/buildtools/third_party/libc++/libc++/filesystem_error.o
[2/2118] 1.68s S CXX clang_x64/obj/third_party/protobuf/protobuf_full_library/symbol_checker.o
[2/2118] 1.68s S CXX obj/buildtools/third_party/libc++/libc++/directory_iterator.o
[2/2118] 1.68s S CXX obj/buildtools/third_party/libc++/libc++/filesystem_clock.o
[2/2118] 1.59s S CXX obj/buildtools/third_party/libc++/libc++/typeinfo.o
[2/2118] 1.70s S CXX clang_x64/obj/third_party/protobuf/protoc_java_full/service.o
[2/2117] 1.76s S CXX clang_x64/obj/third_party/protobuf/protoc_cpp/enum.o
[2/2117] 1.77s S CXX clang_x64/obj/third_party/protobuf/protobuf_full_library/dynamic_message.o
[2/2118] 1.70s S CXX clang_x64/obj/third_party/protobuf/protoc_java_full/primitive_field.o
[2/2118] 1.70s S CXX clang_x64/obj/third_party/protobuf/protoc_java_full/message_field.o
[2/2118] 1.70s S CXX obj/buildtools/third_party/libc++/libc++/memory.o
[2/2118] 1.70s S CXX clang_x64/obj/third_party/protobuf/protoc_java_full/message_builder.o
[2/2118] 1.70s S CXX obj/buildtools/third_party/libc++/libc++/locale.o
[2/2118] 1.70s S CXX clang_x64/obj/third_party/protobuf/protoc_java_full/map_field.o
[2/2117] 1.78s S CXX obj/third_party/abseil-cpp/absl/synchronization/synchronization/per_thread_sem.o
[2/2118] 1.70s S CXX clang_x64/obj/third_party/protobuf/protoc_java_full/make_field_gens.o
[2/2118] 1.70s S CXX clang_x64/obj/third_party/protobuf/protoc_java_full/generator_factory.o
[2/2118] 1.70s S CXX clang_x64/obj/third_party/protobuf/protoc_java_full/extension.o
[2/2118] 1.70s S CXX obj/buildtools/third_party/libc++/libc++/d2s.o
[2/2118] 1.70s S CXX clang_x64/obj/third_party/protobuf/protoc_python/generator.o
[2/2118] 1.70s S CXX obj/buildtools/third_party/libc++/libc++/iostream.o
[2/2118] 1.70s S CXX obj/buildtools/third_party/libc++/libc++/shared_mutex.o
[2/2118] 1.70s S CXX obj/buildtools/third_party/libc++/libc++/f2s.o
[2/2118] 1.70s S CXX obj/buildtools/third_party/libc++/libc++/d2fixed.o
[2/2118] 1.70s S CXX clang_x64/obj/third_party/protobuf/protoc_python/pyi_generator.o
[2/2118] 1.70s S CXX obj/buildtools/third_party/libc++/libc++/random_shuffle.o
[2/2118] 1.70s S CXX obj/buildtools/third_party/libc++/libc++/random.o
[2/2118] 1.70s S CXX obj/buildtools/third_party/libc++/libc++/optional.o
[2/2118] 1.70s S CXX obj/buildtools/third_party/libc++/libc++/ios.instantiations.o
[2/2118] 1.70s S CXX obj/buildtools/third_party/libc++/libc++/regex.o
[2/2118] 1.70s F ACTION //third_party/spirv-tools/src:spvtools_language_header_armexperimentalmloperations(//build/toolchain/android:android_clang_arm64)
[2/2117] 1.70s S CXX obj/buildtools/third_party/libc++/libc++/operations.o
[2/2117] 1.70s S CXX obj/buildtools/third_party/libc++/libc++/condition_variable_destructor.o
[2/2117] 1.70s S CXX obj/buildtools/third_party/libc++/libc++/ios.o
[2/2118] 1.70s S CXX obj/buildtools/third_party/libc++/libc++/error_category.o
[2/2117] 1.70s S CXX obj/buildtools/third_party/libc++/libc++/future.o
[2/2117] 1.70s S CXX obj/buildtools/third_party/libc++/libc++/functional.o
[2/2117] 1.70s S CXX obj/buildtools/third_party/libc++/libc++/path.o
[2/2117] 1.70s S CXX obj/buildtools/third_party/libc++/libc++/hash.o
[2/2117] 1.70s S CXX clang_x64/obj/third_party/protobuf/protoc_java_lite/primitive_field.o
[2/2117] 1.70s S CXX clang_x64/obj/third_party/protobuf/protoc_java_lite/message_field.o
[2/2117] 1.70s S CXX clang_x64/obj/third_party/protobuf/protoc_java_lite/message_builder.o
[2/2117] 1.70s S CXX clang_x64/obj/third_party/protobuf/protoc_java_lite/map_field.o
[2/2117] 1.70s S CXX clang_x64/obj/third_party/protobuf/protoc_java_lite/make_field_gens.o
[2/2117] 1.70s S CXX clang_x64/obj/third_party/protobuf/protoc_java_lite/generator_factory.o
[2/2117] 1.70s S CXX clang_x64/obj/third_party/protobuf/protoc_java_lite/extension.o
[2/2117] 1.70s S CXX obj/buildtools/third_party/libc++/libc++/condition_variable.o
[2/2117] 1.70s S ACTION //third_party/perfetto/gn:gen_buildflags(//build/toolchain/android:android_clang_arm64)
[2/2117] 1.70s S CXX clang_x64/obj/third_party/protobuf/protoc_java_lite/message.o
[2/2117] 1.72s S CXX clang_x64/obj/third_party/protobuf/protoc_java/helpers.o
[2/2117] 1.72s S CXX obj/buildtools/third_party/libc++/libc++/chrono.o
[2/2117] 1.73s S CXX obj/buildtools/third_party/libc++/libc++/charconv.o
[2/2117] 1.70s S CXX clang_x64/obj/third_party/protobuf/protoc_java_lite/string_field.o
[2/2117] 1.73s S CXX obj/buildtools/third_party/libc++/libc++/bind.o
[2/2117] 1.73s S CXX obj/buildtools/third_party/libc++/libc++/barrier.o
[2/2117] 1.73s S CXX obj/buildtools/third_party/libc++/libc++/atomic.o
[2/2118] 1.59s S CXX obj/buildtools/third_party/libc++/libc++/strstream.o
[2/2118] 1.58s S CXX clang_x64/obj/third_party/protobuf/protoc_lib/subprocess.o
[2/2118] 1.67s S CXX clang_x64/obj/third_party/protobuf/protoc_java/java_features.pb.o
[2/2117] 1.76s S CXX clang_x64/obj/third_party/protobuf/protoc_cpp/tracker.o
[2/2117] 1.73s S CXX obj/buildtools/third_party/libc++/libc++/call_once.o
[2/2117] 1.76s S CXX clang_x64/obj/third_party/protobuf/protoc_cpp/parse_function_generator.o
[2/2117] 1.76s S CXX clang_x64/obj/third_party/protobuf/protoc_cpp/namespace_printer.o
[2/2117] 1.76s S CXX clang_x64/obj/third_party/protobuf/protoc_cpp/message_layout_helper.o
[2/2117] 1.76s S CXX clang_x64/obj/third_party/protobuf/protoc_cpp/message.o
[2/2117] 1.76s S CXX clang_x64/obj/third_party/protobuf/protoc_cpp/service.o
[2/2117] 1.76s S CXX clang_x64/obj/third_party/protobuf/protoc_cpp/helpers.o
[2/2117] 1.76s S CXX clang_x64/obj/third_party/protobuf/protoc_cpp/generator.o
[2/2118] 1.70s S CXX obj/buildtools/third_party/libc++/libc++/mutex.o
[2/2117] 1.76s S CXX clang_x64/obj/third_party/protobuf/protoc_cpp/ifndef_guard.o
[2/2117] 1.77s S CXX clang_x64/obj/third_party/protobuf/protoc_cpp/field_chunk.o
[2/2117] 1.77s S CXX clang_x64/obj/third_party/protobuf/protoc_cpp/field.o
[2/2117] 1.78s S CXX clang_x64/obj/third_party/protobuf/protobuf_lite_library/generated_message_tctable_lite.o
[2/2117] 1.78s S CXX clang_x64/obj/third_party/protobuf/protoc_cpp/file.o
[2/2118] 1.70s S CXX clang_x64/obj/third_party/protobuf/protoc_java_full/message.o
[3/2117] 1.88s S CC obj/buildtools/third_party/libunwind/libunwind/Unwind-sjlj.o
[3/2117] 1.88s S CXX clang_x64/obj/third_party/protobuf/protoc_cpp/string_view_field.o
[3/2117] 1.88s S CXX clang_x64/obj/third_party/protobuf/protoc_cpp/string_field.o
[3/2117] 1.88s S CXX clang_x64/obj/third_party/protobuf/protoc_cpp/primitive_field.o
[3/2117] 1.88s S CXX clang_x64/obj/third_party/protobuf/protoc_cpp/message_field.o
[3/2117] 1.89s S CXX clang_x64/obj/third_party/protobuf/protoc_cpp/map_field.o
[3/2117] 1.89s S CXX clang_x64/obj/third_party/protobuf/protoc_cpp/enum_field.o
[3/2117] 1.89s S CXX clang_x64/obj/third_party/abseil-cpp/absl/hash/city/city.o
[3/2117] 1.89s S CXX clang_x64/obj/third_party/abseil-cpp/absl/base/spinlock_wait/spinlock_wait.o
[3/2117] 1.89s S CXX clang_x64/obj/third_party/abseil-cpp/absl/synchronization/synchronization/mutex.o
[3/2117] 1.90s F ACTION //third_party/spirv-tools/src:spvtools_language_header_debuginfo(//build/toolchain/android:android_clang_arm64)
[4/2116] 1.91s S CXX clang_x64/obj/third_party/abseil-cpp/absl/synchronization/synchronization/win32_waiter.o
[4/2116] 2.02s F ACTION //third_party/spirv-tools/src:spvtools_generators_inc(//build/toolchain/android:android_clang_arm64)
[5/2115] 2.36s F ACTION //third_party/spirv-tools/src:spvtools_language_header_vkdebuginfo(//build/toolchain/android:android_clang_arm64)
[6/2114] 2.47s F ACTION //third_party/spirv-tools/src:spvtools_language_header_graphdebuginfo(//build/toolchain/android:android_clang_arm64)
[7/2113] 2.53s F ACTION //third_party/spirv-tools/src:spvtools_core_tables(//build/toolchain/android:android_clang_arm64)
[8/2112] 2.72s F ACTION //third_party/perfetto/gn:gen_buildflags(//build/toolchain/linux:clang_x64)
[9/2111] 2.72s S CXX clang_x64/obj/third_party/perfetto/src/protozero/protoc_plugin/protozero_plugin/protozero_plugin.o
[9/2111] 2.72s S CXX clang_x64/obj/third_party/perfetto/src/base/base/string_view.o
[9/2111] 2.72s S CXX clang_x64/obj/third_party/perfetto/src/base/base/string_utils.o
[9/2111] 2.72s S CXX clang_x64/obj/third_party/perfetto/src/protozero/protoc_plugin/cppgen_plugin/cppgen_plugin.o
[9/2111] 2.72s S CXX clang_x64/obj/third_party/perfetto/src/base/base/string_splitter.o
[9/2111] 2.72s S CXX clang_x64/obj/third_party/perfetto/src/base/base/android_utils.o
[9/2111] 2.72s S CXX clang_x64/obj/third_party/perfetto/src/base/base/watchdog_posix.o
[9/2111] 2.72s S CXX clang_x64/obj/third_party/perfetto/src/base/base/waitable_event.o
[9/2111] 2.72s S CXX clang_x64/obj/third_party/perfetto/src/base/check_cpu_optimizations/check_cpu_optimizations.o
[9/2111] 2.72s S CXX clang_x64/obj/third_party/perfetto/src/base/base/subprocess_windows.o
[9/2111] 2.72s S CXX clang_x64/obj/third_party/perfetto/src/base/base/subprocess_posix.o
[9/2111] 2.73s S CXX clang_x64/obj/third_party/perfetto/src/base/base/cpu_info.o
[9/2111] 2.73s S CXX clang_x64/obj/third_party/perfetto/src/base/perfetto_base_default_platform/default_platform.o
[9/2111] 2.73s S CXX clang_x64/obj/third_party/perfetto/src/base/base/uuid.o
[9/2111] 2.73s S CXX clang_x64/obj/third_party/perfetto/src/base/base/thread_task_runner.o
[9/2111] 2.73s S CXX clang_x64/obj/third_party/perfetto/src/base/base/status.o
[9/2111] 2.73s S CXX clang_x64/obj/third_party/perfetto/src/base/base/utils.o
[9/2111] 2.73s S CXX clang_x64/obj/third_party/perfetto/src/base/base/unix_task_runner.o
[9/2111] 2.73s S CXX clang_x64/obj/third_party/perfetto/src/base/base/time.o
[9/2111] 2.73s S CXX clang_x64/obj/third_party/perfetto/src/base/base/lock_free_task_runner.o
[9/2111] 2.73s S CXX clang_x64/obj/third_party/perfetto/src/base/base/intrusive_tree.o
[9/2111] 2.73s S CXX clang_x64/obj/third_party/perfetto/src/base/base/subprocess.o
[9/2111] 2.73s S CXX clang_x64/obj/third_party/perfetto/src/base/base/intrusive_list.o
[9/2111] 2.73s S CXX clang_x64/obj/third_party/perfetto/src/base/base/thread_utils.o
[9/2111] 2.73s S CXX clang_x64/obj/third_party/perfetto/src/base/base/weak_runner.o
[9/2111] 2.74s S CXX clang_x64/obj/third_party/perfetto/src/base/base/getopt_compat.o
[9/2111] 2.74s S CXX clang_x64/obj/third_party/perfetto/src/base/base/event_fd.o
[9/2111] 2.74s S CXX clang_x64/obj/third_party/perfetto/src/base/base/paged_memory.o
[9/2111] 2.74s S CXX clang_x64/obj/third_party/perfetto/src/base/base/string_view_splitter.o
[9/2111] 2.74s S CXX clang_x64/obj/third_party/perfetto/src/base/base/scoped_sched_boost.o
[9/2111] 2.74s S CXX clang_x64/obj/third_party/perfetto/src/base/base/thread_checker.o
[9/2111] 2.74s S CXX clang_x64/obj/third_party/perfetto/src/base/base/scoped_mmap.o
[9/2111] 2.74s S CXX clang_x64/obj/third_party/perfetto/src/base/base/metatrace.o
[9/2111] 2.74s S CXX clang_x64/obj/third_party/perfetto/src/base/base/rt_mutex.o
[9/2111] 2.74s S CXX clang_x64/obj/third_party/perfetto/src/base/base/temp_file.o
[9/2111] 2.74s S CXX clang_x64/obj/third_party/perfetto/src/base/base/logging.o
[9/2111] 2.74s S CXX clang_x64/obj/third_party/perfetto/src/base/base/pipe.o
[9/2111] 2.74s S CXX clang_x64/obj/third_party/perfetto/src/base/base/ctrl_c_handler.o
[9/2111] 2.74s S CXX clang_x64/obj/third_party/perfetto/src/base/base/file_utils.o
[9/2111] 2.74s S CXX clang_x64/obj/third_party/perfetto/src/base/base/periodic_task.o
[9/2111] 2.74s S CXX clang_x64/obj/third_party/perfetto/src/base/base/crash_keys.o
[9/2111] 2.74s S CXX clang_x64/obj/third_party/perfetto/src/base/base/virtual_destructors.o
[9/2111] 2.75s S CXX clang_x64/obj/third_party/perfetto/src/base/base/base64.o
[9/2111] 2.75s S CXX clang_x64/obj/third_party/perfetto/src/base/base/dynamic_string_writer.o
[9/2111] 2.80s F CXX clang_x64/obj/third_party/abseil-cpp/absl/log/internal/fnmatch/fnmatch.o
[10/2110] 2.88s F ACTION //third_party/spirv-tools/src:spvtools_language_header_cldebuginfo100(//build/toolchain/android:android_clang_arm64)
[11/2109] 3.14s F ACTION //third_party/spirv-tools/src:spvtools_language_header_debugprintf(//build/toolchain/android:android_clang_arm64)
[12/2107] 3.14s S CXX obj/third_party/spirv-tools/src/spvtools_val/construct.o
[12/2106] 3.14s S CXX obj/third_party/spirv-tools/src/spvtools/binary.o
[12/2106] 3.14s S CXX obj/third_party/spirv-tools/src/spvtools_val/basic_block.o
[12/2106] 3.15s S CXX obj/third_party/spirv-tools/src/spvtools_val/validate_composites.o
[12/2106] 3.15s S CXX obj/third_party/spirv-tools/src/spvtools_val/validate_invalid_type.o
[12/2106] 3.15s S CXX obj/third_party/spirv-tools/src/spvtools_val/validate_type.o
[12/2106] 3.15s S CXX obj/third_party/spirv-tools/src/spvtools_val/validate_tensor_layout.o
[12/2106] 3.15s S CXX obj/third_party/spirv-tools/src/spvtools/text_handler.o
[12/2106] 3.15s S CXX obj/third_party/spirv-tools/src/spvtools_val/validate_tensor.o
[12/2106] 3.15s S CXX obj/third_party/spirv-tools/src/spvtools_val/validate_cfg.o
[12/2106] 3.15s S CXX obj/third_party/spirv-tools/src/spvtools_val/validate_capability.o
[12/2106] 3.15s S CXX obj/third_party/spirv-tools/src/spvtools_val/validate_layout.o
[12/2106] 3.15s S CXX obj/third_party/spirv-tools/src/spvtools_val/validate_explicit_layout.o
[12/2106] 3.15s S CXX obj/third_party/spirv-tools/src/spvtools_val/validate_builtins.o
[12/2106] 3.15s S CXX obj/third_party/spirv-tools/src/spvtools_val/validate_barriers.o
[12/2106] 3.15s S CXX obj/third_party/spirv-tools/src/spvtools_val/validation_state.o
[12/2106] 3.16s S CXX obj/third_party/spirv-tools/src/spvtools/parsed_operand.o
[12/2106] 3.16s S CXX obj/third_party/spirv-tools/src/spvtools/timer.o
[12/2106] 3.16s S CXX obj/third_party/spirv-tools/src/spvtools_val/validate_bitwise.o
[12/2106] 3.16s S CXX obj/third_party/spirv-tools/src/spvtools_val/validate_annotation.o
[12/2106] 3.16s S CXX obj/third_party/spirv-tools/src/spvtools_val/validate_ray_tracing_reorder.o
[12/2106] 3.16s S CXX obj/third_party/spirv-tools/src/spvtools_val/validate_adjacency.o
[12/2106] 3.16s S CXX obj/third_party/spirv-tools/src/spvtools_val/validate_small_type_uses.o
[12/2106] 3.16s S CXX obj/third_party/spirv-tools/src/spvtools_val/validate_ray_tracing.o
[12/2106] 3.16s S CXX obj/third_party/spirv-tools/src/spvtools_val/validate_scopes.o
[12/2106] 3.16s S CXX obj/third_party/spirv-tools/src/spvtools_val/validate_execution_limitations.o
[12/2106] 3.16s S CXX obj/third_party/spirv-tools/src/spvtools_val/validate_atomics.o
[12/2106] 3.16s S CXX obj/third_party/spirv-tools/src/spvtools_val/validate.o
[12/2106] 3.16s S CXX obj/third_party/spirv-tools/src/spvtools_val/validate_pipe.o
[12/2106] 3.16s S CXX obj/third_party/spirv-tools/src/spvtools_val/function.o
[12/2106] 3.16s S CXX obj/third_party/spirv-tools/src/spvtools/assembly_grammar.o
[12/2106] 3.17s S CXX obj/third_party/spirv-tools/src/spvtools_val/validate_ray_query.o
[12/2106] 3.17s S CXX obj/third_party/spirv-tools/src/spvtools_val/validate_misc.o
[12/2106] 3.17s S CXX obj/third_party/spirv-tools/src/spvtools_val/validate_mesh_shading.o
[12/2106] 3.17s S CXX obj/third_party/spirv-tools/src/spvtools_val/validate_constants.o
[12/2106] 3.17s S CXX obj/third_party/spirv-tools/src/spvtools_val/validate_non_uniform.o
[12/2106] 3.17s S CXX obj/third_party/spirv-tools/src/spvtools_val/validate_mode_setting.o
[12/2106] 3.17s S CXX obj/third_party/spirv-tools/src/spvtools_val/validate_logicals.o
[12/2106] 3.17s S CXX obj/third_party/spirv-tools/src/spvtools/libspirv.o
[12/2106] 3.17s S CXX obj/third_party/spirv-tools/src/spvtools_val/validate_primitives.o
[12/2106] 3.17s S CXX obj/third_party/spirv-tools/src/spvtools/ext_inst.o
[12/2106] 3.17s S CXX obj/third_party/spirv-tools/src/spvtools_val/validate_literals.o
[12/2106] 3.17s S CXX obj/third_party/spirv-tools/src/spvtools_val/validate_extensions.o
[12/2106] 3.17s S CXX obj/third_party/spirv-tools/src/spvtools_val/validate_interfaces.o
[12/2106] 3.17s S CXX obj/third_party/spirv-tools/src/spvtools_val/validate_instruction.o
[12/2106] 3.17s S CXX obj/third_party/spirv-tools/src/spvtools_val/validate_image.o
[12/2106] 3.17s S CXX obj/third_party/spirv-tools/src/spvtools_val/validate_group.o
[12/2106] 3.17s S CXX obj/third_party/spirv-tools/src/spvtools_val/validate_graph.o
[12/2106] 3.17s S CXX obj/third_party/spirv-tools/src/spvtools_val/validate_function.o
[12/2106] 3.18s S CXX obj/third_party/spirv-tools/src/spvtools/parse_number.o
[12/2106] 3.18s S CXX obj/third_party/spirv-tools/src/spvtools_val/validate_logical_pointers.o
[12/2106] 3.18s S CXX obj/third_party/spirv-tools/src/spvtools/print.o
[12/2106] 3.18s S CXX obj/third_party/spirv-tools/src/spvtools/name_mapper.o
[12/2106] 3.18s S CXX obj/third_party/spirv-tools/src/spvtools_val/validate_id.o
[12/2106] 3.18s S CXX obj/third_party/spirv-tools/src/spvtools/spirv_validator_options.o
[12/2106] 3.18s S CXX obj/third_party/spirv-tools/src/spvtools/spirv_target_env.o
[12/2106] 3.18s S CXX obj/third_party/spirv-tools/src/spvtools/spirv_optimizer_options.o
[12/2106] 3.18s S CXX obj/third_party/spirv-tools/src/spvtools/text.o
[12/2106] 3.18s S CXX obj/third_party/spirv-tools/src/spvtools_val/validate_arithmetics.o
[12/2106] 3.18s S CXX obj/third_party/spirv-tools/src/spvtools/spirv_endian.o
[12/2106] 3.18s S CXX obj/third_party/spirv-tools/src/spvtools/bit_vector.o
[12/2106] 3.18s S CXX obj/third_party/spirv-tools/src/spvtools/spirv_fuzzer_options.o
[12/2106] 3.18s S CXX obj/third_party/spirv-tools/src/spvtools/to_string.o
[12/2106] 3.18s S CXX obj/third_party/spirv-tools/src/spvtools_val/validate_dot_product.o
[12/2106] 3.18s S CXX obj/third_party/spirv-tools/src/spvtools_val/validate_derivatives.o
[12/2106] 3.18s S CXX obj/third_party/spirv-tools/src/spvtools_val/instruction.o
[12/2106] 3.18s S CXX obj/third_party/spirv-tools/src/spvtools_val/validate_debug.o
[12/2106] 3.18s S CXX obj/third_party/spirv-tools/src/spvtools_val/validate_conversion.o
[12/2106] 3.18s S CXX obj/third_party/spirv-tools/src/spvtools/table2.o
[12/2106] 3.19s S CXX obj/third_party/spirv-tools/src/spvtools_val/validate_memory_semantics.o
[12/2106] 3.18s S CXX obj/third_party/spirv-tools/src/spvtools_val/validate_memory.o
[12/2106] 3.18s S CXX obj/third_party/spirv-tools/src/spvtools/opcode.o
[12/2106] 3.18s S CXX obj/third_party/spirv-tools/src/spvtools/table.o
[12/2106] 3.18s S CXX obj/third_party/spirv-tools/src/spvtools/disassemble.o
[12/2106] 3.18s S CXX obj/third_party/spirv-tools/src/spvtools/operand.o
[12/2106] 3.18s S CXX obj/third_party/spirv-tools/src/spvtools/diagnostic.o
[12/2106] 3.18s S CXX obj/third_party/spirv-tools/src/spvtools/extensions.o
[12/2106] 3.18s S CXX obj/third_party/spirv-tools/src/spvtools/string_utils.o
[12/2106] 3.18s S CXX obj/third_party/spirv-tools/src/spvtools/spirv_reducer_options.o
[12/2106] 3.18s S CXX obj/third_party/spirv-tools/src/spvtools_val/validate_decorations.o
[12/2106] 3.31s F ACTION //:angle_program_version_id(//build/toolchain/android:android_clang_arm64)
[13/2105] 3.34s F ACTION //third_party/perfetto/gn:gen_buildflags(//build/toolchain/android:android_clang_arm64)
[14/2103] 3.34s S CXX obj/third_party/perfetto/src/protozero/protozero/field.o
[14/2103] 3.34s S CXX obj/third_party/perfetto/src/protozero/protozero/gen_field_helpers.o
[14/2103] 3.34s S CXX obj/third_party/perfetto/src/protozero/protozero/message_arena.o
[14/2103] 3.34s S CXX obj/third_party/perfetto/src/protozero/protozero/virtual_destructors.o
[14/2103] 3.34s S CXX obj/third_party/perfetto/src/base/base/status.o
[14/2103] 3.34s S CXX obj/third_party/perfetto/src/base/base/scoped_sched_boost.o
[14/2103] 3.34s S CXX obj/third_party/perfetto/src/protozero/protozero/scattered_stream_null_delegate.o
[14/2103] 3.34s S CXX obj/third_party/perfetto/src/base/base/scoped_mmap.o
[14/2103] 3.34s S CXX obj/third_party/perfetto/src/base/base/ctrl_c_handler.o
[14/2103] 3.34s S CXX obj/third_party/perfetto/src/base/base/rt_mutex.o
[14/2103] 3.34s S CXX obj/third_party/perfetto/src/base/base/string_splitter.o
[14/2103] 3.34s S CXX obj/third_party/perfetto/src/base/base/pipe.o
[14/2103] 3.35s S CXX obj/third_party/perfetto/src/protozero/protozero/scattered_heap_buffer.o
[14/2103] 3.35s S CXX obj/third_party/perfetto/src/protozero/protozero/message.o
[14/2103] 3.35s S CXX obj/third_party/perfetto/src/protozero/filtering/bytecode_parser/filter_bytecode_parser.o
[14/2103] 3.35s S CXX obj/third_party/perfetto/src/base/base/crash_keys.o
[14/2103] 3.35s S CXX obj/third_party/perfetto/src/protozero/filtering/string_filter/string_filter.o
[14/2103] 3.35s S CXX obj/third_party/perfetto/src/base/base/cpu_info.o
[14/2103] 3.35s S CXX obj/third_party/perfetto/src/base/regex/regex/regex.o
[14/2103] 3.35s S CXX obj/third_party/perfetto/src/base/base/base64.o
[14/2103] 3.35s S CXX obj/third_party/perfetto/src/base/base/string_utils.o
[14/2103] 3.35s S CXX obj/third_party/perfetto/src/protozero/protozero/proto_decoder.o
[14/2103] 3.35s S CXX obj/third_party/perfetto/src/base/base/periodic_task.o
[14/2103] 3.35s S CXX obj/third_party/perfetto/src/base/base/android_utils.o
[14/2103] 3.35s S CXX obj/third_party/perfetto/src/base/base/paged_memory.o
[14/2103] 3.35s S CXX obj/third_party/perfetto/src/base/version/version.o
[14/2103] 3.35s S CXX obj/third_party/perfetto/src/base/base/dynamic_string_writer.o
[14/2103] 3.35s S CXX obj/third_party/perfetto/src/base/base/metatrace.o
[14/2103] 3.35s S CXX obj/third_party/perfetto/src/base/base/logging.o
[14/2103] 3.35s S CXX obj/third_party/perfetto/src/protozero/protozero/packed_repeated_fields.o
[14/2103] 3.35s S CXX obj/third_party/perfetto/src/protozero/protozero/static_buffer.o
[14/2103] 3.35s S CXX obj/third_party/perfetto/src/base/base/getopt_compat.o
[14/2103] 3.35s F ACTION //:angle_commit_id(//build/toolchain/android:android_clang_arm64)
[15/2100] 3.35s S CXX obj/third_party/perfetto/src/android_stats/android_stats/statsd_logging_helper.o
[15/2100] 3.35s S CXX obj/angle_version_info/angle_version_info.o
[15/2100] 3.36s S CXX obj/third_party/perfetto/src/base/base/intrusive_tree.o
[15/2100] 3.36s S CXX obj/third_party/perfetto/src/base/base/string_view.o
[15/2100] 3.36s S CXX obj/third_party/perfetto/src/base/base/waitable_event.o
[15/2100] 3.36s S CXX obj/third_party/perfetto/src/base/base/intrusive_list.o
[15/2100] 3.36s S CXX obj/third_party/perfetto/src/base/base/thread_checker.o
[15/2100] 3.36s S CXX obj/third_party/perfetto/src/base/base/virtual_destructors.o
[15/2100] 3.36s S CXX obj/third_party/perfetto/src/protozero/filtering/message_filter/message_filter.o
[15/2100] 3.36s S CXX obj/third_party/perfetto/src/base/base/uuid.o
[15/2100] 3.36s S CXX obj/third_party/perfetto/src/base/base/utils.o
[15/2100] 3.36s S CXX obj/third_party/perfetto/src/base/base/string_view_splitter.o
[15/2100] 3.36s S CXX obj/third_party/perfetto/src/base/base/time.o
[15/2100] 3.36s S CXX obj/third_party/perfetto/src/base/perfetto_base_default_platform/default_platform.o
[15/2099] 3.36s S CXX obj/third_party/perfetto/src/base/base/thread_task_runner.o
[15/2099] 3.36s S CXX obj/third_party/perfetto/src/base/base/thread_utils.o
[15/2099] 3.36s S CXX obj/third_party/perfetto/src/base/base/lock_free_task_runner.o
[15/2099] 3.36s S CXX obj/third_party/perfetto/src/protozero/protozero/scattered_stream_writer.o
[15/2099] 3.37s S CXX obj/third_party/perfetto/src/base/base/unix_task_runner.o
[15/2099] 3.37s S CXX obj/third_party/perfetto/src/base/base/weak_runner.o
[15/2099] 3.37s S CXX obj/third_party/perfetto/src/base/base/subprocess.o
[15/2099] 3.37s S CXX obj/third_party/perfetto/src/base/base/watchdog_posix.o
[15/2099] 3.37s S CXX obj/third_party/perfetto/src/base/base/event_fd.o
[15/2099] 3.37s S CXX obj/third_party/perfetto/src/base/base/subprocess_posix.o
[15/2099] 3.37s S CXX obj/third_party/perfetto/src/base/check_cpu_optimizations/check_cpu_optimizations.o
[15/2099] 3.37s S CXX obj/third_party/perfetto/src/base/base/temp_file.o
[15/2099] 3.37s S CXX obj/third_party/perfetto/src/base/base/subprocess_windows.o
[15/2099] 3.37s S CXX obj/third_party/perfetto/src/base/base/file_utils.o
[15/2099] 3.83s F CXX clang_x64/obj/third_party/abseil-cpp/absl/log/internal/proto/proto.o
[16/2099] 4.01s F CXX clang_x64/obj/third_party/abseil-cpp/absl/hash/hash/hash.o
[17/2099] 4.87s F CXX clang_x64/obj/third_party/abseil-cpp/absl/log/log_entry/log_entry.o
[18/2099] 4.97s F CXX clang_x64/obj/third_party/abseil-cpp/absl/strings/internal/utf8.o
[19/2098] 5.18s F CXX clang_x64/obj/third_party/abseil-cpp/absl/random/internal/randen_hwaes/randen_detect.o
[20/2098] 5.23s F CXX clang_x64/obj/third_party/abseil-cpp/absl/random/internal/entropy_pool/entropy_pool.o
[21/2098] 5.40s F CXX clang_x64/obj/third_party/abseil-cpp/absl/random/seed_sequences/seed_sequences.o
[22/2098] 5.89s F CXX clang_x64/obj/third_party/protobuf/protobuf_lite_library/zero_copy_stream_impl_lite.o
[23/2098] 5.90s F CXX clang_x64/obj/third_party/abseil-cpp/absl/debugging/decode_rust_punycode/decode_rust_punycode.o
[24/2098] 6.41s F CXX clang_x64/obj/third_party/abseil-cpp/absl/synchronization/synchronization/waiter_base.o
[25/2098] 6.43s F CXX clang_x64/obj/third_party/abseil-cpp/absl/synchronization/synchronization/win32_waiter.o
[26/2098] 6.64s F CXX clang_x64/obj/third_party/abseil-cpp/absl/synchronization/synchronization/per_thread_sem.o
[27/2098] 6.91s F CXX clang_x64/obj/third_party/abseil-cpp/absl/debugging/demangle_rust/demangle_rust.o
[28/2098] 7.03s F CXX clang_x64/obj/third_party/abseil-cpp/absl/synchronization/synchronization/futex_waiter.o
[29/2098] 7.52s F CXX clang_x64/obj/third_party/abseil-cpp/absl/time/internal/cctz/time_zone/zone_info_source.o
[30/2098] 7.98s F CXX clang_x64/obj/third_party/abseil-cpp/absl/crc/crc_cord_state/crc_cord_state.o
[31/2098] 8.11s F CXX clang_x64/obj/third_party/abseil-cpp/absl/synchronization/synchronization/sem_waiter.o
[32/2098] 8.23s F CXX clang_x64/obj/third_party/abseil-cpp/absl/time/internal/cctz/time_zone/time_zone_info.o
[33/2098] 8.69s F CXX clang_x64/obj/third_party/abseil-cpp/absl/synchronization/synchronization/pthread_waiter.o
[34/2098] 9.20s F CXX clang_x64/obj/third_party/abseil-cpp/absl/crc/crc32c/crc32c.o
[35/2098] 9.49s F CXX clang_x64/obj/third_party/abseil-cpp/absl/log/log_sink/log_sink.o
[36/2098] 9.95s F CXX clang_x64/obj/third_party/abseil-cpp/absl/crc/crc32c/crc_non_temporal_memcpy.o
[37/2098] 10.49s F CXX clang_x64/obj/third_party/abseil-cpp/absl/strings/cord_internal/cord_internal.o
[38/2098] 10.64s F CXX clang_x64/obj/third_party/abseil-cpp/absl/strings/cord_internal/cord_rep_consume.o
[39/2098] 11.55s F CXX clang_x64/obj/third_party/abseil-cpp/absl/hash/city/city.o
[40/2098] 11.72s F CXX clang_x64/obj/third_party/abseil-cpp/absl/base/spinlock_wait/spinlock_wait.o
[41/2097] 11.83s F CXX clang_x64/obj/third_party/abseil-cpp/absl/crc/crc32c/crc_memcpy_x86_arm_combined.o
[42/2097] 13.03s F CXX clang_x64/obj/third_party/abseil-cpp/absl/strings/cord/cord.o
[43/2097] 13.07s F CC clang_x64/obj/third_party/protobuf/utf8_range/utf8_range.o
[44/2097] 13.41s F CXX clang_x64/obj/third_party/abseil-cpp/absl/strings/cord_internal/cord_rep_crc.o
[44/2097] 13.42s F CXX clang_x64/obj/third_party/abseil-cpp/absl/synchronization/synchronization/mutex.o
[46/2097] 13.90s F CXX clang_x64/obj/third_party/abseil-cpp/absl/strings/internal/escaping.o
[47/2097] 13.94s F CXX clang_x64/obj/third_party/abseil-cpp/absl/random/internal/randen/randen.o
[48/2097] 14.48s F CXX clang_x64/obj/third_party/abseil-cpp/absl/strings/strings/str_replace.o
[49/2097] 14.54s F CXX clang_x64/obj/third_party/abseil-cpp/absl/strings/strings/str_split.o
[50/2097] 15.71s F CXX clang_x64/obj/third_party/protobuf/protobuf_lite_library/generated_message_tctable_lite.o
[51/2097] 15.73s F CXX clang_x64/obj/third_party/abseil-cpp/absl/crc/crc_internal/crc.o
[52/2097] 15.76s F CXX clang_x64/obj/third_party/abseil-cpp/absl/log/internal/globals/globals.o
[53/2097] 16.17s F CXX clang_x64/obj/third_party/protobuf/protobuf_lite_library/zero_copy_stream.o
[54/2097] 16.78s F CXX clang_x64/obj/third_party/abseil-cpp/absl/random/distributions/gaussian_distribution.o
[55/2097] 17.69s F CXX clang_x64/obj/third_party/abseil-cpp/absl/debugging/symbolize/symbolize.o
[56/2097] 18.04s F CXX clang_x64/obj/third_party/abseil-cpp/absl/base/base/thread_identity.o
[57/2097] 18.37s F CXX clang_x64/obj/third_party/abseil-cpp/absl/time/time/duration.o
[58/2097] 18.94s F CXX clang_x64/obj/third_party/abseil-cpp/absl/debugging/stacktrace/stacktrace.o
[59/2097] 19.04s F CXX clang_x64/obj/third_party/abseil-cpp/absl/strings/strings/str_cat.o
[60/2097] 20.53s F CXX clang_x64/obj/third_party/abseil-cpp/absl/strings/cord_internal/cord_rep_btree_navigator.o
[61/2097] 20.73s F CXX clang_x64/obj/third_party/abseil-cpp/absl/synchronization/synchronization/create_thread_identity.o
[62/2097] 20.78s F CXX clang_x64/obj/third_party/protobuf/protobuf_lite_library/arenaz_sampler.o
[63/2097] 21.04s F CXX clang_x64/obj/third_party/protobuf/protobuf_lite_library/extension_set.o
[64/2097] 22.12s F CXX clang_x64/obj/third_party/abseil-cpp/absl/strings/strings/stringify_sink.o
[65/2097] 22.18s F CXX clang_x64/obj/third_party/abseil-cpp/absl/strings/strings/substitute.o
[66/2097] 22.31s F CXX clang_x64/obj/third_party/abseil-cpp/absl/strings/strings/match.o
[67/2097] 22.83s F CXX clang_x64/obj/third_party/protobuf/protobuf_lite_library/printer.o
[68/2097] 22.90s F CXX clang_x64/obj/third_party/abseil-cpp/absl/strings/strings/damerau_levenshtein_distance.o
[69/2097] 23.19s F CXX clang_x64/obj/third_party/abseil-cpp/absl/random/distributions/discrete_distribution.o
[70/2097] 24.16s F CXX clang_x64/obj/third_party/abseil-cpp/absl/debugging/demangle_internal/demangle.o
[71/2097] 24.25s F CXX clang_x64/obj/third_party/abseil-cpp/absl/strings/cord/cord_analysis.o
[72/2097] 24.37s F CXX clang_x64/obj/third_party/abseil-cpp/absl/strings/strings/numbers.o
[73/2097] 24.64s F CXX clang_x64/obj/third_party/abseil-cpp/absl/strings/cord_internal/cord_rep_btree_reader.o
[74/2097] 24.90s F CXX clang_x64/obj/third_party/abseil-cpp/absl/debugging/debugging_internal/elf_mem_image.o
[75/2097] 25.17s F CXX clang_x64/obj/third_party/abseil-cpp/absl/base/base/sysinfo.o
[76/2097] 25.81s F CXX clang_x64/obj/third_party/abseil-cpp/absl/strings/strings/charconv_bigint.o
[77/2097] 25.90s F CXX clang_x64/obj/third_party/abseil-cpp/absl/base/base/unscaledcycleclock.o
[78/2097] 26.59s F CXX clang_x64/obj/third_party/abseil-cpp/absl/strings/strings/escaping.o
[79/2097] 26.88s F CXX clang_x64/obj/third_party/protobuf/protobuf_lite_library/strtod.o
[80/2097] 27.00s F CXX clang_x64/obj/third_party/protobuf/protobuf_lite_library/inlined_string_field.o
[81/2097] 27.14s F CXX clang_x64/obj/third_party/abseil-cpp/absl/random/seed_gen_exception/seed_gen_exception.o
[82/2097] 27.93s F CXX clang_x64/obj/third_party/abseil-cpp/absl/log/internal/vlog_config/vlog_config.o
[83/2097] 28.20s F CXX clang_x64/obj/third_party/abseil-cpp/absl/container/hashtablez_sampler/hashtablez_sampler_force_weak_definition.o
[84/2097] 28.23s F CXX clang_x64/obj/third_party/abseil-cpp/absl/crc/crc32c/crc_memcpy_fallback.o
[85/2097] 28.66s F CXX clang_x64/obj/third_party/abseil-cpp/absl/strings/str_format_internal/arg.o
[86/2097] 28.70s F CXX clang_x64/obj/third_party/abseil-cpp/absl/strings/strings/ascii.o
[87/2097] 28.90s F CXX clang_x64/obj/third_party/abseil-cpp/absl/strings/strings/memutil.o
[88/2097] 28.96s F CXX clang_x64/obj/third_party/abseil-cpp/absl/strings/strings/charconv_parse.o
[89/2096] 29.03s F CXX clang_x64/obj/third_party/abseil-cpp/absl/base/strerror/strerror.o
[90/2096] 29.72s F CXX clang_x64/obj/third_party/abseil-cpp/absl/base/base/casts.o
[91/2096] 30.75s F CXX clang_x64/obj/third_party/protobuf/protobuf_lite_library/zero_copy_sink.o
[92/2096] 30.81s F CXX clang_x64/obj/third_party/abseil-cpp/absl/types/source_location/source_location.o
[93/2095] 31.63s F CXX clang_x64/obj/third_party/protobuf/protobuf_lite_library/implicit_weak_message.o
[94/2095] 31.70s F CXX clang_x64/obj/third_party/abseil-cpp/absl/container/raw_hash_set/raw_hash_set.o
[95/2095] 31.83s F CXX clang_x64/obj/third_party/abseil-cpp/absl/strings/cord_internal/cord_rep_btree.o
[96/2094] 32.54s F CXX clang_x64/obj/third_party/abseil-cpp/absl/time/internal/cctz/civil_time/civil_time_detail.o
[97/2094] 33.30s F CXX clang_x64/obj/third_party/abseil-cpp/absl/log/internal/format/log_format.o
[98/2094] 33.42s F CXX clang_x64/obj/third_party/protobuf/protobuf_lite_library/coded_stream.o
[99/2094] 33.53s F CXX clang_x64/obj/third_party/abseil-cpp/absl/log/internal/check_op/check_op.o
[100/2094] 34.48s F CXX clang_x64/obj/third_party/abseil-cpp/absl/time/time/clock.o
[101/2094] 34.52s F CXX clang_x64/obj/third_party/abseil-cpp/absl/debugging/leak_check/leak_check.o
[102/2093] 35.55s F CXX clang_x64/obj/third_party/abseil-cpp/absl/base/malloc_internal/low_level_alloc.o
[103/2093] 35.91s F CXX clang_x64/obj/third_party/protobuf/protobuf_lite_library/map.o
[104/2093] 36.74s F CXX clang_x64/obj/third_party/protobuf/protobuf_lite_library/message_lite.o
[105/2093] 36.91s F CXX clang_x64/obj/third_party/abseil-cpp/absl/time/clock_interface/clock_interface.o
[106/2093] 37.00s F CXX clang_x64/obj/third_party/protobuf/protobuf_lite_library/parse_context.o
[107/2093] 38.25s F CXX clang_x64/obj/third_party/protobuf/protobuf_lite_library/micro_string.o
[108/2093] 38.28s F CXX clang_x64/obj/third_party/abseil-cpp/absl/synchronization/graphcycles_internal/graphcycles.o
[109/2093] 39.30s F CXX clang_x64/obj/third_party/protobuf/protobuf_lite_library/port.o
[110/2093] 39.43s F CXX clang_x64/obj/third_party/protobuf/protobuf_lite_library/any_lite.o
[111/2093] 40.53s F CXX clang_x64/obj/third_party/protobuf/protobuf_lite_library/zero_copy_stream_impl.o
[112/2093] 40.79s F CXX clang_x64/obj/third_party/abseil-cpp/absl/strings/str_format_internal/bind.o
[113/2093] 40.80s F CXX clang_x64/obj/third_party/protobuf/protobuf_lite_library/repeated_field.o
[114/2093] 40.86s F CXX clang_x64/obj/third_party/abseil-cpp/absl/log/globals/globals.o
[115/2093] 41.34s F CXX clang_x64/obj/third_party/protobuf/protobuf_lite_library/raw_ptr.o
[116/2093] 41.70s F CXX clang_x64/obj/third_party/abseil-cpp/absl/debugging/examine_stack/examine_stack.o
[117/2093] 42.15s F CXX clang_x64/obj/third_party/abseil-cpp/absl/synchronization/synchronization/blocking_counter.o
[118/2093] 42.45s F CXX clang_x64/obj/third_party/abseil-cpp/absl/log/internal/log_message/log_message.o
[119/2093] 42.49s F CXX clang_x64/obj/third_party/abseil-cpp/absl/time/internal/cctz/time_zone/time_zone_if.o
[120/2093] 43.10s F CXX clang_x64/obj/third_party/abseil-cpp/absl/base/base/spinlock.o
[121/2093] 43.81s F CXX clang_x64/obj/third_party/protobuf/protobuf_lite_library/arena.o
[122/2093] 44.66s F CXX clang_x64/obj/third_party/abseil-cpp/absl/status/statusor/statusor.o
[123/2093] 44.68s F CXX clang_x64/obj/third_party/protobuf/protobuf_lite_library/common.o
[124/2093] 44.71s F CXX clang_x64/obj/third_party/abseil-cpp/absl/base/tracing_internal/tracing.o
[125/2092] 45.64s F CXX clang_x64/obj/third_party/protobuf/protobuf_lite_library/repeated_ptr_field.o
[126/2092] 46.02s F CXX clang_x64/obj/third_party/abseil-cpp/absl/strings/strings/charconv.o
[127/2092] 46.17s F CXX clang_x64/obj/third_party/abseil-cpp/absl/strings/cordz_handle/cordz_handle.o
[128/2092] 46.50s F CXX clang_x64/obj/third_party/protobuf/protobuf_lite_library/unknown_field_set_lite.o
[129/2092] 46.66s F CXX clang_x64/obj/third_party/protobuf/protobuf_lite_library/arena_allocation_policy.o
[130/2092] 47.17s F CXX clang_x64/obj/third_party/protobuf/protobuf_lite_library/arena_align.o
[131/2092] 47.34s F CXX clang_x64/obj/third_party/abseil-cpp/absl/log/internal/nullguard/nullguard.o
[132/2091] 48.14s F CXX clang_x64/obj/third_party/abseil-cpp/absl/debugging/failure_signal_handler/failure_signal_handler.o
[133/2091] 48.46s F CXX clang_x64/obj/third_party/abseil-cpp/absl/status/status_builder/status_builder.o
[134/2091] 48.68s F CXX clang_x64/obj/third_party/abseil-cpp/absl/profiling/exponential_biased/exponential_biased.o
[135/2090] 48.68s F CXX clang_x64/obj/third_party/protobuf/protobuf_lite_library/arenastring.o
[136/2089] 49.07s F CXX clang_x64/obj/third_party/abseil-cpp/absl/base/cpu_detect/cpu_detect.o
[137/2089] 49.27s F CXX clang_x64/obj/third_party/protobuf/protobuf_lite_library/tokenizer.o
[138/2089] 49.31s F CXX clang_x64/obj/third_party/abseil-cpp/absl/strings/str_format_internal/output.o
[139/2089] 49.58s F CXX clang_x64/obj/third_party/abseil-cpp/absl/numeric/int128/int128.o
[140/2089] 50.69s F CXX clang_x64/obj/third_party/abseil-cpp/absl/time/internal/cctz/time_zone/time_zone_fixed.o
[141/2089] 51.33s F CXX clang_x64/obj/third_party/abseil-cpp/absl/status/status/status.o
[142/2089] 51.57s F CXX clang_x64/obj/third_party/abseil-cpp/absl/strings/str_format_internal/float_conversion.o
[143/2089] 52.03s F CXX clang_x64/obj/third_party/abseil-cpp/absl/strings/str_format_internal/extension.o
[144/2089] 52.03s F CXX clang_x64/obj/third_party/protobuf/protobuf_lite_library/generated_message_util.o
[145/2089] 52.81s F CXX clang_x64/obj/third_party/abseil-cpp/absl/strings/cordz_functions/cordz_functions.o
[146/2089] 52.96s F CXX clang_x64/obj/third_party/abseil-cpp/absl/container/hashtablez_sampler/hashtablez_sampler.o
[147/2089] 53.17s F CXX clang_x64/obj/third_party/abseil-cpp/absl/log/initialize/initialize.o
[148/2089] 53.59s F CXX clang_x64/obj/third_party/protobuf/protobuf_lite_library/generated_enum_util.o
[149/2089] 53.66s F CXX clang_x64/obj/third_party/abseil-cpp/absl/crc/crc_internal/crc_x86_arm_combined.o
[150/2089] 54.20s F CXX clang_x64/obj/third_party/abseil-cpp/absl/base/log_severity/log_severity.o
[151/2087] 54.41s F CXX clang_x64/obj/third_party/abseil-cpp/absl/random/internal/seed_material/seed_material.o
[152/2087] 54.94s F CXX clang_x64/obj/third_party/abseil-cpp/absl/strings/str_format_internal/parser.o
[153/2087] 55.56s F CXX clang_x64/obj/third_party/abseil-cpp/absl/synchronization/synchronization/notification.o
[154/2087] 55.88s F CXX clang_x64/obj/third_party/protobuf/protobuf_lite_library/wire_format_lite.o
[155/2087] 55.99s F CXX clang_x64/obj/third_party/abseil-cpp/absl/log/internal/log_sink_set/log_sink_set.o
[156/2087] 56.54s F CXX clang_x64/obj/third_party/abseil-cpp/absl/log/die_if_null/die_if_null.o
[157/2087] 56.57s F CXX clang_x64/obj/third_party/abseil-cpp/absl/debugging/debugging_internal/address_is_readable.o
[158/2087] 56.80s F CXX clang_x64/obj/third_party/abseil-cpp/absl/base/base/cycleclock.o
[159/2087] 57.00s F CXX clang_x64/obj/third_party/abseil-cpp/absl/log/internal/conditions/conditions.o
[160/2087] 57.05s F CXX clang_x64/obj/third_party/abseil-cpp/absl/time/internal/cctz/time_zone/time_zone_format.o
[161/2087] 57.20s F CXX clang_x64/obj/third_party/abseil-cpp/absl/debugging/debugging_internal/vdso_support.o
[162/2087] 57.72s F CXX clang_x64/obj/third_party/abseil-cpp/absl/base/throw_delegate/throw_delegate.o
[163/2087] 57.72s F CXX clang_x64/obj/third_party/abseil-cpp/absl/strings/internal/ostringstream.o
[164/2087] 58.10s F CXX clang_x64/obj/third_party/abseil-cpp/absl/time/internal/cctz/time_zone/time_zone_posix.o
[165/2087] 58.27s F CXX clang_x64/obj/third_party/abseil-cpp/absl/synchronization/kernel_timeout_internal/kernel_timeout.o
[166/2087] 58.55s F CXX clang_x64/obj/third_party/abseil-cpp/absl/random/internal/randen_slow/randen_slow.o
[167/2087] 58.68s F CXX clang_x64/obj/third_party/abseil-cpp/absl/strings/cordz_info/cordz_info.o
[168/2087] 58.84s F CXX clang_x64/obj/third_party/abseil-cpp/absl/random/internal/randen_hwaes_impl/randen_hwaes.o
[169/2087] 59.69s F CXX clang_x64/obj/third_party/abseil-cpp/absl/time/internal/cctz/time_zone/time_zone_lookup.o
[170/2087] 59.81s F CXX clang_x64/obj/third_party/protobuf/protobuf_lite_library/type_id.o
[171/2087] 1m00.15s F CXX clang_x64/obj/third_party/abseil-cpp/absl/time/time/time.o
[172/2087] 1m00.36s F CXX clang_x64/obj/third_party/abseil-cpp/absl/time/time/civil_time.o
[173/2087] 1m00.76s F CXX clang_x64/obj/third_party/abseil-cpp/absl/base/raw_logging_internal/raw_logging.o
[174/2031] 1m00.79s F CXX clang_x64/obj/third_party/abseil-cpp/absl/debugging/utf8_for_code_point/utf8_for_code_point.o
[175/2021] 1m00.87s F CXX clang_x64/obj/third_party/abseil-cpp/absl/log/internal/structured_proto/structured_proto.o
[176/2021] 1m00.93s F CXX clang_x64/obj/third_party/abseil-cpp/absl/time/time/format.o
[177/2021] 1m01.87s F CXX clang_x64/obj/third_party/abseil-cpp/absl/time/internal/cctz/time_zone/time_zone_libc.o
[178/2021] 1m01.89s F CXX clang_x64/obj/third_party/protobuf/protobuf_lite_library/io_win32.o
[179/2021] 1m02.34s F CXX clang_x64/obj/third_party/abseil-cpp/absl/status/status/status_payload_printer.o
[180/2021] 1m02.35s F CXX clang_x64/obj/third_party/abseil-cpp/absl/time/internal/cctz/time_zone/time_zone_impl.o
[181/2014] 1m02.62s F CXX clang_x64/obj/buildtools/third_party/libc++abi/libc++abi/cxa_exception.o
[182/2014] 1m02.65s F CXX clang_x64/obj/buildtools/third_party/libc++abi/libc++abi/stdlib_typeinfo.o
[183/2014] 1m02.79s F CXX clang_x64/obj/buildtools/third_party/libc++abi/libc++abi/fallback_malloc.o
[184/2014] 1m02.82s F CXX clang_x64/obj/buildtools/third_party/libc++abi/libc++abi/cxa_virtual.o
[185/2014] 1m02.91s F CXX clang_x64/obj/buildtools/third_party/libc++abi/libc++abi/cxa_vector.o
[186/2014] 1m03.14s F CXX clang_x64/obj/third_party/abseil-cpp/absl/synchronization/synchronization/stdcpp_waiter.o
[187/2014] 1m03.15s F CXX clang_x64/obj/buildtools/third_party/libc++abi/libc++abi/cxa_handlers.o
[188/2014] 1m03.37s F CXX clang_x64/obj/third_party/abseil-cpp/absl/status/status/status_internal.o
[189/2014] 1m03.67s F CXX clang_x64/obj/third_party/abseil-cpp/absl/synchronization/synchronization/barrier.o
[190/1969] 1m03.67s S AR clang_x64/obj/third_party/protobuf/libprotobuf_lite_library.a
[190/1969] 1m03.92s F CXX clang_x64/obj/buildtools/third_party/libc++abi/libc++abi/cxa_default_handlers.o
[191/1969] 1m06.11s F CXX clang_x64/obj/third_party/protobuf/protobuf_full_library/any.o
[192/1969] 1m07.40s F CXX clang_x64/obj/third_party/protobuf/protobuf_full_library/field_comparator.o
[193/1969] 1m07.41s F AR clang_x64/obj/third_party/protobuf/libprotobuf_lite_library.a
[194/1969] 1m07.46s F CXX clang_x64/obj/buildtools/third_party/libc++abi/libc++abi/cxa_aux_runtime.o
[195/1969] 1m07.50s F CXX clang_x64/obj/buildtools/third_party/libc++abi/libc++abi/abort_message.o
[196/1969] 1m08.20s F CXX clang_x64/obj/third_party/protobuf/protobuf_full_library/wire_format.o
[197/1969] 1m08.39s F CXX clang_x64/obj/third_party/protobuf/protobuf_full_library/delimited_message_util.o
[198/1969] 1m08.50s F CXX clang_x64/obj/buildtools/third_party/libc++abi/libc++abi/cxa_thread_atexit.o
[199/1969] 1m10.43s F CXX clang_x64/obj/third_party/protobuf/protobuf_full_library/message_differencer.o
[200/1969] 1m11.44s F CXX clang_x64/obj/third_party/protobuf/protobuf_full_library/unknown_field_set.o
[201/1969] 1m11.92s F CXX clang_x64/obj/third_party/protobuf/protobuf_full_library/importer.o
[202/1969] 1m12.62s F CXX clang_x64/obj/third_party/protobuf/protobuf_full_library/extension_set_heavy.o
[203/1969] 1m15.44s F CXX clang_x64/obj/third_party/protobuf/protobuf_full_library/cpp_file_options.pb.o
[204/1969] 1m15.47s F CXX clang_x64/obj/buildtools/third_party/libc++abi/libc++abi/cxa_demangle.o
[205/1969] 1m16.36s F CXX clang_x64/obj/third_party/protobuf/protobuf_full_library/descriptor.pb.o
[206/1969] 1m18.39s F CXX clang_x64/obj/third_party/protobuf/protobuf_full_library/text_format.o
[207/1969] 1m18.92s F CXX clang_x64/obj/third_party/protobuf/protobuf_full_library/cpp_features.pb.o
[208/1969] 1m19.85s F CXX clang_x64/obj/third_party/protobuf/protobuf_full_library/service.o
[209/1969] 1m21.88s F CXX clang_x64/obj/third_party/protobuf/protobuf_full_library/parser.o
[210/1969] 1m23.63s F CXX clang_x64/obj/third_party/protobuf/protobuf_full_library/reflection_ops.o
[211/1969] 1m26.66s F CXX clang_x64/obj/third_party/protobuf/protobuf_full_library/feature_resolver.o
[212/1969] 1m26.84s F CXX clang_x64/obj/third_party/protobuf/protobuf_full_library/reflection_mode.o
[213/1969] 1m27.17s F CXX clang_x64/obj/third_party/protobuf/protobuf_full_library/symbol.o
[214/1969] 1m27.50s F CXX clang_x64/obj/third_party/protobuf/protobuf_full_library/generated_message_reflection.o
[215/1969] 1m28.91s F CXX clang_x64/obj/third_party/protobuf/protobuf_full_library/naming_style.o
[216/1969] 1m31.16s F CXX clang_x64/obj/third_party/protobuf/protobuf_full_library/map_field.o
[217/1969] 1m33.06s F CXX clang_x64/obj/third_party/protobuf/protobuf_full_library/generated_message_tctable_gen.o
[218/1969] 1m33.48s F CXX clang_x64/obj/third_party/protobuf/protobuf_full_library/message.o
[219/1969] 1m34.26s F CXX clang_x64/obj/third_party/protobuf/protobuf_full_library/descriptor.o
[220/1969] 1m34.27s F CXX clang_x64/obj/third_party/protobuf/protobuf_full_library/generated_message_tctable_full.o
[221/1969] 1m34.37s F CXX clang_x64/obj/buildtools/third_party/libc++abi/libc++abi/cxa_exception_storage.o
[222/1969] 1m34.50s F CXX clang_x64/obj/buildtools/third_party/libc++abi/libc++abi/cxa_personality.o
[223/1969] 1m36.70s F CXX clang_x64/obj/third_party/protobuf/protobuf_full_library/internal_feature_helper.o
[224/1969] 1m37.00s F CXX clang_x64/obj/buildtools/third_party/libc++abi/libc++abi/cxa_guard.o
[225/1969] 1m37.53s F CXX clang_x64/obj/third_party/protobuf/protobuf_full_library/generated_message_bases.o
[226/1969] 1m37.78s F CXX clang_x64/obj/buildtools/third_party/libc++abi/libc++abi/stdlib_stdexcept.o
[227/1969] 1m37.83s F CXX clang_x64/obj/buildtools/third_party/libc++abi/libc++abi/stdlib_exception.o
[228/1969] 1m37.89s F CXX clang_x64/obj/third_party/protobuf/protobuf_full_library/json_enumvalue_options.pb.o
[229/1969] 1m37.99s F CXX clang_x64/obj/buildtools/third_party/libc++abi/libc++abi/private_typeinfo.o
[230/1969] 1m37.99s S AR clang_x64/obj/buildtools/third_party/libc++abi/libc++abi.a
[230/1969] 1m40.73s F CXX clang_x64/obj/third_party/protobuf/protobuf_full_library/descriptor_database.o
[231/1969] 1m40.77s F CXX clang_x64/obj/third_party/protobuf/protobuf_full_library/symbol_checker.o
[232/1969] 1m40.77s F AR clang_x64/obj/buildtools/third_party/libc++abi/libc++abi.a
[233/1969] 1m41.94s F CXX clang_x64/obj/third_party/protobuf/protobuf_full_library/dynamic_message.o
[234/1969] 1m41.94s S AR clang_x64/obj/third_party/protobuf/libprotobuf_full_library.a
[234/1969] 1m43.60s F CXX clang_x64/obj/third_party/protobuf/protoc_java/helpers.o
[235/1969] 1m45.26s F CXX clang_x64/obj/third_party/protobuf/protoc_java_lite/extension.o
[236/1969] 1m45.97s F CXX clang_x64/obj/third_party/protobuf/protoc_cpp/enum_field.o
[237/1969] 1m46.89s F CXX clang_x64/obj/third_party/protobuf/protoc_lib/subprocess.o
[238/1969] 1m47.25s F CXX clang_x64/obj/third_party/protobuf/protoc_java_lite/string_field.o
[239/1969] 1m48.86s F CXX clang_x64/obj/third_party/protobuf/protoc_java/java_features.pb.o
[240/1969] 1m51.54s F CXX clang_x64/obj/third_party/protobuf/protoc_java_lite/message.o
[241/1969] 1m51.80s F CXX clang_x64/obj/third_party/protobuf/protoc_cpp/tracker.o
[242/1969] 1m53.45s F CXX clang_x64/obj/third_party/protobuf/protoc_java_full/message.o
[243/1969] 1m54.28s F CXX clang_x64/obj/third_party/protobuf/protoc_cpp/string_view_field.o
[244/1969] 1m56.67s F CXX clang_x64/obj/third_party/protobuf/protoc_cpp/service.o
[245/1969] 1m58.95s F CXX clang_x64/obj/third_party/protobuf/protoc_cpp/string_field.o
[246/1969] 1m59.40s F CXX clang_x64/obj/third_party/protobuf/protoc_cpp/primitive_field.o
[247/1969] 2m00.09s F CXX clang_x64/obj/third_party/protobuf/protoc_cpp/helpers.o
[248/1969] 2m02.65s F CXX clang_x64/obj/third_party/protobuf/protoc_cpp/message_field.o
[249/1969] 2m03.75s F CXX clang_x64/obj/third_party/protobuf/protoc_cpp/field_chunk.o
[250/1969] 2m04.62s F CXX clang_x64/obj/third_party/protobuf/protoc_cpp/map_field.o
[251/1969] 2m05.47s F CXX clang_x64/obj/third_party/protobuf/protoc_cpp/field.o
[252/1969] 2m06.23s F CXX clang_x64/obj/buildtools/third_party/libc++/libc++/random.o
[253/1969] 2m06.66s F CXX clang_x64/obj/buildtools/third_party/libc++/libc++/system_error.o
[254/1969] 2m07.68s F CXX clang_x64/obj/third_party/protobuf/protoc_cpp/ifndef_guard.o
[255/1969] 2m07.72s F CXX clang_x64/obj/buildtools/third_party/libc++/libc++/strstream.o
[256/1969] 2m08.02s F CXX clang_x64/obj/buildtools/third_party/libc++/libc++/valarray.o
[257/1969] 2m11.73s F CXX clang_x64/obj/third_party/protobuf/protoc_python/helpers.o
[258/1969] 2m11.75s F CXX clang_x64/obj/buildtools/third_party/libc++/libc++/typeinfo.o
[259/1969] 2m12.66s F CXX clang_x64/obj/third_party/protobuf/protoc_java_lite/enum.o
[260/1969] 2m12.74s F CXX clang_x64/obj/third_party/protobuf/protoc_cpp/file.o
[261/1969] 2m12.80s F CXX clang_x64/obj/buildtools/third_party/libc++/libc++/thread.o
[262/1969] 2m13.83s F CXX clang_x64/obj/buildtools/third_party/libc++/libc++/ios.o
[263/1969] 2m17.02s F CXX clang_x64/obj/third_party/protobuf/protoc_cpp/message.o
[264/1969] 2m17.36s F CXX clang_x64/obj/third_party/protobuf/protoc_lib/code_generator_lite.o
[265/1969] 2m17.37s F CXX clang_x64/obj/third_party/protobuf/protoc_cpp/field_layout.o
[266/1969] 2m17.42s F CXX clang_x64/obj/buildtools/third_party/libc++/libc++/new.o
[267/1969] 2m18.19s F CXX clang_x64/obj/third_party/protobuf/protoc_cpp/cord_field.o
[268/1969] 2m19.52s F CXX clang_x64/obj/buildtools/third_party/libc++/libc++/algorithm.o
[269/1969] 2m20.22s F CXX clang_x64/obj/buildtools/third_party/libc++/libc++/ios.instantiations.o
[270/1969] 2m22.02s F CXX clang_x64/obj/buildtools/third_party/libc++/libc++/directory_entry.o
[271/1969] 2m22.70s F CXX clang_x64/obj/third_party/protobuf/protoc_java_lite/enum_field.o
[272/1969] 2m22.89s F CXX clang_x64/obj/third_party/protobuf/protoc_java_full/enum_field.o
[273/1969] 2m23.01s F CXX clang_x64/obj/buildtools/third_party/libc++/libc++/variant.o
[274/1969] 2m23.16s F CXX clang_x64/obj/buildtools/third_party/libc++/libc++/vector.o
[275/1969] 2m23.56s F CXX clang_x64/obj/buildtools/third_party/libc++/libc++/stdexcept.o
[276/1969] 2m23.75s F CXX clang_x64/obj/buildtools/third_party/libc++/libc++/shared_mutex.o
[277/1969] 2m23.99s F CXX clang_x64/obj/buildtools/third_party/libc++/libc++/atomic.o
[278/1969] 2m24.01s F CXX clang_x64/obj/buildtools/third_party/libc++/libc++/f2s.o
[279/1969] 2m24.11s F CXX clang_x64/obj/buildtools/third_party/libc++/libc++/mutex_destructor.o
[280/1969] 2m24.14s F CXX clang_x64/obj/third_party/protobuf/protoc_java/doc_comment.o
[281/1969] 2m24.22s F CXX clang_x64/obj/buildtools/third_party/libc++/libc++/new_handler.o
[282/1969] 2m24.40s F CXX clang_x64/obj/buildtools/third_party/libc++/libc++/mutex.o
[283/1969] 2m25.23s F CXX clang_x64/obj/buildtools/third_party/libc++/libc++/memory.o
[284/1969] 2m25.33s F CXX clang_x64/obj/buildtools/third_party/libc++/libc++/iostream.o
[285/1969] 2m25.36s F CXX clang_x64/obj/buildtools/third_party/libc++/libc++/optional.o
[286/1969] 2m25.38s F CXX clang_x64/obj/buildtools/third_party/libc++/libc++/verbose_abort.o
[287/1969] 2m25.75s F CXX clang_x64/obj/buildtools/third_party/libc++/libc++/functional.o
[288/1969] 2m26.58s F CXX clang_x64/obj/buildtools/third_party/libc++/libc++/filesystem_error.o
[289/1969] 2m26.64s F CXX clang_x64/obj/buildtools/third_party/libc++/libc++/exception.o
[290/1969] 2m27.45s F CXX clang_x64/obj/buildtools/third_party/libc++/libc++/barrier.o
[291/1969] 2m28.01s F CXX clang_x64/obj/third_party/protobuf/protoc_cpp/extension.o
[292/1969] 2m28.72s F CXX clang_x64/obj/buildtools/third_party/libc++/libc++/path.o
[293/1969] 2m29.10s F CXX clang_x64/obj/third_party/protobuf/protoc_java_full/service.o
[294/1969] 2m30.45s F CXX clang_x64/obj/buildtools/third_party/libc++/libc++/operations.o
[295/1969] 2m30.84s F CXX clang_x64/obj/third_party/protobuf/protoc_java_full/string_field.o
[296/1969] 2m30.96s F CXX clang_x64/obj/buildtools/third_party/libc++/libc++/future.o
[297/1969] 2m31.66s F CXX clang_x64/obj/buildtools/third_party/libc++/libc++/condition_variable.o
[298/1969] 2m32.74s F CXX clang_x64/obj/third_party/protobuf/protoc_lib/versions.o
[299/1969] 2m33.26s F CXX clang_x64/obj/third_party/protobuf/protoc_lib/retention.o
[300/1969] 2m33.27s F CXX clang_x64/obj/buildtools/third_party/libc++/libc++/filesystem_clock.o
[301/1969] 2m33.30s F CXX clang_x64/obj/buildtools/third_party/libc++/libc++/new_helpers.o
[302/1969] 2m34.08s F CXX clang_x64/obj/buildtools/third_party/libc++/libc++/charconv.o
[303/1969] 2m34.20s F CXX clang_x64/obj/buildtools/third_party/libc++/libc++/chrono.o
[304/1969] 2m34.33s F CXX clang_x64/obj/buildtools/third_party/libc++/libc++/call_once.o
[305/1969] 2m34.42s F CXX clang_x64/obj/buildtools/third_party/libc++/libc++/condition_variable_destructor.o
[306/1969] 2m34.56s F CXX clang_x64/obj/buildtools/third_party/libc++/libc++/bind.o
[307/1969] 2m34.90s F CXX clang_x64/obj/buildtools/third_party/libc++/libc++/error_category.o
[308/1969] 2m35.17s F CXX clang_x64/obj/buildtools/third_party/libc++/libc++/d2s.o
[309/1969] 2m35.47s F CXX clang_x64/obj/buildtools/third_party/libc++/libc++/directory_iterator.o
[310/1969] 2m35.54s F CXX clang_x64/obj/third_party/protobuf/protoc_java/shared_code_generator.o
[311/1969] 2m37.45s F CXX clang_x64/obj/third_party/protobuf/protoc_lib/zip_writer.o
[312/1969] 2m38.01s F CXX clang_x64/obj/buildtools/third_party/libc++/libc++/hash.o
[313/1969] 2m38.20s F CXX clang_x64/obj/third_party/protobuf/protoc_lib/code_generator.o
[314/1969] 2m39.30s F CXX clang_x64/obj/third_party/protobuf/protoc_lib/plugin.o
[315/1969] 2m39.45s F CXX clang_x64/obj/buildtools/third_party/libc++/libc++/string.o
[316/1969] 2m41.88s F CXX clang_x64/obj/third_party/protobuf/protoc_lib/plugin.pb.o
[317/1969] 2m44.08s F CXX clang_x64/obj/third_party/protobuf/protoc_java/context.o
[318/1969] 2m44.59s F CXX clang_x64/obj/third_party/protobuf/protoc_java_full/enum.o
[319/1969] 2m45.29s F CXX clang_x64/obj/third_party/protobuf/protoc_lib/command_line_interface.o
[320/1969] 2m46.17s F CXX clang_x64/obj/third_party/protobuf/protoc_java/names.o
[321/1969] 2m49.09s F CXX clang_x64/obj/third_party/protobuf/protoc_java/name_resolver.o
[322/1969] 2m49.60s F CXX clang_x64/obj/third_party/protobuf/protoc_java/internal_helpers.o
[323/1969] 2m51.12s F CXX clang_x64/obj/third_party/protobuf/protoc_java/file.o
[324/1969] 2m51.61s F CXX clang_x64/obj/third_party/protobuf/protoc_java/field_common.o
[325/1969] 2m52.83s F CXX clang_x64/obj/buildtools/third_party/libc++/libc++/regex.o
[326/1969] 2m53.89s F CXX clang_x64/obj/third_party/protobuf/protoc_java/message_serialization.o
[327/1969] 2m54.94s F CXX clang_x64/obj/buildtools/third_party/libc++/libc++/locale.o
[328/1969] 2m55.75s F CXX clang_x64/obj/third_party/protobuf/protoc_java/generator.o
[329/1969] 2m59.49s F CXX clang_x64/obj/third_party/protobuf/protoc_java_full/primitive_field.o
[330/1969] 2m59.62s F CXX clang_x64/obj/third_party/protobuf/protoc_cpp/enum.o
[331/1969] 3m00.11s F CXX clang_x64/obj/third_party/protobuf/protoc_java_full/message_field.o
[332/1969] 3m00.51s F CXX clang_x64/obj/buildtools/third_party/libc++/libc++/random_shuffle.o
[333/1969] 3m01.28s F CXX clang_x64/obj/third_party/protobuf/protoc_java_full/message_builder.o
[334/1969] 3m04.14s F CXX clang_x64/obj/third_party/protobuf/protoc_java_full/make_field_gens.o
[335/1969] 3m04.50s F CXX clang_x64/obj/buildtools/third_party/libc++/libc++/d2fixed.o
[336/1969] 3m04.52s F CXX clang_x64/obj/third_party/protobuf/protoc_java_full/generator_factory.o
[337/1969] 3m05.08s F CXX clang_x64/obj/third_party/protobuf/protoc_java_full/map_field.o
[338/1969] 3m06.40s F CXX clang_x64/obj/third_party/protobuf/protoc_python/pyi_generator.o
[339/1969] 3m09.46s F CXX clang_x64/obj/third_party/protobuf/protoc_java_lite/message_field.o
[340/1969] 3m09.88s F CXX clang_x64/obj/third_party/protobuf/protoc_java_lite/primitive_field.o
[341/1969] 3m10.05s F CXX clang_x64/obj/third_party/protobuf/protoc_java_full/extension.o
[342/1969] 3m12.93s F CXX clang_x64/obj/third_party/protobuf/protoc_cpp/namespace_printer.o
[343/1969] 3m12.98s F CXX clang_x64/obj/buildtools/third_party/libc++/libc++/any.o
[344/1969] 3m12.98s S AR clang_x64/obj/buildtools/third_party/libc++/libc++.a
[344/1969] 3m13.64s F CXX clang_x64/obj/third_party/protobuf/protoc_python/generator.o
[345/1969] 3m15.85s F CXX clang_x64/obj/third_party/protobuf/protoc_cpp/message_layout_helper.o
[346/1969] 3m16.03s F CXX clang_x64/obj/third_party/protobuf/protoc_cpp/parse_function_generator.o
[347/1969] 3m18.71s F CXX clang_x64/obj/third_party/protobuf/protoc_java_lite/message_builder.o
[348/1969] 3m18.72s F CXX clang_x64/obj/third_party/protobuf/protoc_cpp/generator.o
[349/1969] 3m18.72s F AR clang_x64/obj/third_party/protobuf/libprotobuf_full_library.a
[350/1964] 3m19.58s F CXX clang_x64/obj/third_party/perfetto/src/base/base/paged_memory.o
[351/1964] 3m20.15s F CXX clang_x64/obj/third_party/protobuf/protoc_java_lite/make_field_gens.o
[352/1964] 3m20.32s F CXX clang_x64/obj/third_party/perfetto/src/base/base/subprocess_windows.o
[353/1964] 3m20.77s F CXX clang_x64/obj/third_party/perfetto/src/base/base/string_view.o
[354/1964] 3m21.18s F CXX clang_x64/obj/third_party/protobuf/protoc_java_lite/map_field.o
[355/1964] 3m21.32s F CXX clang_x64/obj/third_party/perfetto/src/base/base/string_utils.o
[356/1964] 3m21.55s F CXX clang_x64/obj/third_party/perfetto/src/base/base/string_splitter.o
[357/1964] 3m21.57s F CXX clang_x64/obj/third_party/perfetto/src/base/check_cpu_optimizations/check_cpu_optimizations.o
[358/1963] 3m22.39s F CXX clang_x64/obj/third_party/perfetto/src/base/base/watchdog_posix.o
[359/1963] 3m22.69s F CXX clang_x64/obj/third_party/perfetto/src/base/base/waitable_event.o
[360/1962] 3m22.78s S AR clang_x64/obj/third_party/protobuf/libprotoc_lib.a
[360/1962] 3m22.78s F CXX clang_x64/obj/third_party/protobuf/protoc_java_lite/generator_factory.o
[361/1961] 3m22.81s F CXX clang_x64/obj/third_party/perfetto/src/base/perfetto_base_default_platform/default_platform.o
[362/1961] 3m23.23s F CXX clang_x64/obj/third_party/perfetto/src/base/base/lock_free_task_runner.o
[363/1961] 3m23.76s F CXX clang_x64/obj/third_party/perfetto/src/base/base/cpu_info.o
[364/1961] 3m24.26s F CXX clang_x64/obj/third_party/perfetto/src/base/base/utils.o
[365/1961] 3m24.44s F CXX clang_x64/obj/third_party/perfetto/src/base/base/thread_task_runner.o
[366/1961] 3m25.05s F CXX clang_x64/obj/third_party/perfetto/src/base/base/status.o
[367/1961] 3m25.19s F CXX clang_x64/obj/third_party/perfetto/src/base/base/intrusive_list.o
[368/1961] 3m25.54s F CXX clang_x64/obj/third_party/perfetto/src/base/base/unix_task_runner.o
[369/1961] 3m25.69s F CXX clang_x64/obj/third_party/perfetto/src/base/base/time.o
[370/1961] 3m25.90s F CXX clang_x64/obj/third_party/perfetto/src/base/base/thread_utils.o
[371/1961] 3m25.95s F CXX clang_x64/obj/third_party/perfetto/src/base/base/intrusive_tree.o
[372/1961] 3m26.30s F CXX clang_x64/obj/third_party/perfetto/src/base/base/weak_runner.o
[373/1961] 3m26.31s F CXX clang_x64/obj/third_party/perfetto/src/base/base/event_fd.o
[374/1961] 3m26.59s F CXX clang_x64/obj/third_party/perfetto/src/base/base/string_view_splitter.o
[375/1961] 3m26.74s F CXX clang_x64/obj/third_party/perfetto/src/protozero/protoc_plugin/cppgen_plugin/cppgen_plugin.o
[376/1961] 3m27.05s F CXX clang_x64/obj/third_party/perfetto/src/base/base/getopt_compat.o
[377/1961] 3m27.33s F CXX clang_x64/obj/third_party/perfetto/src/base/base/scoped_sched_boost.o
[378/1961] 3m27.36s F CXX clang_x64/obj/third_party/perfetto/src/base/base/rt_mutex.o
[379/1961] 3m27.48s F CXX clang_x64/obj/third_party/perfetto/src/base/base/ctrl_c_handler.o
[380/1961] 3m27.55s F CXX clang_x64/obj/third_party/perfetto/src/base/base/metatrace.o
[381/1961] 3m28.34s F CXX clang_x64/obj/third_party/perfetto/src/base/base/logging.o
[382/1961] 3m28.38s F CXX clang_x64/obj/third_party/perfetto/src/base/base/crash_keys.o
[383/1961] 3m28.69s F CXX clang_x64/obj/third_party/perfetto/src/base/base/virtual_destructors.o
[384/1961] 3m28.71s F CXX clang_x64/obj/third_party/perfetto/src/base/base/periodic_task.o
[385/1961] 3m28.82s F CXX clang_x64/obj/third_party/perfetto/src/base/base/file_utils.o
[386/1961] 3m28.99s F CXX clang_x64/obj/third_party/perfetto/src/base/base/thread_checker.o
[387/1961] 3m29.58s F CXX clang_x64/obj/third_party/perfetto/src/base/base/temp_file.o
[388/1961] 3m29.60s F CXX clang_x64/obj/third_party/perfetto/src/base/base/base64.o
[389/1961] 3m29.67s F CXX clang_x64/obj/third_party/perfetto/src/base/base/dynamic_string_writer.o
[390/1961] 3m30.31s F CXX clang_x64/obj/third_party/perfetto/src/base/base/uuid.o
[391/1961] 3m30.32s F AR clang_x64/obj/third_party/protobuf/libprotoc_lib.a
[392/1961] 3m30.33s F AR clang_x64/obj/buildtools/third_party/libc++/libc++.a
[393/1961] 3m30.71s F CXX clang_x64/obj/third_party/perfetto/src/base/base/pipe.o
[394/1961] 3m30.80s F CXX clang_x64/obj/third_party/perfetto/src/base/base/android_utils.o
[395/1961] 3m31.13s F CXX clang_x64/obj/third_party/perfetto/src/base/base/subprocess_posix.o
[396/1961] 3m31.44s F CXX clang_x64/obj/third_party/perfetto/src/base/base/scoped_mmap.o
[397/1961] 3m31.60s F CXX clang_x64/obj/third_party/perfetto/src/base/base/subprocess.o
[398/1960] 3m31.64s S LINK clang_x64/cppgen_plugin
[398/1960] 3m32.23s F LINK clang_x64/cppgen_plugin
[399/1960] 3m32.34s F CXX obj/third_party/perfetto/src/base/base/time.o
[400/1960] 3m32.35s F CXX obj/third_party/perfetto/src/base/base/temp_file.o
[401/1960] 3m32.46s F CXX obj/third_party/perfetto/src/base/base/subprocess_windows.o
[402/1960] 3m32.78s F CXX obj/third_party/perfetto/src/base/base/waitable_event.o
[403/1960] 3m33.25s F CXX obj/third_party/perfetto/src/base/base/getopt_compat.o
[404/1960] 3m33.61s F CXX clang_x64/obj/third_party/protobuf/protoc/main.o
[405/1960] 3m33.63s S LINK clang_x64/protoc
[405/1960] 3m33.77s F CXX obj/third_party/perfetto/src/base/base/file_utils.o
[406/1960] 3m33.99s F CXX obj/third_party/perfetto/src/protozero/protozero/packed_repeated_fields.o
[407/1960] 3m34.09s F CXX obj/third_party/perfetto/src/base/base/intrusive_tree.o
[408/1960] 3m34.14s F LINK clang_x64/protoc
[409/1960] 3m34.21s S ACTION //third_party/perfetto/protos/perfetto/common:semantic_type_cpp_gen(//build/toolchain/android:android_clang_arm64)
[409/1960] 3m34.23s S ACTION //third_party/perfetto/protos/perfetto/config/power:cpp_gen(//build/toolchain/android:android_clang_arm64)
[409/1960] 3m34.24s S ACTION //third_party/perfetto/protos/perfetto/config/process_stats:cpp_gen(//build/toolchain/android:android_clang_arm64)
[409/1960] 3m34.25s S ACTION //third_party/perfetto/protos/perfetto/config/ftrace:cpp_gen(//build/toolchain/android:android_clang_arm64)
[409/1960] 3m34.26s S ACTION //third_party/perfetto/protos/perfetto/protovm:cpp_gen(//build/toolchain/android:android_clang_arm64)
[409/1960] 3m34.27s S ACTION //third_party/perfetto/protos/perfetto/config/linux:cpp_gen(//build/toolchain/android:android_clang_arm64)
[409/1960] 3m34.29s S ACTION //third_party/perfetto/protos/perfetto/config/protovm:cpp_gen(//build/toolchain/android:android_clang_arm64)
[409/1960] 3m34.29s S ACTION //third_party/perfetto/protos/perfetto/config/statsd:cpp_gen(//build/toolchain/android:android_clang_arm64)
[409/1960] 3m34.30s S ACTION //third_party/perfetto/protos/perfetto/trace/track_event:cpp_gen(//build/toolchain/android:android_clang_arm64)
[409/1960] 3m34.30s S ACTION //third_party/perfetto/protos/perfetto/config/system_info:cpp_gen(//build/toolchain/android:android_clang_arm64)
[409/1960] 3m34.30s S ACTION //third_party/perfetto/protos/perfetto/config/inode_file:cpp_gen(//build/toolchain/android:android_clang_arm64)
[409/1960] 3m34.32s S ACTION //third_party/perfetto/protos/perfetto/config/gpu:cpp_gen(//build/toolchain/android:android_clang_arm64)
[409/1960] 3m34.36s S ACTION //third_party/perfetto/protos/perfetto/config/priority_boost:cpp_gen(//build/toolchain/android:android_clang_arm64)
[409/1960] 3m34.37s S ACTION //third_party/perfetto/protos/perfetto/config/track_event:cpp_gen(//build/toolchain/android:android_clang_arm64)
[409/1960] 3m34.46s F CXX obj/third_party/perfetto/src/base/base/unix_task_runner.o
[410/1960] 3m34.71s F ACTION //third_party/perfetto/protos/perfetto/config/power:cpp_gen(//build/toolchain/android:android_clang_arm64)
[410/1958] 3m34.71s S CXX obj/third_party/perfetto/protos/perfetto/config/power/cpp/android_power_config.gen.o
[411/1958] 3m34.79s F CXX obj/third_party/perfetto/src/base/base/paged_memory.o
[412/1958] 3m35.04s F ACTION //third_party/perfetto/protos/perfetto/protovm:cpp_gen(//build/toolchain/android:android_clang_arm64)
[413/1956] 3m35.05s S CXX obj/third_party/perfetto/protos/perfetto/protovm/cpp/vm_program.gen.o
[413/1956] 3m35.08s F ACTION //third_party/perfetto/protos/perfetto/config/ftrace:cpp_gen(//build/toolchain/android:android_clang_arm64)
[414/1954] 3m35.08s S CXX obj/third_party/perfetto/protos/perfetto/config/ftrace/cpp/ftrace_config.gen.o
[414/1954] 3m35.08s S CXX obj/third_party/perfetto/protos/perfetto/config/ftrace/cpp/frozen_ftrace_config.gen.o
[414/1954] 3m35.10s F ACTION //third_party/perfetto/protos/perfetto/common:semantic_type_cpp_gen(//build/toolchain/android:android_clang_arm64)
[414/1952] 3m35.11s S CXX obj/third_party/perfetto/protos/perfetto/common/semantic_type_cpp/semantic_type.gen.o
[415/1952] 3m35.12s F ACTION //third_party/perfetto/protos/perfetto/config/inode_file:cpp_gen(//build/toolchain/android:android_clang_arm64)
[415/1950] 3m35.12s S CXX obj/third_party/perfetto/protos/perfetto/config/inode_file/cpp/inode_file_config.gen.o
[416/1950] 3m35.65s F ACTION //third_party/perfetto/protos/perfetto/config/gpu:cpp_gen(//build/toolchain/android:android_clang_arm64)
[417/1948] 3m35.65s S CXX obj/third_party/perfetto/protos/perfetto/config/gpu/cpp/gpu_renderstages_config.gen.o
[417/1948] 3m35.65s S CXX obj/third_party/perfetto/protos/perfetto/config/gpu/cpp/gpu_counter_config.gen.o
[417/1948] 3m35.65s S CXX obj/third_party/perfetto/protos/perfetto/config/gpu/cpp/vulkan_memory_config.gen.o
[417/1948] 3m35.68s F ACTION //third_party/perfetto/protos/perfetto/config/track_event:cpp_gen(//build/toolchain/android:android_clang_arm64)
[418/1946] 3m35.68s S CXX obj/third_party/perfetto/protos/perfetto/config/track_event/cpp/track_event_config.gen.o
[418/1946] 3m35.74s F ACTION //third_party/perfetto/protos/perfetto/config/linux:cpp_gen(//build/toolchain/android:android_clang_arm64)
[419/1944] 3m35.74s S CXX obj/third_party/perfetto/protos/perfetto/config/linux/cpp/journald_config.gen.o
[419/1944] 3m35.76s F ACTION //third_party/perfetto/protos/perfetto/config/process_stats:cpp_gen(//build/toolchain/android:android_clang_arm64)
[420/1942] 3m35.76s S CXX obj/third_party/perfetto/protos/perfetto/config/process_stats/cpp/process_stats_config.gen.o
[420/1942] 3m36.19s F ACTION //third_party/perfetto/protos/perfetto/config/protovm:cpp_gen(//build/toolchain/android:android_clang_arm64)
[421/1940] 3m36.19s S CXX obj/third_party/perfetto/protos/perfetto/config/protovm/cpp/protovm_config.gen.o
[421/1940] 3m36.20s F ACTION //third_party/perfetto/protos/perfetto/config/priority_boost:cpp_gen(//build/toolchain/android:android_clang_arm64)
[422/1938] 3m36.20s S CXX obj/third_party/perfetto/protos/perfetto/config/priority_boost/cpp/priority_boost_config.gen.o
[422/1938] 3m36.27s F ACTION //third_party/perfetto/protos/perfetto/config/system_info:cpp_gen(//build/toolchain/android:android_clang_arm64)
[423/1936] 3m36.27s S CXX obj/third_party/perfetto/protos/perfetto/config/system_info/cpp/system_info_config.gen.o
[423/1936] 3m36.29s F ACTION //third_party/perfetto/protos/perfetto/config/statsd:cpp_gen(//build/toolchain/android:android_clang_arm64)
[424/1934] 3m36.29s S CXX obj/third_party/perfetto/protos/perfetto/config/statsd/cpp/statsd_tracing_config.gen.o
[424/1934] 3m36.29s S CXX obj/third_party/perfetto/protos/perfetto/config/statsd/cpp/atom_ids.gen.o
[424/1934] 3m36.34s F CXX obj/third_party/perfetto/src/base/base/periodic_task.o
[425/1934] 3m36.37s F CXX obj/third_party/perfetto/src/base/base/string_utils.o
[426/1934] 3m36.59s F CXX obj/third_party/perfetto/src/base/base/metatrace.o
[427/1934] 3m36.61s F CXX obj/third_party/perfetto/src/base/base/logging.o
[428/1934] 3m36.66s F ACTION //third_party/perfetto/protos/perfetto/trace/track_event:cpp_gen(//build/toolchain/android:android_clang_arm64)
[429/1932] 3m36.66s S CXX obj/third_party/perfetto/protos/perfetto/trace/track_event/cpp/chrome_application_state_info.gen.o
[429/1932] 3m36.66s S CXX obj/third_party/perfetto/protos/perfetto/trace/track_event/cpp/chrome_window_handle_event_info.gen.o
[429/1932] 3m36.66s S CXX obj/third_party/perfetto/protos/perfetto/trace/track_event/cpp/chrome_user_event.gen.o
[429/1932] 3m36.66s S CXX obj/third_party/perfetto/protos/perfetto/trace/track_event/cpp/chrome_active_processes.gen.o
[429/1932] 3m36.66s S CXX obj/third_party/perfetto/protos/perfetto/trace/track_event/cpp/chrome_thread_descriptor.gen.o
[429/1932] 3m36.66s S CXX obj/third_party/perfetto/protos/perfetto/trace/track_event/cpp/chrome_latency_info.gen.o
[429/1932] 3m36.66s S CXX obj/third_party/perfetto/protos/perfetto/trace/track_event/cpp/source_location.gen.o
[429/1932] 3m36.66s S CXX obj/third_party/perfetto/protos/perfetto/trace/track_event/cpp/chrome_renderer_scheduler_state.gen.o
[429/1932] 3m36.66s S CXX obj/third_party/perfetto/protos/perfetto/trace/track_event/cpp/track_event.gen.o
[429/1932] 3m36.67s S CXX obj/third_party/perfetto/protos/perfetto/trace/track_event/cpp/process_descriptor.gen.o
[429/1932] 3m36.67s S CXX obj/third_party/perfetto/protos/perfetto/trace/track_event/cpp/debug_annotation.gen.o
[429/1932] 3m36.67s S CXX obj/third_party/perfetto/protos/perfetto/trace/track_event/cpp/counter_descriptor.gen.o
[429/1932] 3m36.66s S CXX obj/third_party/perfetto/protos/perfetto/trace/track_event/cpp/chrome_process_descriptor.gen.o
[429/1932] 3m36.66s S CXX obj/third_party/perfetto/protos/perfetto/trace/track_event/cpp/thread_descriptor.gen.o
[429/1932] 3m36.66s S CXX obj/third_party/perfetto/protos/perfetto/trace/track_event/cpp/chrome_message_pump.gen.o
[429/1932] 3m36.66s S CXX obj/third_party/perfetto/protos/perfetto/trace/track_event/cpp/task_execution.gen.o
[429/1932] 3m36.66s S CXX obj/third_party/perfetto/protos/perfetto/trace/track_event/cpp/state_descriptor.gen.o
[429/1932] 3m36.66s S CXX obj/third_party/perfetto/protos/perfetto/trace/track_event/cpp/chrome_legacy_ipc.gen.o
[429/1932] 3m36.66s S CXX obj/third_party/perfetto/protos/perfetto/trace/track_event/cpp/chrome_frame_reporter.gen.o
[429/1932] 3m36.66s S CXX obj/third_party/perfetto/protos/perfetto/trace/track_event/cpp/chrome_keyed_service.gen.o
[429/1932] 3m36.66s S CXX obj/third_party/perfetto/protos/perfetto/trace/track_event/cpp/track_descriptor.gen.o
[429/1932] 3m36.66s S CXX obj/third_party/perfetto/protos/perfetto/trace/track_event/cpp/chrome_histogram_sample.gen.o
[429/1932] 3m36.67s S CXX obj/third_party/perfetto/protos/perfetto/trace/track_event/cpp/screenshot.gen.o
[429/1932] 3m36.67s S CXX obj/third_party/perfetto/protos/perfetto/trace/track_event/cpp/log_message.gen.o
[429/1932] 3m36.66s S CXX obj/third_party/perfetto/protos/perfetto/trace/track_event/cpp/chrome_mojo_event_info.gen.o
[429/1932] 3m36.67s S CXX obj/third_party/perfetto/protos/perfetto/trace/track_event/cpp/range_of_interest.gen.o
[429/1932] 3m36.68s S CXX obj/third_party/perfetto/protos/perfetto/trace/track_event/cpp/chrome_compositor_scheduler_state.gen.o
[429/1932] 3m36.68s S CXX obj/third_party/perfetto/protos/perfetto/trace/track_event/cpp/chrome_content_settings_event_info.gen.o
[429/1932] 3m36.77s F CXX obj/third_party/perfetto/src/base/base/pipe.o
[430/1932] 3m37.37s F CXX obj/third_party/perfetto/src/protozero/protozero/proto_decoder.o
[431/1932] 3m37.42s F CXX obj/third_party/perfetto/src/base/base/crash_keys.o
[432/1932] 3m37.48s F CXX obj/third_party/perfetto/src/base/base/base64.o
[433/1932] 3m37.79s F CXX obj/third_party/perfetto/src/protozero/protozero/gen_field_helpers.o
[434/1932] 3m38.16s F CXX obj/third_party/perfetto/src/protozero/protozero/message.o
[435/1932] 3m38.19s F CXX obj/third_party/perfetto/src/protozero/protozero/virtual_destructors.o
[436/1932] 3m38.19s F CXX obj/third_party/perfetto/src/protozero/protozero/message_arena.o
[437/1932] 3m38.41s F CXX obj/third_party/perfetto/src/base/base/scoped_mmap.o
[438/1932] 3m38.74s F CXX obj/third_party/perfetto/src/protozero/protozero/scattered_stream_null_delegate.o
[439/1932] 3m38.83s F CXX obj/third_party/perfetto/src/base/base/event_fd.o
[440/1932] 3m38.96s F CXX obj/third_party/perfetto/src/protozero/protozero/field.o
[441/1932] 3m39.11s F CXX obj/third_party/perfetto/src/base/base/ctrl_c_handler.o
[442/1932] 3m39.20s F CXX obj/third_party/perfetto/src/base/base/scoped_sched_boost.o
[443/1932] 3m39.35s F CXX obj/third_party/perfetto/src/base/base/thread_checker.o
[444/1932] 3m39.59s F CXX obj/third_party/perfetto/src/base/base/string_splitter.o
[445/1932] 3m39.61s F CXX obj/third_party/perfetto/src/base/base/status.o
[446/1932] 3m39.72s F CXX obj/third_party/perfetto/src/base/base/rt_mutex.o
[447/1932] 3m40.51s F CXX obj/third_party/perfetto/src/protozero/protozero/scattered_heap_buffer.o
[448/1932] 3m40.66s F CXX obj/third_party/perfetto/protos/perfetto/protovm/cpp/vm_program.gen.o
[449/1932] 3m40.70s F CXX obj/third_party/perfetto/src/base/base/cpu_info.o
[450/1932] 3m40.85s F CXX obj/third_party/perfetto/src/base/base/intrusive_list.o
[451/1932] 3m40.94s F CXX obj/third_party/perfetto/src/base/base/android_utils.o
[452/1932] 3m41.29s F CXX obj/third_party/perfetto/src/protozero/protozero/scattered_stream_writer.o
[453/1932] 3m41.31s F CXX obj/third_party/perfetto/src/base/base/dynamic_string_writer.o
[454/1931] 3m41.33s F CXX obj/third_party/perfetto/src/base/perfetto_base_default_platform/default_platform.o
[455/1931] 3m41.56s F CXX obj/third_party/perfetto/src/base/base/string_view.o
[456/1931] 3m41.93s F CXX obj/third_party/perfetto/src/base/base/uuid.o
[457/1931] 3m41.96s F CXX obj/third_party/perfetto/src/base/base/string_view_splitter.o
[458/1931] 3m42.30s F CXX obj/third_party/perfetto/src/base/base/utils.o
[459/1931] 3m42.33s F CXX obj/third_party/perfetto/src/base/check_cpu_optimizations/check_cpu_optimizations.o
[460/1930] 3m42.38s F CXX obj/third_party/perfetto/src/base/base/weak_runner.o
[461/1930] 3m42.64s F CXX obj/third_party/perfetto/src/base/base/thread_utils.o
[462/1930] 3m43.00s F CXX obj/third_party/perfetto/src/base/base/virtual_destructors.o
[463/1930] 3m43.19s F CXX obj/third_party/perfetto/src/base/base/subprocess.o
[464/1930] 3m43.44s F CXX obj/third_party/perfetto/src/base/base/lock_free_task_runner.o
[465/1930] 3m43.82s F CXX obj/third_party/perfetto/src/base/base/watchdog_posix.o
[466/1930] 3m43.93s F CXX obj/third_party/perfetto/src/base/base/thread_task_runner.o
[467/1930] 3m44.11s F CXX obj/third_party/perfetto/src/protozero/protozero/static_buffer.o
[468/1930] 3m44.69s F CXX obj/third_party/perfetto/src/base/base/subprocess_posix.o
[468/1928] 3m44.69s S AR obj/third_party/perfetto/protos/perfetto/protovm/libcpp.a
[469/1928] 3m44.87s F CXX obj/third_party/perfetto/protos/perfetto/config/system_info/cpp/system_info_config.gen.o
[469/1928] 3m44.87s S AR obj/third_party/perfetto/protos/perfetto/config/system_info/libcpp.a
[470/1928] 3m44.88s F AR obj/third_party/perfetto/protos/perfetto/protovm/libcpp.a
[471/1927] 3m44.92s S ACTION //third_party/perfetto/protos/perfetto/common:cpp_gen(//build/toolchain/android:android_clang_arm64)
[471/1927] 3m45.18s F CXX obj/third_party/perfetto/protos/perfetto/config/statsd/cpp/statsd_tracing_config.gen.o
[472/1927] 3m45.40s F ACTION //third_party/perfetto/protos/perfetto/common:cpp_gen(//build/toolchain/android:android_clang_arm64)
[473/1925] 3m45.40s S CXX obj/third_party/perfetto/protos/perfetto/common/cpp/tracing_service_capabilities.gen.o
[473/1925] 3m45.40s S CXX obj/third_party/perfetto/protos/perfetto/common/cpp/perf_events.gen.o
[473/1925] 3m45.40s S CXX obj/third_party/perfetto/protos/perfetto/common/cpp/trace_stats.gen.o
[473/1925] 3m45.40s S CXX obj/third_party/perfetto/protos/perfetto/common/cpp/trace_attributes.gen.o
[473/1925] 3m45.40s S CXX obj/third_party/perfetto/protos/perfetto/common/cpp/android_energy_consumer_descriptor.gen.o
[473/1925] 3m45.40s S CXX obj/third_party/perfetto/protos/perfetto/common/cpp/track_event_descriptor.gen.o
[473/1925] 3m45.40s S CXX obj/third_party/perfetto/protos/perfetto/common/cpp/tracing_service_state.gen.o
[473/1925] 3m45.40s S CXX obj/third_party/perfetto/protos/perfetto/common/cpp/interceptor_descriptor.gen.o
[473/1925] 3m45.40s S CXX obj/third_party/perfetto/protos/perfetto/common/cpp/ftrace_descriptor.gen.o
[473/1925] 3m45.40s S CXX obj/third_party/perfetto/protos/perfetto/common/cpp/gpu_counter_descriptor.gen.o
[473/1925] 3m45.41s S CXX obj/third_party/perfetto/protos/perfetto/common/cpp/observable_events.gen.o
[473/1925] 3m45.41s S CXX obj/third_party/perfetto/protos/perfetto/common/cpp/data_source_descriptor.gen.o
[473/1925] 3m45.41s S CXX obj/third_party/perfetto/protos/perfetto/common/cpp/descriptor.gen.o
[473/1925] 3m45.41s S CXX obj/third_party/perfetto/protos/perfetto/common/cpp/commit_data_request.gen.o
[473/1925] 3m45.41s S CXX obj/third_party/perfetto/protos/perfetto/common/cpp/builtin_clock.gen.o
[473/1925] 3m45.41s S CXX obj/third_party/perfetto/protos/perfetto/common/cpp/android_log_constants.gen.o
[473/1925] 3m45.41s S CXX obj/third_party/perfetto/protos/perfetto/common/cpp/sys_stats_counters.gen.o
[473/1925] 3m45.41s S CXX obj/third_party/perfetto/protos/perfetto/common/cpp/system_info.gen.o
[473/1925] 3m45.65s S AR obj/third_party/perfetto/protos/perfetto/config/priority_boost/libcpp.a
[473/1925] 3m45.65s F CXX obj/third_party/perfetto/protos/perfetto/config/priority_boost/cpp/priority_boost_config.gen.o
[474/1925] 3m45.82s F CXX obj/third_party/perfetto/protos/perfetto/config/power/cpp/android_power_config.gen.o
[474/1925] 3m45.82s S AR obj/third_party/perfetto/protos/perfetto/config/power/libcpp.a
[475/1925] 3m46.51s F CXX obj/third_party/perfetto/protos/perfetto/common/cpp/tracing_service_capabilities.gen.o
[476/1925] 3m46.86s F CXX obj/third_party/perfetto/protos/perfetto/common/cpp/perf_events.gen.o
[477/1925] 3m47.05s F CXX obj/third_party/perfetto/protos/perfetto/config/ftrace/cpp/ftrace_config.gen.o
[478/1925] 3m47.79s F CXX obj/third_party/perfetto/protos/perfetto/common/cpp/trace_attributes.gen.o
[479/1925] 3m47.88s F CXX obj/third_party/perfetto/protos/perfetto/common/cpp/trace_stats.gen.o
[480/1925] 3m47.99s F CXX obj/third_party/perfetto/protos/perfetto/common/cpp/android_energy_consumer_descriptor.gen.o
[481/1925] 3m48.50s F CXX obj/third_party/perfetto/protos/perfetto/common/cpp/sys_stats_counters.gen.o
[482/1925] 3m48.91s F CXX obj/third_party/perfetto/protos/perfetto/common/cpp/track_event_descriptor.gen.o
[483/1925] 3m49.44s F CXX obj/third_party/perfetto/protos/perfetto/common/cpp/tracing_service_state.gen.o
[484/1925] 3m49.45s F CXX obj/third_party/perfetto/protos/perfetto/common/cpp/ftrace_descriptor.gen.o
[485/1925] 3m49.82s F CXX clang_x64/obj/third_party/perfetto/src/protozero/protoc_plugin/protozero_plugin/protozero_plugin.o
[486/1925] 3m49.86s S LINK clang_x64/protozero_plugin
[486/1925] 3m50.27s F CXX obj/third_party/perfetto/protos/perfetto/common/cpp/data_source_descriptor.gen.o
[487/1925] 3m50.35s F LINK clang_x64/protozero_plugin
[488/1925] 3m50.49s S ACTION //third_party/perfetto/protos/perfetto/trace:non_minimal_zero_gen(//build/toolchain/android:android_clang_arm64)
[488/1925] 3m50.52s S ACTION //third_party/perfetto/protos/perfetto/trace:minimal_zero_gen(//build/toolchain/android:android_clang_arm64)
[488/1925] 3m50.62s S ACTION //third_party/perfetto/protos/perfetto/config/qnx:zero_gen(//build/toolchain/android:android_clang_arm64)
[488/1925] 3m50.62s S ACTION //third_party/perfetto/protos/perfetto/trace/profiling:inline_callstack_zero_gen(//build/toolchain/android:android_clang_arm64)
[488/1925] 3m50.62s S ACTION //third_party/perfetto/protos/perfetto/trace/gpu:zero_gen(//build/toolchain/android:android_clang_arm64)
[488/1925] 3m50.64s S ACTION //third_party/perfetto/protos/perfetto/trace/linux:zero_gen(//build/toolchain/android:android_clang_arm64)
[488/1925] 3m50.64s F CXX obj/third_party/perfetto/protos/perfetto/common/cpp/gpu_counter_descriptor.gen.o
[489/1925] 3m50.66s S ACTION //third_party/perfetto/protos/perfetto/trace/ps:zero_gen(//build/toolchain/android:android_clang_arm64)
[489/1925] 3m50.66s S ACTION //third_party/perfetto/protos/perfetto/protovm:zero_gen(//build/toolchain/android:android_clang_arm64)
[489/1925] 3m50.67s S ACTION //third_party/perfetto/protos/perfetto/trace/ftrace:zero_gen(//build/toolchain/android:android_clang_arm64)
[489/1925] 3m50.68s S ACTION //third_party/perfetto/protos/perfetto/trace/chrome:zero_gen(//build/toolchain/android:android_clang_arm64)
[489/1925] 3m50.71s S ACTION //third_party/perfetto/protos/perfetto/config/interceptors:zero_gen(//build/toolchain/android:android_clang_arm64)
[489/1925] 3m50.72s S ACTION //third_party/perfetto/protos/perfetto/trace/system_info:zero_gen(//build/toolchain/android:android_clang_arm64)
[489/1925] 3m50.74s S ACTION //third_party/perfetto/protos/perfetto/trace/filesystem:zero_gen(//build/toolchain/android:android_clang_arm64)
[489/1925] 3m50.74s S ACTION //third_party/perfetto/protos/perfetto/config/linux:zero_gen(//build/toolchain/android:android_clang_arm64)
[489/1925] 3m50.74s S ACTION //third_party/perfetto/protos/perfetto/trace/translation:zero_gen(//build/toolchain/android:android_clang_arm64)
[489/1925] 3m50.81s S ACTION //third_party/perfetto/protos/perfetto/config/sys_stats:zero_gen(//build/toolchain/android:android_clang_arm64)
[489/1925] 3m50.76s S ACTION //third_party/perfetto/protos/perfetto/trace/perfetto:zero_gen(//build/toolchain/android:android_clang_arm64)
[489/1925] 3m50.80s S ACTION //third_party/perfetto/protos/perfetto/trace/profiling:zero_gen(//build/toolchain/android:android_clang_arm64)
[489/1925] 3m50.83s F CXX obj/third_party/perfetto/protos/perfetto/common/cpp/observable_events.gen.o
[489/1925] 3m50.85s S ACTION //third_party/perfetto/protos/perfetto/trace/generic_kernel:zero_gen(//build/toolchain/android:android_clang_arm64)
[489/1925] 3m50.85s S ACTION //third_party/perfetto/protos/perfetto/trace/interned_data:zero_gen(//build/toolchain/android:android_clang_arm64)
[489/1925] 3m50.86s S ACTION //third_party/perfetto/protos/perfetto/trace/statsd:zero_gen(//build/toolchain/android:android_clang_arm64)
[489/1925] 3m50.88s S ACTION //third_party/perfetto/protos/perfetto/config:zero_gen(//build/toolchain/android:android_clang_arm64)
[489/1925] 3m50.88s S ACTION //third_party/perfetto/protos/perfetto/trace/etw:zero_gen(//build/toolchain/android:android_clang_arm64)
[489/1925] 3m50.93s S ACTION //third_party/perfetto/protos/perfetto/common:zero_gen(//build/toolchain/android:android_clang_arm64)
[489/1925] 3m50.93s S ACTION //third_party/perfetto/protos/perfetto/config/track_event:zero_gen(//build/toolchain/android:android_clang_arm64)
[489/1925] 3m50.94s S ACTION //third_party/perfetto/protos/perfetto/trace/android:zero_gen(//build/toolchain/android:android_clang_arm64)
[489/1925] 3m50.96s S ACTION //third_party/perfetto/protos/perfetto/trace/power:zero_gen(//build/toolchain/android:android_clang_arm64)
[489/1925] 3m50.98s S ACTION //third_party/perfetto/protos/perfetto/config/profiling:zero_gen(//build/toolchain/android:android_clang_arm64)
[489/1925] 3m50.99s S ACTION //third_party/perfetto/protos/perfetto/config/statsd:zero_gen(//build/toolchain/android:android_clang_arm64)
[490/1925] 3m51.02s S ACTION //third_party/perfetto/protos/perfetto/trace/track_event:zero_gen(//build/toolchain/android:android_clang_arm64)
[490/1925] 3m51.07s S ACTION //third_party/perfetto/protos/perfetto/config/android:zero_gen(//build/toolchain/android:android_clang_arm64)
[490/1925] 3m51.09s S ACTION //third_party/perfetto/protos/perfetto/config/protovm:zero_gen(//build/toolchain/android:android_clang_arm64)
[490/1925] 3m51.12s S ACTION //third_party/perfetto/protos/perfetto/trace/sys_stats:zero_gen(//build/toolchain/android:android_clang_arm64)
[490/1925] 3m51.12s S ACTION //third_party/perfetto/protos/perfetto/config/inode_file:zero_gen(//build/toolchain/android:android_clang_arm64)
[490/1925] 3m51.13s S ACTION //third_party/perfetto/protos/perfetto/config/system_info:zero_gen(//build/toolchain/android:android_clang_arm64)
[490/1925] 3m51.15s S ACTION //third_party/perfetto/protos/perfetto/config/gpu:zero_gen(//build/toolchain/android:android_clang_arm64)
[490/1925] 3m51.19s S ACTION //third_party/perfetto/protos/perfetto/config/process_stats:zero_gen(//build/toolchain/android:android_clang_arm64)
[490/1925] 3m51.23s S ACTION //third_party/perfetto/protos/perfetto/config/power:zero_gen(//build/toolchain/android:android_clang_arm64)
[490/1925] 3m51.37s S ACTION //third_party/perfetto/protos/perfetto/common:semantic_type_zero_gen(//build/toolchain/android:android_clang_arm64)
[490/1925] 3m51.39s S ACTION //third_party/perfetto/protos/perfetto/config/priority_boost:zero_gen(//build/toolchain/android:android_clang_arm64)
[490/1925] 3m51.40s S ACTION //third_party/perfetto/protos/perfetto/config/ftrace:zero_gen(//build/toolchain/android:android_clang_arm64)
[490/1925] 3m51.56s F CXX obj/third_party/perfetto/protos/perfetto/common/cpp/builtin_clock.gen.o
[491/1925] 3m51.63s F ACTION //third_party/perfetto/protos/perfetto/trace/chrome:zero_gen(//build/toolchain/android:android_clang_arm64)
[492/1923] 3m51.63s S CXX obj/third_party/perfetto/protos/perfetto/trace/chrome/zero/chrome_metadata.pbzero.o
[492/1923] 3m51.63s S CXX obj/third_party/perfetto/protos/perfetto/trace/chrome/zero/v8.pbzero.o
[492/1923] 3m51.63s S CXX obj/third_party/perfetto/protos/perfetto/trace/chrome/zero/chrome_trigger.pbzero.o
[492/1923] 3m51.63s S CXX obj/third_party/perfetto/protos/perfetto/trace/chrome/zero/chrome_benchmark_metadata.pbzero.o
[492/1923] 3m51.63s S CXX obj/third_party/perfetto/protos/perfetto/trace/chrome/zero/chrome_trace_event.pbzero.o
[492/1923] 3m51.65s F ACTION //third_party/perfetto/protos/perfetto/config/interceptors:zero_gen(//build/toolchain/android:android_clang_arm64)
[493/1922] 3m51.69s F ACTION //third_party/perfetto/protos/perfetto/trace/linux:zero_gen(//build/toolchain/android:android_clang_arm64)
[494/1920] 3m51.69s S CXX obj/third_party/perfetto/protos/perfetto/trace/linux/zero/journald_event.pbzero.o
[494/1920] 3m52.15s F ACTION //third_party/perfetto/protos/perfetto/trace:non_minimal_zero_gen(//build/toolchain/android:android_clang_arm64)
[495/1919] 3m52.17s F ACTION //third_party/perfetto/protos/perfetto/protovm:zero_gen(//build/toolchain/android:android_clang_arm64)
[496/1917] 3m52.17s S CXX obj/third_party/perfetto/src/protovm/protovm/rw_proto.o
[496/1916] 3m52.17s S CXX obj/third_party/perfetto/protos/perfetto/protovm/zero/vm_program.pbzero.o
[496/1916] 3m52.17s S CXX obj/third_party/perfetto/src/protovm/protovm/allocator.o
[496/1916] 3m52.17s S CXX obj/third_party/perfetto/src/protovm/protovm/vm.o
[496/1916] 3m52.17s S CXX obj/third_party/perfetto/src/protovm/protovm/error_handling.o
[496/1916] 3m52.17s S CXX obj/third_party/perfetto/src/protovm/protovm/rw_proto_cursor.o
[496/1916] 3m52.17s S CXX obj/third_party/perfetto/src/protovm/protovm/parser.o
[496/1916] 3m52.17s S CXX obj/third_party/perfetto/src/protovm/protovm/node.o
[496/1916] 3m52.17s S CXX obj/third_party/perfetto/src/protovm/protovm/ro_cursor.o
[496/1916] 3m52.18s S CXX obj/third_party/perfetto/src/protovm/protovm/executor.o
[496/1916] 3m52.30s F ACTION //third_party/perfetto/protos/perfetto/config/sys_stats:zero_gen(//build/toolchain/android:android_clang_arm64)
[497/1915] 3m52.39s F ACTION //third_party/perfetto/protos/perfetto/common:zero_gen(//build/toolchain/android:android_clang_arm64)
[498/1914] 3m52.39s S CXX obj/third_party/perfetto/src/base/clock_snapshots/clock_snapshots.o
[498/1913] 3m52.39s S CXX obj/third_party/perfetto/protos/perfetto/common/zero/android_log_constants.pbzero.o
[498/1912] 3m52.39s S CXX obj/third_party/perfetto/protos/perfetto/common/zero/sys_stats_counters.pbzero.o
[498/1911] 3m52.39s S CXX obj/third_party/perfetto/protos/perfetto/config/interceptors/zero/console_config.pbzero.o
[498/1911] 3m52.39s S CXX obj/third_party/perfetto/protos/perfetto/common/zero/android_energy_consumer_descriptor.pbzero.o
[498/1911] 3m52.39s S CXX obj/third_party/perfetto/protos/perfetto/common/zero/track_event_descriptor.pbzero.o
[498/1911] 3m52.39s S CXX obj/third_party/perfetto/protos/perfetto/common/zero/ftrace_descriptor.pbzero.o
[498/1911] 3m52.39s S CXX obj/third_party/perfetto/protos/perfetto/common/zero/data_source_descriptor.pbzero.o
[498/1911] 3m52.39s S CXX obj/third_party/perfetto/protos/perfetto/common/zero/perf_events.pbzero.o
[498/1911] 3m52.39s S CXX obj/third_party/perfetto/protos/perfetto/common/zero/descriptor.pbzero.o
[498/1911] 3m52.39s S CXX obj/third_party/perfetto/protos/perfetto/common/zero/observable_events.pbzero.o
[498/1911] 3m52.39s S CXX obj/third_party/perfetto/protos/perfetto/common/zero/interceptor_descriptor.pbzero.o
[498/1911] 3m52.39s S CXX obj/third_party/perfetto/protos/perfetto/common/zero/gpu_counter_descriptor.pbzero.o
[498/1911] 3m52.40s S CXX obj/third_party/perfetto/protos/perfetto/config/sys_stats/zero/sys_stats_config.pbzero.o
[498/1911] 3m52.40s S CXX obj/third_party/perfetto/protos/perfetto/common/zero/commit_data_request.pbzero.o
[498/1911] 3m52.40s S CXX obj/third_party/perfetto/protos/perfetto/common/zero/builtin_clock.pbzero.o
[498/1911] 3m52.40s S CXX obj/third_party/perfetto/protos/perfetto/common/zero/trace_stats.pbzero.o
[498/1911] 3m52.40s S CXX obj/third_party/perfetto/protos/perfetto/common/zero/tracing_service_state.pbzero.o
[498/1911] 3m52.40s S CXX obj/third_party/perfetto/protos/perfetto/common/zero/trace_attributes.pbzero.o
[498/1911] 3m52.40s S CXX obj/third_party/perfetto/protos/perfetto/common/zero/system_info.pbzero.o
[498/1911] 3m52.41s S CXX obj/third_party/perfetto/protos/perfetto/common/zero/tracing_service_capabilities.pbzero.o
[498/1911] 3m52.51s F CXX obj/third_party/perfetto/protos/perfetto/common/cpp/interceptor_descriptor.gen.o
[499/1911] 3m52.56s F CXX obj/third_party/perfetto/protos/perfetto/common/cpp/commit_data_request.gen.o
[500/1911] 3m52.60s F CXX obj/third_party/perfetto/protos/perfetto/protovm/zero/vm_program.pbzero.o
[501/1911] 3m52.60s S AR obj/third_party/perfetto/protos/perfetto/protovm/libzero.a
[501/1911] 3m52.64s F CXX obj/third_party/perfetto/protos/perfetto/common/zero/tracing_service_capabilities.pbzero.o
[502/1911] 3m52.69s F CXX obj/third_party/perfetto/protos/perfetto/common/zero/android_log_constants.pbzero.o
[503/1911] 3m52.71s F AR obj/third_party/perfetto/protos/perfetto/protovm/libzero.a
[504/1911] 3m52.75s F CXX obj/third_party/perfetto/protos/perfetto/common/zero/sys_stats_counters.pbzero.o
[505/1911] 3m52.77s F ACTION //third_party/perfetto/protos/perfetto/config/process_stats:zero_gen(//build/toolchain/android:android_clang_arm64)
[506/1909] 3m52.77s S CXX obj/third_party/perfetto/protos/perfetto/config/process_stats/zero/process_stats_config.pbzero.o
[506/1909] 3m52.80s F CXX obj/third_party/perfetto/protos/perfetto/common/zero/android_energy_consumer_descriptor.pbzero.o
[507/1909] 3m52.83s F CXX obj/third_party/perfetto/protos/perfetto/common/zero/ftrace_descriptor.pbzero.o
[508/1909] 3m52.87s F CXX obj/third_party/perfetto/protos/perfetto/common/zero/data_source_descriptor.pbzero.o
[509/1909] 3m52.90s F CXX obj/third_party/perfetto/protos/perfetto/common/cpp/system_info.gen.o
[510/1909] 3m52.90s F CXX obj/third_party/perfetto/protos/perfetto/common/zero/perf_events.pbzero.o
[511/1909] 3m52.92s F ACTION //third_party/perfetto/protos/perfetto/config/power:zero_gen(//build/toolchain/android:android_clang_arm64)
[512/1907] 3m52.92s S CXX obj/third_party/perfetto/protos/perfetto/config/power/zero/android_power_config.pbzero.o
[512/1907] 3m52.94s F CXX obj/third_party/perfetto/protos/perfetto/common/zero/descriptor.pbzero.o
[513/1907] 3m52.94s F ACTION //third_party/perfetto/protos/perfetto/config/gpu:zero_gen(//build/toolchain/android:android_clang_arm64)
[514/1905] 3m52.94s S CXX obj/third_party/perfetto/protos/perfetto/config/gpu/zero/gpu_renderstages_config.pbzero.o
[514/1905] 3m52.94s S CXX obj/third_party/perfetto/protos/perfetto/config/gpu/zero/gpu_counter_config.pbzero.o
[514/1905] 3m52.94s S CXX obj/third_party/perfetto/protos/perfetto/config/gpu/zero/vulkan_memory_config.pbzero.o
[514/1905] 3m52.94s F CXX obj/third_party/perfetto/protos/perfetto/common/zero/interceptor_descriptor.pbzero.o
[515/1905] 3m52.95s F ACTION //third_party/perfetto/protos/perfetto/config/ftrace:zero_gen(//build/toolchain/android:android_clang_arm64)
[515/1903] 3m52.95s S CXX obj/third_party/perfetto/protos/perfetto/config/ftrace/zero/ftrace_config.pbzero.o
[516/1903] 3m52.95s S CXX obj/third_party/perfetto/protos/perfetto/config/ftrace/zero/frozen_ftrace_config.pbzero.o
[516/1903] 3m52.97s F CXX obj/third_party/perfetto/protos/perfetto/common/zero/commit_data_request.pbzero.o
[517/1903] 3m52.98s F CXX obj/third_party/perfetto/protos/perfetto/common/zero/builtin_clock.pbzero.o
[518/1903] 3m53.01s F CXX obj/third_party/perfetto/protos/perfetto/common/zero/gpu_counter_descriptor.pbzero.o
[519/1903] 3m53.01s F CXX obj/third_party/perfetto/protos/perfetto/common/zero/trace_stats.pbzero.o
[520/1903] 3m53.04s F CXX obj/third_party/perfetto/protos/perfetto/common/zero/tracing_service_state.pbzero.o
[521/1903] 3m53.05s F CXX obj/third_party/perfetto/protos/perfetto/common/zero/trace_attributes.pbzero.o
[522/1903] 3m53.08s F CXX obj/third_party/perfetto/protos/perfetto/common/zero/track_event_descriptor.pbzero.o
[523/1903] 3m53.10s F CXX obj/third_party/perfetto/protos/perfetto/common/zero/system_info.pbzero.o
[524/1903] 3m53.11s F CXX obj/third_party/perfetto/protos/perfetto/common/zero/observable_events.pbzero.o
[525/1903] 3m53.11s S AR obj/third_party/perfetto/protos/perfetto/common/libzero.a
[525/1903] 3m53.36s F ACTION //third_party/perfetto/protos/perfetto/config/track_event:zero_gen(//build/toolchain/android:android_clang_arm64)
[526/1901] 3m53.36s S CXX obj/third_party/perfetto/protos/perfetto/config/track_event/zero/track_event_config.pbzero.o
[526/1901] 3m53.40s F ACTION //third_party/perfetto/protos/perfetto/config/priority_boost:zero_gen(//build/toolchain/android:android_clang_arm64)
[527/1899] 3m53.40s S CXX obj/third_party/perfetto/protos/perfetto/config/priority_boost/zero/priority_boost_config.pbzero.o
[527/1899] 3m53.44s F ACTION //third_party/perfetto/protos/perfetto/config/qnx:zero_gen(//build/toolchain/android:android_clang_arm64)
[527/1897] 3m53.44s S CXX obj/third_party/perfetto/protos/perfetto/config/qnx/zero/qnx_config.pbzero.o
[528/1897] 3m53.56s F ACTION //third_party/perfetto/protos/perfetto/config/linux:zero_gen(//build/toolchain/android:android_clang_arm64)
[529/1895] 3m53.56s S CXX obj/third_party/perfetto/protos/perfetto/config/linux/zero/journald_config.pbzero.o
[529/1895] 3m53.79s F CXX obj/third_party/perfetto/protos/perfetto/common/cpp/android_log_constants.gen.o
[530/1895] 3m53.83s F ACTION //third_party/perfetto/protos/perfetto/config/android:zero_gen(//build/toolchain/android:android_clang_arm64)
[530/1893] 3m53.83s S CXX obj/third_party/perfetto/protos/perfetto/config/android/zero/android_game_intervention_list_config.pbzero.o
[530/1893] 3m53.83s S CXX obj/third_party/perfetto/protos/perfetto/config/android/zero/kernel_wakelocks_config.pbzero.o
[530/1893] 3m53.83s S CXX obj/third_party/perfetto/protos/perfetto/config/android/zero/android_aflags_config.pbzero.o
[530/1893] 3m53.83s S CXX obj/third_party/perfetto/protos/perfetto/config/android/zero/windowmanager_config.pbzero.o
[530/1893] 3m53.83s S CXX obj/third_party/perfetto/protos/perfetto/config/android/zero/user_list_config.pbzero.o
[530/1893] 3m53.83s S CXX obj/third_party/perfetto/protos/perfetto/config/android/zero/surfaceflinger_transactions_config.pbzero.o
[531/1893] 3m53.84s S CXX obj/third_party/perfetto/protos/perfetto/config/android/zero/android_system_property_config.pbzero.o
[530/1893] 3m53.83s S CXX obj/third_party/perfetto/protos/perfetto/config/android/zero/protolog_config.pbzero.o
[530/1893] 3m53.83s S CXX obj/third_party/perfetto/protos/perfetto/config/android/zero/surfaceflinger_layers_config.pbzero.o
[530/1893] 3m53.83s S CXX obj/third_party/perfetto/protos/perfetto/config/android/zero/pixel_modem_config.pbzero.o
[530/1893] 3m53.83s S CXX obj/third_party/perfetto/protos/perfetto/config/android/zero/network_trace_config.pbzero.o
[530/1893] 3m53.83s S CXX obj/third_party/perfetto/protos/perfetto/config/android/zero/packages_list_config.pbzero.o
[530/1893] 3m53.83s S CXX obj/third_party/perfetto/protos/perfetto/config/android/zero/android_polled_state_config.pbzero.o
[530/1893] 3m53.83s S CXX obj/third_party/perfetto/protos/perfetto/config/android/zero/display_video_config.pbzero.o
[530/1893] 3m53.83s S CXX obj/third_party/perfetto/protos/perfetto/config/android/zero/android_sdk_sysprop_guard_config.pbzero.o
[530/1893] 3m53.83s S CXX obj/third_party/perfetto/protos/perfetto/config/android/zero/android_log_config.pbzero.o
[530/1893] 3m53.83s S CXX obj/third_party/perfetto/protos/perfetto/config/android/zero/inputmethod_config.pbzero.o
[530/1893] 3m53.83s S CXX obj/third_party/perfetto/protos/perfetto/config/android/zero/cpu_per_uid_config.pbzero.o
[530/1893] 3m53.83s S CXX obj/third_party/perfetto/protos/perfetto/config/android/zero/android_input_event_config.pbzero.o
[530/1893] 3m53.83s S CXX obj/third_party/perfetto/protos/perfetto/config/android/zero/app_wakelock_config.pbzero.o
[531/1893] 3m53.96s F ACTION //third_party/perfetto/protos/perfetto/config/statsd:zero_gen(//build/toolchain/android:android_clang_arm64)
[532/1891] 3m53.96s S CXX obj/third_party/perfetto/protos/perfetto/config/statsd/zero/atom_ids.pbzero.o
[532/1891] 3m53.96s S CXX obj/third_party/perfetto/protos/perfetto/config/statsd/zero/statsd_tracing_config.pbzero.o
[532/1891] 3m54.05s F ACTION //third_party/perfetto/protos/perfetto/config/inode_file:zero_gen(//build/toolchain/android:android_clang_arm64)
[533/1889] 3m54.05s S CXX obj/third_party/perfetto/protos/perfetto/config/inode_file/zero/inode_file_config.pbzero.o
[533/1889] 3m54.25s F ACTION //third_party/perfetto/protos/perfetto/trace/profiling:inline_callstack_zero_gen(//build/toolchain/android:android_clang_arm64)
[534/1887] 3m54.25s S CXX obj/third_party/perfetto/protos/perfetto/trace/profiling/inline_callstack_zero/inline_callstack.pbzero.o
[534/1887] 3m54.45s F ACTION //third_party/perfetto/protos/perfetto/config/system_info:zero_gen(//build/toolchain/android:android_clang_arm64)
[535/1885] 3m54.45s S CXX obj/third_party/perfetto/protos/perfetto/config/system_info/zero/system_info_config.pbzero.o
[535/1885] 3m54.60s F ACTION //third_party/perfetto/protos/perfetto/config/profiling:zero_gen(//build/toolchain/android:android_clang_arm64)
[536/1883] 3m54.60s S CXX obj/third_party/perfetto/protos/perfetto/config/profiling/zero/java_hprof_config.pbzero.o
[536/1883] 3m54.61s S CXX obj/third_party/perfetto/protos/perfetto/config/profiling/zero/heapprofd_config.pbzero.o
[536/1883] 3m54.61s S CXX obj/third_party/perfetto/protos/perfetto/config/profiling/zero/smaps_config.pbzero.o
[536/1883] 3m54.61s S CXX obj/third_party/perfetto/protos/perfetto/config/profiling/zero/perf_event_config.pbzero.o
[536/1883] 3m54.62s F ACTION //third_party/perfetto/protos/perfetto/config/protovm:zero_gen(//build/toolchain/android:android_clang_arm64)
[537/1881] 3m54.62s S CXX obj/third_party/perfetto/protos/perfetto/config/protovm/zero/protovm_config.pbzero.o
[537/1881] 3m54.73s F CXX obj/third_party/perfetto/protos/perfetto/config/gpu/cpp/vulkan_memory_config.gen.o
[538/1881] 3m54.77s F CXX obj/third_party/perfetto/protos/perfetto/config/linux/zero/journald_config.pbzero.o
[539/1881] 3m54.77s S AR obj/third_party/perfetto/protos/perfetto/config/linux/libzero.a
[539/1881] 3m54.84s F ACTION //third_party/perfetto/protos/perfetto/common:semantic_type_zero_gen(//build/toolchain/android:android_clang_arm64)
[539/1879] 3m54.84s S CXX obj/third_party/perfetto/protos/perfetto/common/semantic_type_zero/semantic_type.pbzero.o
[540/1879] 3m55.03s F ACTION //third_party/perfetto/protos/perfetto/trace/gpu:zero_gen(//build/toolchain/android:android_clang_arm64)
[541/1877] 3m55.03s S CXX obj/third_party/perfetto/protos/perfetto/trace/gpu/zero/gpu_log.pbzero.o
[541/1877] 3m55.03s S CXX obj/third_party/perfetto/protos/perfetto/trace/gpu/zero/gpu_counter_event.pbzero.o
[541/1877] 3m55.03s S CXX obj/third_party/perfetto/protos/perfetto/trace/gpu/zero/vulkan_memory_event.pbzero.o
[541/1877] 3m55.03s S CXX obj/third_party/perfetto/protos/perfetto/trace/gpu/zero/gpu_render_stage_event.pbzero.o
[541/1877] 3m55.03s S CXX obj/third_party/perfetto/protos/perfetto/trace/gpu/zero/vulkan_api_event.pbzero.o
[541/1877] 3m55.03s S CXX obj/third_party/perfetto/protos/perfetto/trace/gpu/zero/gpu_mem_event.pbzero.o
[541/1877] 3m55.08s F CXX obj/third_party/perfetto/protos/perfetto/config/ftrace/cpp/frozen_ftrace_config.gen.o
[542/1877] 3m55.08s S AR obj/third_party/perfetto/protos/perfetto/config/ftrace/libcpp.a
[542/1877] 3m55.15s F CXX obj/third_party/perfetto/protos/perfetto/config/gpu/cpp/gpu_renderstages_config.gen.o
[543/1877] 3m55.22s F ACTION //third_party/perfetto/protos/perfetto/trace/profiling:zero_gen(//build/toolchain/android:android_clang_arm64)
[543/1875] 3m55.22s S CXX obj/third_party/perfetto/protos/perfetto/trace/profiling/zero/deobfuscation.pbzero.o
[543/1875] 3m55.22s S CXX obj/third_party/perfetto/protos/perfetto/trace/profiling/zero/profile_packet.pbzero.o
[543/1875] 3m55.22s S CXX obj/third_party/perfetto/protos/perfetto/trace/profiling/zero/smaps.pbzero.o
[543/1875] 3m55.22s S CXX obj/third_party/perfetto/protos/perfetto/trace/profiling/zero/profile_common.pbzero.o
[544/1875] 3m55.22s S CXX obj/third_party/perfetto/protos/perfetto/trace/profiling/zero/art_process_metadata.pbzero.o
[544/1875] 3m55.23s S CXX obj/third_party/perfetto/protos/perfetto/trace/profiling/zero/stack_sample.pbzero.o
[544/1875] 3m55.38s F ACTION //third_party/perfetto/protos/perfetto/config:zero_gen(//build/toolchain/android:android_clang_arm64)
[545/1873] 3m55.39s S CXX obj/third_party/perfetto/protos/perfetto/config/zero/histogram_samples.pbzero.o
[545/1873] 3m55.39s S CXX obj/third_party/perfetto/protos/perfetto/config/zero/chrome_config.pbzero.o
[545/1873] 3m55.39s S CXX obj/third_party/perfetto/protos/perfetto/config/zero/trace_config.pbzero.o
[545/1873] 3m55.39s S CXX obj/third_party/perfetto/protos/perfetto/config/zero/stress_test_config.pbzero.o
[545/1873] 3m55.39s S CXX obj/third_party/perfetto/protos/perfetto/config/zero/data_source_config.pbzero.o
[545/1873] 3m55.39s S CXX obj/third_party/perfetto/protos/perfetto/config/zero/etw_config.pbzero.o
[545/1873] 3m55.39s S CXX obj/third_party/perfetto/protos/perfetto/config/zero/test_config.pbzero.o
[545/1873] 3m55.39s S CXX obj/third_party/perfetto/protos/perfetto/config/zero/interceptor_config.pbzero.o
[545/1873] 3m55.40s S CXX obj/third_party/perfetto/protos/perfetto/config/zero/system_metrics.pbzero.o
[545/1873] 3m55.40s S CXX obj/third_party/perfetto/protos/perfetto/config/zero/v8_config.pbzero.o
[545/1873] 3m55.40s S CXX obj/third_party/perfetto/protos/perfetto/config/zero/scenario_config.pbzero.o
[545/1873] 3m55.50s F ACTION //third_party/perfetto/protos/perfetto/trace/android:zero_gen(//build/toolchain/android:android_clang_arm64)
[546/1871] 3m55.50s S CXX obj/third_party/perfetto/protos/perfetto/trace/android/zero/android_game_intervention_list.pbzero.o
[546/1871] 3m55.50s S CXX obj/third_party/perfetto/protos/perfetto/trace/android/zero/android_aflags.pbzero.o
[546/1871] 3m55.50s S CXX obj/third_party/perfetto/protos/perfetto/trace/android/zero/user_list.pbzero.o
[546/1871] 3m55.50s S CXX obj/third_party/perfetto/protos/perfetto/trace/android/zero/initial_display_state.pbzero.o
[546/1871] 3m55.50s S CXX obj/third_party/perfetto/protos/perfetto/trace/android/zero/pixel_modem_events.pbzero.o
[546/1871] 3m55.50s S CXX obj/third_party/perfetto/protos/perfetto/trace/android/zero/packages_list.pbzero.o
[546/1871] 3m55.50s S CXX obj/third_party/perfetto/protos/perfetto/trace/android/zero/cpu_per_uid_data.pbzero.o
[546/1871] 3m55.50s S CXX obj/third_party/perfetto/protos/perfetto/trace/android/zero/graphics_frame_event.pbzero.o
[546/1871] 3m55.50s S CXX obj/third_party/perfetto/protos/perfetto/trace/android/zero/kernel_wakelock_data.pbzero.o
[546/1871] 3m55.50s S CXX obj/third_party/perfetto/protos/perfetto/trace/android/zero/android_system_property.pbzero.o
[546/1871] 3m55.51s S CXX obj/third_party/perfetto/protos/perfetto/trace/android/zero/android_log.pbzero.o
[546/1871] 3m55.78s F ACTION //third_party/perfetto/protos/perfetto/trace/track_event:zero_gen(//build/toolchain/android:android_clang_arm64)
[547/1869] 3m55.78s S CXX obj/third_party/perfetto/protos/perfetto/trace/track_event/zero/chrome_application_state_info.pbzero.o
[547/1869] 3m55.78s S CXX obj/third_party/perfetto/protos/perfetto/trace/track_event/zero/chrome_message_pump.pbzero.o
[547/1869] 3m55.78s S CXX obj/third_party/perfetto/protos/perfetto/trace/track_event/zero/chrome_legacy_ipc.pbzero.o
[547/1869] 3m55.78s S CXX obj/third_party/perfetto/protos/perfetto/trace/track_event/zero/chrome_active_processes.pbzero.o
[547/1869] 3m55.78s S CXX obj/third_party/perfetto/protos/perfetto/trace/track_event/zero/chrome_user_event.pbzero.o
[547/1869] 3m55.79s S CXX obj/third_party/perfetto/protos/perfetto/trace/track_event/zero/chrome_thread_descriptor.pbzero.o
[547/1869] 3m55.79s S CXX obj/third_party/perfetto/protos/perfetto/trace/track_event/zero/track_event.pbzero.o
[547/1869] 3m55.79s S CXX obj/third_party/perfetto/protos/perfetto/trace/track_event/zero/chrome_renderer_scheduler_state.pbzero.o
[547/1869] 3m55.79s S CXX obj/third_party/perfetto/protos/perfetto/trace/track_event/zero/track_descriptor.pbzero.o
[547/1869] 3m55.79s S CXX obj/third_party/perfetto/protos/perfetto/trace/track_event/zero/thread_descriptor.pbzero.o
[547/1869] 3m55.79s S CXX obj/third_party/perfetto/protos/perfetto/trace/track_event/zero/chrome_process_descriptor.pbzero.o
[547/1869] 3m55.79s S CXX obj/third_party/perfetto/protos/perfetto/trace/track_event/zero/task_execution.pbzero.o
[547/1869] 3m55.79s S CXX obj/third_party/perfetto/protos/perfetto/trace/track_event/zero/state_descriptor.pbzero.o
[547/1869] 3m55.79s S CXX obj/third_party/perfetto/protos/perfetto/trace/track_event/zero/chrome_mojo_event_info.pbzero.o
[547/1869] 3m55.79s S CXX obj/third_party/perfetto/protos/perfetto/trace/track_event/zero/source_location.pbzero.o
[547/1869] 3m55.79s S CXX obj/third_party/perfetto/protos/perfetto/trace/track_event/zero/screenshot.pbzero.o
[547/1869] 3m55.79s S CXX obj/third_party/perfetto/protos/perfetto/trace/track_event/zero/chrome_histogram_sample.pbzero.o
[547/1869] 3m55.79s S CXX obj/third_party/perfetto/protos/perfetto/trace/track_event/zero/range_of_interest.pbzero.o
[547/1869] 3m55.80s S CXX obj/third_party/perfetto/protos/perfetto/trace/track_event/zero/chrome_latency_info.pbzero.o
[547/1869] 3m55.80s S CXX obj/third_party/perfetto/protos/perfetto/trace/track_event/zero/process_descriptor.pbzero.o
[547/1869] 3m55.80s S CXX obj/third_party/perfetto/protos/perfetto/trace/track_event/zero/chrome_keyed_service.pbzero.o
[547/1869] 3m55.80s S CXX obj/third_party/perfetto/protos/perfetto/trace/track_event/zero/log_message.pbzero.o
[547/1869] 3m55.80s S CXX obj/third_party/perfetto/protos/perfetto/trace/track_event/zero/debug_annotation.pbzero.o
[547/1869] 3m55.80s S CXX obj/third_party/perfetto/protos/perfetto/trace/track_event/zero/chrome_content_settings_event_info.pbzero.o
[547/1869] 3m55.80s S CXX obj/third_party/perfetto/protos/perfetto/trace/track_event/zero/counter_descriptor.pbzero.o
[547/1869] 3m55.80s S CXX obj/third_party/perfetto/protos/perfetto/trace/track_event/zero/chrome_compositor_scheduler_state.pbzero.o
[547/1869] 3m55.80s S CXX obj/third_party/perfetto/protos/perfetto/trace/track_event/zero/chrome_frame_reporter.pbzero.o
[547/1869] 3m55.80s S CXX obj/third_party/perfetto/protos/perfetto/trace/track_event/zero/chrome_window_handle_event_info.pbzero.o
[547/1869] 3m55.83s F ACTION //third_party/perfetto/protos/perfetto/trace/filesystem:zero_gen(//build/toolchain/android:android_clang_arm64)
[548/1867] 3m55.83s S CXX obj/third_party/perfetto/protos/perfetto/trace/filesystem/zero/inode_file_map.pbzero.o
[548/1867] 3m56.15s F ACTION //third_party/perfetto/protos/perfetto/trace/ps:zero_gen(//build/toolchain/android:android_clang_arm64)
[549/1865] 3m56.15s S CXX obj/third_party/perfetto/protos/perfetto/trace/ps/zero/process_tree.pbzero.o
[549/1865] 3m56.15s S CXX obj/third_party/perfetto/protos/perfetto/trace/ps/zero/process_stats.pbzero.o
[549/1865] 3m56.23s F ACTION //third_party/perfetto/protos/perfetto/trace:minimal_zero_gen(//build/toolchain/android:android_clang_arm64)
[550/1863] 3m56.23s S CXX obj/third_party/perfetto/protos/perfetto/trace/minimal_zero/trace_uuid.pbzero.o
[550/1863] 3m56.23s S CXX obj/third_party/perfetto/protos/perfetto/trace/minimal_zero/clock_snapshot.pbzero.o
[550/1863] 3m56.23s S CXX obj/third_party/perfetto/protos/perfetto/trace/minimal_zero/trigger.pbzero.o
[550/1863] 3m56.33s F ACTION //third_party/perfetto/protos/perfetto/trace/translation:zero_gen(//build/toolchain/android:android_clang_arm64)
[551/1861] 3m56.33s S CXX obj/third_party/perfetto/protos/perfetto/trace/translation/zero/translation_table.pbzero.o
[551/1861] 3m56.37s F ACTION //third_party/perfetto/protos/perfetto/trace/generic_kernel:zero_gen(//build/toolchain/android:android_clang_arm64)
[552/1859] 3m56.37s S CXX obj/third_party/perfetto/protos/perfetto/trace/generic_kernel/zero/generic_gpu_frequency.pbzero.o
[552/1859] 3m56.37s S CXX obj/third_party/perfetto/protos/perfetto/trace/generic_kernel/zero/generic_task.pbzero.o
[552/1859] 3m56.37s S CXX obj/third_party/perfetto/protos/perfetto/trace/generic_kernel/zero/generic_power.pbzero.o
[552/1859] 3m56.38s F CXX obj/third_party/perfetto/protos/perfetto/common/cpp/descriptor.gen.o
[553/1859] 3m56.38s S AR obj/third_party/perfetto/protos/perfetto/common/libcpp.a
[553/1859] 3m56.57s F CXX obj/third_party/perfetto/protos/perfetto/common/semantic_type_cpp/semantic_type.gen.o
[554/1859] 3m56.57s S AR obj/third_party/perfetto/protos/perfetto/common/libsemantic_type_cpp.a
[554/1859] 3m56.59s F AR obj/third_party/perfetto/protos/perfetto/common/libcpp.a
[555/1854] 3m56.66s S ACTION //third_party/perfetto/protos/perfetto/config/qnx:cpp_gen(//build/toolchain/android:android_clang_arm64)
[555/1854] 3m56.66s S ACTION //third_party/perfetto/protos/perfetto/config/android:cpp_gen(//build/toolchain/android:android_clang_arm64)
[555/1854] 3m56.66s S ACTION //third_party/perfetto/protos/perfetto/config/sys_stats:cpp_gen(//build/toolchain/android:android_clang_arm64)
[555/1854] 3m56.67s F CXX obj/third_party/perfetto/protos/perfetto/config/linux/cpp/journald_config.gen.o
[556/1854] 3m56.67s S AR obj/third_party/perfetto/protos/perfetto/config/linux/libcpp.a
[556/1854] 3m56.68s S ACTION //third_party/perfetto/protos/perfetto/config/profiling:cpp_gen(//build/toolchain/android:android_clang_arm64)
[556/1854] 3m56.69s S ACTION //third_party/perfetto/protos/perfetto/config/interceptors:cpp_gen(//build/toolchain/android:android_clang_arm64)
[556/1854] 3m56.71s F CXX obj/third_party/perfetto/protos/perfetto/config/track_event/cpp/track_event_config.gen.o
[557/1854] 3m56.72s S AR obj/third_party/perfetto/protos/perfetto/config/track_event/libcpp.a
[557/1854] 3m56.78s F CXX obj/third_party/perfetto/protos/perfetto/config/interceptors/zero/console_config.pbzero.o
[558/1854] 3m56.79s F ACTION //third_party/perfetto/protos/perfetto/trace/statsd:zero_gen(//build/toolchain/android:android_clang_arm64)
[559/1852] 3m56.79s S CXX obj/third_party/perfetto/protos/perfetto/trace/statsd/zero/statsd_atom.pbzero.o
[559/1852] 3m56.82s F CXX obj/third_party/perfetto/protos/perfetto/config/process_stats/zero/process_stats_config.pbzero.o
[559/1852] 3m56.82s S AR obj/third_party/perfetto/protos/perfetto/config/process_stats/libzero.a
[560/1852] 3m56.84s F AR obj/third_party/perfetto/protos/perfetto/common/libzero.a
[561/1852] 3m56.84s S AR obj/third_party/perfetto/protos/perfetto/config/interceptors/libzero.a
[561/1852] 3m56.88s F CXX obj/third_party/perfetto/protos/perfetto/config/track_event/zero/track_event_config.pbzero.o
[562/1852] 3m56.88s S AR obj/third_party/perfetto/protos/perfetto/config/track_event/libzero.a
[562/1852] 3m56.92s F CXX obj/third_party/perfetto/protos/perfetto/config/priority_boost/zero/priority_boost_config.pbzero.o
[562/1852] 3m56.92s S AR obj/third_party/perfetto/protos/perfetto/config/priority_boost/libzero.a
[563/1852] 3m56.92s F ACTION //third_party/perfetto/protos/perfetto/trace/etw:zero_gen(//build/toolchain/android:android_clang_arm64)
[564/1850] 3m56.92s S CXX obj/third_party/perfetto/protos/perfetto/trace/etw/zero/etw_event.pbzero.o
[564/1850] 3m56.92s S CXX obj/third_party/perfetto/protos/perfetto/trace/etw/zero/etw_event_bundle.pbzero.o
[564/1850] 3m56.92s S CXX obj/third_party/perfetto/protos/perfetto/trace/etw/zero/etw.pbzero.o
[564/1850] 3m56.93s F ACTION //third_party/perfetto/protos/perfetto/trace/power:zero_gen(//build/toolchain/android:android_clang_arm64)
[565/1848] 3m56.94s S CXX obj/third_party/perfetto/protos/perfetto/trace/power/zero/android_entity_state_residency.pbzero.o
[565/1848] 3m56.94s S CXX obj/third_party/perfetto/protos/perfetto/trace/power/zero/android_energy_estimation_breakdown.pbzero.o
[565/1848] 3m56.94s S CXX obj/third_party/perfetto/protos/perfetto/trace/power/zero/battery_counters.pbzero.o
[565/1848] 3m56.94s S CXX obj/third_party/perfetto/protos/perfetto/trace/power/zero/power_rails.pbzero.o
[565/1848] 3m56.98s F CXX obj/third_party/perfetto/protos/perfetto/config/sys_stats/zero/sys_stats_config.pbzero.o
[566/1848] 3m56.98s S AR obj/third_party/perfetto/protos/perfetto/config/sys_stats/libzero.a
[566/1848] 3m57.03s F CXX obj/third_party/perfetto/protos/perfetto/config/qnx/zero/qnx_config.pbzero.o
[567/1848] 3m57.04s S AR obj/third_party/perfetto/protos/perfetto/config/qnx/libzero.a
[567/1848] 3m57.08s F CXX obj/third_party/perfetto/protos/perfetto/config/android/zero/android_game_intervention_list_config.pbzero.o
[568/1848] 3m57.32s F ACTION //third_party/perfetto/protos/perfetto/config/profiling:cpp_gen(//build/toolchain/android:android_clang_arm64)
[569/1846] 3m57.33s S CXX obj/third_party/perfetto/protos/perfetto/config/profiling/cpp/java_hprof_config.gen.o
[569/1846] 3m57.33s S CXX obj/third_party/perfetto/protos/perfetto/config/profiling/cpp/smaps_config.gen.o
[569/1846] 3m57.33s S CXX obj/third_party/perfetto/protos/perfetto/config/profiling/cpp/heapprofd_config.gen.o
[569/1846] 3m57.33s S CXX obj/third_party/perfetto/protos/perfetto/config/profiling/cpp/perf_event_config.gen.o
[569/1844] 3m57.36s S CXX obj/third_party/perfetto/protos/perfetto/trace/ftrace/zero/ftrace_event_bundle.pbzero.o
[569/1844] 3m57.36s S CXX obj/third_party/perfetto/protos/perfetto/trace/ftrace/zero/kgsl.pbzero.o
[569/1844] 3m57.36s S CXX obj/third_party/perfetto/protos/perfetto/trace/ftrace/zero/ftrace_event.pbzero.o
[569/1844] 3m57.36s S CXX obj/third_party/perfetto/protos/perfetto/trace/ftrace/zero/workqueue.pbzero.o
[569/1844] 3m57.36s S CXX obj/third_party/perfetto/protos/perfetto/trace/ftrace/zero/irq_vectors.pbzero.o
[569/1844] 3m57.36s S CXX obj/third_party/perfetto/protos/perfetto/trace/ftrace/zero/irq.pbzero.o
[569/1844] 3m57.36s S CXX obj/third_party/perfetto/protos/perfetto/trace/ftrace/zero/ipi.pbzero.o
[569/1844] 3m57.36s S CXX obj/third_party/perfetto/protos/perfetto/trace/ftrace/zero/ion.pbzero.o
[569/1844] 3m57.36s S CXX obj/third_party/perfetto/protos/perfetto/trace/ftrace/zero/scm.pbzero.o
[569/1844] 3m57.36s S CXX obj/third_party/perfetto/protos/perfetto/trace/ftrace/zero/vmscan.pbzero.o
[569/1844] 3m57.36s S CXX obj/third_party/perfetto/protos/perfetto/trace/ftrace/zero/virtio_video.pbzero.o
[569/1844] 3m57.35s F ACTION //third_party/perfetto/protos/perfetto/trace/ftrace:zero_gen(//build/toolchain/android:android_clang_arm64)
[570/1844] 3m57.37s S CXX obj/third_party/perfetto/protos/perfetto/trace/ftrace/zero/panel.pbzero.o
[570/1844] 3m57.37s S CXX obj/third_party/perfetto/protos/perfetto/trace/ftrace/zero/oom.pbzero.o
[570/1844] 3m57.37s S CXX obj/third_party/perfetto/protos/perfetto/trace/ftrace/zero/net.pbzero.o
[570/1844] 3m57.37s S CXX obj/third_party/perfetto/protos/perfetto/trace/ftrace/zero/mm_event.pbzero.o
[570/1844] 3m57.37s S CXX obj/third_party/perfetto/protos/perfetto/trace/ftrace/zero/mdss.pbzero.o
[570/1844] 3m57.37s S CXX obj/third_party/perfetto/protos/perfetto/trace/ftrace/zero/virtio_gpu.pbzero.o
[570/1844] 3m57.37s S CXX obj/third_party/perfetto/protos/perfetto/trace/ftrace/zero/v4l2.pbzero.o
[570/1844] 3m57.38s S CXX obj/third_party/perfetto/protos/perfetto/trace/ftrace/zero/ufs.pbzero.o
[570/1844] 3m57.38s S CXX obj/third_party/perfetto/protos/perfetto/trace/ftrace/zero/trusty.pbzero.o
[570/1844] 3m57.38s S CXX obj/third_party/perfetto/protos/perfetto/trace/ftrace/zero/i2c.pbzero.o
[570/1844] 3m57.38s S CXX obj/third_party/perfetto/protos/perfetto/trace/ftrace/zero/hypervisor.pbzero.o
[570/1844] 3m57.38s S CXX obj/third_party/perfetto/protos/perfetto/trace/ftrace/zero/hyp.pbzero.o
[570/1844] 3m57.38s S CXX obj/third_party/perfetto/protos/perfetto/trace/ftrace/zero/sched.pbzero.o
[570/1844] 3m57.38s S CXX obj/third_party/perfetto/protos/perfetto/trace/ftrace/zero/mali.pbzero.o
[570/1844] 3m57.38s S CXX obj/third_party/perfetto/protos/perfetto/trace/ftrace/zero/timer.pbzero.o
[570/1844] 3m57.39s S CXX obj/third_party/perfetto/protos/perfetto/trace/ftrace/zero/samsung.pbzero.o
[570/1844] 3m57.39s S CXX obj/third_party/perfetto/protos/perfetto/trace/ftrace/zero/lwis.pbzero.o
[570/1844] 3m57.39s S CXX obj/third_party/perfetto/protos/perfetto/trace/ftrace/zero/thermal_exynos.pbzero.o
[570/1844] 3m57.39s S CXX obj/third_party/perfetto/protos/perfetto/trace/ftrace/zero/rpm.pbzero.o
[570/1844] 3m57.39s S CXX obj/third_party/perfetto/protos/perfetto/trace/ftrace/zero/regulator.pbzero.o
[570/1844] 3m57.39s S CXX obj/third_party/perfetto/protos/perfetto/trace/ftrace/zero/raw_syscalls.pbzero.o
[570/1844] 3m57.39s S CXX obj/third_party/perfetto/protos/perfetto/trace/ftrace/zero/printk.pbzero.o
[570/1844] 3m57.39s S CXX obj/third_party/perfetto/protos/perfetto/trace/ftrace/zero/gpu_mem.pbzero.o
[570/1844] 3m57.39s S CXX obj/third_party/perfetto/protos/perfetto/trace/ftrace/zero/google_irm_trace.pbzero.o
[570/1844] 3m57.40s S CXX obj/third_party/perfetto/protos/perfetto/trace/ftrace/zero/kvm.pbzero.o
[570/1844] 3m57.39s S CXX obj/third_party/perfetto/protos/perfetto/trace/ftrace/zero/google_icc_trace.pbzero.o
[570/1844] 3m57.39s S CXX obj/third_party/perfetto/protos/perfetto/trace/ftrace/zero/g2d.pbzero.o
[570/1844] 3m57.39s S CXX obj/third_party/perfetto/protos/perfetto/trace/ftrace/zero/fwtp_ftrace.pbzero.o
[570/1844] 3m57.40s S CXX obj/third_party/perfetto/protos/perfetto/trace/ftrace/zero/fence.pbzero.o
[570/1844] 3m57.39s S CXX obj/third_party/perfetto/protos/perfetto/trace/ftrace/zero/ftrace.pbzero.o
[570/1844] 3m57.39s S CXX obj/third_party/perfetto/protos/perfetto/trace/ftrace/zero/filemap.pbzero.o
[570/1844] 3m57.39s S CXX obj/third_party/perfetto/protos/perfetto/trace/ftrace/zero/power.pbzero.o
[570/1844] 3m57.40s S CXX obj/third_party/perfetto/protos/perfetto/trace/ftrace/zero/fastrpc.pbzero.o
[570/1844] 3m57.40s S CXX obj/third_party/perfetto/protos/perfetto/trace/ftrace/zero/kmem.pbzero.o
[570/1844] 3m57.40s S CXX obj/third_party/perfetto/protos/perfetto/trace/ftrace/zero/f2fs.pbzero.o
[570/1844] 3m57.40s S CXX obj/third_party/perfetto/protos/perfetto/trace/ftrace/zero/thermal.pbzero.o
[570/1844] 3m57.40s S CXX obj/third_party/perfetto/protos/perfetto/trace/ftrace/zero/ext4.pbzero.o
[570/1844] 3m57.40s S CXX obj/third_party/perfetto/protos/perfetto/trace/ftrace/zero/tcp.pbzero.o
[570/1844] 3m57.39s S CXX obj/third_party/perfetto/protos/perfetto/trace/ftrace/zero/fs.pbzero.o
[570/1844] 3m57.40s S CXX obj/third_party/perfetto/protos/perfetto/trace/ftrace/zero/task.pbzero.o
[570/1844] 3m57.40s S CXX obj/third_party/perfetto/protos/perfetto/trace/ftrace/zero/pixel_mm.pbzero.o
[570/1844] 3m57.40s S CXX obj/third_party/perfetto/protos/perfetto/trace/ftrace/zero/systrace.pbzero.o
[570/1844] 3m57.40s S CXX obj/third_party/perfetto/protos/perfetto/trace/ftrace/zero/perf_trace_counters.pbzero.o
[570/1844] 3m57.40s S CXX obj/third_party/perfetto/protos/perfetto/trace/ftrace/zero/dwc3.pbzero.o
[570/1844] 3m57.40s S CXX obj/third_party/perfetto/protos/perfetto/trace/ftrace/zero/drm.pbzero.o
[570/1844] 3m57.41s S CXX obj/third_party/perfetto/protos/perfetto/trace/ftrace/zero/dpu.pbzero.o
[570/1844] 3m57.41s S CXX obj/third_party/perfetto/protos/perfetto/trace/ftrace/zero/lowmemorykiller.pbzero.o
[570/1844] 3m57.41s S CXX obj/third_party/perfetto/protos/perfetto/trace/ftrace/zero/gpu_scheduler.pbzero.o
[570/1844] 3m57.41s S CXX obj/third_party/perfetto/protos/perfetto/trace/ftrace/zero/dmabuf_heap.pbzero.o
[570/1844] 3m57.41s S CXX obj/third_party/perfetto/protos/perfetto/trace/ftrace/zero/clk.pbzero.o
[570/1844] 3m57.41s S CXX obj/third_party/perfetto/protos/perfetto/trace/ftrace/zero/cgroup.pbzero.o
[570/1844] 3m57.41s S CXX obj/third_party/perfetto/protos/perfetto/trace/ftrace/zero/dma_fence.pbzero.o
[570/1844] 3m57.41s S CXX obj/third_party/perfetto/protos/perfetto/trace/ftrace/zero/block.pbzero.o
[570/1844] 3m57.41s S CXX obj/third_party/perfetto/protos/perfetto/trace/ftrace/zero/devfreq.pbzero.o
[570/1844] 3m57.41s S CXX obj/third_party/perfetto/protos/perfetto/trace/ftrace/zero/binder.pbzero.o
[570/1844] 3m57.41s S CXX obj/third_party/perfetto/protos/perfetto/trace/ftrace/zero/dcvsh.pbzero.o
[570/1844] 3m57.41s S CXX obj/third_party/perfetto/protos/perfetto/trace/ftrace/zero/bcl_exynos.pbzero.o
[570/1844] 3m57.41s S CXX obj/third_party/perfetto/protos/perfetto/trace/ftrace/zero/android_fs.pbzero.o
[570/1844] 3m57.41s S CXX obj/third_party/perfetto/protos/perfetto/trace/ftrace/zero/generic.pbzero.o
[570/1844] 3m57.42s S CXX obj/third_party/perfetto/protos/perfetto/trace/ftrace/zero/sock.pbzero.o
[570/1844] 3m57.42s S CXX obj/third_party/perfetto/protos/perfetto/trace/ftrace/zero/cma.pbzero.o
[570/1844] 3m57.41s S CXX obj/third_party/perfetto/protos/perfetto/trace/ftrace/zero/cpm_trace.pbzero.o
[570/1844] 3m57.41s S CXX obj/third_party/perfetto/protos/perfetto/trace/ftrace/zero/cpuhp.pbzero.o
[570/1844] 3m57.41s S CXX obj/third_party/perfetto/protos/perfetto/trace/ftrace/zero/test_bundle_wrapper.pbzero.o
[570/1844] 3m57.41s S CXX obj/third_party/perfetto/protos/perfetto/trace/ftrace/zero/ftrace_stats.pbzero.o
[570/1844] 3m57.42s S CXX obj/third_party/perfetto/protos/perfetto/trace/ftrace/zero/skb.pbzero.o
[570/1844] 3m57.41s S CXX obj/third_party/perfetto/protos/perfetto/trace/ftrace/zero/compaction.pbzero.o
[570/1844] 3m57.42s S CXX obj/third_party/perfetto/protos/perfetto/trace/ftrace/zero/synthetic.pbzero.o
[570/1844] 3m57.42s S CXX obj/third_party/perfetto/protos/perfetto/trace/ftrace/zero/sync.pbzero.o
[570/1844] 3m57.42s S CXX obj/third_party/perfetto/protos/perfetto/trace/ftrace/zero/signal.pbzero.o
[570/1844] 3m57.42s S CXX obj/third_party/perfetto/protos/perfetto/trace/ftrace/zero/sde.pbzero.o
[570/1844] 3m57.42s S CXX obj/third_party/perfetto/protos/perfetto/trace/ftrace/zero/scsi.pbzero.o
[570/1844] 3m57.41s S CXX obj/third_party/perfetto/protos/perfetto/trace/ftrace/zero/cros_ec.pbzero.o
[570/1844] 3m57.60s F ACTION //third_party/perfetto/protos/perfetto/config/android:cpp_gen(//build/toolchain/android:android_clang_arm64)
[570/1842] 3m57.60s S CXX obj/third_party/perfetto/protos/perfetto/config/android/cpp/android_game_intervention_list_config.gen.o
[570/1842] 3m57.60s S CXX obj/third_party/perfetto/protos/perfetto/config/android/cpp/kernel_wakelocks_config.gen.o
[570/1842] 3m57.60s S CXX obj/third_party/perfetto/protos/perfetto/config/android/cpp/android_aflags_config.gen.o
[570/1842] 3m57.60s S CXX obj/third_party/perfetto/protos/perfetto/config/android/cpp/windowmanager_config.gen.o
[570/1842] 3m57.60s S CXX obj/third_party/perfetto/protos/perfetto/config/android/cpp/android_system_property_config.gen.o
[570/1842] 3m57.60s S CXX obj/third_party/perfetto/protos/perfetto/config/android/cpp/inputmethod_config.gen.o
[570/1842] 3m57.61s S CXX obj/third_party/perfetto/protos/perfetto/config/android/cpp/display_video_config.gen.o
[570/1842] 3m57.61s S CXX obj/third_party/perfetto/protos/perfetto/config/android/cpp/cpu_per_uid_config.gen.o
[571/1842] 3m57.61s S CXX obj/third_party/perfetto/protos/perfetto/config/android/cpp/app_wakelock_config.gen.o
[571/1842] 3m57.61s S CXX obj/third_party/perfetto/protos/perfetto/config/android/cpp/user_list_config.gen.o
[571/1842] 3m57.61s S CXX obj/third_party/perfetto/protos/perfetto/config/android/cpp/android_log_config.gen.o
[571/1842] 3m57.61s S CXX obj/third_party/perfetto/protos/perfetto/config/android/cpp/surfaceflinger_layers_config.gen.o
[571/1842] 3m57.61s S CXX obj/third_party/perfetto/protos/perfetto/config/android/cpp/protolog_config.gen.o
[571/1842] 3m57.61s S CXX obj/third_party/perfetto/protos/perfetto/config/android/cpp/pixel_modem_config.gen.o
[571/1842] 3m57.61s S CXX obj/third_party/perfetto/protos/perfetto/config/android/cpp/packages_list_config.gen.o
[571/1842] 3m57.61s S CXX obj/third_party/perfetto/protos/perfetto/config/android/cpp/surfaceflinger_transactions_config.gen.o
[571/1842] 3m57.62s F ACTION //third_party/perfetto/protos/perfetto/config/qnx:cpp_gen(//build/toolchain/android:android_clang_arm64)
[572/1840] 3m57.62s S CXX obj/third_party/perfetto/protos/perfetto/config/qnx/cpp/qnx_config.gen.o
[571/1842] 3m57.62s S CXX obj/third_party/perfetto/protos/perfetto/config/android/cpp/android_sdk_sysprop_guard_config.gen.o
[571/1842] 3m57.62s S CXX obj/third_party/perfetto/protos/perfetto/config/android/cpp/android_input_event_config.gen.o
[571/1842] 3m57.61s S CXX obj/third_party/perfetto/protos/perfetto/config/android/cpp/network_trace_config.gen.o
[571/1842] 3m57.62s S CXX obj/third_party/perfetto/protos/perfetto/config/android/cpp/android_polled_state_config.gen.o
[572/1840] 3m57.75s F ACTION //third_party/perfetto/protos/perfetto/config/interceptors:cpp_gen(//build/toolchain/android:android_clang_arm64)
[573/1838] 3m57.75s S CXX obj/third_party/perfetto/protos/perfetto/config/interceptors/cpp/console_config.gen.o
[573/1838] 3m57.93s F CXX obj/third_party/perfetto/protos/perfetto/config/statsd/cpp/atom_ids.gen.o
[574/1838] 3m57.93s S AR obj/third_party/perfetto/protos/perfetto/config/statsd/libcpp.a
[574/1838] 3m57.96s F CXX obj/third_party/perfetto/protos/perfetto/config/android/zero/kernel_wakelocks_config.pbzero.o
[575/1838] 3m57.96s F ACTION //third_party/perfetto/protos/perfetto/config/sys_stats:cpp_gen(//build/toolchain/android:android_clang_arm64)
[576/1836] 3m57.96s S CXX obj/third_party/perfetto/protos/perfetto/config/sys_stats/cpp/sys_stats_config.gen.o
[576/1836] 3m58.01s F CXX obj/third_party/perfetto/protos/perfetto/config/android/zero/android_aflags_config.pbzero.o
[577/1836] 3m58.04s F CXX obj/third_party/perfetto/protos/perfetto/config/protovm/cpp/protovm_config.gen.o
[578/1836] 3m58.04s S AR obj/third_party/perfetto/protos/perfetto/config/protovm/libcpp.a
[578/1836] 3m58.24s F ACTION //third_party/perfetto/protos/perfetto/trace/system_info:zero_gen(//build/toolchain/android:android_clang_arm64)
[579/1834] 3m58.24s S CXX obj/third_party/perfetto/protos/perfetto/trace/system_info/zero/gpu_info.pbzero.o
[579/1834] 3m58.24s S CXX obj/third_party/perfetto/protos/perfetto/trace/system_info/zero/cpu_info.pbzero.o
[579/1834] 3m58.24s S CXX obj/third_party/perfetto/protos/perfetto/trace/system_info/zero/interrupt_info.pbzero.o
[579/1834] 3m58.30s F ACTION //third_party/perfetto/protos/perfetto/trace/sys_stats:zero_gen(//build/toolchain/android:android_clang_arm64)
[580/1832] 3m58.30s S CXX obj/third_party/perfetto/protos/perfetto/trace/sys_stats/zero/sys_stats.pbzero.o
[580/1832] 3m58.33s F ACTION //third_party/perfetto/protos/perfetto/trace/interned_data:zero_gen(//build/toolchain/android:android_clang_arm64)
[580/1830] 3m58.33s S CXX obj/third_party/perfetto/protos/perfetto/trace/interned_data/zero/interned_data.pbzero.o
[581/1830] 3m58.43s F ACTION //third_party/perfetto/protos/perfetto/trace/perfetto:zero_gen(//build/toolchain/android:android_clang_arm64)
[581/1828] 3m58.43s S CXX obj/third_party/perfetto/protos/perfetto/trace/non_minimal_zero/trace_packet_defaults.pbzero.o
[581/1827] 3m58.43s S CXX obj/third_party/perfetto/protos/perfetto/trace/perfetto/zero/perfetto_metatrace.pbzero.o
[581/1827] 3m58.43s S CXX obj/third_party/perfetto/protos/perfetto/trace/non_minimal_zero/remote_clock_sync.pbzero.o
[581/1827] 3m58.43s S CXX obj/third_party/perfetto/protos/perfetto/trace/non_minimal_zero/ui_state.pbzero.o
[581/1827] 3m58.43s S CXX obj/third_party/perfetto/protos/perfetto/trace/non_minimal_zero/memory_graph.pbzero.o
[581/1827] 3m58.43s S CXX obj/third_party/perfetto/protos/perfetto/trace/non_minimal_zero/test_event.pbzero.o
[581/1827] 3m58.43s S CXX obj/third_party/perfetto/protos/perfetto/trace/non_minimal_zero/trace.pbzero.o
[581/1827] 3m58.43s S CXX obj/third_party/perfetto/protos/perfetto/trace/non_minimal_zero/trace_packet.pbzero.o
[581/1827] 3m58.43s S CXX obj/third_party/perfetto/protos/perfetto/trace/non_minimal_zero/test_extensions.pbzero.o
[581/1827] 3m58.43s S CXX obj/third_party/perfetto/protos/perfetto/trace/perfetto/zero/tracing_service_event.pbzero.o
[581/1827] 3m58.43s S CXX obj/third_party/perfetto/protos/perfetto/trace/perfetto/zero/concurrent_session_event.pbzero.o
[581/1827] 3m58.43s S CXX obj/third_party/perfetto/protos/perfetto/trace/perfetto/zero/trace_provenance.pbzero.o
[581/1827] 3m58.43s S CXX obj/third_party/perfetto/protos/perfetto/trace/non_minimal_zero/extension_descriptor.pbzero.o
[582/1827] 3m58.67s F CXX obj/third_party/perfetto/protos/perfetto/config/process_stats/cpp/process_stats_config.gen.o
[583/1827] 3m58.67s S AR obj/third_party/perfetto/protos/perfetto/config/process_stats/libcpp.a
[583/1827] 3m58.85s F CXX obj/third_party/perfetto/protos/perfetto/config/inode_file/cpp/inode_file_config.gen.o
[584/1827] 3m58.85s S AR obj/third_party/perfetto/protos/perfetto/config/inode_file/libcpp.a
[584/1827] 3m58.92s F CXX obj/third_party/perfetto/protos/perfetto/config/android/cpp/kernel_wakelocks_config.gen.o
[585/1827] 3m59.04s F CXX obj/third_party/perfetto/protos/perfetto/config/android/cpp/android_game_intervention_list_config.gen.o
[586/1827] 3m59.46s F CXX obj/third_party/perfetto/protos/perfetto/config/android/cpp/android_aflags_config.gen.o
[587/1827] 3m59.70s F CXX obj/third_party/perfetto/protos/perfetto/config/android/cpp/inputmethod_config.gen.o
[588/1827] 3m59.78s F CXX obj/third_party/perfetto/protos/perfetto/config/android/cpp/android_system_property_config.gen.o
[589/1827] 3m59.82s F CXX obj/third_party/perfetto/protos/perfetto/config/android/cpp/display_video_config.gen.o
[590/1827] 4m00.26s F CXX obj/third_party/perfetto/protos/perfetto/config/android/cpp/windowmanager_config.gen.o
[591/1827] 4m00.48s F CXX obj/third_party/perfetto/protos/perfetto/config/android/cpp/app_wakelock_config.gen.o
[592/1827] 4m00.56s F CXX obj/third_party/perfetto/protos/perfetto/config/android/cpp/cpu_per_uid_config.gen.o
[593/1827] 4m00.83s F CXX obj/third_party/perfetto/protos/perfetto/config/android/cpp/android_log_config.gen.o
[594/1827] 4m01.14s F CXX obj/third_party/perfetto/protos/perfetto/config/android/cpp/surfaceflinger_layers_config.gen.o
[595/1827] 4m01.44s F CXX obj/third_party/perfetto/protos/perfetto/config/android/cpp/protolog_config.gen.o
[596/1827] 4m01.44s F CXX obj/third_party/perfetto/protos/perfetto/config/android/cpp/pixel_modem_config.gen.o
[597/1827] 4m01.75s F CXX obj/third_party/perfetto/protos/perfetto/config/android/cpp/user_list_config.gen.o
[598/1827] 4m01.94s F CXX obj/third_party/perfetto/protos/perfetto/config/android/cpp/surfaceflinger_transactions_config.gen.o
[599/1827] 4m02.36s F CXX obj/third_party/perfetto/protos/perfetto/config/android/cpp/android_sdk_sysprop_guard_config.gen.o
[600/1827] 4m02.53s F CXX obj/third_party/perfetto/protos/perfetto/config/android/cpp/network_trace_config.gen.o
[601/1827] 4m02.54s F CXX obj/third_party/perfetto/protos/perfetto/config/android/cpp/android_input_event_config.gen.o
[602/1827] 4m02.72s F CXX obj/third_party/perfetto/protos/perfetto/config/android/cpp/android_polled_state_config.gen.o
[603/1827] 4m03.27s F CXX obj/third_party/perfetto/protos/perfetto/config/android/cpp/packages_list_config.gen.o
[604/1827] 4m03.27s S AR obj/third_party/perfetto/protos/perfetto/config/android/libcpp.a
[604/1827] 4m03.29s F CXX obj/third_party/perfetto/protos/perfetto/config/gpu/zero/gpu_renderstages_config.pbzero.o
[605/1827] 4m03.29s S AR obj/third_party/perfetto/protos/perfetto/config/qnx/libcpp.a
[605/1827] 4m03.29s F CXX obj/third_party/perfetto/protos/perfetto/config/qnx/cpp/qnx_config.gen.o
[606/1827] 4m03.30s F CXX obj/third_party/perfetto/protos/perfetto/config/interceptors/cpp/console_config.gen.o
[606/1827] 4m03.30s S AR obj/third_party/perfetto/protos/perfetto/config/interceptors/libcpp.a
[607/1827] 4m03.31s F CXX obj/third_party/perfetto/protos/perfetto/config/ftrace/zero/ftrace_config.pbzero.o
[607/1827] 4m03.31s F CXX obj/third_party/perfetto/protos/perfetto/config/ftrace/zero/frozen_ftrace_config.pbzero.o
[608/1827] 4m03.31s S AR obj/third_party/perfetto/protos/perfetto/config/ftrace/libzero.a
[609/1827] 4m03.32s F CXX obj/third_party/perfetto/protos/perfetto/config/android/zero/windowmanager_config.pbzero.o
[610/1827] 4m03.33s F CXX obj/third_party/perfetto/protos/perfetto/config/android/zero/android_system_property_config.pbzero.o
[611/1827] 4m03.33s F CXX obj/third_party/perfetto/protos/perfetto/config/android/zero/user_list_config.pbzero.o
[612/1827] 4m03.34s F CXX obj/third_party/perfetto/protos/perfetto/config/android/zero/protolog_config.pbzero.o
[613/1827] 4m03.35s F CXX obj/third_party/perfetto/protos/perfetto/config/android/zero/pixel_modem_config.pbzero.o
[614/1827] 4m03.35s F CXX obj/third_party/perfetto/protos/perfetto/config/power/zero/android_power_config.pbzero.o
[615/1827] 4m03.35s S AR obj/third_party/perfetto/protos/perfetto/config/power/libzero.a
[615/1827] 4m03.36s F CXX obj/third_party/perfetto/protos/perfetto/config/android/zero/surfaceflinger_layers_config.pbzero.o
[616/1827] 4m03.37s F CXX obj/third_party/perfetto/protos/perfetto/config/gpu/zero/vulkan_memory_config.pbzero.o
[617/1827] 4m03.37s F CXX obj/third_party/perfetto/protos/perfetto/config/android/zero/network_trace_config.pbzero.o
[618/1827] 4m03.38s F CXX obj/third_party/perfetto/protos/perfetto/config/android/zero/packages_list_config.pbzero.o
[618/1827] 4m03.38s F CXX obj/third_party/perfetto/protos/perfetto/config/android/zero/android_polled_state_config.pbzero.o
[620/1827] 4m03.39s F CXX obj/third_party/perfetto/protos/perfetto/config/android/zero/android_sdk_sysprop_guard_config.pbzero.o
[621/1827] 4m03.40s F CXX obj/third_party/perfetto/protos/perfetto/config/android/zero/surfaceflinger_transactions_config.pbzero.o
[622/1827] 4m03.40s F CXX obj/third_party/perfetto/protos/perfetto/config/android/zero/cpu_per_uid_config.pbzero.o
[623/1827] 4m03.40s F CXX obj/third_party/perfetto/protos/perfetto/config/android/zero/android_log_config.pbzero.o
[624/1827] 4m03.42s F CXX obj/third_party/perfetto/protos/perfetto/config/android/zero/android_input_event_config.pbzero.o
[625/1827] 4m03.42s F CXX obj/third_party/perfetto/protos/perfetto/config/android/zero/display_video_config.pbzero.o
[626/1827] 4m03.42s F CXX obj/third_party/perfetto/protos/perfetto/config/android/zero/inputmethod_config.pbzero.o
[627/1827] 4m03.44s F CXX obj/third_party/perfetto/protos/perfetto/config/gpu/zero/gpu_counter_config.pbzero.o
[628/1827] 4m03.44s S AR obj/third_party/perfetto/protos/perfetto/config/gpu/libzero.a
[628/1827] 4m03.44s F CXX obj/third_party/perfetto/protos/perfetto/config/android/zero/app_wakelock_config.pbzero.o
[629/1827] 4m03.44s F CXX obj/third_party/perfetto/protos/perfetto/config/statsd/zero/atom_ids.pbzero.o
[630/1827] 4m03.44s S AR obj/third_party/perfetto/protos/perfetto/config/android/libzero.a
[630/1827] 4m03.45s F CXX obj/third_party/perfetto/protos/perfetto/config/statsd/zero/statsd_tracing_config.pbzero.o
[630/1827] 4m03.45s S AR obj/third_party/perfetto/protos/perfetto/config/statsd/libzero.a
[631/1827] 4m03.46s F CXX obj/third_party/perfetto/protos/perfetto/config/inode_file/zero/inode_file_config.pbzero.o
[631/1827] 4m03.46s S AR obj/third_party/perfetto/protos/perfetto/config/inode_file/libzero.a
[631/1827] 4m03.46s S AR obj/third_party/perfetto/protos/perfetto/trace/profiling/libinline_callstack_zero.a
[631/1827] 4m03.46s F CXX obj/third_party/perfetto/protos/perfetto/trace/profiling/inline_callstack_zero/inline_callstack.pbzero.o
[633/1827] 4m03.48s F CXX obj/third_party/perfetto/protos/perfetto/config/profiling/zero/java_hprof_config.pbzero.o
[634/1827] 4m03.48s S AR obj/third_party/perfetto/protos/perfetto/config/system_info/libzero.a
[634/1827] 4m03.48s F CXX obj/third_party/perfetto/protos/perfetto/config/system_info/zero/system_info_config.pbzero.o
[635/1827] 4m03.48s F CXX obj/third_party/perfetto/protos/perfetto/config/profiling/zero/heapprofd_config.pbzero.o
[636/1827] 4m03.49s F CXX obj/third_party/perfetto/protos/perfetto/config/profiling/zero/smaps_config.pbzero.o
[637/1827] 4m03.49s S AR obj/third_party/perfetto/protos/perfetto/config/profiling/libzero.a
[637/1827] 4m03.49s F CXX obj/third_party/perfetto/protos/perfetto/config/profiling/zero/perf_event_config.pbzero.o
[638/1827] 4m03.50s F CXX obj/third_party/perfetto/protos/perfetto/config/protovm/zero/protovm_config.pbzero.o
[639/1827] 4m03.50s S AR obj/third_party/perfetto/protos/perfetto/config/protovm/libzero.a
[639/1827] 4m03.51s F CXX obj/third_party/perfetto/protos/perfetto/common/semantic_type_zero/semantic_type.pbzero.o
[639/1827] 4m03.51s S AR obj/third_party/perfetto/protos/perfetto/common/libsemantic_type_zero.a
[640/1827] 4m03.76s F CXX obj/third_party/perfetto/protos/perfetto/config/sys_stats/cpp/sys_stats_config.gen.o
[640/1827] 4m03.76s S AR obj/third_party/perfetto/protos/perfetto/config/sys_stats/libcpp.a
[641/1827] 4m04.54s F CXX obj/third_party/perfetto/protos/perfetto/config/profiling/cpp/smaps_config.gen.o
[642/1827] 4m04.61s F CXX obj/third_party/perfetto/protos/perfetto/config/profiling/cpp/java_hprof_config.gen.o
[643/1827] 4m04.62s F AR obj/third_party/perfetto/protos/perfetto/config/sys_stats/libcpp.a
[644/1827] 4m04.62s F AR obj/third_party/perfetto/protos/perfetto/config/statsd/libcpp.a
[645/1827] 4m04.63s F AR obj/third_party/perfetto/protos/perfetto/config/power/libzero.a
[646/1827] 4m04.63s F AR obj/third_party/perfetto/protos/perfetto/config/gpu/libzero.a
[647/1827] 4m04.64s F AR obj/third_party/perfetto/protos/perfetto/config/android/libzero.a
[648/1827] 4m04.65s F AR obj/third_party/perfetto/protos/perfetto/config/statsd/libzero.a
[649/1827] 4m04.65s F AR obj/third_party/perfetto/protos/perfetto/config/inode_file/libzero.a
[650/1827] 4m04.66s F AR obj/third_party/perfetto/protos/perfetto/config/profiling/libzero.a
[651/1827] 4m04.67s F AR obj/third_party/perfetto/protos/perfetto/config/protovm/libzero.a
[652/1827] 4m04.68s F AR obj/third_party/perfetto/protos/perfetto/trace/profiling/libinline_callstack_zero.a
[653/1827] 4m04.69s F AR obj/third_party/perfetto/protos/perfetto/config/system_info/libzero.a
[654/1827] 4m04.69s F AR obj/third_party/perfetto/protos/perfetto/config/protovm/libcpp.a
[655/1827] 4m04.70s F AR obj/third_party/perfetto/protos/perfetto/config/process_stats/libcpp.a
[656/1827] 4m04.71s F AR obj/third_party/perfetto/protos/perfetto/config/android/libcpp.a
[657/1827] 4m04.71s F AR obj/third_party/perfetto/protos/perfetto/config/qnx/libcpp.a
[658/1827] 4m04.72s F AR obj/third_party/perfetto/protos/perfetto/config/interceptors/libcpp.a
[659/1827] 4m04.73s F AR obj/third_party/perfetto/protos/perfetto/config/ftrace/libzero.a
[660/1827] 4m04.73s F AR obj/third_party/perfetto/protos/perfetto/config/inode_file/libcpp.a
[661/1827] 4m04.74s F AR obj/third_party/perfetto/protos/perfetto/config/system_info/libcpp.a
[662/1827] 4m04.76s F CXX obj/third_party/perfetto/protos/perfetto/trace/chrome/zero/chrome_metadata.pbzero.o
[663/1827] 4m04.78s F CXX obj/third_party/perfetto/protos/perfetto/trace/chrome/zero/v8.pbzero.o
[664/1827] 4m04.80s F CXX obj/third_party/perfetto/protos/perfetto/trace/chrome/zero/chrome_trigger.pbzero.o
[665/1827] 4m04.82s F CXX obj/third_party/perfetto/protos/perfetto/trace/chrome/zero/chrome_trace_event.pbzero.o
[666/1827] 4m04.84s S AR obj/third_party/perfetto/protos/perfetto/trace/chrome/libzero.a
[666/1827] 4m04.84s F CXX obj/third_party/perfetto/protos/perfetto/trace/chrome/zero/chrome_benchmark_metadata.pbzero.o
[667/1827] 4m04.85s F AR obj/third_party/perfetto/protos/perfetto/config/power/libcpp.a
[668/1827] 4m04.85s F AR obj/third_party/perfetto/protos/perfetto/config/priority_boost/libcpp.a
[669/1827] 4m04.86s F AR obj/third_party/perfetto/protos/perfetto/config/track_event/libzero.a
[670/1827] 4m04.87s F AR obj/third_party/perfetto/protos/perfetto/config/interceptors/libzero.a
[671/1827] 4m04.87s F AR obj/third_party/perfetto/protos/perfetto/config/process_stats/libzero.a
[672/1827] 4m04.88s F AR obj/third_party/perfetto/protos/perfetto/common/libsemantic_type_zero.a
[673/1827] 4m04.89s F AR obj/third_party/perfetto/protos/perfetto/config/linux/libzero.a
[674/1827] 4m04.91s F CXX obj/third_party/perfetto/protos/perfetto/trace/gpu/zero/gpu_log.pbzero.o
[675/1827] 4m04.91s F CXX obj/third_party/perfetto/protos/perfetto/config/gpu/cpp/gpu_counter_config.gen.o
[676/1827] 4m04.92s S AR obj/third_party/perfetto/protos/perfetto/config/gpu/libcpp.a
[676/1827] 4m04.92s F CXX obj/third_party/perfetto/protos/perfetto/config/profiling/cpp/heapprofd_config.gen.o
[677/1827] 4m04.93s F CXX obj/third_party/perfetto/protos/perfetto/trace/gpu/zero/gpu_counter_event.pbzero.o
[678/1827] 4m04.94s F CXX obj/third_party/perfetto/protos/perfetto/trace/gpu/zero/vulkan_api_event.pbzero.o
[679/1827] 4m04.94s F CXX obj/third_party/perfetto/protos/perfetto/trace/gpu/zero/gpu_render_stage_event.pbzero.o
[680/1827] 4m04.94s F AR obj/third_party/perfetto/protos/perfetto/config/gpu/libcpp.a
[681/1827] 4m04.95s F CXX obj/third_party/perfetto/protos/perfetto/trace/gpu/zero/gpu_mem_event.pbzero.o
[682/1827] 4m04.95s F AR obj/third_party/perfetto/protos/perfetto/config/ftrace/libcpp.a
[683/1827] 4m04.96s F CXX obj/third_party/perfetto/protos/perfetto/trace/gpu/zero/vulkan_memory_event.pbzero.o
[683/1827] 4m04.96s S AR obj/third_party/perfetto/protos/perfetto/trace/gpu/libzero.a
[684/1827] 4m04.97s F CXX obj/third_party/perfetto/protos/perfetto/trace/profiling/zero/deobfuscation.pbzero.o
[685/1827] 4m04.97s F CXX obj/third_party/perfetto/protos/perfetto/trace/profiling/zero/profile_packet.pbzero.o
[686/1827] 4m04.97s F CXX obj/third_party/perfetto/protos/perfetto/trace/profiling/zero/smaps.pbzero.o
[687/1827] 4m04.99s F CXX obj/third_party/perfetto/protos/perfetto/trace/profiling/zero/profile_common.pbzero.o
[688/1827] 4m04.99s F CXX obj/third_party/perfetto/protos/perfetto/trace/profiling/zero/art_process_metadata.pbzero.o
[689/1827] 4m04.99s F CXX obj/third_party/perfetto/protos/perfetto/trace/profiling/zero/stack_sample.pbzero.o
[689/1827] 4m04.99s S AR obj/third_party/perfetto/protos/perfetto/trace/profiling/libzero.a
[690/1827] 4m05.01s F CXX obj/third_party/perfetto/protos/perfetto/config/zero/chrome_config.pbzero.o
[691/1827] 4m05.01s F CXX obj/third_party/perfetto/protos/perfetto/config/zero/trace_config.pbzero.o
[692/1827] 4m05.01s F CXX obj/third_party/perfetto/protos/perfetto/config/zero/histogram_samples.pbzero.o
[693/1827] 4m05.03s F CXX obj/third_party/perfetto/protos/perfetto/config/zero/etw_config.pbzero.o
[693/1827] 4m05.03s F CXX obj/third_party/perfetto/protos/perfetto/config/zero/data_source_config.pbzero.o
[695/1827] 4m05.03s F CXX obj/third_party/perfetto/protos/perfetto/config/zero/test_config.pbzero.o
[696/1827] 4m05.04s F CXX obj/third_party/perfetto/protos/perfetto/config/zero/interceptor_config.pbzero.o
[696/1827] 4m05.04s F CXX obj/third_party/perfetto/protos/perfetto/config/zero/system_metrics.pbzero.o
[698/1827] 4m05.04s F CXX obj/third_party/perfetto/protos/perfetto/config/zero/stress_test_config.pbzero.o
[699/1827] 4m05.06s F CXX obj/third_party/perfetto/protos/perfetto/trace/android/zero/android_game_intervention_list.pbzero.o
[699/1827] 4m05.06s F CXX obj/third_party/perfetto/protos/perfetto/config/zero/scenario_config.pbzero.o
[699/1827] 4m05.06s F CXX obj/third_party/perfetto/protos/perfetto/config/zero/v8_config.pbzero.o
[702/1827] 4m05.08s F CXX obj/third_party/perfetto/protos/perfetto/trace/android/zero/android_aflags.pbzero.o
[702/1827] 4m05.08s F CXX obj/third_party/perfetto/protos/perfetto/trace/android/zero/initial_display_state.pbzero.o
[702/1827] 4m05.08s F CXX obj/third_party/perfetto/protos/perfetto/trace/android/zero/pixel_modem_events.pbzero.o
[705/1827] 4m05.10s F CXX obj/third_party/perfetto/protos/perfetto/trace/android/zero/cpu_per_uid_data.pbzero.o
[706/1827] 4m05.10s F CXX obj/third_party/perfetto/protos/perfetto/trace/android/zero/graphics_frame_event.pbzero.o
[707/1827] 4m05.10s F CXX obj/third_party/perfetto/protos/perfetto/trace/android/zero/kernel_wakelock_data.pbzero.o
[708/1827] 4m05.11s F CXX obj/third_party/perfetto/protos/perfetto/trace/android/zero/android_system_property.pbzero.o
[709/1827] 4m05.11s F CXX obj/third_party/perfetto/protos/perfetto/trace/android/zero/user_list.pbzero.o
[710/1827] 4m05.12s F CXX obj/third_party/perfetto/protos/perfetto/trace/android/zero/packages_list.pbzero.o
[711/1827] 4m05.13s F CXX obj/third_party/perfetto/protos/perfetto/trace/android/zero/android_log.pbzero.o
[711/1827] 4m05.13s S AR obj/third_party/perfetto/protos/perfetto/trace/android/libzero.a
[712/1827] 4m05.14s F CXX obj/third_party/perfetto/protos/perfetto/trace/track_event/zero/chrome_message_pump.pbzero.o
[713/1827] 4m05.14s F CXX obj/third_party/perfetto/protos/perfetto/trace/track_event/zero/chrome_application_state_info.pbzero.o
[714/1827] 4m05.15s F CXX obj/third_party/perfetto/protos/perfetto/trace/track_event/zero/chrome_active_processes.pbzero.o
[715/1827] 4m05.15s F CXX obj/third_party/perfetto/protos/perfetto/trace/track_event/zero/chrome_user_event.pbzero.o
[716/1827] 4m05.16s F CXX obj/third_party/perfetto/protos/perfetto/trace/track_event/zero/chrome_thread_descriptor.pbzero.o
[717/1827] 4m05.16s F CXX obj/third_party/perfetto/protos/perfetto/trace/track_event/zero/track_event.pbzero.o
[718/1827] 4m05.17s F CXX obj/third_party/perfetto/protos/perfetto/trace/track_event/zero/chrome_legacy_ipc.pbzero.o
[719/1827] 4m05.18s F CXX obj/third_party/perfetto/protos/perfetto/trace/track_event/zero/chrome_renderer_scheduler_state.pbzero.o
[720/1827] 4m05.18s F CXX obj/third_party/perfetto/protos/perfetto/trace/track_event/zero/track_descriptor.pbzero.o
[721/1827] 4m05.19s F CXX obj/third_party/perfetto/protos/perfetto/trace/track_event/zero/chrome_process_descriptor.pbzero.o
[722/1827] 4m05.20s F CXX obj/third_party/perfetto/protos/perfetto/trace/track_event/zero/state_descriptor.pbzero.o
[723/1827] 4m05.20s F CXX obj/third_party/perfetto/protos/perfetto/trace/track_event/zero/task_execution.pbzero.o
[724/1827] 4m05.21s F CXX obj/third_party/perfetto/protos/perfetto/trace/track_event/zero/chrome_mojo_event_info.pbzero.o
[725/1827] 4m05.21s F CXX obj/third_party/perfetto/protos/perfetto/trace/track_event/zero/source_location.pbzero.o
[725/1827] 4m05.22s F CXX obj/third_party/perfetto/protos/perfetto/trace/track_event/zero/thread_descriptor.pbzero.o
[727/1827] 4m05.22s F CXX obj/third_party/perfetto/protos/perfetto/trace/track_event/zero/screenshot.pbzero.o
[728/1827] 4m05.23s F CXX obj/third_party/perfetto/protos/perfetto/trace/track_event/zero/chrome_histogram_sample.pbzero.o
[729/1827] 4m05.23s F CXX obj/third_party/perfetto/protos/perfetto/trace/track_event/zero/range_of_interest.pbzero.o
[730/1827] 4m05.24s F CXX obj/third_party/perfetto/protos/perfetto/trace/track_event/zero/chrome_latency_info.pbzero.o
[731/1827] 4m05.25s F CXX obj/third_party/perfetto/protos/perfetto/trace/track_event/zero/process_descriptor.pbzero.o
[732/1827] 4m05.26s F CXX obj/third_party/perfetto/protos/perfetto/trace/track_event/zero/chrome_content_settings_event_info.pbzero.o
[733/1827] 4m05.26s F CXX obj/third_party/perfetto/protos/perfetto/trace/track_event/zero/counter_descriptor.pbzero.o
[734/1827] 4m05.26s F AR obj/third_party/perfetto/protos/perfetto/config/qnx/libzero.a
[735/1827] 4m05.27s F CXX obj/third_party/perfetto/protos/perfetto/trace/track_event/zero/chrome_frame_reporter.pbzero.o
[735/1827] 4m05.27s F CXX obj/third_party/perfetto/protos/perfetto/trace/track_event/zero/chrome_compositor_scheduler_state.pbzero.o
[737/1827] 4m05.28s F CXX obj/third_party/perfetto/protos/perfetto/trace/track_event/zero/chrome_window_handle_event_info.pbzero.o
[738/1827] 4m05.29s F AR obj/third_party/perfetto/protos/perfetto/config/linux/libcpp.a
[739/1827] 4m05.29s F CXX obj/third_party/perfetto/protos/perfetto/trace/track_event/zero/log_message.pbzero.o
[740/1827] 4m05.29s F CXX obj/third_party/perfetto/protos/perfetto/trace/track_event/zero/debug_annotation.pbzero.o
[741/1827] 4m05.30s F AR obj/third_party/perfetto/protos/perfetto/config/track_event/libcpp.a
[742/1827] 4m05.30s F AR obj/third_party/perfetto/protos/perfetto/config/priority_boost/libzero.a
[743/1827] 4m05.30s F AR obj/third_party/perfetto/protos/perfetto/config/sys_stats/libzero.a
[744/1827] 4m05.30s F AR obj/third_party/perfetto/protos/perfetto/common/libsemantic_type_cpp.a
[744/1827] 4m05.30s S AR obj/third_party/perfetto/protos/perfetto/config/libzero.a
[745/1827] 4m05.32s F CXX obj/third_party/perfetto/protos/perfetto/trace/track_event/zero/chrome_keyed_service.pbzero.o
[746/1827] 4m05.32s S AR obj/third_party/perfetto/protos/perfetto/trace/track_event/libzero.a
[746/1827] 4m05.32s F CXX obj/third_party/perfetto/protos/perfetto/trace/ftrace/zero/thermal.pbzero.o
[747/1827] 4m05.33s F CXX obj/third_party/perfetto/protos/perfetto/trace/ftrace/zero/binder.pbzero.o
[748/1827] 4m05.34s F CXX obj/third_party/perfetto/protos/perfetto/trace/ftrace/zero/fwtp_ftrace.pbzero.o
[749/1827] 4m05.34s F CXX obj/third_party/perfetto/protos/perfetto/trace/ftrace/zero/fs.pbzero.o
[750/1827] 4m05.34s F CXX obj/third_party/perfetto/protos/perfetto/trace/ftrace/zero/tcp.pbzero.o
[751/1827] 4m05.35s F AR obj/third_party/perfetto/protos/perfetto/trace/track_event/libzero.a
[752/1827] 4m05.35s F AR obj/third_party/perfetto/protos/perfetto/trace/gpu/libzero.a
[753/1827] 4m05.36s F CXX obj/third_party/perfetto/protos/perfetto/trace/ftrace/zero/pixel_mm.pbzero.o
[754/1827] 4m05.36s F CXX obj/third_party/perfetto/protos/perfetto/trace/ftrace/zero/task.pbzero.o
[755/1827] 4m05.37s F CXX obj/third_party/perfetto/protos/perfetto/trace/ftrace/zero/perf_trace_counters.pbzero.o
[756/1827] 4m05.38s F CXX obj/third_party/perfetto/protos/perfetto/trace/ftrace/zero/ext4.pbzero.o
[757/1827] 4m05.38s F CXX obj/third_party/perfetto/protos/perfetto/trace/ftrace/zero/dwc3.pbzero.o
[758/1827] 4m05.39s F CXX obj/third_party/perfetto/protos/perfetto/trace/ftrace/zero/drm.pbzero.o
[759/1827] 4m05.40s F CXX obj/third_party/perfetto/protos/perfetto/trace/ftrace/zero/mdss.pbzero.o
[759/1827] 4m05.40s F CXX obj/third_party/perfetto/protos/perfetto/trace/ftrace/zero/lowmemorykiller.pbzero.o
[761/1827] 4m05.40s F CXX obj/third_party/perfetto/protos/perfetto/trace/ftrace/zero/gpu_scheduler.pbzero.o
[762/1827] 4m05.42s F CXX obj/third_party/perfetto/protos/perfetto/trace/ftrace/zero/virtio_gpu.pbzero.o
[762/1827] 4m05.42s F CXX obj/third_party/perfetto/protos/perfetto/trace/ftrace/zero/panel.pbzero.o
[762/1827] 4m05.42s F CXX obj/third_party/perfetto/protos/perfetto/trace/ftrace/zero/dmabuf_heap.pbzero.o
[765/1827] 4m05.43s F CXX obj/third_party/perfetto/protos/perfetto/trace/ftrace/zero/dma_fence.pbzero.o
[766/1827] 4m05.43s F CXX obj/third_party/perfetto/protos/perfetto/trace/ftrace/zero/clk.pbzero.o
[767/1827] 4m05.43s F CXX obj/third_party/perfetto/protos/perfetto/trace/ftrace/zero/block.pbzero.o
[768/1827] 4m05.45s F CXX obj/third_party/perfetto/protos/perfetto/trace/ftrace/zero/bcl_exynos.pbzero.o
[769/1827] 4m05.45s F CXX obj/third_party/perfetto/protos/perfetto/trace/ftrace/zero/android_fs.pbzero.o
[770/1827] 4m05.45s F CXX obj/third_party/perfetto/protos/perfetto/trace/ftrace/zero/devfreq.pbzero.o
[771/1827] 4m05.47s F CXX obj/third_party/perfetto/protos/perfetto/trace/ftrace/zero/systrace.pbzero.o
[772/1827] 4m05.47s F CXX obj/third_party/perfetto/protos/perfetto/trace/ftrace/zero/ftrace_stats.pbzero.o
[773/1827] 4m05.47s F CXX obj/third_party/perfetto/protos/perfetto/trace/ftrace/zero/cpuhp.pbzero.o
[774/1827] 4m05.48s F CXX obj/third_party/perfetto/protos/perfetto/trace/ftrace/zero/test_bundle_wrapper.pbzero.o
[775/1827] 4m05.48s F CXX obj/third_party/perfetto/protos/perfetto/trace/ftrace/zero/skb.pbzero.o
[776/1827] 4m05.49s F CXX obj/third_party/perfetto/protos/perfetto/trace/ftrace/zero/scsi.pbzero.o
[777/1827] 4m05.50s F CXX obj/third_party/perfetto/protos/perfetto/trace/ftrace/zero/compaction.pbzero.o
[778/1827] 4m05.50s F CXX obj/third_party/perfetto/protos/perfetto/trace/ftrace/zero/f2fs.pbzero.o
[779/1827] 4m05.51s F CXX obj/third_party/perfetto/protos/perfetto/trace/ftrace/zero/generic.pbzero.o
[780/1827] 4m05.51s F CXX obj/third_party/perfetto/protos/perfetto/trace/ftrace/zero/kmem.pbzero.o
[781/1827] 4m05.52s F CXX obj/third_party/perfetto/protos/perfetto/trace/ftrace/zero/fastrpc.pbzero.o
[782/1827] 4m05.53s F CXX obj/third_party/perfetto/protos/perfetto/trace/ftrace/zero/dcvsh.pbzero.o
[783/1827] 4m05.53s F CXX obj/third_party/perfetto/protos/perfetto/trace/system_info/zero/interrupt_info.pbzero.o
[784/1827] 4m05.53s F CXX obj/third_party/perfetto/protos/perfetto/trace/system_info/zero/cpu_info.pbzero.o
[785/1827] 4m05.55s F CXX obj/third_party/perfetto/protos/perfetto/trace/interned_data/zero/interned_data.pbzero.o
[786/1827] 4m05.55s F CXX obj/third_party/perfetto/protos/perfetto/trace/perfetto/zero/trace_provenance.pbzero.o
[787/1827] 4m05.55s F CXX obj/third_party/perfetto/protos/perfetto/trace/perfetto/zero/perfetto_metatrace.pbzero.o
[788/1827] 4m05.56s F CXX obj/third_party/perfetto/protos/perfetto/trace/perfetto/zero/concurrent_session_event.pbzero.o
[789/1827] 4m05.57s F CXX obj/third_party/perfetto/protos/perfetto/trace/ftrace/zero/cgroup.pbzero.o
[790/1827] 4m05.57s F CXX obj/third_party/perfetto/protos/perfetto/trace/perfetto/zero/tracing_service_event.pbzero.o
[791/1827] 4m05.57s S AR obj/third_party/perfetto/protos/perfetto/trace/perfetto/libzero.a
[791/1827] 4m05.57s F AR obj/third_party/perfetto/protos/perfetto/trace/chrome/libzero.a
[792/1827] 4m05.59s F CXX obj/third_party/perfetto/protos/perfetto/trace/linux/zero/journald_event.pbzero.o
[793/1827] 4m05.59s S AR obj/third_party/perfetto/protos/perfetto/trace/linux/libzero.a
[793/1827] 4m05.59s F CXX obj/third_party/perfetto/protos/perfetto/trace/power/zero/power_rails.pbzero.o
[794/1827] 4m05.59s F CXX obj/third_party/perfetto/protos/perfetto/trace/generic_kernel/zero/generic_task.pbzero.o
[795/1827] 4m05.60s F CXX obj/third_party/perfetto/protos/perfetto/trace/generic_kernel/zero/generic_power.pbzero.o
[796/1827] 4m05.61s F CXX obj/third_party/perfetto/protos/perfetto/trace/statsd/zero/statsd_atom.pbzero.o
[797/1827] 4m05.61s S AR obj/third_party/perfetto/protos/perfetto/trace/statsd/libzero.a
[797/1827] 4m05.61s F CXX obj/third_party/perfetto/protos/perfetto/trace/power/zero/android_entity_state_residency.pbzero.o
[798/1827] 4m05.62s F CXX obj/third_party/perfetto/protos/perfetto/trace/power/zero/battery_counters.pbzero.o
[799/1827] 4m05.63s F CXX obj/third_party/perfetto/protos/perfetto/trace/system_info/zero/gpu_info.pbzero.o
[800/1827] 4m05.63s S AR obj/third_party/perfetto/protos/perfetto/trace/system_info/libzero.a
[800/1827] 4m05.63s F CXX obj/third_party/perfetto/protos/perfetto/trace/sys_stats/zero/sys_stats.pbzero.o
[801/1827] 4m05.63s S AR obj/third_party/perfetto/protos/perfetto/trace/sys_stats/libzero.a
[801/1827] 4m05.64s F CXX obj/third_party/perfetto/protos/perfetto/trace/ftrace/zero/synthetic.pbzero.o
[802/1827] 4m05.64s F CXX obj/third_party/perfetto/protos/perfetto/trace/ftrace/zero/g2d.pbzero.o
[803/1827] 4m05.65s F CXX obj/third_party/perfetto/protos/perfetto/trace/ftrace/zero/signal.pbzero.o
[804/1827] 4m05.66s F CXX obj/third_party/perfetto/protos/perfetto/trace/ftrace/zero/cros_ec.pbzero.o
[805/1827] 4m05.66s F CXX obj/third_party/perfetto/protos/perfetto/trace/ftrace/zero/sync.pbzero.o
[806/1827] 4m05.66s F CXX obj/third_party/perfetto/protos/perfetto/trace/ftrace/zero/cma.pbzero.o
[807/1827] 4m05.68s F CXX obj/third_party/perfetto/protos/perfetto/trace/ftrace/zero/cpm_trace.pbzero.o
[807/1827] 4m05.68s F CXX obj/third_party/perfetto/protos/perfetto/trace/ftrace/zero/ion.pbzero.o
[809/1827] 4m05.68s F CXX obj/third_party/perfetto/protos/perfetto/trace/ftrace/zero/dpu.pbzero.o
[810/1827] 4m05.69s F AR obj/third_party/perfetto/protos/perfetto/trace/profiling/libzero.a
[811/1827] 4m05.70s F CXX obj/third_party/perfetto/protos/perfetto/trace/ftrace/zero/gpu_mem.pbzero.o
[812/1827] 4m05.70s F CXX obj/third_party/perfetto/protos/perfetto/trace/ftrace/zero/power.pbzero.o
[813/1827] 4m05.71s F CXX obj/third_party/perfetto/protos/perfetto/trace/ftrace/zero/mali.pbzero.o
[814/1827] 4m05.72s F CXX obj/third_party/perfetto/protos/perfetto/trace/ftrace/zero/hypervisor.pbzero.o
[815/1827] 4m05.72s F CXX obj/third_party/perfetto/protos/perfetto/trace/ftrace/zero/mm_event.pbzero.o
[816/1827] 4m05.73s F CXX obj/third_party/perfetto/protos/perfetto/trace/ftrace/zero/irq.pbzero.o
[817/1827] 4m05.73s S AR obj/third_party/perfetto/protos/perfetto/trace/filesystem/libzero.a
[817/1827] 4m05.73s F CXX obj/third_party/perfetto/protos/perfetto/trace/filesystem/zero/inode_file_map.pbzero.o
[817/1827] 4m05.73s F CXX obj/third_party/perfetto/protos/perfetto/trace/ftrace/zero/sde.pbzero.o
[819/1827] 4m05.75s F CXX obj/third_party/perfetto/protos/perfetto/trace/ps/zero/process_tree.pbzero.o
[820/1827] 4m05.75s F CXX obj/third_party/perfetto/protos/perfetto/trace/ps/zero/process_stats.pbzero.o
[820/1827] 4m05.75s S AR obj/third_party/perfetto/protos/perfetto/trace/ps/libzero.a
[821/1827] 4m05.75s F CXX obj/third_party/perfetto/protos/perfetto/trace/minimal_zero/trace_uuid.pbzero.o
[822/1827] 4m05.76s F AR obj/third_party/perfetto/protos/perfetto/config/libzero.a
[823/1827] 4m05.77s F CXX obj/third_party/perfetto/protos/perfetto/trace/minimal_zero/clock_snapshot.pbzero.o
[824/1827] 4m05.79s F CXX obj/third_party/perfetto/protos/perfetto/trace/minimal_zero/trigger.pbzero.o
[824/1827] 4m05.79s S AR obj/third_party/perfetto/protos/perfetto/trace/libminimal_zero.a
[825/1827] 4m05.80s F CXX obj/third_party/perfetto/protos/perfetto/trace/translation/zero/translation_table.pbzero.o
[826/1827] 4m05.80s S AR obj/third_party/perfetto/protos/perfetto/trace/translation/libzero.a
[826/1827] 4m05.81s F CXX obj/third_party/perfetto/protos/perfetto/trace/generic_kernel/zero/generic_gpu_frequency.pbzero.o
[827/1827] 4m05.81s S AR obj/third_party/perfetto/protos/perfetto/trace/generic_kernel/libzero.a
[827/1827] 4m05.82s F CXX obj/third_party/perfetto/protos/perfetto/trace/ftrace/zero/sock.pbzero.o
[828/1827] 4m05.83s F CXX obj/third_party/perfetto/protos/perfetto/trace/etw/zero/etw_event.pbzero.o
[829/1827] 4m05.84s F CXX obj/third_party/perfetto/protos/perfetto/trace/etw/zero/etw_event_bundle.pbzero.o
[830/1827] 4m05.85s F CXX obj/third_party/perfetto/protos/perfetto/trace/power/zero/android_energy_estimation_breakdown.pbzero.o
[830/1827] 4m05.85s S AR obj/third_party/perfetto/protos/perfetto/trace/power/libzero.a
[831/1827] 4m05.86s F CXX obj/third_party/perfetto/protos/perfetto/trace/etw/zero/etw.pbzero.o
[832/1827] 4m05.86s S AR obj/third_party/perfetto/protos/perfetto/trace/etw/libzero.a
[832/1827] 4m05.86s F CXX obj/third_party/perfetto/protos/perfetto/trace/ftrace/zero/thermal_exynos.pbzero.o
[833/1827] 4m05.87s F CXX obj/third_party/perfetto/protos/perfetto/trace/ftrace/zero/ftrace_event_bundle.pbzero.o
[834/1827] 4m05.88s F CXX obj/third_party/perfetto/protos/perfetto/trace/ftrace/zero/kgsl.pbzero.o
[834/1827] 4m05.88s F CXX obj/third_party/perfetto/protos/perfetto/trace/ftrace/zero/ftrace_event.pbzero.o
[836/1827] 4m05.88s F CXX obj/third_party/perfetto/protos/perfetto/trace/ftrace/zero/irq_vectors.pbzero.o
[837/1827] 4m05.89s F CXX obj/third_party/perfetto/protos/perfetto/trace/ftrace/zero/ipi.pbzero.o
[837/1827] 4m05.89s F CXX obj/third_party/perfetto/protos/perfetto/trace/ftrace/zero/scm.pbzero.o
[839/1827] 4m05.90s F CXX obj/third_party/perfetto/protos/perfetto/trace/ftrace/zero/vmscan.pbzero.o
[840/1827] 4m05.91s F CXX obj/third_party/perfetto/protos/perfetto/trace/ftrace/zero/workqueue.pbzero.o
[841/1827] 4m05.91s F CXX obj/third_party/perfetto/protos/perfetto/trace/ftrace/zero/virtio_video.pbzero.o
[842/1827] 4m05.92s F CXX obj/third_party/perfetto/protos/perfetto/trace/ftrace/zero/oom.pbzero.o
[843/1827] 4m05.93s F CXX obj/third_party/perfetto/protos/perfetto/trace/ftrace/zero/v4l2.pbzero.o
[844/1827] 4m05.93s F CXX obj/third_party/perfetto/protos/perfetto/trace/ftrace/zero/net.pbzero.o
[845/1827] 4m05.94s F AR obj/third_party/perfetto/protos/perfetto/trace/android/libzero.a
[846/1827] 4m05.94s S AR obj/third_party/perfetto/protos/perfetto/trace/interned_data/libzero.a
[846/1827] 4m05.94s F CXX obj/third_party/perfetto/protos/perfetto/trace/ftrace/zero/ufs.pbzero.o
[847/1827] 4m05.95s F CXX obj/third_party/perfetto/protos/perfetto/trace/ftrace/zero/i2c.pbzero.o
[848/1827] 4m05.95s F CXX obj/third_party/perfetto/protos/perfetto/trace/ftrace/zero/hyp.pbzero.o
[849/1827] 4m05.96s F CXX obj/third_party/perfetto/protos/perfetto/trace/ftrace/zero/sched.pbzero.o
[850/1827] 4m05.97s F CXX obj/third_party/perfetto/protos/perfetto/trace/ftrace/zero/trusty.pbzero.o
[851/1827] 4m05.98s F CXX obj/third_party/perfetto/protos/perfetto/trace/ftrace/zero/timer.pbzero.o
[852/1827] 4m05.98s F CXX obj/third_party/perfetto/protos/perfetto/trace/ftrace/zero/samsung.pbzero.o
[853/1827] 4m05.98s F CXX obj/third_party/perfetto/protos/perfetto/trace/ftrace/zero/lwis.pbzero.o
[854/1827] 4m05.99s F CXX obj/third_party/perfetto/protos/perfetto/trace/ftrace/zero/rpm.pbzero.o
[855/1827] 4m06.00s F CXX obj/third_party/perfetto/protos/perfetto/trace/ftrace/zero/regulator.pbzero.o
[856/1827] 4m06.00s F CXX obj/third_party/perfetto/protos/perfetto/trace/ftrace/zero/raw_syscalls.pbzero.o
[857/1827] 4m06.01s F CXX obj/third_party/perfetto/protos/perfetto/config/profiling/cpp/perf_event_config.gen.o
[858/1827] 4m06.01s F CXX obj/third_party/perfetto/protos/perfetto/trace/ftrace/zero/printk.pbzero.o
[859/1827] 4m06.01s S AR obj/third_party/perfetto/protos/perfetto/config/profiling/libcpp.a
[859/1827] 4m06.01s F CXX obj/third_party/perfetto/protos/perfetto/trace/ftrace/zero/google_irm_trace.pbzero.o
[860/1827] 4m06.02s F AR obj/third_party/perfetto/protos/perfetto/config/profiling/libcpp.a
[861/1826] 4m06.02s F CXX obj/third_party/perfetto/protos/perfetto/trace/ftrace/zero/kvm.pbzero.o
[862/1826] 4m06.03s F CXX obj/third_party/perfetto/protos/perfetto/trace/ftrace/zero/google_icc_trace.pbzero.o
[863/1826] 4m06.03s F CXX obj/third_party/perfetto/protos/perfetto/trace/ftrace/zero/fence.pbzero.o
[864/1826] 4m06.04s F CXX obj/third_party/perfetto/protos/perfetto/trace/ftrace/zero/filemap.pbzero.o
[865/1826] 4m06.04s F CXX obj/third_party/perfetto/protos/perfetto/trace/non_minimal_zero/trace_packet.pbzero.o
[866/1826] 4m06.05s F CXX obj/third_party/perfetto/protos/perfetto/trace/non_minimal_zero/trace.pbzero.o
[867/1826] 4m06.05s F CXX obj/third_party/perfetto/protos/perfetto/trace/ftrace/zero/ftrace.pbzero.o
[868/1826] 4m06.05s S ACTION //third_party/perfetto/protos/perfetto/config:cpp_gen(//build/toolchain/android:android_clang_arm64)
[868/1826] 4m06.05s S AR obj/third_party/perfetto/protos/perfetto/trace/ftrace/libzero.a
[868/1826] 4m06.06s F CXX obj/third_party/perfetto/protos/perfetto/trace/non_minimal_zero/ui_state.pbzero.o
[869/1826] 4m06.06s F CXX obj/third_party/perfetto/protos/perfetto/trace/non_minimal_zero/memory_graph.pbzero.o
[870/1826] 4m06.07s F CXX obj/third_party/perfetto/protos/perfetto/trace/non_minimal_zero/remote_clock_sync.pbzero.o
[871/1826] 4m06.08s F CXX obj/third_party/perfetto/protos/perfetto/trace/non_minimal_zero/test_event.pbzero.o
[872/1826] 4m06.08s F CXX obj/third_party/perfetto/protos/perfetto/trace/non_minimal_zero/trace_packet_defaults.pbzero.o
[873/1826] 4m06.09s F CXX obj/third_party/perfetto/protos/perfetto/trace/non_minimal_zero/test_extensions.pbzero.o
[874/1826] 4m06.51s F ACTION //third_party/perfetto/protos/perfetto/config:cpp_gen(//build/toolchain/android:android_clang_arm64)
[875/1824] 4m06.51s S CXX obj/libEGL/libEGL_autogen.o
[875/1823] 4m06.51s S CXX obj/third_party/perfetto/protos/perfetto/config/cpp/histogram_samples.gen.o
[875/1822] 4m06.51s S CXX obj/third_party/perfetto/src/tracing/client_api_without_backends/data_source.o
[875/1822] 4m06.52s S CXX obj/third_party/perfetto/protos/perfetto/config/cpp/stress_test_config.gen.o
[875/1822] 4m06.52s S CXX obj/third_party/perfetto/src/tracing/system_backend_fake/system_tracing_backend_fake.o
[875/1821] 4m06.52s S CXX obj/angle_common/MemoryBuffer.o
[875/1821] 4m06.52s S CXX obj/third_party/perfetto/src/tracing/client_api_without_backends/tracing.o
[875/1821] 4m06.52s S CXX obj/third_party/perfetto/protos/perfetto/config/cpp/interceptor_config.gen.o
[875/1821] 4m06.52s S CXX obj/third_party/perfetto/protos/perfetto/config/cpp/etw_config.gen.o
[875/1821] 4m06.52s S CXX obj/third_party/perfetto/protos/perfetto/config/cpp/data_source_config.gen.o
[875/1821] 4m06.52s S CXX obj/third_party/perfetto/src/tracing/client_api_without_backends/virtual_destructors.o
[875/1821] 4m06.52s S CXX obj/third_party/perfetto/protos/perfetto/config/cpp/v8_config.gen.o
[875/1821] 4m06.52s S CXX obj/third_party/perfetto/src/tracing/common/trace_writer_base.o
[875/1821] 4m06.52s S CXX obj/third_party/perfetto/src/tracing/client_api_without_backends/traced_value.o
[875/1821] 4m06.52s S CXX obj/third_party/perfetto/src/tracing/client_api_without_backends/platform_windows.o
[875/1821] 4m06.52s S CXX obj/third_party/perfetto/src/tracing/client_api_without_backends/platform_posix.o
[875/1818] 4m06.53s S CXX obj/third_party/perfetto/src/tracing/client_api_without_backends/interceptor.o
[875/1818] 4m06.53s S CXX obj/third_party/perfetto/src/tracing/in_process_backend/in_process_tracing_backend.o
[875/1821] 4m06.53s S CXX obj/third_party/perfetto/protos/perfetto/config/cpp/scenario_config.gen.o
[875/1821] 4m06.53s S CXX obj/third_party/perfetto/src/tracing/client_api_without_backends/track_event_interned_fields.o
[875/1821] 4m06.53s S CXX obj/third_party/perfetto/src/tracing/client_api_without_backends/console_interceptor.o
[875/1818] 4m06.53s S CXX obj/third_party/perfetto/src/tracing/client_api_without_backends/tracing_policy.o
[875/1821] 4m06.53s S CXX obj/third_party/perfetto/src/tracing/client_api_without_backends/tracing_muxer_impl.o
[875/1821] 4m06.53s S CXX obj/third_party/perfetto/src/tracing/client_api_without_backends/platform.o
[875/1821] 4m06.53s S CXX obj/third_party/perfetto/src/tracing/client_api_without_backends/tracing_muxer_fake.o
[875/1821] 4m06.53s S CXX obj/third_party/perfetto/src/tracing/client_api_without_backends/track_event_category_registry.o
[875/1821] 4m06.53s S CXX obj/third_party/perfetto/src/tracing/client_api_without_backends/tracing_backend_fake.o
[875/1821] 4m06.53s S CXX obj/third_party/perfetto/src/tracing/client_api_without_backends/track_event_state_tracker.o
[875/1821] 4m06.53s S CXX obj/third_party/perfetto/src/tracing/client_api_without_backends/interceptor_trace_writer.o
[875/1821] 4m06.53s S CXX obj/third_party/perfetto/src/tracing/client_api_without_backends/track_event_legacy.o
[875/1821] 4m06.53s S CXX obj/third_party/perfetto/src/tracing/client_api_without_backends/track.o
[875/1821] 4m06.53s S CXX obj/third_party/perfetto/src/tracing/client_api_without_backends/track_event_internal.o
[875/1821] 4m06.53s S CXX obj/third_party/perfetto/src/tracing/client_api_without_backends/checked_scope.o
[875/1819] 4m06.53s S CXX obj/third_party/perfetto/src/tracing/service/service/metatrace_writer.o
[875/1820] 4m06.53s S CXX obj/third_party/perfetto/src/tracing/core/core/in_process_shared_memory.o
[875/1818] 4m06.54s S CXX obj/third_party/perfetto/src/tracing/client_api_without_backends/event_context.o
[875/1818] 4m06.54s S CXX obj/angle_common/system_utils_linux.o
[875/1818] 4m06.54s S CXX obj/third_party/perfetto/src/tracing/client_api_without_backends/debug_annotation.o
[875/1818] 4m06.54s S CXX obj/angle_common/debug.o
[875/1818] 4m06.54s S CXX obj/angle_common/trace_categories.o
[875/1818] 4m06.54s S CXX obj/angle_common/sha1.o
[875/1818] 4m06.54s S CXX obj/angle_common/angleutils.o
[875/1818] 4m06.54s S CXX obj/angle_common/android_util.o
[875/1818] 4m06.54s S CXX obj/angle_common/backtrace_utils_noop.o
[875/1810] 4m06.54s S CXX obj/src/common/spirv/angle_spirv_base/angle_spirv_utils.o
[875/1810] 4m06.54s S CXX obj/angle_common/utilities.o
[875/1803] 4m06.54s S CXX obj/angle_common/uniform_type_info_autogen.o
[875/1802] 4m06.54s S CXX obj/third_party/perfetto/protos/perfetto/config/cpp/chrome_config.gen.o
[875/1802] 4m06.54s S CXX obj/angle_common/tls.o
[875/1802] 4m06.54s S CXX obj/third_party/perfetto/protos/perfetto/config/cpp/trace_config.gen.o
[875/1802] 4m06.54s S CXX obj/angle_common/system_utils.o
[875/1802] 4m06.54s S CXX obj/third_party/perfetto/protos/perfetto/config/cpp/test_config.gen.o
[875/1821] 4m06.53s S CXX obj/angle_common/system_utils_posix.o
[875/1802] 4m06.55s S CXX obj/angle_common/aligned_memory.o
[875/1802] 4m06.55s S CXX obj/angle_common/mathutil.o
[875/1802] 4m06.55s S CXX obj/angle_common/platform_helpers.o
[875/1802] 4m06.55s S CXX obj/angle_common/WorkerThread.o
[875/1802] 4m06.55s S CXX obj/angle_common/matrix_utils.o
[875/1802] 4m06.55s S CXX obj/angle_common/SimpleMutex.o
[875/1802] 4m06.55s S CXX obj/angle_common/string_utils.o
[875/1821] 4m06.52s S CXX obj/third_party/perfetto/protos/perfetto/config/cpp/system_metrics.gen.o
[875/1802] 4m06.56s S CXX obj/translator/OutputTree.o
[875/1802] 4m06.56s S CXX obj/angle_common/PoolAlloc.o
[875/1802] 4m06.56s S CXX obj/third_party/perfetto/src/tracing/core/core/id_allocator.o
[875/1802] 4m06.56s S CXX obj/angle_common/Float16ToFloat32.o
[875/1802] 4m06.56s S CXX obj/third_party/perfetto/src/tracing/core/core/virtual_destructors.o
[875/1802] 4m06.56s S CXX obj/src/libANGLE/renderer/gl/angle_gl_backend/SemaphoreGL.o
[875/1802] 4m06.56s S CXX obj/third_party/perfetto/src/tracing/core/core/shared_memory_abi.o
[875/1802] 4m06.56s S CXX obj/translator/UseGeneratedNamesForAnonymousStructs.o
[875/1802] 4m06.56s S CXX obj/third_party/perfetto/src/tracing/service/service/tracing_service_impl.o
[875/1802] 4m06.56s S CXX obj/third_party/perfetto/src/tracing/service/service/trace_buffer_v1.o
[875/1802] 4m06.56s S CXX obj/third_party/perfetto/src/tracing/core/core/trace_packet.o
[875/1802] 4m06.57s S CXX obj/third_party/perfetto/src/tracing/core/core/trace_writer_impl.o
[875/1802] 4m06.57s S CXX obj/angle_common/event_tracer.o
[875/1802] 4m06.57s S CXX obj/third_party/perfetto/src/tracing/core/core/null_trace_writer.o
[875/1802] 4m06.57s S CXX obj/third_party/perfetto/src/tracing/service/service/clock.o
[875/1802] 4m06.58s S CXX obj/third_party/perfetto/src/tracing/service/service/tracing_service_session.o
[875/1802] 4m06.58s S CXX obj/angle_common/entry_points_enum_autogen.o
[875/1802] 4m06.58s S CXX obj/third_party/perfetto/src/tracing/service/service/trace_buffer_v2.o
[875/1802] 4m06.58s S CXX obj/third_party/perfetto/src/tracing/service/service/random.o
[875/1802] 4m06.58s S CXX obj/angle_common/PackedEnums.o
[875/1802] 4m06.58s S CXX obj/angle_common/PackedGLEnums_autogen.o
[875/1802] 4m06.58s S CXX obj/src/libANGLE/renderer/vulkan/angle_vulkan_backend/SurfaceVk.o
[875/1802] 4m06.58s S CXX obj/libANGLE_no_vulkan/validationES2.o
[875/1802] 4m06.58s S CXX obj/angle_common/PackedEGLEnums_autogen.o
[875/1802] 4m06.58s S CXX obj/angle_common_shader_state/CompiledShaderState.o
[875/1802] 4m06.58s S CXX obj/preprocessor/Token.o
[875/1802] 4m06.58s S CXX obj/third_party/perfetto/src/protozero/filtering/message_filter_config/message_filter_config.o
[875/1802] 4m06.58s S CXX obj/preprocessor/DirectiveHandlerBase.o
[875/1802] 4m06.58s S CXX obj/preprocessor/DiagnosticsBase.o
[875/1802] 4m06.58s S CXX obj/preprocessor/Input.o
[875/1802] 4m06.58s S CXX obj/libANGLE_no_vulkan/IndexRangeCache.o
[875/1802] 4m06.58s S CXX obj/libANGLE_no_vulkan/SurfaceImpl.o
[875/1802] 4m06.58s S CXX obj/preprocessor/Preprocessor.o
[875/1802] 4m06.58s S CXX obj/translator/EmulateFragColorData.o
[875/1802] 4m06.58s S CXX obj/preprocessor/Lexer.o
[875/1802] 4m06.58s S CXX obj/translator/EmulateFramebufferFetch.o
[875/1802] 4m06.58s S CXX obj/preprocessor/preprocessor_lex_autogen.o
[875/1802] 4m06.58s S CXX obj/preprocessor/preprocessor_tab_autogen.o
[875/1802] 4m06.58s S CXX obj/preprocessor/DirectiveParser.o
[875/1802] 4m06.58s S CXX obj/preprocessor/Macro.o
[875/1802] 4m06.59s S CXX obj/translator/MonomorphizeUnsupportedFunctions.o
[875/1802] 4m06.58s S CXX obj/preprocessor/MacroExpander.o
[875/1802] 4m06.59s S CXX obj/translator/CollectVariables.o
[875/1802] 4m06.59s S CXX obj/src/libANGLE/renderer/vulkan/angle_vulkan_backend/Suballocation.o
[875/1802] 4m06.59s S CXX obj/translator/EmulateAdvancedBlendEquations.o
[875/1802] 4m06.58s S CXX obj/translator/IsASTDepthBelowLimit.o
[875/1802] 4m06.59s S CXX obj/translator/Name.o
[875/1802] 4m06.59s S CXX obj/translator/ReswizzleYUVOps.o
[875/1802] 4m06.59s S CXX obj/src/libANGLE/renderer/vulkan/angle_vulkan_backend/ShareGroupVk.o
[875/1802] 4m06.59s S CXX obj/libANGLE_no_vulkan/LoggingAnnotator.o
[875/1802] 4m06.59s S CXX obj/translator/RemoveAtomicCounterBuiltins.o
[875/1802] 4m06.59s S CXX obj/src/libANGLE/renderer/gl/angle_gl_backend/ShaderGL.o
[875/1802] 4m06.59s S CXX obj/translator/FoldExpressions.o
[875/1802] 4m06.59s S CXX obj/translator/RewriteR32fImages.o
[875/1802] 4m06.59s S CXX obj/translator/PoolAlloc.o
[875/1802] 4m06.59s S CXX obj/libANGLE_no_vulkan/VertexArrayImpl.o
[875/1802] 4m06.59s S CXX obj/libANGLE_no_vulkan/MemoryShaderCache.o
[875/1802] 4m06.59s S CXX obj/translator/RemoveDynamicIndexing.o
[875/1802] 4m06.59s S CXX obj/libANGLE_no_vulkan/driver_utils.o
[875/1802] 4m06.59s S CXX obj/src/common/vulkan/angle_libvulkan_loader/libvulkan_loader.o
[875/1802] 4m06.59s S CXX obj/translator/RemoveInactiveInterfaceVariables.o
[875/1802] 4m06.59s S CXX obj/angle_gpu_info_util/SystemInfo_android.o
[875/1802] 4m06.59s S CXX obj/translator/RemoveInvariantDeclaration.o
[875/1802] 4m06.60s S CXX obj/translator/ShaderLang.o
[875/1802] 4m06.60s S CXX obj/angle_gpu_info_util/SystemInfo.o
[875/1802] 4m06.60s S CXX obj/angle_gpu_info_util/SystemInfo_vulkan.o
[875/1802] 4m06.60s S CXX obj/translator/RemoveUnreferencedVariables.o
[875/1802] 4m06.60s S CXX obj/translator/ShaderVars.o
[875/1802] 4m06.60s S CXX obj/translator/RewriteArrayOfArrayOfOpaqueUniforms.o
[875/1802] 4m06.60s S CXX obj/translator/RewriteAtomicCounters.o
[875/1802] 4m06.60s S CXX obj/translator/RewriteDfdy.o
[875/1802] 4m06.60s S CXX obj/translator/QualifierTypes.o
[875/1802] 4m06.60s S CXX obj/translator/Diagnostics.o
[875/1802] 4m06.60s S CXX obj/translator/Declarator.o
[875/1802] 4m06.60s S CXX obj/translator/RewritePixelLocalStorage.o
[875/1802] 4m06.60s S CXX obj/translator/RewriteStructSamplers.o
[875/1802] 4m06.60s S CXX obj/translator/RewriteTexelFetchOffset.o
[875/1802] 4m06.60s S CXX obj/translator/SizeClipCullDistance.o
[875/1802] 4m06.60s S CXX obj/translator/DirectiveHandler.o
[875/1802] 4m06.60s S CXX obj/translator/SymbolTable.o
[875/1802] 4m06.60s S CXX obj/translator/SimplifyLoopConditions.o
[875/1802] 4m06.60s S CXX obj/translator/RemoveUnusedFramebufferFetch.o
[875/1802] 4m06.60s S CXX obj/translator/SymbolUniqueId.o
[875/1802] 4m06.60s S CXX obj/translator/SplitSequenceOperator.o
[875/1802] 4m06.60s S CXX obj/translator/PreTransformTextureCubeGradDerivatives.o
[875/1802] 4m06.60s S CXX obj/translator/OutputGLSLBase.o
[875/1802] 4m06.60s S CXX obj/translator/Operator.o
[875/1802] 4m06.60s S CXX obj/translator/SeparateDeclarations.o
[875/1802] 4m06.60s S CXX obj/translator/PruneEmptyCases.o
[875/1802] 4m06.60s S CXX obj/src/common/spirv/angle_spirv_builder/spirv_instruction_builder_autogen.o
[875/1802] 4m06.61s S CXX obj/translator/Symbol.o
[875/1802] 4m06.61s S CXX obj/translator/PruneNoOps.o
[875/1802] 4m06.61s S CXX obj/angle_image_util/copyimage.o
[875/1802] 4m06.58s S CXX obj/translator/FlagSamplersWithTexelFetch.o
[875/1802] 4m06.61s S CXX obj/translator/Compiler.o
[875/1802] 4m06.61s S CXX obj/libANGLE_no_vulkan/es3_copy_conversion_table_autogen.o
[875/1802] 4m06.61s S CXX obj/src/libANGLE/renderer/gl/angle_gl_backend/RendererGL.o
[875/1802] 4m06.61s S CXX obj/libANGLE_no_vulkan/Format_table_autogen.o
[875/1802] 4m06.61s S CXX obj/src/libANGLE/renderer/gl/angle_gl_backend/ProgramPipelineGL.o
[875/1802] 4m06.61s S CXX obj/third_party/perfetto/src/tracing/core/core/shared_memory_arbiter_impl.o
[875/1802] 4m06.62s S CXX obj/translator/RecordConstantPrecision.o
[875/1802] 4m06.62s S CXX obj/src/libANGLE/renderer/gl/angle_gl_backend/QueryGL.o
[875/1802] 4m06.62s S CXX obj/src/libANGLE/renderer/gl/angle_gl_backend/RenderbufferGL.o
[875/1802] 4m06.62s S CXX obj/src/libANGLE/renderer/gl/angle_gl_backend/ProgramExecutableGL.o
[875/1802] 4m06.62s S CXX obj/libGLESv2/entry_points_gles_3_1_autogen.o
[875/1802] 4m06.62s S CXX obj/src/libANGLE/renderer/gl/angle_gl_backend/MemoryObjectGL.o
[875/1802] 4m06.62s S CXX obj/translator/ReduceInterfaceBlocks.o
[875/1802] 4m06.62s S CXX obj/src/libANGLE/renderer/gl/angle_gl_backend/ProgramGL.o
[875/1802] 4m06.62s S CXX obj/src/libANGLE/renderer/gl/angle_gl_backend/ImageGL.o
[875/1802] 4m06.62s S CXX obj/angle_image_util/loadimage_astc.o
[875/1802] 4m06.62s S CXX obj/translator/ValidateVaryingLocations.o
[875/1802] 4m06.62s S CXX obj/angle_image_util/loadimage_paletted.o
[875/1802] 4m06.62s S CXX obj/src/libANGLE/renderer/gl/angle_gl_backend/FunctionsGL.o
[875/1802] 4m06.62s S CXX obj/angle_image_util/loadimage_etc.o
[875/1802] 4m06.62s S CXX obj/third_party/perfetto/src/tracing/service/service/tracing_service_endpoints_impl.o
[875/1802] 4m06.62s S CXX obj/angle_image_util/loadimage.o
[875/1802] 4m06.62s S CXX obj/angle_image_util/storeimage_paletted.o
[875/1802] 4m06.62s S CXX obj/angle_image_util/AstcDecompressorNoOp.o
[875/1802] 4m06.62s S CXX obj/translator/ExtensionBehavior.o
[875/1802] 4m06.62s S CXX obj/translator/BuiltInFunctionEmulator.o
[875/1802] 4m06.62s S CXX obj/translator/Types.o
[875/1802] 4m06.62s S CXX obj/translator/ImmutableStringBuilder.o
[875/1802] 4m06.63s S CXX obj/translator/AddDefaultReturnStatements.o
[875/1802] 4m06.63s S CXX obj/translator/ImmutableString_autogen.o
[875/1802] 4m06.63s S CXX obj/translator/ParseContext.o
[875/1802] 4m06.59s S CXX obj/translator/InitializeVariables.o
[875/1802] 4m06.63s S CXX obj/angle_image_util/imageformats.o
[875/1802] 4m06.63s S CXX obj/translator/RemoveArrayLengthMethod.o
[875/1802] 4m06.63s S CXX obj/libANGLE_no_vulkan/AttributeMap.o
[875/1802] 4m06.63s S CXX obj/translator/ValidateAST.o
[875/1802] 4m06.63s S CXX obj/translator/ClampFragDepth.o
[875/1802] 4m06.63s S CXX obj/translator/FindMain.o
[875/1802] 4m06.63s S CXX obj/translator/InfoSink.o
[875/1802] 4m06.63s S CXX obj/translator/FindPreciseNodes.o
[875/1802] 4m06.63s S CXX obj/src/libANGLE/renderer/gl/angle_gl_backend/FramebufferGL.o
[875/1802] 4m06.63s S CXX obj/translator/DriverUniform.o
[875/1802] 4m06.63s S CXX obj/translator/TranslatorESSL.o
[875/1802] 4m06.64s S CXX obj/translator/FlagStd140Structs.o
[875/1802] 4m06.58s S CXX obj/translator/ClampGLLayer.o
[875/1802] 4m06.64s S CXX obj/translator/ClampIndirectIndices.o
[875/1802] 4m06.64s S CXX obj/translator/ValidateGlobalInitializer.o
[875/1802] 4m06.64s S CXX obj/translator/BuiltInFunctionEmulatorGLSL.o
[875/1802] 4m06.64s S CXX obj/translator/ExtensionGLSL.o
[875/1802] 4m06.64s S CXX obj/translator/FindSymbolNode.o
[875/1802] 4m06.64s S CXX obj/src/libANGLE/renderer/gl/angle_gl_backend/FenceNVGL.o
[875/1802] 4m06.64s S CXX obj/translator/IntermNode_util.o
[875/1802] 4m06.64s S CXX obj/src/libANGLE/renderer/gl/angle_gl_backend/DispatchTableGL_autogen.o
[875/1802] 4m06.64s S CXX obj/src/libANGLE/renderer/gl/angle_gl_backend/ContextGL.o
[875/1802] 4m06.64s S CXX obj/src/libANGLE/renderer/gl/angle_gl_backend/DisplayGL.o
[875/1802] 4m06.64s S CXX obj/translator/IntermTraverse.o
[875/1802] 4m06.64s S CXX obj/translator/IntermNodePatternMatcher.o
[875/1802] 4m06.64s S CXX obj/src/libANGLE/renderer/gl/angle_gl_backend/CompilerGL.o
[875/1802] 4m06.64s S CXX obj/src/libANGLE/renderer/gl/angle_gl_backend/ClearMultiviewGL.o
[875/1802] 4m06.64s S CXX obj/translator/BaseTypes.o
[875/1802] 4m06.64s S CXX obj/src/libANGLE/renderer/gl/angle_gl_backend/BufferGL.o
[875/1802] 4m06.64s S CXX obj/src/libANGLE/renderer/gl/angle_gl_backend/BlitGL.o
[875/1802] 4m06.64s S CXX obj/angle_frame_capture_mock/serialize_mock.o
[875/1802] 4m06.64s S CXX obj/translator/TranslatorGLSL.o
[875/1802] 4m06.65s S CXX obj/angle_frame_capture_mock/FrameCapture_mock.o
[875/1802] 4m06.65s S CXX obj/translator/VersionGLSL.o
[875/1802] 4m06.65s S CXX obj/translator/FunctionLookup.o
[875/1802] 4m06.65s S CXX obj/src/common/linux/angle_dma_buf/dma_buf_utils.o
[875/1802] 4m06.65s S CXX obj/translator/VariablePacker.o
[875/1802] 4m06.65s S CXX obj/src/common/spirv/angle_spirv_parser/spirv_instruction_parser_autogen.o
[875/1802] 4m06.65s S CXX obj/src/libANGLE/renderer/vulkan/angle_vulkan_backend/WindowSurfaceVkAndroid.o
[875/1802] 4m06.65s S CXX obj/translator/ReplaceArrayOfMatrixVarying.o
[875/1802] 4m06.65s S CXX obj/translator/ReplaceClipCullDistanceVariable.o
[875/1802] 4m06.65s S CXX obj/src/libANGLE/renderer/vulkan/angle_vulkan_backend/vk_utils.o
[875/1802] 4m06.65s S CXX obj/src/libANGLE/renderer/vulkan/angle_vulkan_backend/AHBFunctions.o
[875/1802] 4m06.65s S CXX obj/src/libANGLE/renderer/vulkan/angle_vulkan_backend/DisplayVkAndroid.o
[875/1802] 4m06.65s S CXX obj/src/libANGLE/renderer/vulkan/angle_vulkan_backend/vk_resource.o
[875/1802] 4m06.65s S CXX obj/src/libANGLE/renderer/vulkan/angle_vulkan_backend/vk_renderer.o
[875/1802] 4m06.65s S CXX obj/translator/ReplaceVariable.o
[875/1802] 4m06.65s S CXX obj/src/libANGLE/renderer/vulkan/angle_vulkan_backend/vk_format_table_autogen.o
[875/1802] 4m06.65s S CXX obj/src/libANGLE/renderer/vulkan/angle_vulkan_backend/vk_helpers.o
[875/1802] 4m06.65s S CXX obj/src/libANGLE/renderer/vulkan/angle_vulkan_backend/vk_format_utils.o
[875/1802] 4m06.66s S CXX obj/src/libANGLE/renderer/vulkan/angle_vulkan_backend/VkImageImageSiblingVk.o
[875/1802] 4m06.65s S CXX obj/src/libANGLE/renderer/vulkan/angle_vulkan_backend/vk_mandatory_format_support_table_autogen.o
[875/1802] 4m06.65s S CXX obj/src/libANGLE/renderer/vulkan/angle_vulkan_backend/vk_internal_shaders_autogen.o
[875/1802] 4m06.65s S CXX obj/src/libANGLE/renderer/vulkan/angle_vulkan_backend/HardwareBufferImageSiblingVkAndroid.o
[875/1802] 4m06.66s S CXX obj/translator/HashNames.o
[875/1802] 4m06.66s S CXX obj/src/libANGLE/renderer/vulkan/angle_vulkan_backend/vk_caps_utils.o
[875/1802] 4m06.66s S CXX obj/src/libANGLE/renderer/vulkan/angle_vulkan_backend/vk_cache_utils.o
[875/1802] 4m06.66s S CXX obj/src/libANGLE/renderer/vulkan/angle_vulkan_backend/vk_barrier_data.o
[875/1802] 4m06.65s S CXX obj/translator/ReplaceShadowingVariables.o
[875/1802] 4m06.66s S CXX obj/src/libANGLE/renderer/vulkan/angle_vulkan_backend/VertexArrayVk.o
[875/1802] 4m06.66s S CXX obj/src/libANGLE/renderer/vulkan/angle_vulkan_backend/vk_api_perf_counters.o
[875/1802] 4m06.65s S CXX obj/src/libANGLE/renderer/vulkan/angle_vulkan_backend/vk_ref_counted_event.o
[875/1802] 4m06.66s S CXX obj/translator/RewriteSampleMaskVariable.o
[875/1802] 4m06.66s S CXX obj/src/libANGLE/renderer/vulkan/angle_vulkan_backend/spv_utils.o
[875/1802] 4m06.66s S CXX obj/src/libANGLE/renderer/vulkan/angle_vulkan_backend/vk_android_utils.o
[875/1802] 4m06.66s S CXX obj/src/libANGLE/renderer/vulkan/angle_vulkan_backend/VulkanSecondaryCommandBuffer.o
[875/1802] 4m06.66s S CXX obj/translator/glslang_lex_autogen.o
[875/1802] 4m06.66s S CXX obj/src/libANGLE/renderer/vulkan/angle_vulkan_backend/UtilsVk.o
[875/1802] 4m06.65s S CXX obj/translator/blocklayout.o
[875/1802] 4m06.66s S CXX obj/translator/RunAtTheBeginningOfShader.o
[875/1802] 4m06.67s S CXX obj/translator/glslang_tab_autogen.o
[875/1802] 4m06.67s S CXX obj/src/libANGLE/renderer/vulkan/angle_vulkan_backend/TransformFeedbackVk.o
[875/1802] 4m06.67s S CXX obj/src/libANGLE/renderer/vulkan/angle_vulkan_backend/TextureVk.o
[875/1802] 4m06.67s S CXX obj/translator/RunAtTheEndOfShader.o
[875/1802] 4m06.67s S CXX obj/src/libANGLE/renderer/vulkan/angle_vulkan_backend/SyncVk.o
[875/1802] 4m06.67s S CXX obj/translator/ClampPointSize.o
[875/1802] 4m06.67s S CXX obj/translator/util.o
[875/1802] 4m06.67s S CXX obj/translator/IntermNode.o
[875/1802] 4m06.67s S CXX obj/translator/WrapStructConstructors.o
[875/1802] 4m06.67s S CXX obj/translator/DeferGlobalInitializers.o
[875/1802] 4m06.67s S CXX obj/translator/TranslatorSPIRV.o
[875/1802] 4m06.67s S CXX obj/translator/BuildSPIRV.o
[875/1802] 4m06.67s S CXX obj/translator/CodeGen.o
[875/1802] 4m06.67s S CXX obj/translator/IntermRebuild.o
[875/1802] 4m06.67s S CXX obj/translator/EmulateMultiDrawShaderBuiltins.o
[875/1802] 4m06.67s S CXX obj/src/libANGLE/renderer/null/angle_null_backend/SurfaceNULL.o
[875/1802] 4m06.67s S CXX obj/translator/ExpandFragmentOutputsToVec4.o
[875/1802] 4m06.67s S CXX obj/translator/Initialize.o
[875/1802] 4m06.67s S CXX obj/translator/DeclareAndInitBuiltinsForInstancedMultiview.o
[875/1802] 4m06.68s S CXX obj/translator/RewriteRepeatedAssignToSwizzled.o
[875/1802] 4m06.68s S CXX obj/translator/DeclarePerVertexBlocks.o
[875/1802] 4m06.68s S CXX obj/translator/UseInterfaceBlockFields.o
[875/1802] 4m06.68s S CXX obj/translator/BuiltinsWorkaround.o
[875/1802] 4m06.68s S CXX obj/src/libANGLE/renderer/vulkan/angle_vulkan_backend/ProgramVk.o
[875/1802] 4m06.68s S CXX obj/translator/EmulateGLFragColorBroadcast.o
[875/1802] 4m06.68s S CXX obj/translator/OutputSPIRV.o
[875/1802] 4m06.68s S CXX obj/translator/CallDAG.o
[875/1802] 4m06.68s S CXX obj/libANGLE_no_vulkan/Compiler.o
[875/1802] 4m06.68s S CXX obj/libANGLE_no_vulkan/MemoryProgramCache.o
[875/1802] 4m06.68s S CXX obj/translator/ScalarizeVecAndMatConstructorArgs.o
[875/1802] 4m06.68s S CXX obj/src/libANGLE/renderer/gl/angle_gl_backend/SamplerGL.o
[875/1802] 4m06.68s S CXX obj/src/libANGLE/renderer/vulkan/angle_vulkan_backend/ShaderVk.o
[875/1802] 4m06.68s S CXX obj/src/libANGLE/renderer/vulkan/angle_vulkan_backend/ShaderInterfaceVariableInfoMap.o
[875/1802] 4m06.68s S CXX obj/src/libANGLE/renderer/vulkan/angle_vulkan_backend/SecondaryCommandPool.o
[875/1802] 4m06.68s S CXX obj/src/libANGLE/renderer/vulkan/angle_vulkan_backend/ProgramPipelineVk.o
[875/1802] 4m06.68s S CXX obj/src/libANGLE/renderer/vulkan/angle_vulkan_backend/SecondaryCommandBuffer.o
[875/1802] 4m06.68s S CXX obj/src/libANGLE/renderer/vulkan/angle_vulkan_backend/SamplerVk.o
[875/1802] 4m06.68s S CXX obj/src/libANGLE/renderer/vulkan/angle_vulkan_backend/RenderbufferVk.o
[875/1802] 4m06.68s S CXX obj/src/libANGLE/renderer/vulkan/angle_vulkan_backend/RenderTargetVk.o
[875/1802] 4m06.68s S CXX obj/src/libANGLE/renderer/vulkan/angle_vulkan_backend/QueryVk.o
[875/1802] 4m06.68s S CXX obj/src/libANGLE/renderer/vulkan/angle_vulkan_backend/ProgramExecutableVk.o
[875/1802] 4m06.68s S CXX obj/src/libANGLE/renderer/vulkan/angle_vulkan_backend/SemaphoreVk.o
[875/1802] 4m06.68s S CXX obj/src/libANGLE/renderer/vulkan/angle_vulkan_backend/PersistentCommandPool.o
[875/1802] 4m06.68s S CXX obj/src/libANGLE/renderer/vulkan/angle_vulkan_backend/MemoryTracking.o
[875/1802] 4m06.69s S CXX obj/src/libANGLE/renderer/vulkan/angle_vulkan_backend/MemoryObjectVk.o
[875/1802] 4m06.69s S CXX obj/src/libANGLE/renderer/vulkan/angle_vulkan_backend/ImageVk.o
[875/1802] 4m06.69s S CXX obj/src/libANGLE/renderer/vulkan/angle_vulkan_backend/FramebufferVk.o
[875/1802] 4m06.69s S CXX obj/src/libANGLE/renderer/vulkan/angle_vulkan_backend/FenceNVVk.o
[875/1802] 4m06.69s S CXX obj/src/libANGLE/renderer/vulkan/angle_vulkan_backend/DisplayVk.o
[875/1802] 4m06.69s S CXX obj/src/libANGLE/renderer/vulkan/angle_vulkan_backend/DeviceVk.o
[875/1802] 4m06.69s S CXX obj/src/libANGLE/renderer/vulkan/angle_vulkan_backend/DebugAnnotatorVk.o
[875/1802] 4m06.69s S CXX obj/src/libANGLE/renderer/vulkan/angle_vulkan_backend/ContextVk.o
[875/1802] 4m06.69s S CXX obj/src/libANGLE/renderer/vulkan/angle_vulkan_backend/CompilerVk.o
[875/1802] 4m06.69s S CXX obj/src/libANGLE/renderer/vulkan/angle_vulkan_backend/CommandQueue.o
[875/1802] 4m06.69s S CXX obj/src/libANGLE/renderer/vulkan/angle_vulkan_backend/BufferVk.o
[875/1802] 4m06.69s S CXX obj/src/libANGLE/renderer/vulkan/angle_vulkan_backend/AllocatorHelperPool.o
[875/1802] 4m06.69s S CXX obj/libANGLE_no_vulkan/VaryingPacking.o
[875/1802] 4m06.69s S CXX obj/src/common/vulkan/angle_vulkan_icd/vulkan_icd.o
[875/1802] 4m06.69s S CXX obj/translator/OutputGLSL.o
[875/1802] 4m06.70s S CXX obj/libANGLE_no_vulkan/Platform.o
[875/1802] 4m06.70s S CXX obj/libANGLE_no_vulkan/validationES31.o
[875/1802] 4m06.70s S CXX obj/libANGLE_no_vulkan/validationESEXT.o
[875/1802] 4m06.70s S CXX obj/libANGLE_no_vulkan/Program.o
[875/1802] 4m06.70s S CXX obj/src/libANGLE/renderer/gl/angle_gl_backend/ContextEGL.o
[875/1802] 4m06.70s S CXX obj/src/libANGLE/renderer/gl/angle_gl_backend/VertexArrayGL.o
[875/1802] 4m06.70s S CXX obj/libANGLE_no_vulkan/format_map_autogen.o
[875/1802] 4m06.70s S CXX obj/src/libANGLE/renderer/gl/angle_gl_backend/formatutilsgl.o
[875/1802] 4m06.70s S CXX obj/libANGLE_no_vulkan/validationES1.o
[875/1802] 4m06.70s S CXX obj/libANGLE_no_vulkan/validationES3.o
[875/1802] 4m06.70s S CXX obj/libANGLE_no_vulkan/ResourceManager.o
[875/1802] 4m06.70s S CXX obj/libANGLE_no_vulkan/validationES32.o
[875/1802] 4m06.70s S CXX obj/src/libANGLE/renderer/gl/angle_gl_backend/DeviceEGL.o
[875/1802] 4m06.70s S CXX obj/libANGLE_no_vulkan/Sampler.o
[875/1802] 4m06.70s S CXX obj/src/libANGLE/renderer/gl/angle_gl_backend/FunctionsEGL.o
[875/1802] 4m06.70s S CXX obj/libANGLE_no_vulkan/Shader.o
[875/1802] 4m06.70s S CXX obj/src/libANGLE/renderer/gl/angle_gl_backend/FunctionsEGLDL.o
[875/1802] 4m06.70s S CXX obj/src/libANGLE/renderer/null/angle_null_backend/CompilerNULL.o
[875/1802] 4m06.70s S CXX obj/src/libANGLE/renderer/gl/angle_gl_backend/RendererEGL.o
[875/1802] 4m06.70s S CXX obj/libANGLE_no_vulkan/formatutils.o
[875/1802] 4m06.71s S CXX obj/src/libANGLE/renderer/null/angle_null_backend/BufferNULL.o
[875/1802] 4m06.70s S CXX obj/src/libANGLE/renderer/gl/angle_gl_backend/egl_utils.o
[875/1802] 4m06.70s S CXX obj/src/libANGLE/renderer/gl/angle_gl_backend/DisplayAndroid.o
[875/1802] 4m06.71s S CXX obj/libANGLE_no_vulkan/queryconversions.o
[875/1802] 4m06.70s S CXX obj/libANGLE_no_vulkan/ShareGroup.o
[875/1802] 4m06.70s S CXX obj/src/libANGLE/renderer/gl/angle_gl_backend/PbufferSurfaceEGL.o
[875/1802] 4m06.71s S CXX obj/src/libANGLE/renderer/null/angle_null_backend/DisplayNULL.o
[875/1802] 4m06.71s S CXX obj/libANGLE_no_vulkan/queryutils.o
[875/1802] 4m06.71s S CXX obj/src/libANGLE/renderer/null/angle_null_backend/FenceNVNULL.o
[875/1802] 4m06.71s S CXX obj/libANGLE_no_vulkan/Surface.o
[875/1802] 4m06.71s S CXX obj/src/libANGLE/renderer/null/angle_null_backend/ImageNULL.o
[875/1802] 4m06.71s S CXX obj/libANGLE_no_vulkan/Texture.o
[875/1802] 4m06.71s S CXX obj/libGLESv2/egl_stubs_getprocaddress_autogen.o
[875/1802] 4m06.71s S CXX obj/libANGLE_no_vulkan/DisplayImpl.o
[875/1802] 4m06.71s S CXX obj/src/libANGLE/renderer/null/angle_null_backend/RenderbufferNULL.o
[875/1802] 4m06.71s S CXX obj/src/libANGLE/renderer/null/angle_null_backend/SamplerNULL.o
[875/1802] 4m06.71s S CXX obj/src/libANGLE/renderer/null/angle_null_backend/SyncNULL.o
[875/1802] 4m06.71s S CXX obj/libANGLE_no_vulkan/TransformFeedback.o
[875/1802] 4m06.71s S CXX obj/libANGLE_no_vulkan/DeviceImpl.o
[875/1802] 4m06.71s S CXX obj/libANGLE_no_vulkan/renderer_utils.o
[875/1802] 4m06.71s S CXX obj/src/libANGLE/renderer/null/angle_null_backend/VertexArrayNULL.o
[875/1802] 4m06.71s S CXX obj/libGLESv2/entry_points_egl_autogen.o
[875/1802] 4m06.72s S CXX obj/libANGLE_no_vulkan/EGLSyncImpl.o
[875/1802] 4m06.72s S CXX obj/libANGLE_no_vulkan/gles_extensions_autogen.o
[875/1802] 4m06.71s S CXX obj/libGLESv2/egl_ext_stubs.o
[875/1802] 4m06.72s S CXX obj/libGLESv2/entry_points_gles_3_0_autogen.o
[875/1802] 4m06.72s S CXX obj/libANGLE_no_vulkan/Uniform.o
[875/1802] 4m06.72s S CXX obj/libANGLE_no_vulkan/Device.o
[875/1802] 4m06.72s S CXX obj/libGLESv2/entry_points_gles_ext_autogen.o
[875/1802] 4m06.72s S CXX obj/libANGLE_no_vulkan/ContextImpl.o
[875/1802] 4m06.72s S CXX obj/libGLESv2/global_state.o
[875/1802] 4m06.72s S CXX obj/libANGLE_no_vulkan/BlobCache.o
[875/1802] 4m06.72s S CXX obj/libANGLE_no_vulkan/load_functions_table_autogen.o
[875/1802] 4m06.72s S CXX obj/libANGLE_no_vulkan/EGLReusableSync.o
[875/1802] 4m06.72s S CXX obj/third_party/perfetto/src/tracing/service/service/packet_stream_validator.o
[875/1802] 4m06.72s S CXX obj/libANGLE_no_vulkan/Buffer.o
[875/1802] 4m06.72s S CXX obj/libANGLE_no_vulkan/Debug.o
[875/1802] 4m06.72s S CXX obj/libANGLE_no_vulkan/validationEGL.o
[875/1802] 4m06.72s S CXX obj/libANGLE_no_vulkan/ProgramImpl.o
[875/1802] 4m06.72s S CXX obj/libANGLE_no_vulkan/RenderbufferImpl.o
[875/1802] 4m06.72s S CXX obj/libANGLE_no_vulkan/TransformFeedbackImpl.o
[875/1802] 4m06.73s S CXX obj/libANGLE_no_vulkan/EGLSync.o
[875/1802] 4m06.73s S CXX obj/libANGLE_no_vulkan/validationES.o
[875/1802] 4m06.73s S CXX obj/libANGLE_no_vulkan/Error.o
[875/1802] 4m06.73s S CXX obj/src/libANGLE/renderer/gl/angle_gl_backend/TransformFeedbackGL.o
[875/1802] 4m06.73s S CXX obj/libANGLE_no_vulkan/FramebufferAttachment.o
[875/1802] 4m06.73s S CXX obj/src/libANGLE/renderer/gl/angle_gl_backend/renderergl_utils.o
[875/1802] 4m06.73s S CXX obj/libANGLE_no_vulkan/GLES1Renderer.o
[875/1802] 4m06.73s S CXX obj/src/libANGLE/renderer/gl/angle_gl_backend/DmaBufImageSiblingEGL.o
[875/1802] 4m06.73s S CXX obj/libANGLE_no_vulkan/GlobalMutex.o
[875/1802] 4m06.73s S CXX obj/translator/RewriteInterpolateAtOffset.o
[875/1802] 4m06.73s S CXX obj/src/libANGLE/renderer/gl/angle_gl_backend/ImageEGL.o
[875/1802] 4m06.73s S CXX obj/translator/FindFunction.o
[875/1802] 4m06.73s S CXX obj/src/libANGLE/renderer/gl/angle_gl_backend/WindowSurfaceEGL.o
[875/1802] 4m06.73s S CXX obj/src/libANGLE/renderer/null/angle_null_backend/DeviceNULL.o
[875/1802] 4m06.73s S CXX obj/src/libANGLE/renderer/gl/angle_gl_backend/NativeBufferImageSiblingAndroid.o
[875/1802] 4m06.73s S CXX obj/src/libANGLE/renderer/null/angle_null_backend/FramebufferNULL.o
[875/1802] 4m06.73s S CXX obj/src/libANGLE/renderer/null/angle_null_backend/QueryNULL.o
[875/1802] 4m06.73s S CXX obj/src/libANGLE/renderer/null/angle_null_backend/ShaderNULL.o
[875/1802] 4m06.73s S CXX obj/src/libANGLE/renderer/null/angle_null_backend/TransformFeedbackNULL.o
[875/1802] 4m06.73s S CXX obj/libGLESv2/egl_stubs.o
[875/1802] 4m06.73s S CXX obj/libGLESv2/entry_points_gles_2_0_autogen.o
[875/1802] 4m06.74s S CXX obj/translator/SymbolTable_autogen.o
[875/1802] 4m06.74s S CXX obj/libANGLE_no_vulkan/Stream.o
[875/1802] 4m06.74s S CXX obj/libGLESv2/entry_points_gles_3_2_autogen.o
[875/1802] 4m06.74s S CXX obj/libANGLE_no_vulkan/Caps.o
[875/1802] 4m06.74s S CXX obj/libANGLE_no_vulkan/QueryImpl.o
[875/1802] 4m06.74s S CXX obj/libANGLE_no_vulkan/Context_gles_1_0.o
[875/1802] 4m06.74s S CXX obj/libGLESv2/entry_points_gles_1_0_autogen.o
[875/1802] 4m06.74s S CXX obj/libANGLE_no_vulkan/ShaderImpl.o
[875/1802] 4m06.74s S CXX obj/translator/EmulateYUVBuiltIns.o
[875/1802] 4m06.74s S CXX obj/libANGLE_no_vulkan/ProgramPipelineImpl.o
[875/1802] 4m06.74s S CXX obj/translator/RewriteSamplerExternalTexelFetch.o
[875/1802] 4m06.74s S CXX obj/libANGLE_no_vulkan/Display.o
[875/1802] 4m06.74s S CXX obj/src/libANGLE/renderer/null/angle_null_backend/ProgramNULL.o
[875/1802] 4m06.74s S CXX obj/libANGLE_no_vulkan/Framebuffer.o
[875/1802] 4m06.74s S CXX obj/libANGLE_no_vulkan/angletypes.o
[875/1802] 4m06.74s S CXX obj/libANGLE_no_vulkan/GLES1State.o
[875/1802] 4m06.74s S CXX obj/libGLESv2/libGLESv2_autogen.o
[875/1802] 4m06.74s S CXX obj/libANGLE_no_vulkan/Thread.o
[875/1802] 4m06.74s S CXX obj/libANGLE_no_vulkan/BufferImpl.o
[875/1802] 4m06.74s S CXX obj/libANGLE_no_vulkan/ContextMutex.o
[875/1802] 4m06.74s S CXX obj/libANGLE_no_vulkan/ImageIndex.o
[875/1802] 4m06.74s S CXX obj/libANGLE_no_vulkan/Fence.o
[875/1802] 4m06.74s S CXX obj/libANGLE_no_vulkan/ImageImpl.o
[875/1802] 4m06.75s S CXX obj/libANGLE_no_vulkan/MemoryObject.o
[875/1802] 4m06.75s S CXX obj/libANGLE_no_vulkan/PixelLocalStorage.o
[875/1802] 4m06.75s S CXX obj/libANGLE_no_vulkan/TextureImpl.o
[875/1802] 4m06.75s S CXX obj/libANGLE_no_vulkan/Observer.o
[875/1802] 4m06.75s S CXX obj/libANGLE_no_vulkan/ProgramExecutable.o
[875/1802] 4m06.75s S CXX obj/libANGLE_no_vulkan/Image.o
[875/1802] 4m06.75s S CXX obj/libANGLE_no_vulkan/Query.o
[875/1802] 4m06.75s S CXX obj/libANGLE_no_vulkan/Renderbuffer.o
[875/1802] 4m06.75s S CXX obj/src/libANGLE/renderer/gl/angle_gl_backend/TextureGL.o
[875/1802] 4m06.75s S CXX obj/libANGLE_no_vulkan/Semaphore.o
[875/1802] 4m06.75s S CXX obj/libANGLE_no_vulkan/State.o
[875/1802] 4m06.75s S CXX obj/src/libANGLE/renderer/gl/angle_gl_backend/DisplayEGL.o
[875/1802] 4m06.75s S CXX obj/src/libANGLE/renderer/gl/angle_gl_backend/SurfaceGL.o
[875/1802] 4m06.75s S CXX obj/libANGLE_no_vulkan/VertexAttribute.o
[875/1802] 4m06.75s S CXX obj/src/libANGLE/renderer/gl/angle_gl_backend/SyncEGL.o
[875/1802] 4m06.75s S CXX obj/libGLESv2/entry_points_egl_ext_autogen.o
[875/1802] 4m06.75s S CXX obj/src/libANGLE/renderer/null/angle_null_backend/ContextNULL.o
[875/1802] 4m06.75s S CXX obj/libANGLE_no_vulkan/FramebufferImpl.o
[875/1802] 4m06.76s S CXX obj/libANGLE_no_vulkan/Context.o
[875/1802] 4m06.76s S CXX obj/src/libANGLE/renderer/gl/angle_gl_backend/SurfaceEGL.o
[875/1802] 4m06.76s S CXX obj/libANGLE_no_vulkan/HandleAllocator.o
[875/1802] 4m06.76s S CXX obj/src/libANGLE/renderer/gl/angle_gl_backend/SyncGL.o
[875/1802] 4m06.76s S CXX obj/libANGLE_no_vulkan/ProgramLinkedResources.o
[875/1802] 4m06.76s S CXX obj/src/libANGLE/renderer/null/angle_null_backend/ProgramPipelineNULL.o
[875/1802] 4m06.76s S CXX obj/libANGLE_no_vulkan/ProgramPipeline.o
[875/1802] 4m06.76s S CXX obj/src/libANGLE/renderer/null/angle_null_backend/TextureNULL.o
[875/1802] 4m06.76s S CXX obj/libANGLE_no_vulkan/Config.o
[875/1802] 4m06.76s S CXX obj/translator/GatherDefaultUniforms.o
[875/1802] 4m06.76s S CXX obj/libANGLE_no_vulkan/VertexArray.o
[875/1802] 4m06.76s S CXX obj/translator/ConstantUnion.o
[875/1802] 4m06.76s S CXX obj/src/libANGLE/renderer/null/angle_null_backend/ProgramExecutableNULL.o
[875/1802] 4m06.76s S CXX obj/src/libANGLE/renderer/gl/angle_gl_backend/StateManagerGL.o
[875/1802] 4m06.76s S CXX obj/translator/OutputESSL.o
[875/1802] 4m06.99s F CXX obj/third_party/perfetto/protos/perfetto/trace/track_event/cpp/track_descriptor.gen.o
[876/1802] 4m07.21s F CXX obj/third_party/perfetto/protos/perfetto/trace/track_event/cpp/task_execution.gen.o
[877/1802] 4m07.46s F CXX obj/third_party/perfetto/protos/perfetto/trace/track_event/cpp/chrome_compositor_scheduler_state.gen.o
[878/1802] 4m07.75s F CXX obj/third_party/perfetto/protos/perfetto/trace/track_event/cpp/chrome_window_handle_event_info.gen.o
[879/1802] 4m08.14s F CXX obj/third_party/perfetto/protos/perfetto/trace/track_event/cpp/counter_descriptor.gen.o
[880/1802] 4m08.24s F CXX obj/third_party/perfetto/protos/perfetto/trace/track_event/cpp/thread_descriptor.gen.o
[881/1802] 4m08.43s F CXX obj/third_party/perfetto/protos/perfetto/trace/track_event/cpp/track_event.gen.o
[882/1802] 4m09.01s F CXX obj/third_party/perfetto/protos/perfetto/trace/track_event/cpp/chrome_process_descriptor.gen.o
[883/1802] 4m09.08s F CXX obj/third_party/perfetto/protos/perfetto/trace/track_event/cpp/chrome_latency_info.gen.o
[884/1802] 4m09.12s F CXX obj/third_party/perfetto/protos/perfetto/trace/track_event/cpp/debug_annotation.gen.o
[885/1802] 4m09.21s F CXX obj/third_party/perfetto/protos/perfetto/trace/track_event/cpp/chrome_message_pump.gen.o
[886/1802] 4m09.77s F CXX obj/third_party/perfetto/protos/perfetto/trace/track_event/cpp/state_descriptor.gen.o
[887/1802] 4m09.87s F CXX obj/third_party/perfetto/protos/perfetto/trace/track_event/cpp/chrome_histogram_sample.gen.o
[888/1802] 4m09.88s F AR obj/third_party/perfetto/protos/perfetto/trace/ftrace/libzero.a
[889/1802] 4m10.07s F CXX obj/third_party/perfetto/protos/perfetto/config/cpp/histogram_samples.gen.o
[890/1802] 4m10.53s F CXX obj/third_party/perfetto/protos/perfetto/trace/track_event/cpp/chrome_application_state_info.gen.o
[891/1802] 4m10.64s F CXX obj/third_party/perfetto/protos/perfetto/config/cpp/stress_test_config.gen.o
[892/1802] 4m10.66s F CXX obj/third_party/perfetto/protos/perfetto/config/cpp/interceptor_config.gen.o
[893/1802] 4m10.85s F CXX obj/third_party/perfetto/protos/perfetto/trace/track_event/cpp/chrome_mojo_event_info.gen.o
[894/1802] 4m11.29s F CXX obj/third_party/perfetto/protos/perfetto/trace/track_event/cpp/chrome_legacy_ipc.gen.o
[895/1802] 4m11.41s F CXX obj/third_party/perfetto/protos/perfetto/trace/track_event/cpp/chrome_renderer_scheduler_state.gen.o
[896/1802] 4m11.61s F CXX obj/third_party/perfetto/protos/perfetto/config/cpp/v8_config.gen.o
[897/1802] 4m11.73s F CXX obj/third_party/perfetto/protos/perfetto/config/cpp/etw_config.gen.o
[898/1802] 4m12.10s F CXX obj/third_party/perfetto/protos/perfetto/trace/track_event/cpp/source_location.gen.o
[899/1802] 4m12.26s F CXX obj/third_party/perfetto/protos/perfetto/trace/track_event/cpp/chrome_active_processes.gen.o
[900/1802] 4m12.39s F CXX obj/third_party/perfetto/protos/perfetto/trace/track_event/cpp/chrome_keyed_service.gen.o
[901/1802] 4m12.51s F CXX obj/third_party/perfetto/protos/perfetto/trace/track_event/cpp/chrome_thread_descriptor.gen.o
[902/1802] 4m13.02s F CXX obj/third_party/perfetto/protos/perfetto/trace/track_event/cpp/range_of_interest.gen.o
[903/1802] 4m13.03s F AR obj/third_party/perfetto/protos/perfetto/trace/linux/libzero.a
[904/1802] 4m13.29s F CXX obj/third_party/perfetto/protos/perfetto/trace/track_event/cpp/screenshot.gen.o
[905/1802] 4m13.46s F CXX obj/third_party/perfetto/protos/perfetto/config/cpp/data_source_config.gen.o
[906/1802] 4m13.46s F AR obj/third_party/perfetto/protos/perfetto/trace/interned_data/libzero.a
[907/1802] 4m13.96s F CXX obj/third_party/perfetto/protos/perfetto/trace/track_event/cpp/chrome_frame_reporter.gen.o
[908/1802] 4m14.08s F CXX obj/third_party/perfetto/protos/perfetto/trace/track_event/cpp/log_message.gen.o
[909/1802] 4m14.10s F CXX obj/third_party/perfetto/protos/perfetto/trace/non_minimal_zero/extension_descriptor.pbzero.o
[910/1802] 4m14.11s F AR obj/third_party/perfetto/protos/perfetto/trace/power/libzero.a
[911/1802] 4m14.12s F AR obj/third_party/perfetto/protos/perfetto/trace/system_info/libzero.a
[912/1802] 4m14.13s F AR obj/third_party/perfetto/protos/perfetto/trace/sys_stats/libzero.a
[913/1802] 4m14.13s F AR obj/third_party/perfetto/protos/perfetto/trace/filesystem/libzero.a
[914/1802] 4m14.14s F AR obj/third_party/perfetto/protos/perfetto/trace/ps/libzero.a
[915/1802] 4m14.15s F AR obj/third_party/perfetto/protos/perfetto/trace/libminimal_zero.a
[916/1802] 4m14.16s F AR obj/third_party/perfetto/protos/perfetto/trace/translation/libzero.a
[917/1802] 4m14.16s F CXX obj/third_party/perfetto/protos/perfetto/config/cpp/scenario_config.gen.o
[918/1802] 4m14.24s F CXX obj/third_party/perfetto/protos/perfetto/trace/track_event/cpp/chrome_user_event.gen.o
[919/1802] 4m14.24s F AR obj/third_party/perfetto/protos/perfetto/trace/statsd/libzero.a
[920/1802] 4m14.72s F CXX obj/third_party/perfetto/protos/perfetto/trace/track_event/cpp/chrome_content_settings_event_info.gen.o
[921/1802] 4m14.73s F AR obj/third_party/perfetto/protos/perfetto/trace/perfetto/libzero.a
[922/1802] 4m14.95s F CXX obj/third_party/perfetto/protos/perfetto/config/cpp/chrome_config.gen.o
[923/1802] 4m15.02s F CXX obj/third_party/perfetto/protos/perfetto/config/cpp/system_metrics.gen.o
[924/1802] 4m15.03s F AR obj/third_party/perfetto/protos/perfetto/trace/generic_kernel/libzero.a
[925/1802] 4m15.03s F AR obj/third_party/perfetto/protos/perfetto/trace/etw/libzero.a
[926/1802] 4m15.03s S AR obj/third_party/perfetto/protos/perfetto/trace/libnon_minimal_zero.a
[926/1802] 4m15.59s F CXX obj/third_party/perfetto/protos/perfetto/config/cpp/test_config.gen.o
[927/1802] 4m15.63s F CXX obj/third_party/perfetto/src/protovm/protovm/error_handling.o
[928/1802] 4m15.63s F AR obj/third_party/perfetto/protos/perfetto/trace/libnon_minimal_zero.a
[929/1801] 4m15.69s F CXX obj/third_party/abseil-cpp/absl/types/source_location/source_location.o
[930/1801] 4m15.88s F CXX obj/third_party/abseil-cpp/absl/debugging/demangle_rust/demangle_rust.o
[931/1801] 4m15.88s F CXX obj/third_party/perfetto/protos/perfetto/trace/track_event/cpp/process_descriptor.gen.o
[932/1801] 4m15.88s S AR obj/third_party/perfetto/protos/perfetto/trace/track_event/libcpp.a
[932/1801] 4m16.34s F CXX obj/third_party/abseil-cpp/absl/strings/strings/memutil.o
[933/1801] 4m16.37s F CXX obj/third_party/abseil-cpp/absl/debugging/debugging_internal/address_is_readable.o
[934/1801] 4m16.38s F AR obj/third_party/perfetto/protos/perfetto/trace/track_event/libcpp.a
[935/1800] 4m16.39s F CXX obj/third_party/abseil-cpp/absl/base/log_severity/log_severity.o
[936/1800] 4m16.97s F CXX obj/third_party/abseil-cpp/absl/debugging/debugging_internal/vdso_support.o
[937/1800] 4m17.01s F CXX obj/third_party/abseil-cpp/absl/debugging/utf8_for_code_point/utf8_for_code_point.o
[938/1799] 4m17.29s F CXX obj/third_party/perfetto/protos/perfetto/config/cpp/trace_config.gen.o
[939/1799] 4m17.29s S AR obj/third_party/perfetto/protos/perfetto/config/libcpp.a
[939/1799] 4m17.78s F CXX obj/third_party/abseil-cpp/absl/strings/cord_internal/cord_rep_btree_navigator.o
[940/1799] 4m18.30s F CXX obj/third_party/abseil-cpp/absl/strings/strings/charconv.o
[941/1799] 4m18.64s F CXX obj/third_party/abseil-cpp/absl/strings/strings/stringify_sink.o
[942/1799] 4m18.68s F CXX obj/third_party/perfetto/src/tracing/service/service/tracing_service_endpoints_impl.o
[943/1799] 4m18.97s F CXX obj/third_party/abseil-cpp/absl/time/internal/cctz/civil_time/civil_time_detail.o
[944/1798] 4m19.91s F CXX obj/third_party/abseil-cpp/absl/synchronization/synchronization/notification.o
[945/1798] 4m20.02s F CXX obj/third_party/abseil-cpp/absl/numeric/int128/int128.o
[946/1798] 4m20.03s F CXX obj/third_party/spirv-tools/src/spvtools/name_mapper.o
[947/1798] 4m20.08s F CXX obj/third_party/abseil-cpp/absl/container/raw_hash_set/raw_hash_set.o
[948/1798] 4m20.66s F CXX obj/third_party/abseil-cpp/absl/base/raw_logging_internal/raw_logging.o
[949/1797] 4m20.91s F CXX obj/third_party/abseil-cpp/absl/base/malloc_internal/low_level_alloc.o
[950/1797] 4m21.09s F CXX obj/third_party/abseil-cpp/absl/synchronization/synchronization/waiter_base.o
[951/1797] 4m21.90s F CXX obj/third_party/abseil-cpp/absl/synchronization/synchronization/blocking_counter.o
[952/1797] 4m21.91s F CXX obj/third_party/perfetto/src/protozero/filtering/string_filter/string_filter.o
[953/1797] 4m21.93s F CXX obj/third_party/perfetto/src/protovm/protovm/executor.o
[954/1797] 4m23.01s F CXX obj/third_party/perfetto/src/protovm/protovm/vm.o
[955/1797] 4m23.05s F CXX obj/third_party/perfetto/src/base/clock_snapshots/clock_snapshots.o
[956/1796] 4m23.06s F CXX obj/third_party/abseil-cpp/absl/strings/cord/cord.o
[957/1796] 4m23.07s F CXX obj/third_party/spirv-tools/src/spvtools/timer.o
[958/1796] 4m23.09s F CXX obj/third_party/abseil-cpp/absl/synchronization/synchronization/win32_waiter.o
[959/1796] 4m23.61s F CXX obj/third_party/spirv-tools/src/spvtools/binary.o
[960/1796] 4m23.63s F CXX obj/third_party/abseil-cpp/absl/strings/strings/damerau_levenshtein_distance.o
[961/1796] 4m24.18s F CXX obj/third_party/abseil-cpp/absl/strings/strings/str_cat.o
[962/1796] 4m24.26s F CXX obj/third_party/abseil-cpp/absl/strings/str_format_internal/output.o
[963/1796] 4m24.82s F CXX obj/third_party/abseil-cpp/absl/crc/crc32c/crc_memcpy_fallback.o
[964/1796] 4m25.03s F CXX obj/third_party/abseil-cpp/absl/crc/crc_internal/crc_x86_arm_combined.o
[965/1796] 4m25.10s F CXX obj/third_party/perfetto/src/protozero/filtering/bytecode_parser/filter_bytecode_parser.o
[966/1793] 4m25.53s F CXX obj/third_party/perfetto/src/base/regex/regex/regex.o
[967/1793] 4m25.85s F CXX obj/third_party/abseil-cpp/absl/strings/strings/charconv_parse.o
[968/1792] 4m25.86s F CXX obj/third_party/abseil-cpp/absl/base/cpu_detect/cpu_detect.o
[969/1792] 4m25.91s F CXX obj/third_party/abseil-cpp/absl/strings/strings/match.o
[970/1792] 4m26.07s F CXX obj/third_party/abseil-cpp/absl/container/hashtablez_sampler/hashtablez_sampler_force_weak_definition.o
[971/1792] 4m26.46s F CXX obj/third_party/abseil-cpp/absl/debugging/debugging_internal/elf_mem_image.o
[972/1791] 4m26.86s F CXX obj/third_party/spirv-tools/src/spvtools/libspirv.o
[973/1791] 4m26.97s F CXX obj/third_party/abseil-cpp/absl/strings/strings/charconv_bigint.o
[974/1791] 4m27.48s F CXX obj/third_party/abseil-cpp/absl/debugging/symbolize/symbolize.o
[975/1791] 4m27.77s F CXX obj/third_party/spirv-tools/src/spvtools/text.o
[976/1791] 4m27.81s F CXX obj/third_party/abseil-cpp/absl/time/internal/cctz/time_zone/time_zone_format.o
[977/1791] 4m27.83s F CXX obj/third_party/spirv-tools/src/spvtools/spirv_validator_options.o
[978/1790] 4m28.42s F CC obj/xxhash/xxhash.o
[979/1790] 4m28.63s F CXX obj/third_party/abseil-cpp/absl/strings/cord/cord_analysis.o
[980/1790] 4m29.32s F CXX obj/third_party/abseil-cpp/absl/strings/strings/numbers.o
[981/1790] 4m29.34s F CXX obj/third_party/abseil-cpp/absl/strings/cord_internal/cord_rep_crc.o
[982/1790] 4m29.39s F CXX obj/third_party/spirv-tools/src/spvtools/spirv_optimizer_options.o
[983/1790] 4m29.42s F CXX obj/third_party/spirv-tools/src/spvtools/string_utils.o
[984/1790] 4m29.87s F CXX obj/third_party/abseil-cpp/absl/strings/str_format_internal/arg.o
[985/1790] 4m29.89s F CXX obj/third_party/abseil-cpp/absl/debugging/stacktrace/stacktrace.o
[986/1790] 4m30.15s F CXX obj/third_party/spirv-tools/src/spvtools/table.o
[987/1790] 4m30.47s F CXX obj/third_party/spirv-tools/src/spvtools/spirv_reducer_options.o
[988/1790] 4m30.57s F CXX obj/third_party/abseil-cpp/absl/strings/str_format_internal/parser.o
[989/1790] 4m30.58s F CXX obj/third_party/spirv-tools/src/spvtools/bit_vector.o
[990/1790] 4m30.80s F CXX obj/third_party/spirv-tools/src/spvtools/spirv_fuzzer_options.o
[991/1790] 4m31.34s F CXX obj/third_party/abseil-cpp/absl/crc/crc_cord_state/crc_cord_state.o
[992/1790] 4m31.81s F CXX obj/third_party/abseil-cpp/absl/time/time/format.o
[993/1790] 4m32.18s F CXX obj/third_party/spirv-tools/src/spvtools/table2.o
[994/1790] 4m32.21s F CXX obj/third_party/spirv-tools/src/spvtools/opcode.o
[995/1790] 4m32.26s F CXX obj/third_party/abseil-cpp/absl/strings/strings/escaping.o
[996/1790] 4m32.98s F CXX obj/third_party/abseil-cpp/absl/crc/crc32c/crc32c.o
[997/1790] 4m33.19s F CXX obj/third_party/spirv-tools/src/spvtools/extensions.o
[998/1790] 4m33.53s F CXX obj/third_party/abseil-cpp/absl/strings/cord_internal/cord_rep_consume.o
[999/1790] 4m33.97s F CXX obj/third_party/spirv-tools/src/spvtools/diagnostic.o
[1000/1790] 4m34.22s F CXX obj/third_party/abseil-cpp/absl/debugging/decode_rust_punycode/decode_rust_punycode.o
[1001/1790] 4m34.60s F CXX obj/third_party/spirv-tools/src/spvtools/disassemble.o
[1002/1790] 4m35.27s F CXX obj/third_party/spirv-tools/src/spvtools/operand.o
[1003/1790] 4m35.27s F CXX obj/third_party/abseil-cpp/absl/strings/cord_internal/cord_rep_btree.o
[1004/1789] 4m35.68s F CXX obj/third_party/perfetto/src/android_stats/android_stats/statsd_logging_helper.o
[1005/1789] 4m35.93s F CXX obj/third_party/abseil-cpp/absl/debugging/demangle_internal/demangle.o
[1006/1789] 4m36.30s F CXX obj/third_party/abseil-cpp/absl/strings/str_format_internal/float_conversion.o
[1007/1789] 4m36.49s F CXX obj/third_party/abseil-cpp/absl/time/time/time.o
[1008/1789] 4m36.64s F CXX obj/third_party/perfetto/src/protovm/protovm/rw_proto.o
[1009/1789] 4m37.04s F CXX obj/third_party/abseil-cpp/absl/strings/cordz_functions/cordz_functions.o
[1010/1789] 4m37.54s F CXX obj/third_party/perfetto/src/protovm/protovm/rw_proto_cursor.o
[1011/1789] 4m37.63s F CXX obj/third_party/abseil-cpp/absl/time/time/clock.o
[1012/1789] 4m37.82s F CXX obj/third_party/perfetto/src/protovm/protovm/parser.o
[1013/1789] 4m38.10s F CXX obj/third_party/perfetto/src/protovm/protovm/allocator.o
[1014/1789] 4m38.42s F CXX obj/third_party/abseil-cpp/absl/base/base/thread_identity.o
[1015/1789] 4m38.67s F CXX obj/third_party/perfetto/src/tracing/system_backend_fake/system_tracing_backend_fake.o
[1016/1789] 4m38.73s F CXX obj/third_party/perfetto/src/protozero/filtering/message_filter/message_filter.o
[1017/1788] 4m38.96s F CXX obj/third_party/abseil-cpp/absl/synchronization/graphcycles_internal/graphcycles.o
[1018/1788] 4m39.01s F CXX obj/third_party/spirv-tools/src/spvtools/spirv_endian.o
[1019/1788] 4m39.46s F CXX obj/third_party/perfetto/src/protovm/protovm/node.o
[1020/1788] 4m39.48s F CXX obj/angle_common/MemoryBuffer.o
[1021/1788] 4m40.12s F CXX obj/third_party/abseil-cpp/absl/strings/cord_internal/cord_rep_btree_reader.o
[1022/1787] 4m40.28s F CXX obj/third_party/perfetto/src/protovm/protovm/ro_cursor.o
[1023/1787] 4m40.37s F CXX obj/third_party/perfetto/src/tracing/client_api_without_backends/virtual_destructors.o
[1024/1787] 4m40.79s F CXX obj/third_party/perfetto/src/tracing/common/trace_writer_base.o
[1025/1787] 4m40.94s F CXX obj/third_party/perfetto/src/tracing/client_api_without_backends/tracing.o
[1026/1787] 4m40.95s F CXX obj/third_party/perfetto/src/tracing/client_api_without_backends/platform_windows.o
[1027/1787] 4m41.35s F CXX obj/third_party/perfetto/src/tracing/client_api_without_backends/data_source.o
[1028/1787] 4m41.68s F CXX obj/third_party/perfetto/src/tracing/service/service/packet_stream_validator.o
[1029/1787] 4m41.75s F CXX obj/third_party/perfetto/src/tracing/client_api_without_backends/traced_value.o
[1030/1787] 4m41.85s F CXX obj/third_party/perfetto/src/tracing/client_api_without_backends/interceptor.o
[1031/1787] 4m42.03s F CXX obj/third_party/perfetto/src/tracing/in_process_backend/in_process_tracing_backend.o
[1032/1787] 4m42.21s F CXX obj/third_party/perfetto/src/tracing/client_api_without_backends/tracing_policy.o
[1033/1787] 4m43.40s F CXX obj/third_party/abseil-cpp/absl/crc/crc32c/crc_memcpy_x86_arm_combined.o
[1034/1787] 4m43.53s F CXX obj/third_party/spirv-tools/src/spvtools/parse_number.o
[1035/1787] 4m43.53s F CXX obj/third_party/perfetto/src/tracing/client_api_without_backends/console_interceptor.o
[1036/1787] 4m44.34s F CXX obj/third_party/perfetto/src/tracing/client_api_without_backends/platform.o
[1037/1787] 4m44.44s F CXX obj/third_party/perfetto/src/tracing/client_api_without_backends/tracing_muxer_fake.o
[1038/1787] 4m44.57s F CXX obj/third_party/perfetto/src/tracing/client_api_without_backends/track_event_category_registry.o
[1039/1787] 4m44.58s F AR obj/third_party/perfetto/protos/perfetto/config/libcpp.a
[1040/1782] 4m45.30s F CXX obj/third_party/perfetto/src/tracing/client_api_without_backends/tracing_backend_fake.o
[1041/1782] 4m45.56s F CXX obj/third_party/abseil-cpp/absl/synchronization/synchronization/create_thread_identity.o
[1042/1782] 4m46.33s F CXX obj/third_party/perfetto/src/tracing/client_api_without_backends/track_event_state_tracker.o
[1043/1782] 4m46.43s F CXX obj/third_party/abseil-cpp/absl/base/base/cycleclock.o
[1044/1782] 4m46.70s F CXX obj/third_party/perfetto/src/tracing/client_api_without_backends/tracing_muxer_impl.o
[1045/1782] 4m46.74s F CXX obj/third_party/perfetto/src/tracing/client_api_without_backends/track_event_legacy.o
[1046/1782] 4m46.89s F CXX obj/third_party/perfetto/src/tracing/client_api_without_backends/checked_scope.o
[1047/1782] 4m47.44s F CXX obj/third_party/perfetto/src/tracing/client_api_without_backends/interceptor_trace_writer.o
[1048/1782] 4m47.67s F CXX obj/third_party/perfetto/src/tracing/client_api_without_backends/track_event_interned_fields.o
[1049/1782] 4m47.79s F CXX obj/third_party/abseil-cpp/absl/synchronization/synchronization/pthread_waiter.o
[1050/1782] 4m47.96s F CXX obj/third_party/spirv-tools/src/spvtools/spirv_target_env.o
[1051/1782] 4m48.16s F CXX obj/third_party/spirv-tools/src/spvtools/print.o
[1052/1782] 4m48.33s F CXX obj/angle_common/sha1.o
[1053/1782] 4m48.35s F CXX obj/third_party/perfetto/src/tracing/client_api_without_backends/platform_posix.o
[1054/1782] 4m49.08s F CXX obj/angle_common/trace_categories.o
[1055/1782] 4m49.21s F CXX obj/angle_common/android_util.o
[1056/1782] 4m49.22s F CXX obj/angle_common/angleutils.o
[1057/1782] 4m49.61s F CXX obj/third_party/abseil-cpp/absl/crc/crc32c/crc_non_temporal_memcpy.o
[1058/1782] 4m50.26s F CXX obj/angle_common/backtrace_utils_noop.o
[1059/1782] 4m50.53s F CXX obj/angle_common/utilities.o
[1060/1782] 4m50.66s F CXX obj/third_party/abseil-cpp/absl/time/time/civil_time.o
[1061/1782] 4m50.70s F CXX obj/angle_common/uniform_type_info_autogen.o
[1062/1782] 4m51.01s F CXX obj/angle_common/tls.o
[1063/1782] 4m51.18s F CXX obj/third_party/abseil-cpp/absl/base/spinlock_wait/spinlock_wait.o
[1064/1781] 4m51.55s F CXX obj/third_party/abseil-cpp/absl/time/internal/cctz/time_zone/time_zone_posix.o
[1065/1781] 4m51.65s F CXX obj/angle_common/system_utils.o
[1066/1781] 4m51.94s F CXX obj/third_party/abseil-cpp/absl/strings/str_format_internal/bind.o
[1067/1781] 4m51.97s F CXX obj/third_party/abseil-cpp/absl/base/tracing_internal/tracing.o
[1068/1780] 4m52.14s F CXX obj/third_party/perfetto/src/tracing/service/service/metatrace_writer.o
[1069/1780] 4m52.55s F CXX obj/angle_common/system_utils_linux.o
[1070/1780] 4m52.86s F CXX obj/third_party/perfetto/src/tracing/client_api_without_backends/debug_annotation.o
[1071/1780] 4m53.10s F CXX obj/third_party/perfetto/src/tracing/client_api_without_backends/event_context.o
[1072/1780] 4m53.36s F CXX obj/third_party/abseil-cpp/absl/strings/internal/ostringstream.o
[1073/1780] 4m53.46s F CXX obj/third_party/abseil-cpp/absl/base/base/spinlock.o
[1074/1780] 4m53.70s F CXX obj/third_party/perfetto/src/tracing/core/core/in_process_shared_memory.o
[1075/1780] 4m54.37s F CXX obj/third_party/abseil-cpp/absl/synchronization/synchronization/barrier.o
[1076/1780] 4m54.38s F CXX obj/angle_common/debug.o
[1077/1780] 4m55.03s F CXX obj/third_party/perfetto/src/tracing/client_api_without_backends/track_event_internal.o
[1078/1780] 4m55.46s F CXX obj/angle_common/system_utils_posix.o
[1079/1780] 4m55.50s F CXX obj/third_party/abseil-cpp/absl/synchronization/synchronization/futex_waiter.o
[1080/1780] 4m55.58s F CXX obj/third_party/perfetto/src/tracing/client_api_without_backends/track.o
[1081/1780] 4m55.82s F CXX obj/angle_common/aligned_memory.o
[1082/1780] 4m56.26s F CXX obj/third_party/abseil-cpp/absl/strings/internal/escaping.o
[1083/1780] 4m56.34s F CXX obj/third_party/abseil-cpp/absl/profiling/exponential_biased/exponential_biased.o
[1084/1778] 4m56.36s F CXX obj/angle_common/platform_helpers.o
[1085/1778] 4m56.53s F CXX obj/angle_common/mathutil.o
[1086/1778] 4m57.10s F CXX obj/angle_common/SimpleMutex.o
[1087/1778] 4m57.60s F CXX obj/angle_common/WorkerThread.o
[1088/1778] 4m57.73s F CXX obj/angle_common/matrix_utils.o
[1089/1778] 4m57.84s F CXX obj/angle_common/string_utils.o
[1090/1778] 4m57.90s F CXX obj/third_party/abseil-cpp/absl/base/base/casts.o
[1091/1778] 4m57.93s F CXX obj/third_party/abseil-cpp/absl/base/base/unscaledcycleclock.o
[1092/1778] 4m58.22s F CXX obj/third_party/perfetto/src/tracing/core/core/id_allocator.o
[1093/1778] 4m58.73s F CXX obj/angle_common/PoolAlloc.o
[1094/1778] 4m58.80s F CXX obj/third_party/perfetto/src/tracing/core/core/virtual_destructors.o
[1095/1778] 4m59.20s F CXX obj/angle_common/Float16ToFloat32.o
[1096/1778] 4m59.22s F CXX obj/third_party/abseil-cpp/absl/time/time/duration.o
[1097/1778] 4m59.87s F CXX obj/third_party/perfetto/src/tracing/core/core/trace_packet.o
[1098/1778] 4m59.92s F CXX obj/third_party/abseil-cpp/absl/strings/internal/utf8.o
[1099/1778] 4m59.95s F CXX obj/third_party/perfetto/src/tracing/core/core/shared_memory_abi.o
[1100/1778] 5m00.69s F CXX obj/third_party/spirv-tools/src/spvtools/ext_inst.o
[1101/1778] 5m00.71s F CXX obj/third_party/abseil-cpp/absl/strings/cordz_info/cordz_info.o
[1102/1778] 5m01.18s F CXX obj/third_party/perfetto/src/tracing/core/core/trace_writer_impl.o
[1103/1778] 5m01.59s F CXX obj/third_party/spirv-tools/src/spvtools/assembly_grammar.o
[1104/1778] 5m02.29s F CXX obj/third_party/abseil-cpp/absl/synchronization/synchronization/sem_waiter.o
[1105/1778] 5m02.53s F CXX obj/third_party/perfetto/src/tracing/core/core/null_trace_writer.o
[1106/1778] 5m02.56s F CXX obj/third_party/spirv-tools/src/spvtools/text_handler.o
[1107/1778] 5m03.05s F CXX obj/angle_common/event_tracer.o
[1108/1778] 5m03.40s F CXX obj/third_party/perfetto/src/tracing/service/service/clock.o
[1109/1778] 5m04.26s F CXX obj/third_party/perfetto/src/tracing/service/service/tracing_service_session.o
[1110/1778] 5m04.59s F CXX obj/third_party/perfetto/src/tracing/service/service/trace_buffer_v1.o
[1111/1778] 5m05.05s F CXX obj/angle_common/entry_points_enum_autogen.o
[1112/1778] 5m05.51s F CXX obj/third_party/spirv-tools/src/spvtools/parsed_operand.o
[1113/1778] 5m05.74s F CXX obj/third_party/abseil-cpp/absl/strings/str_format_internal/extension.o
[1114/1778] 5m05.75s F CXX obj/third_party/perfetto/src/tracing/service/service/trace_buffer_v2.o
[1115/1778] 5m06.28s F CXX obj/third_party/perfetto/src/tracing/service/service/random.o
[1116/1778] 5m06.63s F CXX obj/angle_common/PackedEnums.o
[1117/1778] 5m06.86s F CXX obj/angle_common/PackedGLEnums_autogen.o
[1118/1778] 5m06.95s F CXX obj/third_party/abseil-cpp/absl/base/throw_delegate/throw_delegate.o
[1119/1771] 5m07.12s F CXX obj/third_party/perfetto/src/tracing/service/service/tracing_service_impl.o
[1120/1770] 5m07.66s F CXX obj/third_party/perfetto/src/protozero/filtering/message_filter_config/message_filter_config.o
[1121/1770] 5m07.77s F CXX obj/angle_common/PackedEGLEnums_autogen.o
[1122/1770] 5m07.96s F CXX obj/third_party/abseil-cpp/absl/strings/cordz_handle/cordz_handle.o
[1123/1770] 5m08.42s F CXX obj/third_party/abseil-cpp/absl/container/hashtablez_sampler/hashtablez_sampler.o
[1124/1770] 5m08.56s F CXX obj/third_party/abseil-cpp/absl/crc/crc_internal/crc.o
[1125/1770] 5m09.03s F CXX obj/third_party/abseil-cpp/absl/time/internal/cctz/time_zone/zone_info_source.o
[1126/1770] 5m09.07s F CXX obj/third_party/abseil-cpp/absl/synchronization/kernel_timeout_internal/kernel_timeout.o
[1127/1770] 5m09.40s F CXX obj/third_party/abseil-cpp/absl/synchronization/synchronization/mutex.o
[1128/1770] 5m09.63s F CXX obj/third_party/abseil-cpp/absl/hash/hash/hash.o
[1129/1770] 5m10.05s F CXX obj/third_party/abseil-cpp/absl/time/internal/cctz/time_zone/time_zone_fixed.o
[1130/1770] 5m10.06s F CXX obj/third_party/abseil-cpp/absl/time/internal/cctz/time_zone/time_zone_libc.o
[1131/1770] 5m10.38s F CXX obj/third_party/abseil-cpp/absl/strings/strings/ascii.o
[1132/1770] 5m10.64s F CXX obj/third_party/abseil-cpp/absl/strings/strings/substitute.o
[1133/1770] 5m11.13s F CXX obj/third_party/abseil-cpp/absl/time/internal/cctz/time_zone/time_zone_if.o
[1134/1770] 5m11.54s F CXX obj/third_party/abseil-cpp/absl/synchronization/synchronization/per_thread_sem.o
[1135/1770] 5m11.73s F CXX obj/third_party/abseil-cpp/absl/strings/cord_internal/cord_internal.o
[1136/1769] 5m11.77s F CXX obj/third_party/perfetto/src/base/version/version.o
[1137/1769] 5m11.82s F CXX obj/third_party/abseil-cpp/absl/synchronization/synchronization/stdcpp_waiter.o
[1138/1769] 5m11.97s F CXX obj/third_party/abseil-cpp/absl/hash/city/city.o
[1139/1769] 5m12.09s S AR obj/third_party/spirv-tools/src/libspvtools.a
[1139/1769] 5m12.10s F CXX obj/third_party/spirv-tools/src/spvtools/to_string.o
[1140/1769] 5m12.50s F CXX obj/third_party/abseil-cpp/absl/base/base/sysinfo.o
[1141/1751] 5m12.84s F CXX obj/third_party/abseil-cpp/absl/strings/strings/str_replace.o
[1142/1751] 5m13.31s F CXX obj/third_party/abseil-cpp/absl/time/internal/cctz/time_zone/time_zone_impl.o
[1143/1751] 5m13.59s F CXX obj/third_party/abseil-cpp/absl/time/internal/cctz/time_zone/time_zone_lookup.o
[1144/1751] 5m13.85s F CXX obj/buildtools/third_party/libc++abi/libc++abi/stdlib_stdexcept.o
[1145/1751] 5m13.90s F CXX obj/third_party/abseil-cpp/absl/strings/strings/str_split.o
[1146/1744] 5m14.35s F CXX obj/third_party/perfetto/src/tracing/core/core/shared_memory_arbiter_impl.o
[1147/1739] 5m14.37s F CC obj/third_party/cpu_features/cpuinfo/hwcaps.o
[1148/1739] 5m15.53s F CXX obj/third_party/spirv-tools/src/spvtools_val/validate_atomics.o
[1149/1739] 5m15.54s F CXX obj/third_party/spirv-tools/src/spvtools_val/validate_invalid_type.o
[1150/1739] 5m15.56s F CXX obj/third_party/abseil-cpp/absl/time/internal/cctz/time_zone/time_zone_info.o
[1151/1733] 5m15.56s F CC obj/buildtools/third_party/libunwind/libunwind/Unwind-sjlj.o
[1152/1723] 5m15.56s S AR obj/libangle_common.a
[1152/1723] 5m15.99s F CXX obj/third_party/spirv-tools/src/spvtools_val/validate_tensor.o
[1153/1723] 5m16.05s F CC obj/third_party/cpu_features/ndk_compat/cpu-features.o
[1154/1723] 5m16.06s F AR obj/third_party/spirv-tools/src/libspvtools.a
[1155/1723] 5m16.08s F CC obj/third_party/cpu_features/cpuinfo/impl_aarch64_macos_or_iphone.o
[1156/1723] 5m17.20s F CXX obj/third_party/spirv-tools/src/spvtools_val/validate_dot_product.o
[1157/1720] 5m17.22s F AR obj/libangle_common.a
[1158/1720] 5m17.23s F CXX obj/third_party/spirv-tools/src/spvtools_val/validate_ray_tracing.o
[1159/1720] 5m17.36s F CC obj/third_party/zlib/zlib/inffast.o
[1160/1720] 5m17.38s F CC obj/third_party/cpu_features/cpuinfo/hwcaps_freebsd_or_openbsd.o
[1161/1720] 5m17.65s F CXX obj/buildtools/third_party/libunwind/libunwind/libunwind.o
[1162/1720] 5m17.82s F CXX obj/third_party/spirv-tools/src/spvtools_val/validate_type.o
[1163/1720] 5m17.85s F CC obj/third_party/cpu_features/cpuinfo/impl_aarch64_freebsd_or_openbsd.o
[1164/1720] 5m18.12s F CXX obj/buildtools/third_party/libc++abi/libc++abi/cxa_exception.o
[1165/1720] 5m18.22s F CXX obj/third_party/spirv-tools/src/spvtools_val/validate_annotation.o
[1166/1720] 5m18.94s F CXX obj/third_party/spirv-tools/src/spvtools_val/validate_literals.o
[1167/1720] 5m19.06s F CXX obj/third_party/spirv-tools/src/spvtools_val/basic_block.o
[1168/1720] 5m19.11s F CC obj/third_party/zlib/zlib/compress.o
[1169/1720] 5m19.22s F CXX obj/buildtools/third_party/libc++abi/libc++abi/cxa_exception_storage.o
[1170/1720] 5m19.27s F CC obj/third_party/zlib/zlib/gzclose.o
[1171/1720] 5m20.30s F CXX obj/third_party/spirv-tools/src/spvtools_val/validate_explicit_layout.o
[1172/1720] 5m21.15s F CXX obj/third_party/spirv-tools/src/spvtools_val/validate_extensions.o
[1173/1720] 5m21.18s F CXX obj/third_party/spirv-tools/src/spvtools_val/validate_conversion.o
[1174/1720] 5m21.23s F CC obj/third_party/zlib/zlib/cpu_features.o
[1175/1720] 5m21.34s F CC obj/third_party/zlib/zlib/infback.o
[1176/1720] 5m21.36s F CXX obj/buildtools/third_party/libc++abi/libc++abi/cxa_personality.o
[1177/1720] 5m21.47s F CXX obj/third_party/spirv-tools/src/spvtools_val/validate_interfaces.o
[1178/1720] 5m21.50s F ASM obj/buildtools/third_party/libunwind/libunwind/UnwindRegistersSave.o
[1179/1720] 5m22.93s F CXX obj/third_party/spirv-tools/src/spvtools_val/validate_adjacency.o
[1180/1720] 5m24.49s F CXX obj/third_party/spirv-tools/src/spvtools_val/validate_memory.o
[1181/1720] 5m24.62s F CXX obj/third_party/spirv-tools/src/spvtools_val/validate_memory_semantics.o
[1182/1720] 5m24.66s F CXX obj/buildtools/third_party/libc++abi/libc++abi/cxa_demangle_stub.o
[1183/1720] 5m24.73s F CXX obj/buildtools/third_party/libc++abi/libc++abi/cxa_default_handlers.o
[1184/1720] 5m24.84s F CXX obj/buildtools/third_party/libc++abi/libc++abi/cxa_thread_atexit.o
[1185/1720] 5m24.96s F CXX obj/buildtools/third_party/libc++abi/libc++abi/fallback_malloc.o
[1186/1720] 5m25.04s F CC obj/third_party/zlib/zlib/adler32.o
[1187/1720] 5m26.35s F CXX obj/third_party/spirv-tools/src/spvtools_val/validate_builtins.o
[1188/1720] 5m26.39s F CXX obj/third_party/spirv-tools/src/spvtools_val/validation_state.o
[1189/1720] 5m26.44s F CC obj/third_party/zlib/zlib/uncompr.o
[1190/1720] 5m26.45s F CXX obj/buildtools/third_party/libc++abi/libc++abi/cxa_vector.o
[1191/1720] 5m26.49s F CXX obj/buildtools/third_party/libc++abi/libc++abi/stdlib_exception.o
[1192/1720] 5m26.54s F CC obj/third_party/zlib/zlib/zutil.o
[1193/1720] 5m26.82s F CXX obj/third_party/spirv-tools/src/spvtools_val/validate_logical_pointers.o
[1194/1720] 5m27.47s F CXX obj/third_party/spirv-tools/src/spvtools_val/instruction.o
[1195/1720] 5m27.50s F CXX obj/buildtools/third_party/libc++abi/libc++abi/cxa_virtual.o
[1196/1720] 5m27.88s F CXX obj/third_party/spirv-tools/src/spvtools_val/validate_decorations.o
[1197/1720] 5m28.43s F CXX obj/third_party/spirv-tools/src/spvtools_val/validate_logicals.o
[1198/1720] 5m28.46s F CC obj/third_party/zlib/zlib/deflate.o
[1199/1720] 5m28.48s F CXX obj/buildtools/third_party/libunwind/libunwind/Unwind-EHABI.o
[1200/1720] 5m28.55s F CXX obj/third_party/spirv-tools/src/spvtools_val/validate_ray_tracing_reorder.o
[1201/1720] 5m28.57s F CC obj/third_party/zlib/zlib/inftrees.o
[1202/1720] 5m28.58s F CXX obj/buildtools/third_party/libc++abi/libc++abi/private_typeinfo.o
[1203/1720] 5m28.59s F CC obj/third_party/cpu_features/cpuinfo/impl_aarch64_cpuid.o
[1204/1720] 5m29.22s F CXX obj/third_party/spirv-tools/src/spvtools_val/validate_derivatives.o
[1205/1720] 5m29.31s F CC obj/third_party/zlib/zlib/gzlib.o
[1206/1720] 5m30.18s F CXX obj/third_party/spirv-tools/src/spvtools_val/validate_primitives.o
[1207/1720] 5m30.20s F CXX obj/third_party/spirv-tools/src/spvtools_val/validate_group.o
[1208/1720] 5m30.22s F ASM obj/buildtools/third_party/libunwind/libunwind/UnwindRegistersRestore.o
[1209/1720] 5m30.99s F CXX obj/third_party/spirv-tools/src/spvtools_val/validate_non_uniform.o
[1210/1720] 5m31.04s F CXX obj/third_party/spirv-tools/src/spvtools_val/validate_mode_setting.o
[1211/1720] 5m31.15s F CC obj/third_party/zlib/zlib/gzwrite.o
[1212/1720] 5m31.23s F CXX obj/buildtools/third_party/libc++abi/libc++abi/cxa_handlers.o
[1213/1720] 5m31.26s F CC obj/third_party/cpu_features/cpuinfo/string_view.o
[1214/1720] 5m31.82s F CXX obj/third_party/spirv-tools/src/spvtools_val/validate_tensor_layout.o
[1215/1720] 5m31.94s F CC obj/third_party/zlib/zlib_data_chunk_simd/inflate.o
[1216/1720] 5m31.99s F CXX obj/third_party/spirv-tools/src/spvtools_val/validate_capability.o
[1217/1720] 5m33.08s F CXX obj/third_party/spirv-tools/src/spvtools_val/validate_scopes.o
[1218/1720] 5m33.57s F CXX obj/third_party/spirv-tools/src/spvtools_val/validate_execution_limitations.o
[1219/1720] 5m33.93s F CXX obj/angle_common_shader_state/CompiledShaderState.o
[1220/1720] 5m33.93s S AR obj/libangle_common_shader_state.a
[1220/1720] 5m33.95s F CXX obj/preprocessor/Token.o
[1221/1720] 5m34.21s F CXX obj/preprocessor/DirectiveHandlerBase.o
[1222/1720] 5m34.88s F CXX obj/preprocessor/Input.o
[1223/1720] 5m35.70s F CXX obj/third_party/spirv-tools/src/spvtools_val/validate_cfg.o
[1224/1720] 5m35.83s F CXX obj/third_party/spirv-tools/src/spvtools_val/validate_arithmetics.o
[1225/1720] 5m35.85s F CXX obj/preprocessor/Preprocessor.o
[1226/1720] 5m35.91s F CC obj/buildtools/third_party/libunwind/libunwind/UnwindLevel1.o
[1227/1720] 5m36.07s F CXX obj/third_party/spirv-tools/src/spvtools_val/validate_mesh_shading.o
[1228/1720] 5m36.84s F CXX obj/preprocessor/DiagnosticsBase.o
[1229/1720] 5m36.94s F CXX obj/preprocessor/preprocessor_lex_autogen.o
[1230/1720] 5m37.10s F CC obj/third_party/cpu_features/cpuinfo/impl_aarch64_linux_or_android.o
[1231/1720] 5m37.42s F CXX obj/preprocessor/DirectiveParser.o
[1232/1720] 5m37.54s F CXX obj/preprocessor/Lexer.o
[1233/1720] 5m37.61s F CXX obj/third_party/spirv-tools/src/spvtools_val/validate_composites.o
[1234/1719] 5m37.85s F CC obj/third_party/zlib/zlib_adler32_simd/adler32_simd.o
[1235/1719] 5m38.45s F CXX obj/preprocessor/Macro.o
[1236/1719] 5m38.77s F CXX obj/third_party/spirv-tools/src/spvtools_val/validate_layout.o
[1237/1719] 5m38.83s F CC obj/third_party/zlib/zlib_data_chunk_simd/inffast_chunk.o
[1238/1718] 5m39.18s F CXX obj/preprocessor/MacroExpander.o
[1239/1718] 5m39.23s F CC obj/third_party/cpu_features/cpuinfo/stack_line_reader.o
[1240/1718] 5m39.74s F CXX obj/third_party/spirv-tools/src/spvtools_val/validate_id.o
[1241/1718] 5m39.92s F CXX obj/preprocessor/preprocessor_tab_autogen.o
[1242/1718] 5m39.93s S AR obj/libpreprocessor.a
[1242/1718] 5m40.50s F CXX obj/third_party/spirv-tools/src/spvtools_val/validate_ray_query.o
[1243/1718] 5m40.92s F CXX obj/third_party/spirv-tools/src/spvtools_val/validate_bitwise.o
[1244/1718] 5m41.51s F CXX obj/third_party/spirv-tools/src/spvtools_val/validate_misc.o
[1245/1718] 5m42.50s F CXX obj/third_party/spirv-tools/src/spvtools_val/validate_image.o
[1246/1718] 5m43.16s F CXX obj/third_party/spirv-tools/src/spvtools_val/validate.o
[1247/1718] 5m43.18s F CXX obj/third_party/spirv-tools/src/spvtools_val/validate_barriers.o
[1248/1718] 5m43.20s F CXX obj/third_party/spirv-tools/src/spvtools_val/validate_instruction.o
[1249/1718] 5m43.20s F CC obj/third_party/cpu_features/cpuinfo/impl_aarch64_windows.o
[1250/1718] 5m43.21s F CC obj/third_party/cpu_features/cpuinfo/hwcaps_linux_or_android.o
[1251/1718] 5m44.43s F CXX obj/third_party/spirv-tools/src/spvtools_val/validate_constants.o
[1252/1718] 5m44.56s F CC obj/third_party/zlib/zlib/gzread.o
[1253/1716] 5m44.61s F CC obj/third_party/cpu_features/cpuinfo/filesystem.o
[1254/1716] 5m44.84s F CXX obj/third_party/spirv-tools/src/spvtools_val/validate_pipe.o
[1255/1716] 5m44.89s F CC obj/third_party/zlib/zlib_arm_crc32/crc32_simd.o
[1256/1715] 5m45.01s F CC obj/third_party/zlib/zlib/crc32.o
[1257/1715] 5m45.05s F CXX obj/third_party/spirv-tools/src/spvtools_val/validate_function.o
[1258/1715] 5m45.21s F CXX obj/third_party/spirv-tools/src/spvtools_val/validate_graph.o
[1259/1715] 5m45.22s F CC obj/third_party/zlib/zlib/trees.o
[1259/1715] 5m45.22s S AR obj/third_party/zlib/libchrome_zlib.a
[1260/1715] 5m45.25s F CXX obj/buildtools/third_party/libc++abi/libc++abi/abort_message.o
[1260/1715] 5m45.25s F CXX obj/buildtools/third_party/libc++abi/libc++abi/stdlib_typeinfo.o
[1262/1715] 5m45.29s F CXX obj/buildtools/third_party/libc++abi/libc++abi/cxa_aux_runtime.o
[1263/1715] 5m45.30s F CC obj/buildtools/third_party/libunwind/libunwind/UnwindLevel1-gcc-ext.o
[1264/1714] 5m45.35s F CXX obj/buildtools/third_party/libc++abi/libc++abi/cxa_guard.o
[1265/1714] 5m45.35s S AR obj/buildtools/third_party/libc++abi/libc++abi.a
[1265/1714] 5m46.56s F CXX obj/third_party/spirv-tools/src/spvtools_val/construct.o
[1266/1714] 5m46.88s F CXX obj/third_party/spirv-tools/src/spvtools_val/validate_debug.o
[1267/1714] 5m46.90s F CXX obj/third_party/spirv-tools/src/spvtools_val/validate_small_type_uses.o
[1268/1714] 5m46.94s F CXX obj/buildtools/third_party/libc++/libc++/any.o
[1269/1714] 5m47.65s F CXX obj/translator/Operator.o
[1270/1714] 5m47.88s F CXX obj/third_party/spirv-tools/src/spvtools_val/function.o
[1271/1714] 5m47.88s S AR obj/third_party/spirv-tools/src/libspvtools_val.a
[1271/1714] 5m48.67s F CXX obj/angle_image_util/loadimage_paletted.o
[1272/1714] 5m49.25s F CXX obj/translator/ValidateAST.o
[1273/1714] 5m49.26s F AR obj/third_party/spirv-tools/src/libspvtools_val.a
[1274/1714] 5m49.59s F CXX obj/angle_image_util/loadimage_etc.o
[1275/1714] 5m50.07s F CXX obj/translator/RecordConstantPrecision.o
[1276/1714] 5m50.31s F CXX obj/translator/RewriteStructSamplers.o
[1277/1714] 5m50.69s F CXX obj/angle_image_util/AstcDecompressorNoOp.o
[1278/1714] 5m51.17s F CXX obj/translator/ValidateVaryingLocations.o
[1279/1714] 5m51.20s F CXX obj/angle_image_util/storeimage_paletted.o
[1280/1714] 5m51.26s F CXX obj/angle_image_util/loadimage.o
[1281/1714] 5m51.97s F CXX obj/buildtools/third_party/libc++/libc++/string.o
[1282/1714] 5m52.44s F CXX obj/translator/ImmutableStringBuilder.o
[1283/1714] 5m52.56s F CXX obj/buildtools/third_party/libc++/libc++/variant.o
[1284/1714] 5m52.73s F CXX obj/translator/AddDefaultReturnStatements.o
[1285/1714] 5m52.96s F CXX obj/translator/Types.o
[1286/1714] 5m53.50s F CXX obj/buildtools/third_party/libc++/libc++/atomic.o
[1287/1714] 5m54.11s F CXX obj/angle_image_util/imageformats.o
[1288/1714] 5m54.13s F CXX obj/buildtools/third_party/libc++/libc++/iostream.o
[1289/1714] 5m54.14s F CC obj/src/third_party/volk/volk/volk.o
[1290/1712] 5m54.95s F CXX obj/buildtools/third_party/libc++/libc++/charconv.o
[1291/1712] 5m55.28s F CXX obj/translator/ImmutableString_autogen.o
[1292/1712] 5m55.73s F CXX obj/buildtools/third_party/libc++/libc++/vector.o
[1293/1712] 5m55.73s F CXX obj/translator/PreTransformTextureCubeGradDerivatives.o
[1294/1712] 5m55.81s F CXX obj/third_party/zlib/google/compression_utils_portable/compression_utils_portable.o
[1295/1712] 5m56.00s F CXX obj/buildtools/third_party/libc++/libc++/valarray.o
[1296/1712] 5m56.33s F CXX obj/translator/RemoveArrayLengthMethod.o
[1297/1712] 5m57.44s F CXX obj/translator/FlagStd140Structs.o
[1298/1712] 5m57.61s F CXX obj/translator/TranslatorESSL.o
[1299/1712] 5m58.78s F CXX obj/translator/ValidateGlobalInitializer.o
[1300/1712] 5m58.97s F CXX obj/translator/FindFunction.o
[1301/1712] 5m59.37s F CXX obj/translator/ParseContext.o
[1302/1712] 5m59.44s F CXX obj/translator/InitializeVariables.o
[1303/1712] 6m00.27s F CXX obj/translator/ExtensionBehavior.o
[1304/1712] 6m00.37s F CXX obj/translator/ClampIndirectIndices.o
[1305/1712] 6m00.43s F CXX obj/translator/PruneEmptyCases.o
[1306/1712] 6m00.73s F CXX obj/buildtools/third_party/libc++/libc++/bind.o
[1307/1712] 6m01.01s F CXX obj/translator/BuiltInFunctionEmulator.o
[1308/1712] 6m01.08s F CXX obj/buildtools/third_party/libc++/libc++/filesystem_error.o
[1309/1712] 6m01.16s F CXX obj/buildtools/third_party/libc++/libc++/system_error.o
[1310/1712] 6m01.43s F CXX obj/buildtools/third_party/libc++/libc++/thread.o
[1311/1712] 6m02.51s F CXX obj/translator/FunctionLookup.o
[1312/1712] 6m02.53s F CXX obj/translator/VersionGLSL.o
[1313/1712] 6m02.85s F CXX obj/translator/TranslatorGLSL.o
[1314/1712] 6m02.86s F CXX obj/translator/VariablePacker.o
[1315/1712] 6m04.57s F CXX obj/translator/ReduceInterfaceBlocks.o
[1316/1712] 6m04.97s F CXX obj/buildtools/third_party/libc++/libc++/d2fixed.o
[1317/1712] 6m05.08s F CXX obj/buildtools/third_party/libc++/libc++/mutex_destructor.o
[1318/1712] 6m05.30s F CXX obj/translator/ReplaceArrayOfMatrixVarying.o
[1319/1712] 6m05.31s F CXX obj/buildtools/third_party/libc++/libc++/operations.o
[1320/1712] 6m05.46s F CXX obj/translator/SeparateDeclarations.o
[1321/1712] 6m05.64s F CXX obj/buildtools/third_party/libc++/libc++/error_category.o
[1322/1712] 6m05.90s F CXX obj/angle_version_info/angle_version_info.o
[1323/1711] 6m05.96s F CXX obj/buildtools/third_party/libc++/libc++/exception.o
[1324/1711] 6m05.98s F CXX obj/buildtools/third_party/libc++/libc++/typeinfo.o
[1325/1711] 6m06.49s F CXX obj/buildtools/third_party/libc++/libc++/strstream.o
[1326/1711] 6m06.53s F CXX obj/buildtools/third_party/libc++/libc++/verbose_abort.o
[1327/1711] 6m07.21s F CXX obj/translator/HashNames.o
[1328/1711] 6m07.66s F CXX obj/translator/DriverUniform.o
[1329/1711] 6m07.81s F CXX obj/translator/RewriteInterpolateAtOffset.o
[1330/1711] 6m07.92s F CXX obj/buildtools/third_party/libc++/libc++/call_once.o
[1331/1711] 6m08.10s F CXX obj/translator/RewriteSampleMaskVariable.o
[1332/1711] 6m09.56s F CXX obj/translator/RunAtTheBeginningOfShader.o
[1333/1711] 6m10.46s F CXX obj/translator/glslang_lex_autogen.o
[1334/1711] 6m10.59s F CXX obj/translator/ReplaceShadowingVariables.o
[1335/1711] 6m12.00s F CXX obj/translator/RunAtTheEndOfShader.o
[1336/1711] 6m12.56s F CXX obj/buildtools/third_party/libc++/libc++/hash.o
[1337/1711] 6m12.91s F CXX obj/translator/glslang_tab_autogen.o
[1338/1711] 6m13.89s F CXX obj/buildtools/third_party/libc++/libc++/locale.o
[1339/1711] 6m14.19s F CXX obj/translator/util.o
[1340/1711] 6m14.57s F CXX obj/src/common/spirv/angle_spirv_builder/spirv_instruction_builder_autogen.o
[1341/1711] 6m15.82s F CXX obj/translator/WrapStructConstructors.o
[1342/1711] 6m15.95s F CXX obj/translator/IntermNode.o
[1343/1711] 6m17.63s F CXX obj/translator/TranslatorSPIRV.o
[1344/1711] 6m18.51s F CXX obj/translator/CodeGen.o
[1345/1711] 6m18.85s F CXX obj/translator/DeclareAndInitBuiltinsForInstancedMultiview.o
[1346/1711] 6m19.22s F CXX obj/translator/BuildSPIRV.o
[1347/1711] 6m19.50s F CXX obj/buildtools/third_party/libc++/libc++/d2s.o
[1348/1711] 6m19.98s F CXX obj/translator/RewriteRepeatedAssignToSwizzled.o
[1349/1711] 6m20.35s F CXX obj/translator/EmulateMultiDrawShaderBuiltins.o
[1350/1711] 6m20.76s F CXX obj/angle_image_util/copyimage.o
[1351/1711] 6m20.98s F CXX obj/translator/Symbol.o
[1352/1711] 6m21.82s F CXX obj/translator/BuiltinsWorkaround.o
[1353/1711] 6m21.91s F CXX obj/translator/DeclarePerVertexBlocks.o
[1354/1711] 6m22.25s F CXX obj/translator/EmulateGLFragColorBroadcast.o
[1355/1711] 6m23.61s F CXX obj/translator/CallDAG.o
[1356/1711] 6m23.62s F CXX obj/translator/ScalarizeVecAndMatConstructorArgs.o
[1357/1711] 6m23.94s F CXX obj/translator/PruneNoOps.o
[1358/1711] 6m25.07s F CXX obj/translator/Compiler.o
[1359/1711] 6m25.13s F CXX obj/translator/RewriteDfdy.o
[1360/1711] 6m25.79s F CXX obj/translator/SymbolTable.o
[1361/1711] 6m26.22s F CXX obj/translator/FlagSamplersWithTexelFetch.o
[1362/1711] 6m26.47s F CXX obj/translator/SplitSequenceOperator.o
[1363/1711] 6m27.08s F CXX obj/src/common/vulkan/angle_vulkan_icd/vulkan_icd.o
[1364/1709] 6m27.29s F CXX obj/translator/OutputGLSLBase.o
[1365/1709] 6m27.74s F CXX obj/translator/OutputGLSL.o
[1366/1709] 6m27.86s F CXX obj/buildtools/third_party/libc++/libc++/barrier.o
[1367/1709] 6m28.12s F CXX obj/buildtools/third_party/libc++/libc++/f2s.o
[1368/1709] 6m28.82s F CXX obj/translator/ShaderLang.o
[1369/1709] 6m28.89s F CXX obj/buildtools/third_party/libc++/libc++/new.o
[1370/1709] 6m29.31s F CXX obj/translator/SimplifyLoopConditions.o
[1371/1709] 6m29.39s F CXX obj/translator/DirectiveHandler.o
[1372/1709] 6m29.44s F CXX obj/buildtools/third_party/libc++/libc++/optional.o
[1373/1709] 6m30.25s F CXX obj/translator/SymbolUniqueId.o
[1374/1709] 6m30.83s F CXX obj/translator/ConstantUnion.o
[1375/1709] 6m30.89s F CXX obj/translator/OutputESSL.o
[1376/1709] 6m31.19s F CXX obj/translator/RemoveUnusedFramebufferFetch.o
[1377/1709] 6m32.48s F CXX obj/translator/UseInterfaceBlockFields.o
[1378/1709] 6m32.53s F CXX obj/translator/Initialize.o
[1379/1709] 6m33.48s F CXX obj/translator/GatherDefaultUniforms.o
[1380/1709] 6m33.70s F CXX obj/translator/SymbolTable_autogen.o
[1381/1707] 6m33.73s F CXX obj/src/common/spirv/angle_spirv_base/angle_spirv_utils.o
[1382/1707] 6m33.97s F CXX obj/translator/RewriteSamplerExternalTexelFetch.o
[1383/1707] 6m35.45s F CXX obj/translator/QualifierTypes.o
[1384/1707] 6m35.94s F CXX obj/translator/IntermTraverse.o
[1385/1707] 6m36.05s F CXX obj/buildtools/third_party/libc++/libc++/ios.instantiations.o
[1386/1707] 6m37.80s F CXX obj/translator/IntermRebuild.o
[1387/1707] 6m38.29s F CXX obj/translator/ExpandFragmentOutputsToVec4.o
[1388/1707] 6m38.79s F CXX obj/translator/OutputSPIRV.o
[1389/1707] 6m38.99s F CXX obj/translator/DeferGlobalInitializers.o
[1390/1707] 6m39.11s F CXX obj/buildtools/third_party/libc++/libc++/mutex.o
[1391/1707] 6m39.26s F CXX obj/translator/ClampPointSize.o
[1392/1707] 6m39.87s F CXX obj/translator/InfoSink.o
[1393/1707] 6m40.40s F CXX obj/buildtools/third_party/libc++/libc++/regex.o
[1394/1707] 6m40.66s F CXX obj/translator/blocklayout.o
[1395/1707] 6m40.80s F CXX obj/buildtools/third_party/libc++/libc++/stdexcept.o
[1396/1707] 6m40.94s F CXX obj/translator/OutputTree.o
[1397/1707] 6m41.03s F CXX obj/translator/Declarator.o
[1398/1707] 6m41.05s F CXX obj/buildtools/third_party/libc++/libc++/functional.o
[1399/1707] 6m42.28s F CXX obj/translator/UseGeneratedNamesForAnonymousStructs.o
[1400/1707] 6m42.29s F AR obj/buildtools/third_party/libc++abi/libc++abi.a
[1401/1707] 6m42.38s F CXX obj/translator/RemoveInvariantDeclaration.o
[1402/1707] 6m42.39s S AR obj/third_party/zlib/google/libcompression_utils_portable.a
[1402/1707] 6m42.39s F AR obj/third_party/zlib/libchrome_zlib.a
[1403/1707] 6m42.49s F CXX obj/translator/ShaderVars.o
[1404/1707] 6m43.36s F CXX obj/angle_gpu_info_util/SystemInfo_android.o
[1405/1707] 6m43.87s F CXX obj/translator/ReplaceVariable.o
[1406/1707] 6m45.06s F CXX obj/angle_gpu_info_util/SystemInfo.o
[1407/1707] 6m45.27s F CXX obj/translator/RewriteAtomicCounters.o
[1408/1707] 6m45.32s F CXX obj/translator/RewriteArrayOfArrayOfOpaqueUniforms.o
[1409/1707] 6m46.08s F CXX obj/translator/PoolAlloc.o
[1410/1707] 6m46.35s F CXX obj/translator/RemoveUnreferencedVariables.o
[1411/1707] 6m46.75s F CXX obj/angle_gpu_info_util/SystemInfo_vulkan.o
[1412/1707] 6m48.18s F CXX obj/buildtools/third_party/libc++/libc++/directory_iterator.o
[1413/1707] 6m48.23s F CXX obj/translator/RemoveDynamicIndexing.o
[1414/1707] 6m48.60s F CXX obj/translator/EmulateAdvancedBlendEquations.o
[1415/1707] 6m49.56s F CXX obj/translator/IsASTDepthBelowLimit.o
[1416/1707] 6m49.71s F CXX obj/translator/EmulateFragColorData.o
[1417/1707] 6m50.07s F CXX obj/translator/IntermNodePatternMatcher.o
[1418/1707] 6m50.94s F CXX obj/translator/FoldExpressions.o
[1419/1707] 6m51.18s F CXX obj/translator/Name.o
[1420/1707] 6m51.26s F CXX obj/translator/RewriteR32fImages.o
[1421/1707] 6m51.62s F CXX obj/translator/RemoveAtomicCounterBuiltins.o
[1422/1707] 6m52.07s F CXX obj/buildtools/third_party/libc++/libc++/memory.o
[1423/1707] 6m52.49s F CXX obj/translator/ReswizzleYUVOps.o
[1424/1707] 6m53.08s F CXX obj/translator/BuiltInFunctionEmulatorGLSL.o
[1425/1707] 6m54.33s F CXX obj/translator/CollectVariables.o
[1426/1707] 6m54.54s F CXX obj/buildtools/third_party/libc++/libc++/shared_mutex.o
[1427/1707] 6m54.73s F CXX obj/translator/EmulateYUVBuiltIns.o
[1428/1707] 6m54.81s F CXX obj/translator/EmulateFramebufferFetch.o
[1429/1707] 6m54.81s F AR obj/libangle_common_shader_state.a
[1430/1707] 6m55.39s F CXX obj/buildtools/third_party/libc++/libc++/random_shuffle.o
[1431/1707] 6m55.53s F CXX obj/translator/MonomorphizeUnsupportedFunctions.o
[1432/1707] 6m55.53s F AR obj/libpreprocessor.a
[1433/1707] 6m55.92s F CXX obj/translator/BaseTypes.o
[1434/1707] 6m56.08s F CXX obj/buildtools/third_party/libc++/libc++/path.o
[1435/1707] 6m56.34s F CXX obj/src/common/vulkan/angle_libvulkan_loader/libvulkan_loader.o
[1436/1706] 6m56.35s S AR obj/libangle_gpu_info_util.a
[1436/1706] 6m56.43s F CXX obj/angle_image_util/loadimage_astc.o
[1437/1706] 6m56.44s S AR obj/libangle_image_util.a
[1437/1706] 6m57.44s F CXX obj/translator/FindMain.o
[1438/1706] 6m57.57s F CXX obj/translator/RemoveInactiveInterfaceVariables.o
[1439/1706] 6m57.99s F CXX obj/buildtools/third_party/libc++/libc++/filesystem_clock.o
[1440/1706] 6m58.11s F CXX obj/translator/IntermNode_util.o
[1441/1706] 6m58.30s F CXX obj/buildtools/third_party/libc++/libc++/random.o
[1442/1706] 6m58.65s F CXX obj/buildtools/third_party/libc++/libc++/future.o
[1443/1706] 6m58.85s F CXX obj/buildtools/third_party/libc++/libc++/chrono.o
[1444/1706] 6m59.38s F CXX obj/translator/FindSymbolNode.o
[1445/1706] 6m59.61s F CXX obj/translator/Diagnostics.o
[1446/1706] 7m00.13s F CXX obj/translator/RewriteTexelFetchOffset.o
[1447/1706] 7m00.35s F CXX obj/buildtools/third_party/libc++/libc++/new_handler.o
[1448/1706] 7m00.84s F CXX obj/translator/ExtensionGLSL.o
[1449/1706] 7m01.09s F CXX obj/translator/ClampFragDepth.o
[1450/1706] 7m01.51s F CXX obj/translator/SizeClipCullDistance.o
[1451/1706] 7m01.61s F CXX obj/buildtools/third_party/libc++/libc++/condition_variable_destructor.o
[1452/1706] 7m01.65s F CXX obj/buildtools/third_party/libc++/libc++/condition_variable.o
[1453/1706] 7m01.95s F CXX obj/translator/ClampGLLayer.o
[1454/1706] 7m02.65s F CXX obj/buildtools/third_party/libc++/libc++/ios.o
[1455/1706] 7m02.69s F CXX obj/buildtools/third_party/libc++/libc++/new_helpers.o
[1456/1706] 7m03.65s F CXX obj/translator/RewritePixelLocalStorage.o
[1457/1706] 7m03.89s F CXX obj/translator/ReplaceClipCullDistanceVariable.o
[1458/1706] 7m05.41s S AR obj/buildtools/third_party/libc++/libc++.a
[1458/1706] 7m05.41s F CXX obj/buildtools/third_party/libc++/libc++/algorithm.o
[1459/1706] 7m05.47s F CXX obj/translator/FindPreciseNodes.o
[1460/1706] 7m05.47s S AR obj/libtranslator.a
[1460/1706] 7m07.22s F CXX obj/libANGLE_no_vulkan/angletypes.o
[1461/1706] 7m07.22s F AR obj/buildtools/third_party/libc++/libc++.a
[1462/1706] 7m07.24s F AR obj/libtranslator.a
[1463/1706] 7m09.91s F CXX obj/src/libANGLE/renderer/gl/angle_gl_backend/ShaderGL.o
[1464/1706] 7m10.75s F CXX obj/src/libANGLE/renderer/vulkan/angle_vulkan_backend/VertexArrayVk.o
[1465/1706] 7m11.44s F CXX obj/src/libANGLE/renderer/vulkan/angle_vulkan_backend/vk_android_utils.o
[1466/1706] 7m12.58s F CXX obj/libANGLE_no_vulkan/LoggingAnnotator.o
[1467/1706] 7m15.56s F CXX obj/src/libANGLE/renderer/gl/angle_gl_backend/DisplayGL.o
[1468/1706] 7m16.34s F CXX obj/src/libANGLE/renderer/vulkan/angle_vulkan_backend/ShareGroupVk.o
[1469/1706] 7m16.90s F CXX obj/libANGLE_no_vulkan/AttributeMap.o
[1470/1706] 7m18.67s F CXX obj/libANGLE_no_vulkan/renderer_utils.o
[1471/1706] 7m19.88s F CXX obj/libANGLE_no_vulkan/Caps.o
[1472/1706] 7m21.01s F CXX obj/src/libANGLE/renderer/vulkan/angle_vulkan_backend/vk_helpers.o
[1473/1706] 7m21.22s F CXX obj/libANGLE_no_vulkan/ShaderImpl.o
[1474/1706] 7m21.35s F CXX obj/libANGLE_no_vulkan/driver_utils.o
[1475/1706] 7m23.86s F CXX obj/libANGLE_no_vulkan/State.o
[1476/1706] 7m25.04s F CXX obj/libANGLE_no_vulkan/MemoryShaderCache.o
[1477/1706] 7m25.09s F CXX obj/src/libANGLE/renderer/null/angle_null_backend/FramebufferNULL.o
[1478/1706] 7m25.38s F CXX obj/src/libANGLE/renderer/gl/angle_gl_backend/ContextGL.o
[1479/1706] 7m26.54s F CXX obj/src/libANGLE/renderer/gl/angle_gl_backend/NativeBufferImageSiblingAndroid.o
[1480/1706] 7m26.83s F CXX obj/src/common/spirv/angle_spirv_parser/spirv_instruction_parser_autogen.o
[1481/1705] 7m29.96s F CXX obj/angle_frame_capture_mock/FrameCapture_mock.o
[1482/1705] 7m30.55s F CXX obj/src/libANGLE/renderer/null/angle_null_backend/ShaderNULL.o
[1483/1705] 7m30.66s F CXX obj/libANGLE_no_vulkan/validationES.o
[1484/1705] 7m31.72s F CXX obj/libANGLE_no_vulkan/Format_table_autogen.o
[1485/1705] 7m34.39s F CXX obj/src/libANGLE/renderer/vulkan/angle_vulkan_backend/vk_internal_shaders_autogen.o
[1486/1705] 7m34.49s F CXX obj/libANGLE_no_vulkan/Renderbuffer.o
[1487/1705] 7m35.75s F CXX obj/src/libANGLE/renderer/vulkan/angle_vulkan_backend/Suballocation.o
[1488/1705] 7m36.56s F CXX obj/src/libANGLE/renderer/vulkan/angle_vulkan_backend/vk_barrier_data.o
[1489/1705] 7m38.54s F CXX obj/src/libANGLE/renderer/gl/angle_gl_backend/SyncEGL.o
[1490/1705] 7m39.47s F CXX obj/src/libANGLE/renderer/vulkan/angle_vulkan_backend/vk_caps_utils.o
[1491/1705] 7m39.71s F CXX obj/libANGLE_no_vulkan/Error.o
[1492/1705] 7m40.45s F CXX obj/src/libANGLE/renderer/gl/angle_gl_backend/FenceNVGL.o
[1493/1705] 7m41.70s F CXX obj/libANGLE_no_vulkan/TransformFeedbackImpl.o
[1494/1705] 7m41.78s F CXX obj/src/libANGLE/renderer/vulkan/angle_vulkan_backend/VkImageImageSiblingVk.o
[1495/1705] 7m42.86s F CXX obj/libANGLE_no_vulkan/Observer.o
[1496/1705] 7m44.97s F CXX obj/src/libANGLE/renderer/gl/angle_gl_backend/renderergl_utils.o
[1497/1705] 7m45.67s F CXX obj/src/libANGLE/renderer/vulkan/angle_vulkan_backend/TransformFeedbackVk.o
[1498/1705] 7m46.35s F CXX obj/libANGLE_no_vulkan/load_functions_table_autogen.o
[1499/1705] 7m47.62s F CXX obj/src/libANGLE/renderer/vulkan/angle_vulkan_backend/VulkanSecondaryCommandBuffer.o
[1500/1705] 7m48.87s F CXX obj/libANGLE_no_vulkan/FramebufferImpl.o
[1501/1705] 7m48.92s F CXX obj/src/libANGLE/renderer/null/angle_null_backend/ImageNULL.o
[1502/1705] 7m52.78s F CXX obj/libANGLE_no_vulkan/Compiler.o
[1503/1705] 7m52.98s F CXX obj/libANGLE_no_vulkan/Display.o
[1504/1705] 7m53.60s F CXX obj/libANGLE_no_vulkan/MemoryProgramCache.o
[1505/1705] 7m54.02s F CXX obj/src/libANGLE/renderer/vulkan/angle_vulkan_backend/ProgramVk.o
[1506/1705] 7m58.67s F CXX obj/src/libANGLE/renderer/vulkan/angle_vulkan_backend/RenderbufferVk.o
[1507/1705] 7m58.86s F CXX obj/src/libANGLE/renderer/vulkan/angle_vulkan_backend/SamplerVk.o
[1508/1705] 7m59.59s F CXX obj/src/libANGLE/renderer/vulkan/angle_vulkan_backend/ProgramPipelineVk.o
[1509/1705] 8m00.04s F CXX obj/src/libANGLE/renderer/vulkan/angle_vulkan_backend/ImageVk.o
[1510/1705] 8m03.94s F CXX obj/src/libANGLE/renderer/gl/angle_gl_backend/SurfaceGL.o
[1511/1705] 8m04.51s F CXX obj/src/libANGLE/renderer/vulkan/angle_vulkan_backend/FenceNVVk.o
[1512/1705] 8m05.59s F CXX obj/src/libANGLE/renderer/vulkan/angle_vulkan_backend/CommandQueue.o
[1513/1705] 8m05.67s F CXX obj/src/libANGLE/renderer/vulkan/angle_vulkan_backend/DisplayVk.o
[1514/1705] 8m07.91s F CXX obj/libANGLE_no_vulkan/VaryingPacking.o
[1515/1705] 8m09.73s F CXX obj/libANGLE_no_vulkan/validationES31.o
[1516/1705] 8m10.57s F CXX obj/libANGLE_no_vulkan/format_map_autogen.o
[1517/1705] 8m11.08s F CXX obj/src/libANGLE/renderer/vulkan/angle_vulkan_backend/BufferVk.o
[1518/1705] 8m12.21s F CXX obj/src/libANGLE/renderer/gl/angle_gl_backend/VertexArrayGL.o
[1519/1705] 8m12.62s F CXX obj/libANGLE_no_vulkan/ProgramExecutable.o
[1520/1705] 8m13.01s F CXX obj/src/libANGLE/renderer/null/angle_null_backend/SyncNULL.o
[1521/1705] 8m13.71s F CXX obj/src/libANGLE/renderer/null/angle_null_backend/TextureNULL.o
[1522/1705] 8m14.78s F CXX obj/libGLESv2/egl_ext_stubs.o
[1523/1705] 8m15.99s F CXX obj/src/libANGLE/renderer/gl/angle_gl_backend/egl_utils.o
[1524/1705] 8m16.39s F CXX obj/libANGLE_no_vulkan/Fence.o
[1525/1705] 8m16.95s F CXX obj/libANGLE_no_vulkan/validationES1.o
[1526/1705] 8m17.31s F CXX obj/libGLESv2/egl_stubs_getprocaddress_autogen.o
[1527/1705] 8m20.51s F CXX obj/libANGLE_no_vulkan/queryconversions.o
[1528/1705] 8m20.82s F CXX obj/src/libANGLE/renderer/gl/angle_gl_backend/RendererEGL.o
[1529/1705] 8m21.05s F CXX obj/libANGLE_no_vulkan/Program.o
[1530/1705] 8m21.82s F CXX obj/libANGLE_no_vulkan/Texture.o
[1531/1705] 8m23.37s F CXX obj/libANGLE_no_vulkan/DeviceImpl.o
[1532/1705] 8m25.40s F CXX obj/libANGLE_no_vulkan/Surface.o
[1533/1705] 8m25.78s F CXX obj/src/libANGLE/renderer/gl/angle_gl_backend/DisplayAndroid.o
[1534/1705] 8m25.98s F CXX obj/third_party/vulkan_memory_allocator/vulkan_memory_allocator/vma.o
[1535/1704] 8m27.63s F CXX obj/libANGLE_no_vulkan/ProgramLinkedResources.o
[1536/1704] 8m29.61s F CXX obj/libANGLE_no_vulkan/validationES32.o
[1537/1704] 8m30.41s F CXX obj/src/libANGLE/renderer/null/angle_null_backend/ProgramExecutableNULL.o
[1538/1704] 8m31.08s F CXX obj/libANGLE_no_vulkan/Config.o
[1539/1704] 8m32.07s F CXX obj/src/libANGLE/renderer/gl/angle_gl_backend/StateManagerGL.o
[1540/1704] 8m32.80s F CXX obj/src/libANGLE/renderer/gl/angle_gl_backend/FunctionsEGL.o
[1541/1704] 8m33.54s F CXX obj/libANGLE_no_vulkan/HandleAllocator.o
[1542/1704] 8m34.38s F CXX obj/src/libANGLE/renderer/gl/angle_gl_backend/SyncGL.o
[1543/1704] 8m35.45s F CXX obj/libANGLE_no_vulkan/Context.o
[1544/1704] 8m36.85s F CXX obj/src/libANGLE/renderer/null/angle_null_backend/ContextNULL.o
[1545/1704] 8m38.42s F CXX obj/libGLESv2/entry_points_egl_ext_autogen.o
[1546/1704] 8m38.64s F CXX obj/libANGLE_no_vulkan/Semaphore.o
[1547/1704] 8m40.21s F CXX obj/src/libANGLE/renderer/vulkan/angle_vulkan_backend/DeviceVk.o
[1548/1704] 8m41.90s F CXX obj/src/libANGLE/renderer/vulkan/angle_vulkan_backend/SecondaryCommandPool.o
[1549/1704] 8m43.03s F CXX obj/src/libANGLE/renderer/gl/angle_gl_backend/FunctionsGL.o
[1550/1704] 8m44.22s F CXX obj/src/libANGLE/renderer/gl/angle_gl_backend/ProgramGL.o
[1551/1704] 8m44.71s F CXX obj/src/libANGLE/renderer/vulkan/angle_vulkan_backend/QueryVk.o
[1552/1704] 8m45.60s F CXX obj/libANGLE_no_vulkan/ImageIndex.o
[1553/1704] 8m45.91s F CXX obj/libANGLE_no_vulkan/Image.o
[1554/1704] 8m47.19s F CXX obj/libGLESv2/egl_stubs.o
[1555/1704] 8m47.40s F CXX obj/libANGLE_no_vulkan/Debug.o
[1556/1704] 8m49.57s F CXX obj/libGLESv2/entry_points_gles_3_2_autogen.o
[1557/1704] 8m50.43s F CXX obj/libANGLE_no_vulkan/GlobalMutex.o
[1558/1704] 8m50.93s F CXX obj/libGLESv2/entry_points_gles_1_0_autogen.o
[1559/1704] 8m52.06s F CXX obj/src/libANGLE/renderer/vulkan/angle_vulkan_backend/vk_api_perf_counters.o
[1560/1704] 8m52.10s F CXX obj/libANGLE_no_vulkan/validationEGL.o
[1561/1704] 8m54.86s F CXX obj/src/libANGLE/renderer/vulkan/angle_vulkan_backend/vk_mandatory_format_support_table_autogen.o
[1562/1704] 8m55.09s F CXX obj/src/libANGLE/renderer/vulkan/angle_vulkan_backend/TextureVk.o
[1563/1704] 8m56.43s F CXX obj/src/libANGLE/renderer/vulkan/angle_vulkan_backend/spv_utils.o
[1564/1704] 8m57.04s F CXX obj/src/libANGLE/renderer/gl/angle_gl_backend/DispatchTableGL_autogen.o
[1565/1704] 8m57.43s F CXX obj/src/libANGLE/renderer/gl/angle_gl_backend/PbufferSurfaceEGL.o
[1566/1704] 8m58.12s F CXX obj/src/libANGLE/renderer/null/angle_null_backend/QueryNULL.o
[1567/1704] 8m59.15s F CXX obj/libANGLE_no_vulkan/IndexRangeCache.o
[1568/1704] 9m00.13s F CXX obj/src/libANGLE/renderer/gl/angle_gl_backend/DmaBufImageSiblingEGL.o
[1569/1704] 9m03.21s F CXX obj/src/libANGLE/renderer/gl/angle_gl_backend/CompilerGL.o
[1570/1704] 9m03.37s F CXX obj/src/libANGLE/renderer/vulkan/angle_vulkan_backend/vk_renderer.o
[1571/1704] 9m03.81s F CXX obj/libANGLE_no_vulkan/validationES2.o
[1572/1704] 9m03.97s F CXX obj/src/libANGLE/renderer/vulkan/angle_vulkan_backend/AHBFunctions.o
[1573/1704] 9m06.67s F CXX obj/src/libANGLE/renderer/vulkan/angle_vulkan_backend/SurfaceVk.o
[1574/1704] 9m07.84s F CXX obj/libANGLE_no_vulkan/Stream.o
[1575/1704] 9m08.47s F CXX obj/src/libANGLE/renderer/vulkan/angle_vulkan_backend/DisplayVkAndroid.o
[1576/1704] 9m08.67s F CXX obj/src/libANGLE/renderer/gl/angle_gl_backend/TextureGL.o
[1577/1704] 9m09.76s F CXX obj/libANGLE_no_vulkan/RenderbufferImpl.o
[1578/1704] 9m10.90s F CXX obj/src/libANGLE/renderer/gl/angle_gl_backend/FramebufferGL.o
[1579/1704] 9m13.19s F CXX obj/src/libANGLE/renderer/gl/angle_gl_backend/ClearMultiviewGL.o
[1580/1704] 9m13.83s F CXX obj/src/libANGLE/renderer/vulkan/angle_vulkan_backend/HardwareBufferImageSiblingVkAndroid.o
[1581/1704] 9m14.86s F CXX obj/libANGLE_no_vulkan/Context_gles_1_0.o
[1582/1704] 9m14.87s F AR obj/third_party/zlib/google/libcompression_utils_portable.a
[1583/1704] 9m16.39s F CXX obj/src/libANGLE/renderer/null/angle_null_backend/SurfaceNULL.o
[1584/1704] 9m16.67s F CXX obj/src/libANGLE/renderer/null/angle_null_backend/ProgramNULL.o
[1585/1704] 9m16.71s F CXX obj/src/libANGLE/renderer/vulkan/angle_vulkan_backend/UtilsVk.o
[1586/1704] 9m18.73s F CXX obj/libANGLE_no_vulkan/ContextImpl.o
[1587/1704] 9m19.87s F CXX obj/libANGLE_no_vulkan/MemoryObject.o
[1588/1704] 9m20.49s F CXX obj/src/libANGLE/renderer/gl/angle_gl_backend/SurfaceEGL.o
[1589/1704] 9m21.36s F CXX obj/src/libANGLE/renderer/gl/angle_gl_backend/ImageGL.o
[1590/1704] 9m22.76s F CXX obj/src/libANGLE/renderer/vulkan/angle_vulkan_backend/SemaphoreVk.o
[1591/1704] 9m23.73s F CXX obj/src/libANGLE/renderer/gl/angle_gl_backend/RenderbufferGL.o
[1592/1704] 9m25.25s F CXX obj/src/libANGLE/renderer/gl/angle_gl_backend/MemoryObjectGL.o
[1593/1704] 9m25.36s F CXX obj/src/libANGLE/renderer/gl/angle_gl_backend/DisplayEGL.o
[1594/1704] 9m27.69s F CXX obj/libGLESv2/entry_points_gles_3_1_autogen.o
[1595/1704] 9m29.33s F CXX obj/libANGLE_no_vulkan/ContextMutex.o
[1596/1704] 9m29.75s F CXX obj/src/libANGLE/renderer/vulkan/angle_vulkan_backend/vk_format_utils.o
[1597/1704] 9m31.66s F CXX obj/src/libANGLE/renderer/gl/angle_gl_backend/ContextEGL.o
[1598/1704] 9m31.98s F CXX obj/src/libANGLE/renderer/vulkan/angle_vulkan_backend/vk_utils.o
[1599/1704] 9m33.36s F CXX obj/libGLESv2/global_state.o
[1600/1704] 9m33.65s F CXX obj/src/libANGLE/renderer/vulkan/angle_vulkan_backend/SecondaryCommandBuffer.o
[1601/1704] 9m37.03s F CXX obj/src/libANGLE/renderer/vulkan/angle_vulkan_backend/AllocatorHelperPool.o
[1602/1704] 9m37.25s F CXX obj/src/libANGLE/renderer/vulkan/angle_vulkan_backend/MemoryTracking.o
[1603/1704] 9m37.86s F CXX obj/libANGLE_no_vulkan/Platform.o
[1604/1704] 9m38.78s F CXX obj/libANGLE_no_vulkan/Uniform.o
[1605/1704] 9m39.23s F CXX obj/src/libANGLE/renderer/vulkan/angle_vulkan_backend/FramebufferVk.o
[1606/1704] 9m40.94s F CXX obj/libANGLE_no_vulkan/gles_extensions_autogen.o
[1607/1704] 9m43.33s F CXX obj/libANGLE_no_vulkan/TransformFeedback.o
[1608/1704] 9m43.94s F CXX obj/src/libANGLE/renderer/vulkan/angle_vulkan_backend/ContextVk.o
[1609/1704] 9m44.15s F CXX obj/src/libANGLE/renderer/null/angle_null_backend/FenceNVNULL.o
[1610/1704] 9m44.88s F CXX obj/libANGLE_no_vulkan/DisplayImpl.o
[1611/1704] 9m45.14s F CXX obj/src/libANGLE/renderer/null/angle_null_backend/CompilerNULL.o
[1612/1704] 9m46.06s F CXX obj/src/libANGLE/renderer/gl/angle_gl_backend/FunctionsEGLDL.o
[1613/1704] 9m46.84s F CXX obj/src/libANGLE/renderer/vulkan/angle_vulkan_backend/ProgramExecutableVk.o
[1614/1704] 9m48.54s F CXX obj/libANGLE_no_vulkan/validationESEXT.o
[1615/1704] 9m48.66s F CXX obj/src/libANGLE/renderer/null/angle_null_backend/BufferNULL.o
[1616/1704] 9m49.66s F CXX obj/src/libANGLE/renderer/vulkan/angle_vulkan_backend/CompilerVk.o
[1617/1704] 9m50.51s F CXX obj/libANGLE_no_vulkan/validationES3.o
[1618/1704] 9m51.51s F CXX obj/libANGLE_no_vulkan/ProgramPipeline.o
[1619/1704] 9m52.58s F CXX obj/src/libANGLE/renderer/null/angle_null_backend/DisplayNULL.o
[1620/1704] 9m53.14s F CXX obj/libANGLE_no_vulkan/TextureImpl.o
[1621/1704] 9m55.43s F CXX obj/src/libANGLE/renderer/gl/angle_gl_backend/SamplerGL.o
[1622/1704] 9m55.61s F CXX obj/src/libANGLE/renderer/vulkan/angle_vulkan_backend/DebugAnnotatorVk.o
[1623/1704] 9m55.76s F CXX obj/libANGLE_no_vulkan/ImageImpl.o
[1624/1704] 9m56.40s F CXX obj/libGLESv2/libGLESv2_autogen.o
[1625/1704] 9m56.75s F CXX obj/libANGLE_no_vulkan/BlobCache.o
[1626/1704] 9m58.49s F CXX obj/libANGLE_no_vulkan/ProgramImpl.o
[1627/1704] 9m59.19s F CXX obj/libANGLE_no_vulkan/EGLReusableSync.o
[1628/1703] 9m59.31s F CXX obj/angle_frame_capture_mock/serialize_mock.o
[1629/1703] 10m00.31s F CXX obj/src/common/linux/angle_dma_buf/dma_buf_utils.o
[1630/1702] 10m00.69s F CXX obj/libANGLE_no_vulkan/GLES1State.o
[1631/1702] 10m01.79s F CXX obj/libANGLE_no_vulkan/SurfaceImpl.o
[1632/1702] 10m02.92s F CXX obj/src/libANGLE/renderer/vulkan/angle_vulkan_backend/RenderTargetVk.o
[1633/1702] 10m04.67s F CXX obj/src/libANGLE/renderer/gl/angle_gl_backend/BlitGL.o
[1634/1702] 10m05.53s F CXX obj/src/libANGLE/renderer/vulkan/angle_vulkan_backend/WindowSurfaceVkAndroid.o
[1635/1702] 10m07.61s F CXX obj/libGLESv2/entry_points_egl_autogen.o
[1636/1702] 10m07.84s F CXX obj/src/libANGLE/renderer/vulkan/angle_vulkan_backend/vk_resource.o
[1637/1702] 10m11.14s F CXX obj/libANGLE_no_vulkan/Query.o
[1638/1702] 10m11.57s F CXX obj/libANGLE_no_vulkan/Thread.o
[1639/1702] 10m11.97s F CXX obj/src/libANGLE/renderer/vulkan/angle_vulkan_backend/SyncVk.o
[1640/1702] 10m13.69s F CXX obj/src/libANGLE/renderer/null/angle_null_backend/DeviceNULL.o
[1641/1702] 10m15.64s F CXX obj/src/libANGLE/renderer/gl/angle_gl_backend/ProgramExecutableGL.o
[1642/1702] 10m16.27s F CXX obj/src/libANGLE/renderer/vulkan/angle_vulkan_backend/vk_cache_utils.o
[1643/1702] 10m17.70s F CXX obj/src/libANGLE/renderer/gl/angle_gl_backend/QueryGL.o
[1644/1702] 10m17.74s F CXX obj/src/libANGLE/renderer/vulkan/angle_vulkan_backend/MemoryObjectVk.o
[1645/1702] 10m18.91s F CXX obj/libANGLE_no_vulkan/EGLSyncImpl.o
[1646/1702] 10m18.99s F CXX obj/src/libANGLE/renderer/null/angle_null_backend/TransformFeedbackNULL.o
[1647/1702] 10m19.12s F CXX obj/src/libANGLE/renderer/gl/angle_gl_backend/ProgramPipelineGL.o
[1648/1702] 10m22.12s F CXX obj/libGLESv2/entry_points_gles_ext_autogen.o
[1649/1702] 10m22.52s F CXX obj/src/libANGLE/renderer/vulkan/angle_vulkan_backend/PersistentCommandPool.o
[1650/1702] 10m23.45s F CXX obj/src/libANGLE/renderer/null/angle_null_backend/SamplerNULL.o
[1651/1702] 10m24.15s F CXX obj/libANGLE_no_vulkan/Shader.o
[1652/1702] 10m24.28s F CXX obj/libGLESv2/entry_points_gles_3_0_autogen.o
[1653/1702] 10m25.11s F CXX obj/src/libANGLE/renderer/null/angle_null_backend/VertexArrayNULL.o
[1654/1702] 10m27.78s F CXX obj/libANGLE_no_vulkan/VertexAttribute.o
[1655/1702] 10m28.14s F CXX obj/libANGLE_no_vulkan/ShareGroup.o
[1656/1702] 10m28.32s F CXX obj/libANGLE_no_vulkan/PixelLocalStorage.o
[1657/1702] 10m29.78s F CXX obj/libANGLE_no_vulkan/ResourceManager.o
[1658/1702] 10m31.08s F CXX obj/libANGLE_no_vulkan/BufferImpl.o
[1659/1702] 10m32.16s F CXX obj/libANGLE_no_vulkan/QueryImpl.o
[1660/1702] 10m32.27s F CXX obj/libANGLE_no_vulkan/EGLSync.o
[1661/1702] 10m32.28s F AR obj/libangle_gpu_info_util.a
[1662/1702] 10m32.33s F CXX obj/libANGLE_no_vulkan/Device.o
[1663/1702] 10m33.99s F CXX obj/src/libANGLE/renderer/vulkan/angle_vulkan_backend/ShaderVk.o
[1664/1702] 10m34.83s F CXX obj/src/libANGLE/renderer/gl/angle_gl_backend/WindowSurfaceEGL.o
[1665/1702] 10m36.18s F CXX obj/src/libANGLE/renderer/gl/angle_gl_backend/SemaphoreGL.o
[1666/1702] 10m36.21s F CXX obj/src/libANGLE/renderer/gl/angle_gl_backend/TransformFeedbackGL.o
[1667/1702] 10m38.35s F CXX obj/src/libANGLE/renderer/gl/angle_gl_backend/ImageEGL.o
[1668/1702] 10m39.86s F CXX obj/libANGLE_no_vulkan/GLES1Renderer.o
[1669/1702] 10m40.30s F CXX obj/libANGLE_no_vulkan/Buffer.o
[1670/1702] 10m41.07s F CXX obj/src/libANGLE/renderer/gl/angle_gl_backend/RendererGL.o
[1671/1702] 10m41.28s F CXX obj/libANGLE_no_vulkan/ProgramPipelineImpl.o
[1672/1702] 10m41.52s F CXX obj/src/libANGLE/renderer/null/angle_null_backend/RenderbufferNULL.o
[1673/1702] 10m43.74s F CXX obj/libANGLE_no_vulkan/Sampler.o
[1674/1701] 10m44.16s F CXX obj/src/libANGLE/renderer/null/angle_null_backend/ProgramPipelineNULL.o
[1675/1701] 10m44.85s F CXX obj/src/libANGLE/renderer/vulkan/angle_vulkan_backend/ShaderInterfaceVariableInfoMap.o
[1676/1701] 10m44.85s F AR obj/libangle_image_util.a
[1677/1701] 10m46.56s F CXX obj/libANGLE_no_vulkan/formatutils.o
[1678/1701] 10m46.78s F CXX obj/libANGLE_no_vulkan/VertexArrayImpl.o
[1679/1701] 10m47.37s F CXX obj/libANGLE_no_vulkan/es3_copy_conversion_table_autogen.o
[1680/1701] 10m48.71s F CXX obj/libANGLE_no_vulkan/FramebufferAttachment.o
[1681/1701] 10m49.31s F CXX obj/src/libANGLE/renderer/vulkan/angle_vulkan_backend/vk_ref_counted_event.o
[1682/1701] 10m50.99s F CXX obj/libANGLE_no_vulkan/VertexArray.o
[1683/1701] 10m51.49s F CXX obj/src/libANGLE/renderer/gl/angle_gl_backend/DeviceEGL.o
[1684/1701] 10m53.51s F CXX obj/libANGLE_no_vulkan/queryutils.o
[1685/1701] 10m53.60s F CXX obj/src/libANGLE/renderer/vulkan/angle_vulkan_backend/vk_format_table_autogen.o
[1686/1701] 10m54.89s F CXX obj/src/libANGLE/renderer/gl/angle_gl_backend/BufferGL.o
[1687/1699] 10m55.05s F CXX obj/src/libANGLE/renderer/vulkan/angle_vk_mem_alloc_wrapper/vk_mem_alloc_wrapper.o
[1688/1699] 10m55.96s F CXX obj/libEGL/libEGL_autogen.o
[1689/1699] 10m56.24s F CXX obj/libANGLE_no_vulkan/Framebuffer.o
[1690/1699] 10m58.02s F CXX obj/libGLESv2/entry_points_gles_2_0_autogen.o
[1691/1699] 10m59.76s F CXX obj/src/libANGLE/renderer/gl/angle_gl_backend/formatutilsgl.o
[1692/1696] 10m59.77s S SOLINK ./libGLESv2_angle.so
[1692/1696] 11m00.08s F SOLINK ./libGLESv2_angle.so
[1693/1695] 11m00.09s S SOLINK ./libEGL_angle.so
[1693/1695] 11m00.30s F SOLINK ./libEGL_angle.so
build finished

	
noexec:0 local:1694 remote:0 cache:0 skip:563
  cache-write:0(err:0) fallback:0 retry:0
fs: ops: 35198(err:3968) / r:11162(err:0) 349.03MiB / w:87(err:0) 210.23KiB


 resource/capa used(err)  wait-avg |   s m |  serv-avg |   s m |
   localexec/4   1615(0)  2m25.44s |▂▂▂▄▄█▂|     1.62s |▂▄▅█▂  |
shutdown cloud logging/monitoring done 11.421µs

11m00.33s Build Succeeded: 1694 steps - 2.57/s
