offline mode
ninja: Entering directory `out/Android_arm'


disable fast local for non-interactive: fastlocal=1->0
 use `--fast_local` to enable fast local with non-interactive mode
schedule pending:1+ready:0 (node:5701 edge:2)
build start: Ready 1 Pending 1
rebuild manifest finished

loading build.ninja... done 66.45592ms
load siso config done 593.681559ms
schedule pending:1+ready:0 (node:19597 edge:2)
build start: Ready 1 Pending 1
rebuild manifest finished
schedule pending:1+ready:0 (node:19597 edge:6)
build start: Ready 243 Pending 2010
[0/2252] 0.85s S CXX clang_x64/obj/third_party/abseil-cpp/absl/random/internal/randen_hwaes/randen_detect.o
[0/2252] 0.85s S CXX clang_x64/obj/third_party/abseil-cpp/absl/random/internal/randen/randen.o
[0/2252] 0.85s S CXX obj/libEGL_egl_loader/egl_loader_autogen.o
[0/2252] 0.85s S CXX clang_x64/obj/third_party/protobuf/protobuf_lite_library/arena.o
[0/2252] 0.85s S CXX clang_x64/obj/third_party/abseil-cpp/absl/debugging/examine_stack/examine_stack.o
[0/2252] 0.85s S CXX clang_x64/obj/third_party/abseil-cpp/absl/crc/crc_cord_state/crc_cord_state.o
[0/2251] 0.85s S CXX clang_x64/obj/third_party/abseil-cpp/absl/random/internal/platform/randen_round_keys.o
[0/2251] 0.85s S CC clang_x64/obj/third_party/protobuf/utf8_range/utf8_range.o
[0/2250] 0.85s S CXX clang_x64/obj/third_party/abseil-cpp/absl/base/tracing_internal/tracing.o
[0/2250] 0.85s S CXX clang_x64/obj/third_party/abseil-cpp/absl/log/internal/proto/proto.o
[0/2250] 0.85s S CXX clang_x64/obj/third_party/abseil-cpp/absl/hash/hash/hash.o
[0/2250] 0.85s S CXX clang_x64/obj/third_party/abseil-cpp/absl/debugging/failure_signal_handler/failure_signal_handler.o
[0/2250] 0.85s S CXX clang_x64/obj/third_party/abseil-cpp/absl/log/log_entry/log_entry.o
[0/2250] 0.85s S CXX clang_x64/obj/third_party/abseil-cpp/absl/random/internal/entropy_pool/entropy_pool.o
[0/2249] 0.85s S CXX clang_x64/obj/third_party/abseil-cpp/absl/random/seed_gen_exception/seed_gen_exception.o
[0/2249] 0.85s S CXX clang_x64/obj/third_party/abseil-cpp/absl/random/seed_sequences/seed_sequences.o
[0/2248] 0.85s S CXX clang_x64/obj/third_party/abseil-cpp/absl/random/distributions/gaussian_distribution.o
[0/2248] 0.85s S CXX clang_x64/obj/third_party/abseil-cpp/absl/container/hashtablez_sampler/hashtablez_sampler_force_weak_definition.o
[0/2248] 0.85s S CXX clang_x64/obj/third_party/abseil-cpp/absl/log/initialize/initialize.o
[0/2248] 0.85s S CXX clang_x64/obj/third_party/abseil-cpp/absl/container/raw_hash_set/raw_hash_set.o
[0/2247] 0.85s S CXX clang_x64/obj/third_party/abseil-cpp/absl/strings/str_format_internal/bind.o
[0/2247] 0.85s S CXX clang_x64/obj/third_party/abseil-cpp/absl/log/die_if_null/die_if_null.o
[0/2241] 0.86s S CXX clang_x64/obj/third_party/abseil-cpp/absl/base/malloc_internal/low_level_alloc.o
[0/2245] 0.85s S CXX clang_x64/obj/third_party/abseil-cpp/absl/log/globals/globals.o
[0/2245] 0.85s S CXX clang_x64/obj/third_party/abseil-cpp/absl/debugging/symbolize/symbolize.o
[0/2247] 0.85s S CXX clang_x64/obj/third_party/abseil-cpp/absl/log/internal/vlog_config/vlog_config.o
[0/2241] 0.86s S CXX clang_x64/obj/third_party/abseil-cpp/absl/log/internal/nullguard/nullguard.o
[0/2244] 0.85s S CXX clang_x64/obj/third_party/abseil-cpp/absl/log/internal/log_sink_set/log_sink_set.o
[0/2244] 0.85s S CXX clang_x64/obj/third_party/abseil-cpp/absl/log/internal/conditions/conditions.o
[0/2244] 0.85s S CXX clang_x64/obj/third_party/abseil-cpp/absl/debugging/debugging_internal/elf_mem_image.o
[0/2243] 0.85s S CXX clang_x64/obj/third_party/abseil-cpp/absl/log/internal/globals/globals.o
[0/2243] 0.85s S CXX clang_x64/obj/third_party/abseil-cpp/absl/base/strerror/strerror.o
[0/2243] 0.85s S CXX clang_x64/obj/third_party/abseil-cpp/absl/debugging/stacktrace/stacktrace.o
[0/2243] 0.85s S CXX clang_x64/obj/third_party/abseil-cpp/absl/log/log_sink/log_sink.o
[0/2242] 0.85s S CXX clang_x64/obj/third_party/abseil-cpp/absl/log/internal/format/log_format.o
[0/2242] 0.85s S CXX clang_x64/obj/third_party/abseil-cpp/absl/time/internal/cctz/time_zone/time_zone_format.o
[0/2242] 0.85s S CXX clang_x64/obj/third_party/abseil-cpp/absl/log/internal/log_message/log_message.o
[0/2242] 0.85s S CXX clang_x64/obj/third_party/abseil-cpp/absl/time/internal/cctz/civil_time/civil_time_detail.o
[0/2241] 0.86s S CXX clang_x64/obj/third_party/abseil-cpp/absl/time/clock_interface/clock_interface.o
[0/2241] 0.86s S CXX clang_x64/obj/third_party/abseil-cpp/absl/strings/internal/escaping.o
[0/2241] 0.86s S CXX clang_x64/obj/third_party/abseil-cpp/absl/time/time/clock.o
[0/2240] 0.86s S CXX clang_x64/obj/third_party/abseil-cpp/absl/status/statusor/statusor.o
[0/2244] 0.85s S CXX clang_x64/obj/third_party/abseil-cpp/absl/strings/internal/ostringstream.o
[0/2240] 0.86s S CXX clang_x64/obj/third_party/abseil-cpp/absl/status/status_builder/status_builder.o
[0/2239] 0.86s S CXX clang_x64/obj/third_party/abseil-cpp/absl/synchronization/graphcycles_internal/graphcycles.o
[0/2239] 0.86s S CXX clang_x64/obj/third_party/abseil-cpp/absl/status/status/status.o
[0/2242] 0.85s S CXX clang_x64/obj/third_party/abseil-cpp/absl/random/distributions/discrete_distribution.o
[0/2238] 0.86s S CXX clang_x64/obj/third_party/abseil-cpp/absl/synchronization/synchronization/blocking_counter.o
[0/2241] 0.86s S CXX clang_x64/obj/third_party/abseil-cpp/absl/strings/internal/utf8.o
[0/2238] 0.86s S CXX clang_x64/obj/third_party/abseil-cpp/absl/log/internal/fnmatch/fnmatch.o
[0/2238] 0.86s S CXX clang_x64/obj/third_party/abseil-cpp/absl/strings/cordz_handle/cordz_handle.o
[0/2238] 0.86s S CXX clang_x64/obj/third_party/abseil-cpp/absl/random/internal/seed_material/seed_material.o
[0/2238] 0.87s S CXX clang_x64/obj/third_party/abseil-cpp/absl/synchronization/kernel_timeout_internal/kernel_timeout.o
[0/2238] 0.87s S CXX clang_x64/obj/third_party/abseil-cpp/absl/random/internal/randen_slow/randen_slow.o
[0/2238] 0.87s S CXX clang_x64/obj/third_party/abseil-cpp/absl/profiling/exponential_biased/exponential_biased.o
[0/2238] 0.87s S CXX clang_x64/obj/third_party/abseil-cpp/absl/log/internal/check_op/check_op.o
[0/2238] 0.87s S CXX clang_x64/obj/third_party/abseil-cpp/absl/random/internal/randen_hwaes_impl/randen_hwaes.o
[0/2238] 0.87s S CXX clang_x64/obj/third_party/abseil-cpp/absl/strings/cordz_functions/cordz_functions.o
[0/2238] 0.87s S CXX clang_x64/obj/third_party/abseil-cpp/absl/strings/cordz_info/cordz_info.o
[0/2238] 0.87s S CXX clang_x64/obj/third_party/abseil-cpp/absl/base/cpu_detect/cpu_detect.o
[0/2237] 0.87s S CXX clang_x64/obj/third_party/abseil-cpp/absl/base/raw_logging_internal/raw_logging.o
[0/2237] 0.87s S CXX clang_x64/obj/third_party/abseil-cpp/absl/log/internal/structured_proto/structured_proto.o
[0/2237] 0.87s S CXX clang_x64/obj/third_party/abseil-cpp/absl/crc/crc_internal/crc_x86_arm_combined.o
[0/2237] 0.87s S CXX clang_x64/obj/third_party/protobuf/protobuf_lite_library/any_lite.o
[0/2236] 0.87s S CXX clang_x64/obj/third_party/abseil-cpp/absl/crc/crc32c/crc_memcpy_fallback.o
[0/2236] 0.87s S CXX clang_x64/obj/third_party/abseil-cpp/absl/debugging/leak_check/leak_check.o
[0/2236] 0.87s S CXX clang_x64/obj/third_party/protobuf/protobuf_lite_library/wire_format_lite.o
[0/2236] 0.87s S CXX clang_x64/obj/third_party/abseil-cpp/absl/strings/str_format_internal/arg.o
[0/2236] 0.88s S CXX clang_x64/obj/third_party/abseil-cpp/absl/strings/str_format_internal/parser.o
[0/2236] 0.88s S CXX clang_x64/obj/third_party/abseil-cpp/absl/strings/str_format_internal/output.o
[0/2235] 0.88s S CXX clang_x64/obj/third_party/abseil-cpp/absl/strings/str_format_internal/float_conversion.o
[0/2235] 0.88s S CXX clang_x64/obj/third_party/protobuf/protobuf_lite_library/unknown_field_set_lite.o
[0/2235] 0.88s S CXX clang_x64/obj/third_party/abseil-cpp/absl/strings/cord_internal/cord_rep_btree.o
[0/2235] 0.88s S CXX clang_x64/obj/third_party/abseil-cpp/absl/strings/str_format_internal/extension.o
[0/2234] 0.88s S CXX clang_x64/obj/third_party/abseil-cpp/absl/strings/cord/cord_analysis.o
[0/2234] 0.88s S ACTION //third_party/spirv-tools/src:spvtools_language_header_debuginfo(//build/toolchain/android:android_clang_arm)
[0/2234] 0.88s S CXX clang_x64/obj/third_party/abseil-cpp/absl/types/source_location/source_location.o
[0/2232] 0.88s S CXX clang_x64/obj/third_party/abseil-cpp/absl/strings/strings/charconv.o
[0/2232] 0.88s S ACTION //third_party/spirv-tools/src:spvtools_language_header_vkdebuginfo(//build/toolchain/android:android_clang_arm)
[0/2232] 0.88s S CXX clang_x64/obj/third_party/protobuf/protobuf_lite_library/type_id.o
[0/2232] 0.89s S CXX clang_x64/obj/third_party/protobuf/protobuf_lite_library/common.o
[0/2232] 0.89s S CXX clang_x64/obj/third_party/protobuf/protobuf_lite_library/repeated_ptr_field.o
[0/2232] 0.89s S ACTION //third_party/spirv-tools/src:spvtools_language_header_graphdebuginfo(//build/toolchain/android:android_clang_arm)
[0/2232] 0.89s S ACTION //third_party/spirv-tools/src:spvtools_language_header_debugprintf(//build/toolchain/android:android_clang_arm)
[0/2232] 0.89s S CXX clang_x64/obj/third_party/abseil-cpp/absl/debugging/utf8_for_code_point/utf8_for_code_point.o
[0/2232] 0.89s S CXX clang_x64/obj/third_party/abseil-cpp/absl/debugging/decode_rust_punycode/decode_rust_punycode.o
[0/2231] 0.89s S CXX obj/third_party/abseil-cpp/absl/debugging/utf8_for_code_point/utf8_for_code_point.o
[0/2231] 0.89s S CXX clang_x64/obj/third_party/protobuf/protobuf_lite_library/raw_ptr.o
[0/2232] 0.89s S ACTION //third_party/spirv-tools/src:spvtools_language_header_cldebuginfo100(//build/toolchain/android:android_clang_arm)
[0/2232] 0.89s S CXX clang_x64/obj/third_party/protobuf/protobuf_lite_library/repeated_field.o
[0/2231] 0.89s S CXX clang_x64/obj/third_party/abseil-cpp/absl/debugging/demangle_rust/demangle_rust.o
[0/2231] 0.89s S CXX clang_x64/obj/third_party/protobuf/protobuf_lite_library/port.o
[0/2230] 0.89s S CXX clang_x64/obj/third_party/protobuf/protobuf_lite_library/parse_context.o
[0/2213] 0.90s S CXX clang_x64/obj/third_party/protobuf/protobuf_lite_library/io_win32.o
[0/2230] 0.90s S CXX obj/third_party/abseil-cpp/absl/container/hashtablez_sampler/hashtablez_sampler_force_weak_definition.o
[0/2229] 0.90s S CXX obj/third_party/abseil-cpp/absl/debugging/stacktrace/stacktrace.o
[0/2228] 0.90s S CC obj/xxhash/xxhash.o
[0/2228] 0.90s S CXX obj/third_party/abseil-cpp/absl/profiling/exponential_biased/exponential_biased.o
[0/2225] 0.90s S CXX obj/third_party/abseil-cpp/absl/debugging/debugging_internal/elf_mem_image.o
[0/2222] 0.90s S CXX obj/third_party/abseil-cpp/absl/strings/strings/charconv.o
[0/2222] 0.90s S CXX obj/third_party/abseil-cpp/absl/synchronization/kernel_timeout_internal/kernel_timeout.o
[0/2222] 0.90s S CXX clang_x64/obj/third_party/protobuf/protobuf_lite_library/micro_string.o
[0/2222] 0.90s S CXX clang_x64/obj/third_party/protobuf/protobuf_lite_library/message_lite.o
[0/2227] 0.90s S CXX obj/third_party/abseil-cpp/absl/debugging/demangle_internal/demangle.o
[0/2222] 0.90s S CXX clang_x64/obj/third_party/protobuf/protobuf_lite_library/zero_copy_stream_impl_lite.o
[0/2222] 0.90s S CXX clang_x64/obj/third_party/protobuf/protobuf_lite_library/zero_copy_stream_impl.o
[0/2222] 0.90s S CXX clang_x64/obj/third_party/protobuf/protobuf_lite_library/zero_copy_stream.o
[0/2222] 0.90s S CXX clang_x64/obj/third_party/protobuf/protobuf_lite_library/zero_copy_sink.o
[0/2222] 0.90s S CXX clang_x64/obj/third_party/protobuf/protobuf_lite_library/tokenizer.o
[0/2213] 0.91s S CXX obj/third_party/abseil-cpp/absl/base/spinlock_wait/spinlock_wait.o
[0/2222] 0.90s S CXX clang_x64/obj/third_party/protobuf/protobuf_lite_library/strtod.o
[0/2222] 0.90s S CXX clang_x64/obj/third_party/protobuf/protobuf_lite_library/printer.o
[0/2221] 0.90s S CXX clang_x64/obj/third_party/abseil-cpp/absl/debugging/demangle_internal/demangle.o
[0/2220] 0.90s S CXX obj/third_party/abseil-cpp/absl/strings/cord_internal/cord_rep_btree.o
[0/2219] 0.90s S CXX clang_x64/obj/third_party/abseil-cpp/absl/numeric/int128/int128.o
[0/2219] 0.90s S CXX clang_x64/obj/third_party/abseil-cpp/absl/hash/city/city.o
[0/2219] 0.90s S CXX obj/third_party/abseil-cpp/absl/synchronization/synchronization/blocking_counter.o
[0/2219] 0.90s S CXX obj/third_party/abseil-cpp/absl/strings/cordz_info/cordz_info.o
[0/2222] 0.90s S CXX clang_x64/obj/third_party/protobuf/protobuf_lite_library/map.o
[0/2218] 0.90s S CXX clang_x64/obj/third_party/abseil-cpp/absl/base/log_severity/log_severity.o
[0/2195] 0.92s S CXX clang_x64/obj/buildtools/third_party/libc++abi/libc++abi/cxa_exception.o
[0/2217] 0.90s S CXX obj/third_party/abseil-cpp/absl/base/raw_logging_internal/raw_logging.o
[0/2218] 0.90s S CXX obj/third_party/abseil-cpp/absl/container/raw_hash_set/raw_hash_set.o
[0/2216] 0.90s S CXX clang_x64/obj/third_party/abseil-cpp/absl/base/base/cycleclock.o
[0/2214] 0.90s S CXX clang_x64/obj/buildtools/third_party/libc++abi/libc++abi/cxa_guard.o
[0/2195] 0.92s S ACTION //:angle_program_version_id(//build/toolchain/android:android_clang_arm)
[0/2214] 0.90s S CXX obj/third_party/abseil-cpp/absl/strings/internal/ostringstream.o
[0/2210] 0.91s S CXX clang_x64/obj/third_party/protobuf/protobuf_lite_library/coded_stream.o
[0/2210] 0.91s S CXX obj/third_party/abseil-cpp/absl/debugging/decode_rust_punycode/decode_rust_punycode.o
[0/2195] 0.92s F CXX clang_x64/obj/third_party/abseil-cpp/absl/random/internal/randen/randen.o
[0/2208] 0.91s S CXX clang_x64/obj/third_party/protobuf/protobuf_lite_library/implicit_weak_message.o
[0/2208] 0.91s S CXX obj/third_party/abseil-cpp/absl/hash/city/city.o
[0/2208] 0.91s S CXX obj/third_party/abseil-cpp/absl/types/source_location/source_location.o
[0/2210] 0.91s S CXX clang_x64/obj/third_party/protobuf/protobuf_lite_library/inlined_string_field.o
[0/2208] 0.91s S CXX obj/third_party/abseil-cpp/absl/debugging/demangle_rust/demangle_rust.o
[0/2222] 0.90s S CXX obj/third_party/abseil-cpp/absl/synchronization/graphcycles_internal/graphcycles.o
[0/2208] 0.91s S CXX obj/third_party/abseil-cpp/absl/base/tracing_internal/tracing.o
[0/2208] 0.91s S CXX clang_x64/obj/third_party/protobuf/protobuf_lite_library/generated_enum_util.o
[0/2208] 0.91s S CXX obj/third_party/abseil-cpp/absl/strings/cordz_functions/cordz_functions.o
[0/2208] 0.91s S CXX clang_x64/obj/third_party/protobuf/protobuf_lite_library/arenaz_sampler.o
[0/2208] 0.91s S CXX clang_x64/obj/third_party/protobuf/protobuf_lite_library/extension_set.o
[1/2180] 0.93s S CXX clang_x64/obj/third_party/protobuf/protoc/main.o
[0/2206] 0.91s S CXX clang_x64/obj/third_party/protobuf/protobuf_lite_library/arenastring.o
[0/2206] 0.91s S CXX obj/third_party/abseil-cpp/absl/strings/cordz_handle/cordz_handle.o
[0/2206] 0.91s S CXX clang_x64/obj/third_party/protobuf/protobuf_lite_library/arena_allocation_policy.o
[0/2206] 0.91s S CXX obj/third_party/abseil-cpp/absl/base/cpu_detect/cpu_detect.o
[0/2205] 0.91s S CXX clang_x64/obj/third_party/protobuf/protobuf_lite_library/arena_align.o
[0/2205] 0.91s S CXX obj/third_party/abseil-cpp/absl/base/malloc_internal/low_level_alloc.o
[0/2205] 0.91s S CXX obj/third_party/abseil-cpp/absl/base/log_severity/log_severity.o
[1/2180] 0.94s S CXX clang_x64/obj/third_party/abseil-cpp/absl/time/internal/cctz/time_zone/time_zone_posix.o
[0/2205] 0.91s S CXX obj/third_party/abseil-cpp/absl/time/internal/cctz/civil_time/civil_time_detail.o
[0/2205] 0.91s S CXX obj/third_party/abseil-cpp/absl/crc/crc_cord_state/crc_cord_state.o
[0/2203] 0.92s S CXX obj/third_party/abseil-cpp/absl/base/throw_delegate/throw_delegate.o
[0/2219] 0.90s S CXX clang_x64/obj/third_party/abseil-cpp/absl/base/throw_delegate/throw_delegate.o
[0/2195] 0.92s S CXX clang_x64/obj/buildtools/third_party/libc++abi/libc++abi/stdlib_typeinfo.o
[0/2195] 0.92s S CXX clang_x64/obj/buildtools/third_party/libc++abi/libc++abi/stdlib_stdexcept.o
[0/2205] 0.91s S CXX clang_x64/obj/third_party/abseil-cpp/absl/status/status/status_internal.o
[0/2195] 0.92s S CXX clang_x64/obj/buildtools/third_party/libc++abi/libc++abi/private_typeinfo.o
[0/2195] 0.92s S CXX clang_x64/obj/buildtools/third_party/libc++abi/libc++abi/fallback_malloc.o
[0/2195] 0.92s S CXX clang_x64/obj/buildtools/third_party/libc++abi/libc++abi/cxa_virtual.o
[0/2195] 0.92s S CXX clang_x64/obj/buildtools/third_party/libc++abi/libc++abi/cxa_vector.o
[0/2205] 0.91s S CXX clang_x64/obj/third_party/abseil-cpp/absl/status/status/status_payload_printer.o
[0/2195] 0.92s S CXX clang_x64/obj/buildtools/third_party/libc++abi/libc++abi/cxa_personality.o
[0/2195] 0.92s S CXX clang_x64/obj/buildtools/third_party/libc++abi/libc++abi/cxa_handlers.o
[0/2195] 0.92s S CXX clang_x64/obj/buildtools/third_party/libc++abi/libc++abi/cxa_exception_storage.o
[0/2195] 0.92s S CXX clang_x64/obj/buildtools/third_party/libc++abi/libc++abi/stdlib_exception.o
[0/2216] 0.90s S CXX obj/third_party/abseil-cpp/absl/crc/crc32c/crc_memcpy_fallback.o
[0/2208] 0.91s S CXX clang_x64/obj/third_party/protobuf/protobuf_lite_library/generated_message_tctable_lite.o
[1/2195] 0.93s S CXX clang_x64/obj/buildtools/third_party/libc++abi/libc++abi/cxa_aux_runtime.o
[1/2195] 0.93s S CXX clang_x64/obj/buildtools/third_party/libc++abi/libc++abi/abort_message.o
[1/2194] 0.93s S CXX clang_x64/obj/buildtools/third_party/libc++abi/libc++abi/cxa_thread_atexit.o
[1/2194] 0.93s S CXX clang_x64/obj/buildtools/third_party/libc++abi/libc++abi/cxa_demangle.o
[1/2187] 0.93s S ACTION //:angle_commit_id(//build/toolchain/android:android_clang_arm)
[1/2184] 0.93s S CXX obj/src/libANGLE/renderer/vulkan/angle_vk_mem_alloc_wrapper/vk_mem_alloc_wrapper.o
[1/2184] 0.93s S CXX obj/third_party/vulkan_memory_allocator/vulkan_memory_allocator/vma.o
[1/2184] 0.93s S CXX clang_x64/obj/third_party/abseil-cpp/absl/container/hashtablez_sampler/hashtablez_sampler.o
[1/2184] 0.93s S CXX clang_x64/obj/third_party/abseil-cpp/absl/debugging/debugging_internal/address_is_readable.o
[1/2184] 0.93s S CXX clang_x64/obj/third_party/abseil-cpp/absl/time/internal/cctz/time_zone/time_zone_fixed.o
[1/2184] 0.93s S CXX clang_x64/obj/third_party/abseil-cpp/absl/time/internal/cctz/time_zone/zone_info_source.o
[1/2195] 0.93s S CXX clang_x64/obj/buildtools/third_party/libc++abi/libc++abi/cxa_default_handlers.o
[0/2208] 0.91s S CXX clang_x64/obj/third_party/protobuf/protobuf_lite_library/generated_message_util.o
[1/2180] 0.96s S CXX clang_x64/obj/third_party/abseil-cpp/absl/time/internal/cctz/time_zone/time_zone_lookup.o
[1/2184] 0.93s S CXX clang_x64/obj/third_party/abseil-cpp/absl/debugging/debugging_internal/vdso_support.o
[1/2176] 0.96s S CXX clang_x64/obj/third_party/abseil-cpp/absl/time/internal/cctz/time_zone/time_zone_libc.o
[1/2158] 0.96s S CXX clang_x64/obj/third_party/abseil-cpp/absl/time/internal/cctz/time_zone/time_zone_info.o
[1/2118] 0.96s S ACTION //third_party/spirv-tools/src:spvtools_generators_inc(//build/toolchain/android:android_clang_arm)
[1/2118] 0.97s S ACTION //third_party/spirv-tools/src:spvtools_language_header_armexperimentalmloperations(//build/toolchain/android:android_clang_arm)
[1/2118] 0.97s S ACTION //third_party/spirv-tools/src:spvtools_core_tables(//build/toolchain/android:android_clang_arm)
[1/2117] 0.97s S CXX clang_x64/obj/third_party/abseil-cpp/absl/time/internal/cctz/time_zone/time_zone_impl.o
[1/2117] 0.97s S CXX clang_x64/obj/third_party/abseil-cpp/absl/strings/strings/ascii.o
[1/2117] 0.97s S CXX clang_x64/obj/third_party/abseil-cpp/absl/strings/strings/substitute.o
[1/2117] 0.97s S CXX clang_x64/obj/third_party/abseil-cpp/absl/strings/strings/str_split.o
[1/2117] 0.97s S CXX clang_x64/obj/third_party/abseil-cpp/absl/strings/strings/str_replace.o
[1/2117] 0.97s S CXX clang_x64/obj/third_party/abseil-cpp/absl/time/internal/cctz/time_zone/time_zone_if.o
[1/2117] 0.97s S CXX clang_x64/obj/third_party/abseil-cpp/absl/strings/strings/str_cat.o
[1/2117] 0.97s S CXX clang_x64/obj/third_party/abseil-cpp/absl/time/time/civil_time.o
[1/2117] 0.97s S CXX clang_x64/obj/third_party/abseil-cpp/absl/strings/strings/numbers.o
[1/2117] 0.98s S CXX clang_x64/obj/third_party/abseil-cpp/absl/strings/strings/match.o
[1/2117] 0.98s S CXX clang_x64/obj/third_party/abseil-cpp/absl/strings/strings/stringify_sink.o
[1/2117] 0.98s S CXX clang_x64/obj/third_party/abseil-cpp/absl/time/time/time.o
[1/2117] 0.98s S CXX clang_x64/obj/third_party/abseil-cpp/absl/strings/strings/memutil.o
[1/2117] 0.98s S CXX clang_x64/obj/third_party/abseil-cpp/absl/time/time/format.o
[1/2117] 0.98s S CXX clang_x64/obj/third_party/abseil-cpp/absl/strings/strings/damerau_levenshtein_distance.o
[1/2117] 0.98s S CXX clang_x64/obj/third_party/abseil-cpp/absl/time/time/duration.o
[1/2117] 0.98s S CXX clang_x64/obj/third_party/abseil-cpp/absl/synchronization/synchronization/barrier.o
[1/2117] 0.98s S CXX clang_x64/obj/third_party/abseil-cpp/absl/synchronization/synchronization/notification.o
[1/2117] 0.98s S CXX clang_x64/obj/third_party/abseil-cpp/absl/synchronization/synchronization/mutex.o
[1/2117] 0.98s S CXX clang_x64/obj/third_party/abseil-cpp/absl/strings/strings/charconv_parse.o
[1/2117] 0.98s S CXX clang_x64/obj/third_party/abseil-cpp/absl/strings/strings/charconv_bigint.o
[1/2117] 0.98s S CXX clang_x64/obj/third_party/abseil-cpp/absl/strings/strings/escaping.o
[1/2117] 0.98s S CXX clang_x64/obj/third_party/abseil-cpp/absl/base/base/casts.o
[1/2117] 0.99s S CXX clang_x64/obj/third_party/abseil-cpp/absl/base/base/unscaledcycleclock.o
[1/2117] 0.99s S CXX clang_x64/obj/third_party/abseil-cpp/absl/base/base/thread_identity.o
[1/2117] 0.99s S CXX clang_x64/obj/third_party/abseil-cpp/absl/base/base/sysinfo.o
[1/2117] 0.99s S CXX clang_x64/obj/third_party/abseil-cpp/absl/base/base/spinlock.o
[1/2117] 0.99s S CXX clang_x64/obj/third_party/abseil-cpp/absl/synchronization/synchronization/win32_waiter.o
[1/2117] 0.99s S CXX obj/third_party/abseil-cpp/absl/strings/strings/stringify_sink.o
[1/2117] 0.99s S CXX obj/third_party/abseil-cpp/absl/strings/strings/memutil.o
[1/2117] 1.00s S CXX obj/third_party/abseil-cpp/absl/strings/strings/damerau_levenshtein_distance.o
[1/2117] 1.00s S CXX obj/third_party/abseil-cpp/absl/strings/strings/charconv_parse.o
[1/2117] 1.00s S CXX obj/third_party/abseil-cpp/absl/strings/strings/charconv_bigint.o
[1/2117] 1.00s S CXX obj/third_party/abseil-cpp/absl/strings/strings/escaping.o
[1/2117] 1.00s S CXX clang_x64/obj/third_party/abseil-cpp/absl/synchronization/synchronization/waiter_base.o
[1/2117] 1.00s S CXX obj/third_party/abseil-cpp/absl/strings/cord_internal/cord_rep_crc.o
[1/2117] 1.00s S CXX obj/third_party/abseil-cpp/absl/strings/cord_internal/cord_internal.o
[1/2117] 1.01s S CXX obj/third_party/abseil-cpp/absl/synchronization/synchronization/notification.o
[1/2117] 1.01s S CXX obj/third_party/abseil-cpp/absl/strings/cord_internal/cord_rep_btree_reader.o
[1/2117] 1.01s S CXX obj/third_party/abseil-cpp/absl/strings/cord_internal/cord_rep_btree_navigator.o
[1/2117] 1.01s S CXX obj/third_party/abseil-cpp/absl/synchronization/synchronization/barrier.o
[1/2117] 1.01s S CXX obj/third_party/abseil-cpp/absl/synchronization/synchronization/mutex.o
[1/2117] 1.01s S CXX obj/third_party/abseil-cpp/absl/synchronization/synchronization/win32_waiter.o
[1/2117] 1.03s S CXX obj/third_party/abseil-cpp/absl/synchronization/synchronization/waiter_base.o
[1/2117] 1.03s S CXX obj/third_party/abseil-cpp/absl/synchronization/synchronization/stdcpp_waiter.o
[1/2117] 1.03s S CXX obj/third_party/abseil-cpp/absl/synchronization/synchronization/sem_waiter.o
[1/2117] 1.03s S CXX obj/third_party/abseil-cpp/absl/synchronization/synchronization/pthread_waiter.o
[1/2117] 1.04s S CXX obj/third_party/abseil-cpp/absl/synchronization/synchronization/per_thread_sem.o
[1/2117] 1.04s S CXX obj/third_party/abseil-cpp/absl/synchronization/synchronization/futex_waiter.o
[1/2117] 1.04s S CXX obj/third_party/abseil-cpp/absl/synchronization/synchronization/create_thread_identity.o
[1/2116] 1.04s S CXX obj/third_party/abseil-cpp/absl/crc/crc32c/crc32c.o
[1/2116] 1.05s S CXX obj/third_party/abseil-cpp/absl/crc/crc32c/crc_non_temporal_memcpy.o
[1/2116] 1.05s S CXX obj/third_party/abseil-cpp/absl/crc/crc32c/crc_memcpy_x86_arm_combined.o
[1/2116] 1.05s S CXX obj/third_party/abseil-cpp/absl/strings/internal/escaping.o
[1/2116] 1.05s S CXX obj/third_party/abseil-cpp/absl/strings/internal/utf8.o
[1/2116] 1.07s S CXX obj/buildtools/third_party/libc++/libc++/new_helpers.o
[1/2116] 1.07s S CXX clang_x64/obj/third_party/protobuf/protobuf_full_library/delimited_message_util.o
[1/2116] 1.07s S CXX clang_x64/obj/third_party/protobuf/protoc_cpp/enum_field.o
[1/2116] 1.07s S CXX clang_x64/obj/third_party/protobuf/protobuf_full_library/field_comparator.o
[1/2116] 1.07s S CXX clang_x64/obj/third_party/protobuf/protoc_cpp/field_chunk.o
[1/2116] 1.07s S CXX clang_x64/obj/third_party/protobuf/protobuf_full_library/message_differencer.o
[1/2116] 1.07s S CXX clang_x64/obj/third_party/protobuf/protoc_java/internal_helpers.o
[1/2116] 1.07s S CXX clang_x64/obj/third_party/protobuf/protoc_cpp/map_field.o
[1/2116] 1.07s S CXX clang_x64/obj/third_party/protobuf/protoc_java/shared_code_generator.o
[1/2116] 1.07s S CXX clang_x64/obj/buildtools/third_party/libc++/libc++/ios.o
[1/2116] 1.07s S CXX clang_x64/obj/third_party/abseil-cpp/absl/synchronization/synchronization/stdcpp_waiter.o
[1/2116] 1.07s S CXX clang_x64/obj/third_party/protobuf/protoc_cpp/primitive_field.o
[1/2116] 1.07s S CXX clang_x64/obj/third_party/abseil-cpp/absl/synchronization/synchronization/sem_waiter.o
[1/2116] 1.07s S CXX clang_x64/obj/buildtools/third_party/libc++/libc++/ios.instantiations.o
[1/2116] 1.07s S CXX clang_x64/obj/third_party/abseil-cpp/absl/synchronization/synchronization/pthread_waiter.o
[1/2116] 1.07s S CXX clang_x64/obj/buildtools/third_party/libc++/libc++/operations.o
[1/2116] 1.07s S CXX clang_x64/obj/third_party/protobuf/protobuf_full_library/wire_format.o
[1/2116] 1.07s S CXX clang_x64/obj/third_party/protobuf/protoc_java/java_features.pb.o
[1/2116] 1.07s S CXX clang_x64/obj/buildtools/third_party/libc++/libc++/algorithm.o
[1/2116] 1.07s S CXX clang_x64/obj/buildtools/third_party/libc++/libc++/any.o
[1/2116] 1.08s S CXX clang_x64/obj/buildtools/third_party/libc++/libc++/atomic.o
[1/2116] 1.08s S CXX clang_x64/obj/buildtools/third_party/libc++/libc++/barrier.o
[1/2116] 1.08s S CXX clang_x64/obj/third_party/abseil-cpp/absl/synchronization/synchronization/per_thread_sem.o
[1/2116] 1.08s S CXX clang_x64/obj/buildtools/third_party/libc++/libc++/bind.o
[1/2116] 1.08s S CXX clang_x64/obj/third_party/abseil-cpp/absl/synchronization/synchronization/futex_waiter.o
[1/2116] 1.08s S CXX clang_x64/obj/buildtools/third_party/libc++/libc++/locale.o
[1/2116] 1.08s S CXX clang_x64/obj/third_party/protobuf/protoc_java_lite/enum.o
[1/2116] 1.08s S CXX clang_x64/obj/third_party/abseil-cpp/absl/synchronization/synchronization/create_thread_identity.o
[1/2116] 1.08s S CXX clang_x64/obj/third_party/protobuf/protoc_cpp/file.o
[1/2116] 1.12s S CXX clang_x64/obj/third_party/protobuf/protoc_java_full/service.o
[1/2116] 1.08s S CXX clang_x64/obj/third_party/abseil-cpp/absl/crc/crc_internal/crc.o
[1/2116] 1.08s S CXX clang_x64/obj/third_party/protobuf/protoc_cpp/generator.o
[1/2116] 1.08s S CXX clang_x64/obj/buildtools/third_party/libc++/libc++/charconv.o
[1/2116] 1.08s S CXX clang_x64/obj/buildtools/third_party/libc++/libc++/call_once.o
[1/2116] 1.08s S CXX clang_x64/obj/third_party/protobuf/protoc_cpp/helpers.o
[1/2116] 1.08s S CXX clang_x64/obj/buildtools/third_party/libc++/libc++/chrono.o
[1/2116] 1.12s S CXX clang_x64/obj/buildtools/third_party/libc++/libc++/error_category.o
[1/2116] 1.08s S CXX clang_x64/obj/third_party/protobuf/protoc_java/file.o
[1/2116] 1.08s S CXX clang_x64/obj/buildtools/third_party/libc++/libc++/memory.o
[1/2116] 1.08s S CXX clang_x64/obj/third_party/protobuf/protoc_cpp/message_field.o
[1/2116] 1.08s S CXX clang_x64/obj/third_party/protobuf/protoc_java_lite/generator_factory.o
[1/2116] 1.08s S CXX clang_x64/obj/third_party/protobuf/protoc_cpp/message.o
[1/2116] 1.12s S CXX clang_x64/obj/third_party/protobuf/protoc_java_full/enum_field.o
[1/2116] 1.08s S CXX clang_x64/obj/third_party/protobuf/protoc_java/doc_comment.o
[1/2116] 1.08s S CXX clang_x64/obj/third_party/protobuf/protoc_java_lite/string_field.o
[1/2116] 1.08s S CXX clang_x64/obj/third_party/protobuf/protoc_java_lite/primitive_field.o
[1/2116] 1.08s S CXX clang_x64/obj/third_party/protobuf/protoc_java_lite/message_field.o
[1/2116] 1.08s S CXX clang_x64/obj/buildtools/third_party/libc++/libc++/path.o
[1/2116] 1.08s S CXX clang_x64/obj/third_party/protobuf/protoc_java_lite/make_field_gens.o
[1/2116] 1.08s S CXX clang_x64/obj/third_party/protobuf/protoc_java_lite/message.o
[1/2116] 1.08s S CXX clang_x64/obj/buildtools/third_party/libc++/libc++/functional.o
[1/2116] 1.08s S CXX clang_x64/obj/third_party/protobuf/protoc_java/message_serialization.o
[1/2116] 1.08s S CXX clang_x64/obj/third_party/protobuf/protoc_java_lite/map_field.o
[1/2116] 1.08s S CXX clang_x64/obj/third_party/protobuf/protoc_java/name_resolver.o
[1/2116] 1.08s S CXX clang_x64/obj/third_party/protobuf/protoc_java_lite/extension.o
[1/2116] 1.08s S CXX clang_x64/obj/buildtools/third_party/libc++/libc++/mutex.o
[1/2116] 1.08s S CXX clang_x64/obj/buildtools/third_party/libc++/libc++/iostream.o
[1/2116] 1.08s S CXX clang_x64/obj/buildtools/third_party/libc++/libc++/condition_variable.o
[1/2116] 1.08s S CXX clang_x64/obj/buildtools/third_party/libc++/libc++/mutex_destructor.o
[1/2116] 1.08s S CXX clang_x64/obj/buildtools/third_party/libc++/libc++/new_handler.o
[1/2116] 1.08s S CXX clang_x64/obj/buildtools/third_party/libc++/libc++/new_helpers.o
[1/2116] 1.08s S CXX clang_x64/obj/third_party/protobuf/protoc_cpp/service.o
[1/2116] 1.08s S CXX clang_x64/obj/buildtools/third_party/libc++/libc++/random.o
[1/2116] 1.08s S CXX obj/third_party/abseil-cpp/absl/strings/strings/str_split.o
[1/2116] 1.09s S CXX clang_x64/obj/third_party/protobuf/protoc_java_lite/enum_field.o
[1/2116] 1.09s S CXX clang_x64/obj/third_party/protobuf/protoc_java_lite/message_builder.o
[1/2116] 1.09s S CXX clang_x64/obj/third_party/abseil-cpp/absl/crc/crc32c/crc_memcpy_x86_arm_combined.o
[1/2116] 1.09s S CXX clang_x64/obj/third_party/abseil-cpp/absl/strings/cord_internal/cord_internal.o
[1/2116] 1.09s S CXX clang_x64/obj/third_party/abseil-cpp/absl/strings/cord_internal/cord_rep_crc.o
[1/2116] 1.15s S CXX obj/third_party/abseil-cpp/absl/strings/str_format_internal/parser.o
[1/2116] 1.09s S CXX clang_x64/obj/third_party/abseil-cpp/absl/strings/cord_internal/cord_rep_btree_reader.o
[1/2116] 1.09s S CXX clang_x64/obj/third_party/abseil-cpp/absl/strings/cord/cord.o
[1/2116] 1.09s S CXX clang_x64/obj/third_party/abseil-cpp/absl/strings/cord_internal/cord_rep_btree_navigator.o
[1/2116] 1.09s S CXX obj/third_party/abseil-cpp/absl/container/hashtablez_sampler/hashtablez_sampler.o
[1/2116] 1.09s S CXX obj/third_party/abseil-cpp/absl/debugging/debugging_internal/address_is_readable.o
[1/2116] 1.09s S CXX obj/third_party/abseil-cpp/absl/debugging/debugging_internal/vdso_support.o
[1/2116] 1.09s S CXX obj/third_party/abseil-cpp/absl/strings/strings/ascii.o
[1/2116] 1.09s S CXX obj/third_party/abseil-cpp/absl/strings/strings/substitute.o
[1/2116] 1.09s S CXX clang_x64/obj/third_party/abseil-cpp/absl/strings/cord_internal/cord_rep_consume.o
[1/2116] 1.09s S CXX clang_x64/obj/buildtools/third_party/libc++/libc++/random_shuffle.o
[1/2116] 1.09s S CXX clang_x64/obj/buildtools/third_party/libc++/libc++/regex.o
[1/2116] 1.09s S CXX obj/third_party/abseil-cpp/absl/strings/strings/str_cat.o
[1/2116] 1.09s S CXX clang_x64/obj/buildtools/third_party/libc++/libc++/d2fixed.o
[1/2116] 1.09s S CXX obj/third_party/abseil-cpp/absl/strings/strings/numbers.o
[1/2116] 1.09s S CXX obj/third_party/abseil-cpp/absl/strings/strings/str_replace.o
[1/2116] 1.09s S CXX obj/third_party/abseil-cpp/absl/strings/strings/match.o
[1/2116] 1.09s S CXX obj/third_party/abseil-cpp/absl/base/base/thread_identity.o
[1/2116] 1.09s S CXX clang_x64/obj/buildtools/third_party/libc++/libc++/d2s.o
[1/2116] 1.09s S CXX obj/third_party/abseil-cpp/absl/numeric/int128/int128.o
[1/2116] 1.09s S CXX clang_x64/obj/buildtools/third_party/libc++/libc++/f2s.o
[1/2116] 1.09s S CXX clang_x64/obj/third_party/abseil-cpp/absl/base/spinlock_wait/spinlock_wait.o
[1/2116] 1.10s S CXX clang_x64/obj/buildtools/third_party/libc++/libc++/stdexcept.o
[1/2116] 1.10s S CXX clang_x64/obj/third_party/protobuf/protobuf_full_library/any.o
[1/2116] 1.10s S CXX clang_x64/obj/third_party/protobuf/protobuf_full_library/parser.o
[1/2116] 1.10s S CXX clang_x64/obj/buildtools/third_party/libc++/libc++/string.o
[1/2116] 1.10s S CXX clang_x64/obj/third_party/protobuf/protobuf_full_library/cpp_features.pb.o
[1/2116] 1.10s S CXX obj/third_party/abseil-cpp/absl/hash/hash/hash.o
[1/2116] 1.10s S CXX clang_x64/obj/buildtools/third_party/libc++/libc++/strstream.o
[1/2116] 1.10s S CXX clang_x64/obj/buildtools/third_party/libc++/libc++/shared_mutex.o
[1/2116] 1.10s S CXX clang_x64/obj/third_party/protobuf/protobuf_full_library/cpp_file_options.pb.o
[1/2116] 1.10s S CXX clang_x64/obj/third_party/protobuf/protobuf_full_library/descriptor.o
[1/2116] 1.10s S CXX clang_x64/obj/third_party/protobuf/protobuf_full_library/descriptor.pb.o
[1/2116] 1.10s S CXX clang_x64/obj/third_party/protobuf/protobuf_full_library/descriptor_database.o
[1/2116] 1.17s S CXX obj/third_party/abseil-cpp/absl/time/time/format.o
[1/2116] 1.10s S CXX clang_x64/obj/third_party/protobuf/protobuf_full_library/extension_set_heavy.o
[1/2116] 1.10s S CXX clang_x64/obj/third_party/protobuf/protobuf_full_library/feature_resolver.o
[1/2116] 1.10s S CXX clang_x64/obj/third_party/protobuf/protobuf_full_library/dynamic_message.o
[1/2116] 1.10s S CXX clang_x64/obj/third_party/protobuf/protobuf_full_library/generated_message_bases.o
[1/2116] 1.17s S CXX obj/buildtools/third_party/libc++/libc++/thread.o
[1/2116] 1.10s S CXX clang_x64/obj/buildtools/third_party/libc++/libc++/directory_entry.o
[1/2116] 1.10s S CXX clang_x64/obj/third_party/protobuf/protobuf_full_library/generated_message_tctable_full.o
[1/2116] 1.10s S CXX clang_x64/obj/third_party/protobuf/protoc_lib/subprocess.o
[1/2116] 1.10s S CXX clang_x64/obj/third_party/protobuf/protobuf_full_library/internal_feature_helper.o
[1/2116] 1.10s S CXX clang_x64/obj/third_party/protobuf/protobuf_full_library/map_field.o
[1/2116] 1.10s S CXX clang_x64/obj/third_party/protobuf/protobuf_full_library/naming_style.o
[1/2116] 1.10s S CXX clang_x64/obj/third_party/protobuf/protobuf_full_library/generated_message_reflection.o
[1/2116] 1.10s S CXX clang_x64/obj/third_party/protobuf/protobuf_full_library/reflection_mode.o
[1/2116] 1.10s S CXX clang_x64/obj/third_party/protobuf/protobuf_full_library/json_enumvalue_options.pb.o
[1/2116] 1.10s S CXX clang_x64/obj/buildtools/third_party/libc++/libc++/system_error.o
[1/2116] 1.10s S CXX clang_x64/obj/third_party/protobuf/protobuf_full_library/generated_message_tctable_gen.o
[1/2116] 1.10s S CXX clang_x64/obj/third_party/protobuf/protobuf_full_library/message.o
[1/2116] 1.10s S CXX clang_x64/obj/buildtools/third_party/libc++/libc++/thread.o
[1/2116] 1.10s S CXX clang_x64/obj/third_party/protobuf/protobuf_full_library/symbol_checker.o
[1/2116] 1.10s S CXX clang_x64/obj/third_party/protobuf/protobuf_full_library/text_format.o
[1/2116] 1.10s S CXX clang_x64/obj/third_party/protobuf/protobuf_full_library/unknown_field_set.o
[1/2116] 1.10s S CXX clang_x64/obj/third_party/protobuf/protobuf_full_library/reflection_ops.o
[1/2116] 1.10s S CXX clang_x64/obj/third_party/protobuf/protoc_lib/code_generator_lite.o
[1/2116] 1.10s S CXX clang_x64/obj/third_party/protobuf/protoc_lib/command_line_interface.o
[1/2116] 1.10s S CXX clang_x64/obj/third_party/protobuf/protoc_lib/code_generator.o
[1/2116] 1.10s S CXX clang_x64/obj/third_party/protobuf/protoc_lib/plugin.pb.o
[1/2116] 1.10s S CXX clang_x64/obj/third_party/protobuf/protoc_cpp/namespace_printer.o
[1/2116] 1.10s S CXX clang_x64/obj/third_party/protobuf/protoc_cpp/tracker.o
[1/2116] 1.10s S CXX clang_x64/obj/third_party/protobuf/protoc_lib/plugin.o
[1/2116] 1.10s S CXX clang_x64/obj/third_party/protobuf/protoc_cpp/extension.o
[1/2116] 1.10s S CXX clang_x64/obj/third_party/protobuf/protoc_cpp/field.o
[1/2116] 1.10s S CXX clang_x64/obj/third_party/protobuf/protoc_cpp/enum.o
[1/2116] 1.10s S CXX clang_x64/obj/third_party/protobuf/protoc_cpp/parse_function_generator.o
[1/2116] 1.10s S CXX clang_x64/obj/third_party/protobuf/protoc_cpp/cord_field.o
[1/2116] 1.10s S CXX clang_x64/obj/third_party/protobuf/protoc_java/names.o
[1/2116] 1.10s S CXX clang_x64/obj/third_party/protobuf/protoc_java_full/enum.o
[1/2116] 1.10s S CXX clang_x64/obj/buildtools/third_party/libc++/libc++/typeinfo.o
[1/2116] 1.10s S CXX clang_x64/obj/third_party/protobuf/protobuf_full_library/service.o
[1/2116] 1.20s S CC obj/buildtools/third_party/libunwind/libunwind/UnwindLevel1-gcc-ext.o
[1/2116] 1.10s S CXX clang_x64/obj/buildtools/third_party/libc++/libc++/variant.o
[1/2116] 1.10s S CXX clang_x64/obj/third_party/protobuf/protoc_java_full/generator_factory.o
[1/2116] 1.10s S CXX clang_x64/obj/third_party/protobuf/protoc_java_full/extension.o
[1/2116] 1.10s S CXX clang_x64/obj/buildtools/third_party/libc++/libc++/vector.o
[1/2116] 1.21s S CC obj/third_party/zlib/zlib/compress.o
[1/2116] 1.10s S CXX clang_x64/obj/third_party/protobuf/protoc_cpp/message_layout_helper.o
[1/2116] 1.10s S CXX clang_x64/obj/third_party/protobuf/protoc_java_full/make_field_gens.o
[1/2116] 1.10s S CXX clang_x64/obj/buildtools/third_party/libc++/libc++/verbose_abort.o
[1/2116] 1.10s S CXX clang_x64/obj/third_party/protobuf/protoc_java_full/map_field.o
[1/2116] 1.10s S CXX clang_x64/obj/third_party/protobuf/protoc_java_full/message.o
[1/2116] 1.10s S CXX clang_x64/obj/buildtools/third_party/libc++/libc++/new.o
[1/2116] 1.10s S CXX clang_x64/obj/buildtools/third_party/libc++/libc++/condition_variable_destructor.o
[1/2116] 1.12s S CC obj/third_party/cpu_features/cpuinfo/hwcaps.o
[1/2116] 1.12s S CXX clang_x64/obj/third_party/protobuf/protoc_cpp/string_view_field.o
[1/2116] 1.12s S CXX clang_x64/obj/third_party/protobuf/protoc_java_full/message_field.o
[1/2116] 1.14s S CC obj/third_party/zlib/zlib/crc32.o
[1/2116] 1.14s S CXX clang_x64/obj/third_party/protobuf/protoc_java/context.o
[1/2116] 1.14s S CXX clang_x64/obj/third_party/protobuf/protoc_python/generator.o
[1/2116] 1.08s S CXX clang_x64/obj/third_party/abseil-cpp/absl/crc/crc32c/crc32c.o
[1/2116] 1.14s S CXX clang_x64/obj/third_party/protobuf/protoc_python/helpers.o
[1/2116] 1.14s S CXX clang_x64/obj/buildtools/third_party/libc++/libc++/directory_iterator.o
[1/2116] 1.14s S CXX clang_x64/obj/buildtools/third_party/libc++/libc++/optional.o
[1/2116] 1.14s S CXX clang_x64/obj/third_party/protobuf/protoc_java/generator.o
[1/2116] 1.14s S CXX clang_x64/obj/third_party/protobuf/protoc_cpp/field_layout.o
[1/2116] 1.14s S CXX clang_x64/obj/buildtools/third_party/libc++/libc++/filesystem_clock.o
[1/2116] 1.14s S CXX clang_x64/obj/third_party/protobuf/protoc_java/helpers.o
[1/2116] 1.14s S CXX obj/third_party/abseil-cpp/absl/time/internal/cctz/time_zone/time_zone_posix.o
[1/2116] 1.14s S CXX obj/buildtools/third_party/libc++/libc++/valarray.o
[1/2116] 1.14s S CXX clang_x64/obj/third_party/abseil-cpp/absl/crc/crc32c/crc_non_temporal_memcpy.o
[1/2116] 1.08s S CXX clang_x64/obj/buildtools/third_party/libc++/libc++/filesystem_error.o
[1/2116] 1.08s S CXX obj/third_party/abseil-cpp/absl/strings/cord_internal/cord_rep_consume.o
[1/2116] 1.16s S CC obj/third_party/cpu_features/ndk_compat/cpu-features.o
[1/2116] 1.16s S CXX obj/third_party/abseil-cpp/absl/strings/str_format_internal/output.o
[1/2116] 1.16s S CXX obj/third_party/abseil-cpp/absl/time/time/civil_time.o
[1/2116] 1.16s S CXX obj/third_party/abseil-cpp/absl/time/internal/cctz/time_zone/time_zone_fixed.o
[1/2116] 1.16s S CXX obj/third_party/abseil-cpp/absl/time/time/clock.o
[1/2116] 1.16s S CXX obj/third_party/abseil-cpp/absl/base/base/casts.o
[1/2116] 1.16s S CXX obj/third_party/abseil-cpp/absl/time/internal/cctz/time_zone/time_zone_format.o
[1/2116] 1.16s S CXX clang_x64/obj/third_party/protobuf/protoc_python/pyi_generator.o
[1/2116] 1.16s S CXX obj/third_party/abseil-cpp/absl/base/base/cycleclock.o
[1/2116] 1.16s S CXX clang_x64/obj/third_party/protobuf/protobuf_full_library/importer.o
[1/2116] 1.16s S CXX clang_x64/obj/buildtools/third_party/libc++/libc++/hash.o
[1/2116] 1.16s S CXX obj/third_party/abseil-cpp/absl/time/time/duration.o
[1/2116] 1.16s S CXX clang_x64/obj/buildtools/third_party/libc++/libc++/valarray.o
[1/2116] 1.16s S CXX obj/third_party/abseil-cpp/absl/strings/cord/cord.o
[1/2116] 1.23s S CXX obj/buildtools/third_party/libc++/libc++/stdexcept.o
[1/2116] 1.09s S CXX clang_x64/obj/third_party/protobuf/protoc_lib/retention.o
[1/2116] 1.10s S CXX clang_x64/obj/third_party/protobuf/protobuf_full_library/symbol.o
[1/2116] 1.18s S CXX obj/third_party/abseil-cpp/absl/time/internal/cctz/time_zone/time_zone_if.o
[1/2116] 1.18s S CXX obj/third_party/abseil-cpp/absl/strings/cord/cord_analysis.o
[1/2116] 1.18s S CXX obj/third_party/abseil-cpp/absl/base/base/spinlock.o
[1/2116] 1.18s S CXX obj/third_party/abseil-cpp/absl/base/base/unscaledcycleclock.o
[1/2116] 1.24s S CXX clang_x64/obj/buildtools/third_party/libc++/libc++/exception.o
[1/2116] 1.18s S CXX obj/third_party/abseil-cpp/absl/crc/crc_internal/crc_x86_arm_combined.o
[1/2116] 1.18s S CXX obj/third_party/abseil-cpp/absl/debugging/symbolize/symbolize.o
[1/2116] 1.18s S CXX clang_x64/obj/third_party/protobuf/protoc_java_full/string_field.o
[1/2116] 1.19s S CXX obj/third_party/abseil-cpp/absl/time/internal/cctz/time_zone/time_zone_info.o
[1/2116] 1.18s S CXX obj/third_party/abseil-cpp/absl/base/base/sysinfo.o
[1/2116] 1.19s S CXX obj/buildtools/third_party/libc++/libc++/mutex_destructor.o
[1/2116] 1.19s S CXX obj/third_party/abseil-cpp/absl/time/internal/cctz/time_zone/time_zone_impl.o
[1/2116] 1.24s F CXX clang_x64/obj/third_party/abseil-cpp/absl/random/internal/randen_hwaes/randen_detect.o
[1/2116] 1.19s S CXX clang_x64/obj/third_party/protobuf/protoc_lib/zip_writer.o
[1/2116] 1.19s S CXX clang_x64/obj/third_party/protobuf/protoc_java_full/message_builder.o
[1/2116] 1.19s S CXX clang_x64/obj/third_party/protobuf/protoc_lib/versions.o
[1/2116] 1.19s S CXX obj/third_party/abseil-cpp/absl/strings/str_format_internal/bind.o
[1/2116] 1.19s S CXX obj/third_party/abseil-cpp/absl/strings/str_format_internal/extension.o
[1/2116] 1.19s S CXX obj/third_party/abseil-cpp/absl/strings/str_format_internal/float_conversion.o
[1/2116] 1.19s S CC obj/third_party/zlib/zlib_data_chunk_simd/inflate.o
[1/2116] 1.19s S CXX obj/buildtools/third_party/libc++abi/libc++abi/abort_message.o
[1/2116] 1.19s S CC obj/third_party/zlib/zlib/zutil.o
[1/2116] 1.19s S CC obj/third_party/zlib/zlib_data_chunk_simd/inffast_chunk.o
[1/2116] 1.19s S CXX obj/third_party/abseil-cpp/absl/time/internal/cctz/time_zone/time_zone_libc.o
[1/2116] 1.10s S CXX clang_x64/obj/buildtools/third_party/libc++/libc++/future.o
[1/2116] 1.19s S CXX obj/third_party/abseil-cpp/absl/strings/str_format_internal/arg.o
[1/2116] 1.19s S CXX clang_x64/obj/third_party/protobuf/protoc_java_full/primitive_field.o
[1/2116] 1.19s S CC obj/third_party/cpu_features/cpuinfo/stack_line_reader.o
[1/2116] 1.19s S CXX obj/buildtools/third_party/libc++abi/libc++abi/private_typeinfo.o
[1/2116] 1.19s S CXX obj/buildtools/third_party/libc++abi/libc++abi/stdlib_exception.o
[1/2116] 1.19s S CC obj/third_party/cpu_features/cpuinfo/string_view.o
[1/2116] 1.19s S CC obj/buildtools/third_party/libunwind/libunwind/UnwindLevel1.o
[1/2116] 1.19s S CXX obj/buildtools/third_party/libc++abi/libc++abi/stdlib_stdexcept.o
[1/2116] 1.19s S CXX obj/buildtools/third_party/libc++abi/libc++abi/stdlib_typeinfo.o
[1/2116] 1.19s S CC obj/third_party/cpu_features/cpuinfo/impl_arm_linux_or_android.o
[1/2116] 1.19s S CXX obj/buildtools/third_party/libc++abi/libc++abi/cxa_guard.o
[1/2116] 1.19s S CXX obj/buildtools/third_party/libc++abi/libc++abi/cxa_demangle_stub.o
[1/2116] 1.19s S CXX obj/buildtools/third_party/libunwind/libunwind/Unwind-EHABI.o
[1/2116] 1.19s S CXX obj/buildtools/third_party/libc++abi/libc++abi/cxa_virtual.o
[1/2116] 1.19s S CXX obj/buildtools/third_party/libc++abi/libc++abi/fallback_malloc.o
[1/2116] 1.19s S CXX obj/buildtools/third_party/libunwind/libunwind/libunwind.o
[1/2116] 1.20s S CC obj/buildtools/third_party/libunwind/libunwind/Unwind-sjlj.o
[1/2116] 1.20s S ASM obj/buildtools/third_party/libunwind/libunwind/UnwindRegistersRestore.o
[1/2116] 1.20s S CC obj/third_party/cpu_features/cpuinfo/hwcaps_freebsd_or_openbsd.o
[1/2116] 1.20s S ASM obj/buildtools/third_party/libunwind/libunwind/UnwindRegistersSave.o
[1/2116] 1.20s S CXX obj/buildtools/third_party/libc++abi/libc++abi/cxa_vector.o
[1/2116] 1.20s S CXX obj/buildtools/third_party/libc++abi/libc++abi/cxa_personality.o
[1/2116] 1.20s S CC obj/third_party/zlib/zlib/adler32.o
[1/2116] 1.20s S CXX obj/buildtools/third_party/libc++abi/libc++abi/cxa_thread_atexit.o
[1/2116] 1.20s S CXX obj/buildtools/third_party/libc++abi/libc++abi/cxa_exception_storage.o
[1/2116] 1.20s S CXX obj/buildtools/third_party/libc++abi/libc++abi/cxa_exception.o
[1/2116] 1.21s S CXX obj/buildtools/third_party/libc++abi/libc++abi/cxa_handlers.o
[1/2116] 1.14s S CXX clang_x64/obj/third_party/protobuf/protoc_java/field_common.o
[1/2116] 1.21s S CC obj/third_party/zlib/zlib_adler32_simd/adler32_simd.o
[1/2116] 1.21s S CC obj/third_party/zlib/zlib/cpu_features.o
[1/2116] 1.21s S CC obj/third_party/cpu_features/cpuinfo/hwcaps_linux_or_android.o
[1/2116] 1.10s S CXX clang_x64/obj/third_party/protobuf/protoc_cpp/string_field.o
[1/2116] 1.22s S CC obj/third_party/zlib/zlib_arm_crc32/crc32_simd.o
[1/2116] 1.22s S CC obj/third_party/zlib/zlib/gzlib.o
[1/2116] 1.22s S CC obj/third_party/cpu_features/cpuinfo/filesystem.o
[1/2116] 1.22s S CC obj/third_party/zlib/zlib/infback.o
[1/2116] 1.22s S CC obj/third_party/zlib/zlib/trees.o
[1/2116] 1.22s S CC obj/third_party/zlib/zlib/gzwrite.o
[1/2116] 1.22s S CXX obj/buildtools/third_party/libc++abi/libc++abi/cxa_aux_runtime.o
[1/2116] 1.22s S CXX obj/buildtools/third_party/libc++abi/libc++abi/cxa_default_handlers.o
[1/2116] 1.22s S CC obj/third_party/zlib/zlib/inffast.o
[1/2116] 1.22s S CC obj/third_party/zlib/zlib/inftrees.o
[1/2116] 1.22s S CC obj/third_party/zlib/zlib/gzread.o
[1/2116] 1.23s S CXX obj/buildtools/third_party/libc++/libc++/random.o
[1/2116] 1.23s S CXX obj/buildtools/third_party/libc++/libc++/path.o
[1/2116] 1.23s S CXX obj/buildtools/third_party/libc++/libc++/exception.o
[1/2116] 1.23s S CXX obj/buildtools/third_party/libc++/libc++/chrono.o
[1/2116] 1.23s S CXX obj/buildtools/third_party/libc++/libc++/any.o
[1/2116] 1.23s S CXX obj/buildtools/third_party/libc++/libc++/hash.o
[1/2116] 1.23s S CXX obj/buildtools/third_party/libc++/libc++/locale.o
[1/2116] 1.23s S CXX obj/buildtools/third_party/libc++/libc++/f2s.o
[1/2116] 1.23s S CXX obj/buildtools/third_party/libc++/libc++/regex.o
[1/2116] 1.23s S CXX obj/buildtools/third_party/libc++/libc++/ios.o
[1/2116] 1.23s S CXX obj/buildtools/third_party/libc++/libc++/algorithm.o
[1/2116] 1.23s S CXX obj/buildtools/third_party/libc++/libc++/barrier.o
[1/2116] 1.23s S CXX obj/buildtools/third_party/libc++/libc++/condition_variable.o
[1/2116] 1.23s S CXX obj/buildtools/third_party/libc++/libc++/new.o
[1/2116] 1.23s S CXX obj/buildtools/third_party/libc++/libc++/optional.o
[1/2116] 1.23s S CXX obj/buildtools/third_party/libc++/libc++/shared_mutex.o
[1/2116] 1.23s S CXX obj/buildtools/third_party/libc++/libc++/functional.o
[1/2116] 1.23s S CXX obj/third_party/abseil-cpp/absl/time/internal/cctz/time_zone/zone_info_source.o
[1/2116] 1.23s S CC obj/third_party/zlib/zlib/gzclose.o
[1/2116] 1.23s S CXX obj/buildtools/third_party/libc++/libc++/directory_iterator.o
[1/2116] 1.23s S CXX obj/buildtools/third_party/libc++/libc++/bind.o
[1/2116] 1.23s S CXX obj/buildtools/third_party/libc++/libc++/mutex.o
[1/2116] 1.23s S CXX obj/buildtools/third_party/libc++/libc++/strstream.o
[1/2116] 1.23s S CXX obj/buildtools/third_party/libc++/libc++/vector.o
[1/2116] 1.23s S CXX obj/buildtools/third_party/libc++/libc++/d2fixed.o
[1/2116] 1.23s S CXX obj/buildtools/third_party/libc++/libc++/condition_variable_destructor.o
[1/2116] 1.23s S CXX obj/buildtools/third_party/libc++/libc++/atomic.o
[1/2116] 1.23s S CXX obj/buildtools/third_party/libc++/libc++/random_shuffle.o
[1/2116] 1.23s S CXX obj/buildtools/third_party/libc++/libc++/string.o
[1/2116] 1.23s S CXX obj/buildtools/third_party/libc++/libc++/new_handler.o
[1/2116] 1.23s S CXX obj/buildtools/third_party/libc++/libc++/charconv.o
[1/2116] 1.23s S CXX obj/buildtools/third_party/libc++/libc++/memory.o
[1/2116] 1.23s S CXX obj/buildtools/third_party/libc++/libc++/verbose_abort.o
[1/2116] 1.23s S CXX obj/buildtools/third_party/libc++/libc++/typeinfo.o
[1/2116] 1.23s S CXX obj/buildtools/third_party/libc++/libc++/d2s.o
[1/2116] 1.23s S CXX obj/buildtools/third_party/libc++/libc++/filesystem_clock.o
[1/2116] 1.23s S CXX obj/buildtools/third_party/libc++/libc++/variant.o
[1/2116] 1.18s S CC obj/third_party/zlib/zlib/deflate.o
[1/2116] 1.24s S CXX obj/buildtools/third_party/libc++/libc++/future.o
[1/2116] 1.24s S CXX obj/buildtools/third_party/libc++/libc++/call_once.o
[1/2116] 1.24s S CXX obj/buildtools/third_party/libc++/libc++/ios.instantiations.o
[1/2116] 1.24s S CXX obj/buildtools/third_party/libc++/libc++/filesystem_error.o
[1/2116] 1.24s S CXX obj/third_party/zlib/google/compression_utils_portable/compression_utils_portable.o
[1/2116] 1.24s S CXX obj/buildtools/third_party/libc++/libc++/operations.o
[1/2116] 1.24s S CXX obj/buildtools/third_party/libc++/libc++/error_category.o
[1/2116] 1.22s S CXX obj/buildtools/third_party/libc++/libc++/system_error.o
[1/2116] 1.24s S CXX obj/buildtools/third_party/libc++/libc++/iostream.o
[1/2116] 1.24s S CC obj/src/third_party/volk/volk/volk.o
[1/2116] 1.24s S CXX clang_x64/obj/third_party/protobuf/protoc_cpp/ifndef_guard.o
[1/2116] 1.19s S CXX obj/third_party/abseil-cpp/absl/crc/crc_internal/crc.o
[2/2116] 1.25s S CXX obj/third_party/abseil-cpp/absl/time/time/time.o
[1/2116] 1.19s S CC obj/third_party/zlib/zlib/uncompr.o
[2/2116] 1.36s S CXX obj/third_party/abseil-cpp/absl/time/internal/cctz/time_zone/time_zone_lookup.o
[2/2116] 1.39s S ACTION //third_party/perfetto/gn:gen_buildflags(//build/toolchain/linux:clang_x64)
[2/2116] 1.39s F CXX clang_x64/obj/third_party/abseil-cpp/absl/random/internal/platform/randen_round_keys.o
[3/2114] 1.40s S ACTION //third_party/perfetto/gn:gen_buildflags(//build/toolchain/android:android_clang_arm)
[3/2114] 1.45s F ACTION //third_party/spirv-tools/src:spvtools_language_header_graphdebuginfo(//build/toolchain/android:android_clang_arm)
[4/2113] 1.51s F CXX clang_x64/obj/third_party/abseil-cpp/absl/base/tracing_internal/tracing.o
[5/2112] 1.53s F ACTION //third_party/spirv-tools/src:spvtools_language_header_debuginfo(//build/toolchain/android:android_clang_arm)
[6/2111] 1.65s F ACTION //third_party/spirv-tools/src:spvtools_language_header_debugprintf(//build/toolchain/android:android_clang_arm)
[7/2110] 1.66s F ACTION //third_party/spirv-tools/src:spvtools_language_header_vkdebuginfo(//build/toolchain/android:android_clang_arm)
[8/2109] 1.83s F ACTION //third_party/perfetto/gn:gen_buildflags(//build/toolchain/linux:clang_x64)
[9/2108] 1.83s S CXX clang_x64/obj/third_party/perfetto/src/protozero/protoc_plugin/protozero_plugin/protozero_plugin.o
[9/2108] 1.83s S CXX clang_x64/obj/third_party/perfetto/src/protozero/protoc_plugin/cppgen_plugin/cppgen_plugin.o
[9/2108] 1.83s S CXX clang_x64/obj/third_party/perfetto/src/base/base/string_view.o
[9/2108] 1.83s S CXX clang_x64/obj/third_party/perfetto/src/base/base/string_utils.o
[9/2108] 1.84s S CXX clang_x64/obj/third_party/perfetto/src/base/base/android_utils.o
[9/2108] 1.84s S CXX clang_x64/obj/third_party/perfetto/src/base/perfetto_base_default_platform/default_platform.o
[9/2108] 1.84s S CXX clang_x64/obj/third_party/perfetto/src/base/check_cpu_optimizations/check_cpu_optimizations.o
[9/2108] 1.84s S CXX clang_x64/obj/third_party/perfetto/src/base/base/intrusive_tree.o
[9/2108] 1.84s S CXX clang_x64/obj/third_party/perfetto/src/base/base/status.o
[9/2108] 1.84s S CXX clang_x64/obj/third_party/perfetto/src/base/base/string_splitter.o
[9/2108] 1.84s S CXX clang_x64/obj/third_party/perfetto/src/base/base/scoped_sched_boost.o
[9/2108] 1.84s S CXX clang_x64/obj/third_party/perfetto/src/base/base/intrusive_list.o
[9/2108] 1.84s S CXX clang_x64/obj/third_party/perfetto/src/base/base/scoped_mmap.o
[9/2108] 1.84s S CXX clang_x64/obj/third_party/perfetto/src/base/base/waitable_event.o
[9/2108] 1.84s S CXX clang_x64/obj/third_party/perfetto/src/base/base/subprocess_posix.o
[9/2108] 1.84s S CXX clang_x64/obj/third_party/perfetto/src/base/base/subprocess.o
[9/2108] 1.84s S CXX clang_x64/obj/third_party/perfetto/src/base/base/unix_task_runner.o
[9/2108] 1.84s S CXX clang_x64/obj/third_party/perfetto/src/base/base/subprocess_windows.o
[9/2108] 1.84s S CXX clang_x64/obj/third_party/perfetto/src/base/base/cpu_info.o
[9/2108] 1.84s S CXX clang_x64/obj/third_party/perfetto/src/base/base/thread_task_runner.o
[9/2108] 1.84s S CXX clang_x64/obj/third_party/perfetto/src/base/base/getopt_compat.o
[9/2108] 1.85s S CXX clang_x64/obj/third_party/perfetto/src/base/base/uuid.o
[9/2108] 1.85s S CXX clang_x64/obj/third_party/perfetto/src/base/base/file_utils.o
[9/2108] 1.85s S CXX clang_x64/obj/third_party/perfetto/src/base/base/lock_free_task_runner.o
[9/2108] 1.85s S CXX clang_x64/obj/third_party/perfetto/src/base/base/periodic_task.o
[9/2108] 1.85s S CXX clang_x64/obj/third_party/perfetto/src/base/base/weak_runner.o
[9/2108] 1.85s S CXX clang_x64/obj/third_party/perfetto/src/base/base/watchdog_posix.o
[9/2108] 1.85s S CXX clang_x64/obj/third_party/perfetto/src/base/base/ctrl_c_handler.o
[9/2108] 1.85s S CXX clang_x64/obj/third_party/perfetto/src/base/base/rt_mutex.o
[9/2108] 1.85s S CXX clang_x64/obj/third_party/perfetto/src/base/base/pipe.o
[9/2108] 1.85s S CXX clang_x64/obj/third_party/perfetto/src/base/base/event_fd.o
[9/2108] 1.85s S CXX clang_x64/obj/third_party/perfetto/src/base/base/crash_keys.o
[9/2108] 1.85s S CXX clang_x64/obj/third_party/perfetto/src/base/base/paged_memory.o
[9/2108] 1.85s S CXX clang_x64/obj/third_party/perfetto/src/base/base/virtual_destructors.o
[9/2108] 1.85s S CXX clang_x64/obj/third_party/perfetto/src/base/base/dynamic_string_writer.o
[9/2108] 1.85s S CXX clang_x64/obj/third_party/perfetto/src/base/base/logging.o
[9/2108] 1.85s S CXX clang_x64/obj/third_party/perfetto/src/base/base/base64.o
[9/2108] 1.85s S CXX clang_x64/obj/third_party/perfetto/src/base/base/thread_checker.o
[9/2108] 1.85s S CXX clang_x64/obj/third_party/perfetto/src/base/base/temp_file.o
[9/2108] 1.85s S CXX clang_x64/obj/third_party/perfetto/src/base/base/time.o
[9/2108] 1.86s S CXX clang_x64/obj/third_party/perfetto/src/base/base/utils.o
[9/2108] 1.86s S CXX clang_x64/obj/third_party/perfetto/src/base/base/thread_utils.o
[9/2108] 1.86s S CXX clang_x64/obj/third_party/perfetto/src/base/base/metatrace.o
[9/2108] 1.86s S CXX clang_x64/obj/third_party/perfetto/src/base/base/string_view_splitter.o
[9/2108] 1.92s F ACTION //third_party/spirv-tools/src:spvtools_language_header_cldebuginfo100(//build/toolchain/android:android_clang_arm)
[10/2107] 2.19s F ACTION //third_party/spirv-tools/src:spvtools_generators_inc(//build/toolchain/android:android_clang_arm)
[11/2106] 2.25s F ACTION //third_party/spirv-tools/src:spvtools_language_header_armexperimentalmloperations(//build/toolchain/android:android_clang_arm)
[12/2103] 2.35s S CXX obj/third_party/perfetto/src/protozero/protozero/field.o
[12/2103] 2.36s S CXX obj/third_party/perfetto/src/protozero/protozero/gen_field_helpers.o
[12/2103] 2.36s S CXX obj/third_party/perfetto/src/protozero/protozero/message_arena.o
[12/2103] 2.36s F ACTION //third_party/perfetto/gn:gen_buildflags(//build/toolchain/android:android_clang_arm)
[13/2103] 2.36s S CXX obj/third_party/perfetto/src/base/base/status.o
[13/2103] 2.36s S CXX obj/third_party/perfetto/src/protozero/protozero/virtual_destructors.o
[13/2103] 2.36s S CXX obj/third_party/perfetto/src/base/base/ctrl_c_handler.o
[13/2103] 2.36s S CXX obj/third_party/perfetto/src/base/base/scoped_sched_boost.o
[13/2103] 2.36s S CXX obj/third_party/perfetto/src/base/base/string_splitter.o
[13/2103] 2.36s S CXX obj/third_party/perfetto/src/base/base/scoped_mmap.o
[13/2103] 2.36s S CXX obj/third_party/perfetto/src/base/base/string_utils.o
[13/2103] 2.36s S CXX obj/third_party/perfetto/src/base/base/rt_mutex.o
[13/2103] 2.36s S CXX obj/third_party/perfetto/src/protozero/protozero/scattered_heap_buffer.o
[13/2103] 2.36s S CXX obj/third_party/perfetto/src/protozero/protozero/message.o
[13/2103] 2.36s S CXX obj/third_party/perfetto/src/base/base/crash_keys.o
[13/2103] 2.36s S CXX obj/third_party/perfetto/src/base/base/cpu_info.o
[13/2103] 2.36s S CXX obj/third_party/perfetto/src/base/base/base64.o
[13/2103] 2.36s S CXX obj/third_party/perfetto/src/protozero/protozero/scattered_stream_null_delegate.o
[13/2103] 2.36s S CXX obj/third_party/perfetto/src/protozero/filtering/bytecode_parser/filter_bytecode_parser.o
[13/2103] 2.36s S CXX obj/third_party/perfetto/src/protozero/filtering/string_filter/string_filter.o
[13/2103] 2.36s S CXX obj/third_party/perfetto/src/base/regex/regex/regex.o
[13/2103] 2.37s S CXX obj/third_party/perfetto/src/base/base/dynamic_string_writer.o
[13/2103] 2.37s S CXX obj/third_party/perfetto/src/base/base/pipe.o
[13/2103] 2.37s S CXX obj/third_party/perfetto/src/base/base/string_view.o
[13/2103] 2.37s S CXX obj/third_party/perfetto/src/base/base/periodic_task.o
[13/2103] 2.37s S CXX obj/third_party/perfetto/src/base/perfetto_base_default_platform/default_platform.o
[13/2103] 2.37s S CXX obj/third_party/perfetto/src/base/base/paged_memory.o
[13/2103] 2.37s S CXX obj/third_party/perfetto/src/base/check_cpu_optimizations/check_cpu_optimizations.o
[13/2103] 2.37s S CXX obj/third_party/perfetto/src/base/base/metatrace.o
[13/2103] 2.37s S CXX obj/third_party/perfetto/src/protozero/protozero/proto_decoder.o
[13/2103] 2.37s S CXX obj/third_party/perfetto/src/base/base/logging.o
[13/2103] 2.37s S CXX obj/third_party/perfetto/src/base/base/android_utils.o
[13/2103] 2.37s S CXX obj/third_party/perfetto/src/base/base/intrusive_tree.o
[13/2103] 2.37s S CXX obj/third_party/perfetto/src/protozero/filtering/message_filter/message_filter.o
[13/2103] 2.37s S CXX obj/third_party/perfetto/src/base/base/intrusive_list.o
[13/2103] 2.37s S CXX obj/third_party/perfetto/src/android_stats/android_stats/statsd_logging_helper.o
[13/2103] 2.37s S CXX obj/third_party/perfetto/src/protozero/protozero/packed_repeated_fields.o
[13/2103] 2.37s S CXX obj/third_party/perfetto/src/base/base/virtual_destructors.o
[13/2103] 2.37s S CXX obj/third_party/perfetto/src/base/base/subprocess_windows.o
[13/2103] 2.38s S CXX obj/third_party/perfetto/src/base/version/version.o
[13/2102] 2.38s S CXX obj/third_party/perfetto/src/base/base/thread_checker.o
[13/2102] 2.38s S CXX obj/third_party/perfetto/src/base/base/string_view_splitter.o
[13/2102] 2.38s S CXX obj/third_party/perfetto/src/protozero/protozero/static_buffer.o
[13/2102] 2.38s S CXX obj/third_party/perfetto/src/base/base/getopt_compat.o
[13/2102] 2.38s S CXX obj/third_party/perfetto/src/protozero/protozero/scattered_stream_writer.o
[13/2102] 2.38s S CXX obj/third_party/perfetto/src/base/base/utils.o
[13/2102] 2.38s S CXX obj/third_party/perfetto/src/base/base/time.o
[13/2102] 2.38s S CXX obj/third_party/perfetto/src/base/base/thread_utils.o
[13/2102] 2.38s S CXX obj/third_party/perfetto/src/base/base/lock_free_task_runner.o
[13/2102] 2.38s S CXX obj/third_party/perfetto/src/base/base/unix_task_runner.o
[13/2102] 2.38s S CXX obj/third_party/perfetto/src/base/base/thread_task_runner.o
[13/2102] 2.38s S CXX obj/third_party/perfetto/src/base/base/subprocess.o
[13/2102] 2.38s S CXX obj/third_party/perfetto/src/base/base/uuid.o
[13/2102] 2.38s S CXX obj/third_party/perfetto/src/base/base/temp_file.o
[13/2102] 2.38s S CXX obj/third_party/perfetto/src/base/base/event_fd.o
[13/2102] 2.39s S CXX obj/third_party/perfetto/src/base/base/waitable_event.o
[13/2102] 2.39s S CXX obj/third_party/perfetto/src/base/base/weak_runner.o
[13/2102] 2.39s S CXX obj/third_party/perfetto/src/base/base/watchdog_posix.o
[13/2102] 2.39s S CXX obj/third_party/perfetto/src/base/base/file_utils.o
[13/2102] 2.39s S CXX obj/third_party/perfetto/src/base/base/subprocess_posix.o
[13/2102] 2.69s F ACTION //third_party/spirv-tools/src:spvtools_core_tables(//build/toolchain/android:android_clang_arm)
[14/2100] 2.69s S CXX obj/third_party/spirv-tools/src/spvtools_val/construct.o
[14/2099] 2.70s S CXX obj/third_party/spirv-tools/src/spvtools/binary.o
[14/2099] 2.70s S CXX obj/third_party/spirv-tools/src/spvtools_val/validate_atomics.o
[14/2099] 2.70s S CXX obj/third_party/spirv-tools/src/spvtools_val/basic_block.o
[14/2099] 2.70s S CXX obj/third_party/spirv-tools/src/spvtools_val/validation_state.o
[14/2099] 2.70s S CXX obj/third_party/spirv-tools/src/spvtools_val/validate_invalid_type.o
[14/2099] 2.70s S CXX obj/third_party/spirv-tools/src/spvtools_val/validate_type.o
[14/2099] 2.70s S CXX obj/third_party/spirv-tools/src/spvtools_val/validate_tensor_layout.o
[14/2099] 2.72s F ACTION //:angle_commit_id(//build/toolchain/android:android_clang_arm)
[15/2099] 2.72s S CXX obj/third_party/spirv-tools/src/spvtools/parsed_operand.o
[14/2099] 2.70s S CXX obj/third_party/spirv-tools/src/spvtools_val/validate_scopes.o
[14/2099] 2.70s S CXX obj/third_party/spirv-tools/src/spvtools_val/validate_capability.o
[14/2099] 2.70s S CXX obj/third_party/spirv-tools/src/spvtools_val/validate_builtins.o
[15/2099] 2.73s S CXX obj/third_party/spirv-tools/src/spvtools_val/validate_misc.o
[15/2099] 2.73s S CXX obj/third_party/spirv-tools/src/spvtools_val/validate_adjacency.o
[14/2099] 2.70s S CXX obj/third_party/spirv-tools/src/spvtools_val/validate_ray_tracing.o
[14/2099] 2.70s S CXX obj/third_party/spirv-tools/src/spvtools_val/validate_ray_query.o
[14/2099] 2.70s S CXX obj/third_party/spirv-tools/src/spvtools_val/validate_primitives.o
[14/2099] 2.71s S CXX obj/third_party/spirv-tools/src/spvtools_val/validate_pipe.o
[14/2099] 2.71s S CXX obj/third_party/spirv-tools/src/spvtools_val/validate_non_uniform.o
[14/2099] 2.70s S CXX obj/third_party/spirv-tools/src/spvtools_val/validate_tensor.o
[14/2099] 2.71s S CXX obj/third_party/spirv-tools/src/spvtools_val/validate_barriers.o
[14/2099] 2.71s S CXX obj/third_party/spirv-tools/src/spvtools_val/validate_memory_semantics.o
[14/2099] 2.70s S CXX obj/third_party/spirv-tools/src/spvtools_val/validate_small_type_uses.o
[14/2099] 2.71s S CXX obj/third_party/spirv-tools/src/spvtools_val/validate_logicals.o
[14/2099] 2.71s S CXX obj/third_party/spirv-tools/src/spvtools_val/validate_memory.o
[14/2099] 2.71s S CXX obj/third_party/spirv-tools/src/spvtools_val/validate_logical_pointers.o
[14/2099] 2.71s S CXX obj/third_party/spirv-tools/src/spvtools_val/validate_literals.o
[14/2099] 2.71s S CXX obj/third_party/spirv-tools/src/spvtools_val/validate_composites.o
[14/2099] 2.71s S CXX obj/third_party/spirv-tools/src/spvtools_val/validate_cfg.o
[14/2099] 2.71s S CXX obj/third_party/spirv-tools/src/spvtools_val/validate_layout.o
[14/2099] 2.71s S CXX obj/third_party/spirv-tools/src/spvtools_val/validate_interfaces.o
[14/2099] 2.71s S CXX obj/third_party/spirv-tools/src/spvtools_val/validate_mesh_shading.o
[14/2099] 2.71s S CXX obj/third_party/spirv-tools/src/spvtools_val/validate_graph.o
[14/2099] 2.71s S CXX obj/third_party/spirv-tools/src/spvtools_val/validate_extensions.o
[14/2099] 2.71s S CXX obj/third_party/spirv-tools/src/spvtools_val/validate_explicit_layout.o
[14/2099] 2.71s S CXX obj/third_party/spirv-tools/src/spvtools_val/validate_mode_setting.o
[14/2099] 2.71s S CXX obj/third_party/spirv-tools/src/spvtools_val/validate_dot_product.o
[14/2099] 2.71s S CXX obj/third_party/spirv-tools/src/spvtools_val/validate_execution_limitations.o
[14/2099] 2.71s S CXX obj/third_party/spirv-tools/src/spvtools_val/validate_derivatives.o
[14/2099] 2.71s S CXX obj/third_party/spirv-tools/src/spvtools_val/validate_decorations.o
[14/2099] 2.71s S CXX obj/third_party/spirv-tools/src/spvtools_val/validate_id.o
[14/2099] 2.71s S CXX obj/third_party/spirv-tools/src/spvtools_val/validate_constants.o
[14/2099] 2.71s S CXX obj/third_party/spirv-tools/src/spvtools_val/validate_group.o
[14/2099] 2.71s S CXX obj/third_party/spirv-tools/src/spvtools/table.o
[14/2099] 2.71s S CXX obj/third_party/spirv-tools/src/spvtools_val/validate_arithmetics.o
[14/2099] 2.71s S CXX obj/third_party/spirv-tools/src/spvtools_val/validate_annotation.o
[14/2099] 2.71s S CXX obj/third_party/spirv-tools/src/spvtools_val/validate_image.o
[15/2098] 2.74s S CXX obj/third_party/spirv-tools/src/spvtools_val/validate.o
[14/2099] 2.71s S CXX obj/third_party/spirv-tools/src/spvtools/assembly_grammar.o
[14/2099] 2.71s S CXX obj/third_party/spirv-tools/src/spvtools_val/function.o
[14/2099] 2.71s S CXX obj/third_party/spirv-tools/src/spvtools/timer.o
[14/2099] 2.71s S CXX obj/third_party/spirv-tools/src/spvtools/parse_number.o
[14/2099] 2.71s S CXX obj/third_party/spirv-tools/src/spvtools/string_utils.o
[14/2099] 2.71s S CXX obj/third_party/spirv-tools/src/spvtools/bit_vector.o
[14/2099] 2.71s S CXX obj/third_party/spirv-tools/src/spvtools/to_string.o
[14/2099] 2.72s S CXX obj/third_party/spirv-tools/src/spvtools/text_handler.o
[14/2099] 2.72s S CXX obj/third_party/spirv-tools/src/spvtools/text.o
[14/2099] 2.71s S CXX obj/third_party/spirv-tools/src/spvtools_val/validate_function.o
[14/2099] 2.72s S CXX obj/third_party/spirv-tools/src/spvtools_val/validate_conversion.o
[14/2099] 2.72s S CXX obj/third_party/spirv-tools/src/spvtools/spirv_validator_options.o
[14/2099] 2.72s S CXX obj/third_party/spirv-tools/src/spvtools/spirv_reducer_options.o
[14/2099] 2.72s S CXX obj/third_party/spirv-tools/src/spvtools/spirv_optimizer_options.o
[14/2099] 2.72s S CXX obj/third_party/spirv-tools/src/spvtools/spirv_fuzzer_options.o
[14/2099] 2.72s S CXX obj/third_party/spirv-tools/src/spvtools/spirv_endian.o
[14/2099] 2.72s S CXX obj/third_party/spirv-tools/src/spvtools/print.o
[14/2099] 2.72s S CXX obj/third_party/spirv-tools/src/spvtools/libspirv.o
[14/2099] 2.72s S CXX obj/third_party/spirv-tools/src/spvtools/operand.o
[14/2099] 2.72s S CXX obj/third_party/spirv-tools/src/spvtools/opcode.o
[14/2099] 2.72s S CXX obj/third_party/spirv-tools/src/spvtools/name_mapper.o
[14/2099] 2.72s S CXX obj/third_party/spirv-tools/src/spvtools/ext_inst.o
[14/2099] 2.72s S CXX obj/third_party/spirv-tools/src/spvtools/extensions.o
[14/2099] 2.72s S CXX obj/third_party/spirv-tools/src/spvtools/disassemble.o
[14/2099] 2.72s S CXX obj/third_party/spirv-tools/src/spvtools/diagnostic.o
[14/2099] 2.71s S CXX obj/third_party/spirv-tools/src/spvtools_val/validate_instruction.o
[15/2099] 2.73s S CXX obj/third_party/spirv-tools/src/spvtools/table2.o
[14/2099] 2.70s S CXX obj/third_party/spirv-tools/src/spvtools_val/validate_bitwise.o
[14/2099] 2.72s S CXX obj/third_party/spirv-tools/src/spvtools/spirv_target_env.o
[14/2099] 2.70s S CXX obj/third_party/spirv-tools/src/spvtools_val/validate_ray_tracing_reorder.o
[14/2099] 2.71s S CXX obj/third_party/spirv-tools/src/spvtools_val/validate_debug.o
[14/2099] 2.71s S CXX obj/third_party/spirv-tools/src/spvtools_val/instruction.o
[15/2098] 2.83s F CXX clang_x64/obj/third_party/abseil-cpp/absl/debugging/examine_stack/examine_stack.o
[16/2098] 2.87s F ACTION //:angle_program_version_id(//build/toolchain/android:android_clang_arm)
[17/2095] 2.87s S CXX obj/angle_version_info/angle_version_info.o
[17/2095] 3.31s F CXX clang_x64/obj/third_party/abseil-cpp/absl/random/internal/entropy_pool/entropy_pool.o
[18/2095] 3.39s F CXX clang_x64/obj/third_party/abseil-cpp/absl/crc/crc_cord_state/crc_cord_state.o
[19/2095] 3.96s F CXX clang_x64/obj/third_party/abseil-cpp/absl/strings/str_format_internal/output.o
[20/2095] 4.08s F CXX clang_x64/obj/third_party/protobuf/protobuf_lite_library/arena.o
[21/2095] 4.17s F CXX clang_x64/obj/third_party/abseil-cpp/absl/time/clock_interface/clock_interface.o
[22/2095] 4.23s F CXX clang_x64/obj/third_party/protobuf/protobuf_lite_library/arena_allocation_policy.o
[23/2095] 5.35s F CXX clang_x64/obj/third_party/abseil-cpp/absl/time/time/clock.o
[24/2095] 6.25s F CXX clang_x64/obj/third_party/protobuf/protobuf_lite_library/wire_format_lite.o
[25/2095] 6.49s F CXX clang_x64/obj/third_party/abseil-cpp/absl/strings/str_format_internal/float_conversion.o
[26/2095] 6.59s F CXX clang_x64/obj/third_party/abseil-cpp/absl/time/internal/cctz/time_zone/time_zone_posix.o
[27/2095] 6.64s F CXX clang_x64/obj/third_party/protobuf/protobuf_lite_library/arenastring.o
[28/2095] 7.51s F CXX clang_x64/obj/third_party/abseil-cpp/absl/base/malloc_internal/low_level_alloc.o
[29/2095] 8.07s F CXX clang_x64/obj/third_party/protobuf/protobuf_lite_library/unknown_field_set_lite.o
[30/2095] 8.21s F CXX clang_x64/obj/third_party/abseil-cpp/absl/strings/str_format_internal/extension.o
[31/2095] 8.76s F CXX clang_x64/obj/third_party/abseil-cpp/absl/status/statusor/statusor.o
[32/2095] 8.77s F CXX clang_x64/obj/third_party/abseil-cpp/absl/base/throw_delegate/throw_delegate.o
[33/2095] 8.79s F CXX clang_x64/obj/third_party/abseil-cpp/absl/strings/cord_internal/cord_rep_btree.o
[34/2095] 9.54s F CXX clang_x64/obj/third_party/abseil-cpp/absl/debugging/symbolize/symbolize.o
[35/2095] 9.95s F CXX clang_x64/obj/third_party/abseil-cpp/absl/log/initialize/initialize.o
[36/2095] 10.28s F CXX clang_x64/obj/third_party/protobuf/protobuf_lite_library/arena_align.o
[37/2095] 11.23s F CXX clang_x64/obj/third_party/abseil-cpp/absl/status/status/status_internal.o
[38/2095] 11.28s F CXX clang_x64/obj/third_party/abseil-cpp/absl/strings/cord/cord_analysis.o
[39/2095] 11.34s F CXX clang_x64/obj/third_party/abseil-cpp/absl/types/source_location/source_location.o
[40/2094] 11.61s F CXX clang_x64/obj/third_party/abseil-cpp/absl/log/log_entry/log_entry.o
[41/2094] 11.70s F CXX clang_x64/obj/third_party/abseil-cpp/absl/log/globals/globals.o
[42/2094] 11.75s F CXX clang_x64/obj/third_party/abseil-cpp/absl/strings/internal/ostringstream.o
[43/2094] 12.57s F CXX clang_x64/obj/third_party/abseil-cpp/absl/crc/crc32c/crc_memcpy_x86_arm_combined.o
[44/2094] 13.05s F CXX clang_x64/obj/third_party/abseil-cpp/absl/strings/strings/charconv.o
[45/2094] 13.27s F CXX clang_x64/obj/third_party/abseil-cpp/absl/strings/cord_internal/cord_internal.o
[46/2094] 13.34s F CXX clang_x64/obj/third_party/abseil-cpp/absl/strings/cord_internal/cord_rep_crc.o
[47/2094] 14.62s F CXX clang_x64/obj/third_party/protobuf/protobuf_lite_library/type_id.o
[48/2094] 14.77s F CXX clang_x64/obj/third_party/abseil-cpp/absl/status/status_builder/status_builder.o
[49/2094] 14.80s F CXX clang_x64/obj/third_party/abseil-cpp/absl/strings/cord_internal/cord_rep_consume.o
[50/2094] 15.36s F CXX clang_x64/obj/third_party/abseil-cpp/absl/status/status/status_payload_printer.o
[51/2094] 16.25s F CXX clang_x64/obj/third_party/abseil-cpp/absl/strings/cord_internal/cord_rep_btree_navigator.o
[52/2094] 16.89s F CXX clang_x64/obj/third_party/protobuf/protobuf_lite_library/common.o
[53/2094] 16.90s F CXX clang_x64/obj/third_party/abseil-cpp/absl/log/die_if_null/die_if_null.o
[54/2094] 17.60s F CXX clang_x64/obj/third_party/abseil-cpp/absl/synchronization/graphcycles_internal/graphcycles.o
[55/2093] 17.63s F CXX clang_x64/obj/third_party/abseil-cpp/absl/debugging/utf8_for_code_point/utf8_for_code_point.o
[56/2093] 17.80s F CXX clang_x64/obj/third_party/abseil-cpp/absl/base/spinlock_wait/spinlock_wait.o
[57/2092] 17.86s F CXX clang_x64/obj/third_party/abseil-cpp/absl/strings/cord/cord.o
[58/2092] 18.59s F CXX clang_x64/obj/third_party/abseil-cpp/absl/debugging/decode_rust_punycode/decode_rust_punycode.o
[59/2092] 19.24s F CXX clang_x64/obj/third_party/abseil-cpp/absl/time/internal/cctz/time_zone/time_zone_format.o
[60/2092] 19.40s F CXX clang_x64/obj/third_party/protobuf/protobuf_lite_library/repeated_ptr_field.o
[61/2092] 19.82s F CXX clang_x64/obj/third_party/abseil-cpp/absl/debugging/debugging_internal/address_is_readable.o
[62/2092] 20.03s F CXX clang_x64/obj/third_party/abseil-cpp/absl/strings/cord_internal/cord_rep_btree_reader.o
[63/2092] 20.38s F CXX clang_x64/obj/third_party/abseil-cpp/absl/random/seed_gen_exception/seed_gen_exception.o
[64/2092] 20.39s F CXX clang_x64/obj/third_party/abseil-cpp/absl/log/internal/proto/proto.o
[65/2092] 20.88s F CXX clang_x64/obj/third_party/protobuf/protobuf_lite_library/raw_ptr.o
[66/2092] 21.22s F CXX clang_x64/obj/third_party/abseil-cpp/absl/strings/internal/escaping.o
[67/2092] 21.97s F CXX clang_x64/obj/third_party/abseil-cpp/absl/time/internal/cctz/time_zone/time_zone_fixed.o
[68/2092] 22.01s F CXX clang_x64/obj/third_party/abseil-cpp/absl/log/internal/vlog_config/vlog_config.o
[69/2092] 23.05s F CXX clang_x64/obj/third_party/abseil-cpp/absl/random/distributions/discrete_distribution.o
[70/2092] 23.06s F CXX clang_x64/obj/third_party/protobuf/protobuf_lite_library/generated_message_tctable_lite.o
[71/2092] 23.65s F CXX clang_x64/obj/third_party/protobuf/protobuf_lite_library/repeated_field.o
[72/2092] 23.93s F CXX clang_x64/obj/third_party/abseil-cpp/absl/debugging/demangle_rust/demangle_rust.o
[73/2092] 24.09s F CXX clang_x64/obj/third_party/abseil-cpp/absl/time/internal/cctz/time_zone/time_zone_libc.o
[74/2092] 24.12s F CXX clang_x64/obj/third_party/abseil-cpp/absl/log/internal/nullguard/nullguard.o
[75/2091] 24.17s F CXX clang_x64/obj/third_party/protobuf/protobuf_lite_library/port.o
[75/2091] 24.17s F CXX clang_x64/obj/third_party/abseil-cpp/absl/time/internal/cctz/time_zone/time_zone_lookup.o
[77/2091] 24.65s F CXX clang_x64/obj/third_party/abseil-cpp/absl/time/internal/cctz/time_zone/zone_info_source.o
[78/2091] 24.66s F CXX clang_x64/obj/third_party/protobuf/protobuf_lite_library/io_win32.o
[79/2091] 25.41s F CXX clang_x64/obj/third_party/abseil-cpp/absl/synchronization/synchronization/blocking_counter.o
[80/2091] 26.79s F CXX clang_x64/obj/third_party/abseil-cpp/absl/container/hashtablez_sampler/hashtablez_sampler.o
[81/2091] 26.87s F CXX clang_x64/obj/third_party/protobuf/protobuf_lite_library/generated_message_util.o
[82/2091] 26.93s F CXX clang_x64/obj/third_party/abseil-cpp/absl/time/internal/cctz/time_zone/time_zone_info.o
[83/2091] 27.45s F CXX clang_x64/obj/third_party/protobuf/protobuf_lite_library/parse_context.o
[84/2091] 27.46s F CXX clang_x64/obj/third_party/abseil-cpp/absl/debugging/debugging_internal/vdso_support.o
[85/2091] 27.69s F CXX clang_x64/obj/third_party/abseil-cpp/absl/strings/strings/ascii.o
[86/2091] 28.55s F CXX clang_x64/obj/third_party/abseil-cpp/absl/strings/strings/str_split.o
[87/2091] 28.75s F CXX clang_x64/obj/third_party/abseil-cpp/absl/strings/strings/substitute.o
[88/2091] 28.93s F CXX clang_x64/obj/third_party/abseil-cpp/absl/random/seed_sequences/seed_sequences.o
[89/2091] 28.96s F CXX clang_x64/obj/third_party/abseil-cpp/absl/status/status/status.o
[90/2091] 30.01s F CXX clang_x64/obj/third_party/abseil-cpp/absl/strings/strings/str_replace.o
[91/2091] 30.07s F CXX clang_x64/obj/third_party/abseil-cpp/absl/log/internal/log_sink_set/log_sink_set.o
[92/2091] 30.12s F CXX clang_x64/obj/third_party/abseil-cpp/absl/time/internal/cctz/time_zone/time_zone_if.o
[93/2091] 30.18s F CXX clang_x64/obj/third_party/abseil-cpp/absl/strings/internal/utf8.o
[94/2091] 30.19s F CXX clang_x64/obj/third_party/abseil-cpp/absl/strings/cordz_handle/cordz_handle.o
[95/2091] 31.45s F CXX clang_x64/obj/third_party/abseil-cpp/absl/strings/strings/str_cat.o
[96/2091] 31.50s F CXX clang_x64/obj/third_party/abseil-cpp/absl/time/internal/cctz/time_zone/time_zone_impl.o
[97/2091] 31.67s F CXX clang_x64/obj/third_party/abseil-cpp/absl/time/time/civil_time.o
[98/2091] 31.73s F CXX clang_x64/obj/third_party/abseil-cpp/absl/strings/strings/numbers.o
[99/2091] 31.85s F CXX clang_x64/obj/third_party/abseil-cpp/absl/log/internal/conditions/conditions.o
[100/2091] 32.25s F CXX clang_x64/obj/third_party/abseil-cpp/absl/log/internal/fnmatch/fnmatch.o
[101/2090] 32.38s F CXX clang_x64/obj/third_party/abseil-cpp/absl/strings/strings/match.o
[102/2090] 32.42s F CXX clang_x64/obj/third_party/abseil-cpp/absl/strings/strings/stringify_sink.o
[103/2090] 33.06s F CXX clang_x64/obj/third_party/abseil-cpp/absl/strings/strings/memutil.o
[104/2090] 33.57s F CXX clang_x64/obj/third_party/abseil-cpp/absl/time/time/time.o
[105/2090] 33.70s F CXX clang_x64/obj/third_party/abseil-cpp/absl/time/time/format.o
[106/2090] 34.15s F CXX clang_x64/obj/third_party/protobuf/protobuf_lite_library/micro_string.o
[107/2090] 34.71s F CXX clang_x64/obj/third_party/abseil-cpp/absl/time/time/duration.o
[108/2090] 34.83s F CXX clang_x64/obj/third_party/abseil-cpp/absl/random/internal/seed_material/seed_material.o
[109/2090] 35.06s F CXX clang_x64/obj/third_party/abseil-cpp/absl/synchronization/synchronization/barrier.o
[110/2090] 35.40s F CXX clang_x64/obj/third_party/abseil-cpp/absl/strings/strings/damerau_levenshtein_distance.o
[111/2090] 35.45s F CC clang_x64/obj/third_party/protobuf/utf8_range/utf8_range.o
[112/2090] 35.46s F CXX clang_x64/obj/third_party/abseil-cpp/absl/synchronization/synchronization/notification.o
[113/2090] 35.82s F CXX clang_x64/obj/third_party/abseil-cpp/absl/strings/strings/charconv_parse.o
[114/2090] 36.35s F CXX clang_x64/obj/third_party/abseil-cpp/absl/random/distributions/gaussian_distribution.o
[115/2090] 36.45s F CXX clang_x64/obj/third_party/abseil-cpp/absl/debugging/debugging_internal/elf_mem_image.o
[116/2090] 36.76s F CXX clang_x64/obj/third_party/abseil-cpp/absl/hash/hash/hash.o
[117/2090] 37.10s F CXX clang_x64/obj/third_party/protobuf/protobuf_lite_library/zero_copy_stream_impl_lite.o
[118/2090] 37.52s F CXX clang_x64/obj/third_party/abseil-cpp/absl/synchronization/kernel_timeout_internal/kernel_timeout.o
[119/2090] 37.91s F CXX clang_x64/obj/third_party/abseil-cpp/absl/strings/strings/charconv_bigint.o
[120/2090] 38.35s F CXX clang_x64/obj/third_party/abseil-cpp/absl/crc/crc32c/crc32c.o
[121/2090] 38.65s F CXX clang_x64/obj/third_party/protobuf/protobuf_lite_library/zero_copy_stream_impl.o
[122/2090] 38.74s F CXX clang_x64/obj/third_party/abseil-cpp/absl/base/base/unscaledcycleclock.o
[123/2090] 39.14s F CXX clang_x64/obj/third_party/abseil-cpp/absl/base/base/casts.o
[124/2090] 39.21s F CXX clang_x64/obj/third_party/abseil-cpp/absl/strings/strings/escaping.o
[125/2090] 39.56s F CXX clang_x64/obj/third_party/abseil-cpp/absl/random/internal/randen_slow/randen_slow.o
[126/2090] 40.07s F CXX clang_x64/obj/third_party/protobuf/protobuf_lite_library/zero_copy_stream.o
[127/2090] 40.13s F CXX clang_x64/obj/third_party/abseil-cpp/absl/base/base/thread_identity.o
[128/2090] 40.59s F CXX clang_x64/obj/third_party/abseil-cpp/absl/base/base/sysinfo.o
[129/2090] 41.08s F CXX clang_x64/obj/third_party/abseil-cpp/absl/base/base/spinlock.o
[130/2090] 41.15s F CXX clang_x64/obj/third_party/protobuf/protobuf_lite_library/zero_copy_sink.o
[131/2090] 42.33s F CXX clang_x64/obj/third_party/abseil-cpp/absl/crc/crc32c/crc_non_temporal_memcpy.o
[132/2090] 42.36s F CXX clang_x64/obj/third_party/abseil-cpp/absl/log/internal/globals/globals.o
[133/2090] 42.38s F CXX clang_x64/obj/third_party/abseil-cpp/absl/synchronization/synchronization/win32_waiter.o
[134/2090] 42.70s F CXX clang_x64/obj/third_party/protobuf/protobuf_lite_library/tokenizer.o
[135/2090] 42.82s F CXX clang_x64/obj/third_party/abseil-cpp/absl/synchronization/synchronization/mutex.o
[136/2090] 42.88s F CXX clang_x64/obj/third_party/abseil-cpp/absl/profiling/exponential_biased/exponential_biased.o
[137/2089] 44.02s F CXX clang_x64/obj/third_party/abseil-cpp/absl/synchronization/synchronization/waiter_base.o
[138/2089] 44.08s F CXX clang_x64/obj/third_party/abseil-cpp/absl/debugging/demangle_internal/demangle.o
[139/2089] 44.44s F CXX clang_x64/obj/third_party/abseil-cpp/absl/base/strerror/strerror.o
[140/2088] 44.47s F CXX clang_x64/obj/third_party/abseil-cpp/absl/log/internal/check_op/check_op.o
[141/2088] 45.23s F CXX clang_x64/obj/third_party/abseil-cpp/absl/strings/cordz_functions/cordz_functions.o
[142/2088] 45.39s F CXX clang_x64/obj/third_party/abseil-cpp/absl/container/hashtablez_sampler/hashtablez_sampler_force_weak_definition.o
[143/2088] 45.59s F CXX clang_x64/obj/third_party/abseil-cpp/absl/numeric/int128/int128.o
[144/2088] 46.12s F CXX clang_x64/obj/third_party/abseil-cpp/absl/hash/city/city.o
[145/2088] 46.14s F CXX clang_x64/obj/third_party/abseil-cpp/absl/random/internal/randen_hwaes_impl/randen_hwaes.o
[146/2088] 46.68s F CXX clang_x64/obj/third_party/abseil-cpp/absl/debugging/stacktrace/stacktrace.o
[147/2088] 46.88s F CXX clang_x64/obj/third_party/protobuf/protobuf_lite_library/printer.o
[148/2088] 47.30s F CXX clang_x64/obj/third_party/protobuf/protobuf_lite_library/strtod.o
[149/2088] 47.67s F CXX clang_x64/obj/third_party/abseil-cpp/absl/base/cpu_detect/cpu_detect.o
[150/2087] 48.13s F CXX clang_x64/obj/third_party/abseil-cpp/absl/strings/cordz_info/cordz_info.o
[151/2085] 48.20s F CXX clang_x64/obj/third_party/abseil-cpp/absl/base/log_severity/log_severity.o
[152/2085] 48.92s F CXX clang_x64/obj/third_party/abseil-cpp/absl/debugging/failure_signal_handler/failure_signal_handler.o
[153/2085] 49.65s F CXX clang_x64/obj/third_party/abseil-cpp/absl/strings/str_format_internal/bind.o
[154/2085] 49.89s F CXX clang_x64/obj/third_party/protobuf/protobuf_lite_library/message_lite.o
[155/2085] 50.10s F CXX clang_x64/obj/third_party/protobuf/protobuf_lite_library/map.o
[156/2073] 50.25s F CXX clang_x64/obj/third_party/abseil-cpp/absl/base/raw_logging_internal/raw_logging.o
[157/2073] 50.27s F CXX clang_x64/obj/third_party/abseil-cpp/absl/log/log_sink/log_sink.o
[158/2044] 50.82s F CXX clang_x64/obj/third_party/abseil-cpp/absl/base/base/cycleclock.o
[159/2027] 51.13s F CXX clang_x64/obj/third_party/abseil-cpp/absl/log/internal/structured_proto/structured_proto.o
[160/2026] 51.86s F CXX clang_x64/obj/third_party/abseil-cpp/absl/log/internal/format/log_format.o
[161/2026] 52.69s F CXX clang_x64/obj/third_party/abseil-cpp/absl/crc/crc_internal/crc_x86_arm_combined.o
[162/2026] 52.76s F CXX clang_x64/obj/third_party/protobuf/protobuf_lite_library/coded_stream.o
[163/2026] 53.45s F CXX clang_x64/obj/third_party/protobuf/protobuf_lite_library/any_lite.o
[164/2026] 53.76s F CXX clang_x64/obj/third_party/protobuf/protobuf_lite_library/implicit_weak_message.o
[165/2026] 53.98s F CXX clang_x64/obj/third_party/abseil-cpp/absl/synchronization/synchronization/stdcpp_waiter.o
[166/2026] 54.60s F CXX clang_x64/obj/third_party/abseil-cpp/absl/synchronization/synchronization/sem_waiter.o
[167/2026] 55.32s F CXX clang_x64/obj/third_party/protobuf/protobuf_lite_library/inlined_string_field.o
[168/2026] 55.81s F CXX clang_x64/obj/third_party/abseil-cpp/absl/crc/crc32c/crc_memcpy_fallback.o
[169/2026] 55.85s F CXX clang_x64/obj/third_party/abseil-cpp/absl/debugging/leak_check/leak_check.o
[170/2025] 55.89s F CXX clang_x64/obj/third_party/abseil-cpp/absl/log/internal/log_message/log_message.o
[171/2025] 56.41s F CXX clang_x64/obj/third_party/abseil-cpp/absl/container/raw_hash_set/raw_hash_set.o
[172/2025] 56.48s F CXX clang_x64/obj/third_party/abseil-cpp/absl/synchronization/synchronization/pthread_waiter.o
[173/2025] 56.57s F CXX clang_x64/obj/third_party/abseil-cpp/absl/time/internal/cctz/civil_time/civil_time_detail.o
[174/2018] 57.70s F CXX clang_x64/obj/third_party/abseil-cpp/absl/synchronization/synchronization/futex_waiter.o
[175/2018] 57.71s F CXX clang_x64/obj/third_party/abseil-cpp/absl/synchronization/synchronization/per_thread_sem.o
[176/2018] 57.88s F CXX clang_x64/obj/third_party/abseil-cpp/absl/strings/str_format_internal/arg.o
[177/2018] 57.99s F CXX clang_x64/obj/third_party/protobuf/protobuf_lite_library/arenaz_sampler.o
[178/2018] 58.77s F CXX clang_x64/obj/third_party/protobuf/protobuf_lite_library/generated_enum_util.o
[179/2018] 59.05s F CXX clang_x64/obj/third_party/abseil-cpp/absl/strings/str_format_internal/parser.o
[180/2015] 59.06s F CXX clang_x64/obj/third_party/abseil-cpp/absl/synchronization/synchronization/create_thread_identity.o
[181/1991] 59.09s F CXX clang_x64/obj/buildtools/third_party/libc++abi/libc++abi/stdlib_typeinfo.o
[182/1991] 59.21s F CXX clang_x64/obj/buildtools/third_party/libc++abi/libc++abi/private_typeinfo.o
[183/1991] 59.23s F CXX clang_x64/obj/buildtools/third_party/libc++abi/libc++abi/fallback_malloc.o
[184/1991] 59.30s F CXX clang_x64/obj/buildtools/third_party/libc++abi/libc++abi/cxa_vector.o
[185/1991] 59.36s F CXX clang_x64/obj/buildtools/third_party/libc++abi/libc++abi/cxa_personality.o
[186/1991] 59.41s F CXX clang_x64/obj/buildtools/third_party/libc++abi/libc++abi/stdlib_exception.o
[187/1991] 59.47s F CXX clang_x64/obj/buildtools/third_party/libc++abi/libc++abi/cxa_aux_runtime.o
[188/1991] 59.51s F CXX clang_x64/obj/buildtools/third_party/libc++abi/libc++abi/abort_message.o
[189/1991] 59.56s F CXX clang_x64/obj/buildtools/third_party/libc++abi/libc++abi/cxa_handlers.o
[190/1991] 59.63s F CXX clang_x64/obj/buildtools/third_party/libc++abi/libc++abi/cxa_thread_atexit.o
[191/1991] 59.71s F CXX clang_x64/obj/third_party/abseil-cpp/absl/crc/crc_internal/crc.o
[192/1966] 1m02.46s F CXX clang_x64/obj/buildtools/third_party/libc++abi/libc++abi/cxa_demangle.o
[193/1966] 1m02.59s F CXX clang_x64/obj/third_party/protobuf/protobuf_full_library/any.o
[194/1966] 1m02.69s F CXX clang_x64/obj/buildtools/third_party/libc++abi/libc++abi/cxa_exception_storage.o
[195/1966] 1m02.94s F CXX clang_x64/obj/buildtools/third_party/libc++abi/libc++abi/cxa_default_handlers.o
[196/1966] 1m03.04s F CXX clang_x64/obj/third_party/protobuf/protobuf_lite_library/extension_set.o
[197/1966] 1m03.04s S AR clang_x64/obj/third_party/protobuf/libprotobuf_lite_library.a
[197/1966] 1m05.96s F CXX clang_x64/obj/third_party/protobuf/protobuf_full_library/parser.o
[198/1966] 1m05.99s F CXX clang_x64/obj/buildtools/third_party/libc++abi/libc++abi/cxa_virtual.o
[199/1966] 1m05.99s F CXX clang_x64/obj/third_party/protobuf/protobuf_full_library/cpp_features.pb.o
[200/1966] 1m06.00s F AR clang_x64/obj/third_party/protobuf/libprotobuf_lite_library.a
[201/1966] 1m06.39s F CXX clang_x64/obj/third_party/protobuf/protobuf_full_library/cpp_file_options.pb.o
[202/1966] 1m08.96s F CXX clang_x64/obj/third_party/protobuf/protobuf_full_library/descriptor.pb.o
[203/1966] 1m09.21s F CXX clang_x64/obj/buildtools/third_party/libc++abi/libc++abi/stdlib_stdexcept.o
[204/1966] 1m10.13s F CXX clang_x64/obj/third_party/protobuf/protobuf_full_library/extension_set_heavy.o
[205/1966] 1m13.08s F CXX clang_x64/obj/third_party/protobuf/protobuf_full_library/dynamic_message.o
[206/1966] 1m13.12s F CXX clang_x64/obj/third_party/protobuf/protobuf_full_library/generated_message_tctable_full.o
[207/1966] 1m13.18s F CXX clang_x64/obj/third_party/protobuf/protobuf_full_library/descriptor_database.o
[208/1966] 1m17.27s F CXX clang_x64/obj/third_party/protobuf/protobuf_full_library/generated_message_tctable_gen.o
[209/1966] 1m19.91s F CXX clang_x64/obj/third_party/protobuf/protobuf_full_library/text_format.o
[210/1966] 1m20.87s F CXX clang_x64/obj/third_party/protobuf/protobuf_full_library/reflection_ops.o
[211/1966] 1m21.98s F CXX clang_x64/obj/third_party/protobuf/protobuf_full_library/generated_message_reflection.o
[212/1966] 1m23.13s F CXX clang_x64/obj/third_party/protobuf/protobuf_full_library/descriptor.o
[213/1966] 1m23.78s F CXX clang_x64/obj/third_party/protobuf/protobuf_full_library/generated_message_bases.o
[214/1966] 1m24.55s F CXX clang_x64/obj/third_party/protobuf/protobuf_full_library/feature_resolver.o
[215/1966] 1m24.73s F CXX clang_x64/obj/third_party/protobuf/protobuf_full_library/reflection_mode.o
[216/1966] 1m25.52s F CXX clang_x64/obj/third_party/protobuf/protobuf_full_library/internal_feature_helper.o
[217/1966] 1m25.82s F CXX clang_x64/obj/third_party/protobuf/protobuf_full_library/naming_style.o
[218/1966] 1m26.71s F CXX clang_x64/obj/third_party/protobuf/protobuf_full_library/map_field.o
[219/1966] 1m28.19s F CXX clang_x64/obj/third_party/protobuf/protobuf_full_library/json_enumvalue_options.pb.o
[220/1966] 1m29.15s F CXX clang_x64/obj/third_party/protobuf/protobuf_full_library/service.o
[221/1966] 1m29.45s F CXX clang_x64/obj/third_party/protobuf/protobuf_full_library/symbol_checker.o
[222/1966] 1m29.89s F CXX clang_x64/obj/third_party/protobuf/protobuf_full_library/unknown_field_set.o
[223/1966] 1m30.16s F CXX clang_x64/obj/buildtools/third_party/libc++abi/libc++abi/cxa_exception.o
[224/1966] 1m30.45s F CXX clang_x64/obj/buildtools/third_party/libc++abi/libc++abi/cxa_guard.o
[225/1966] 1m30.45s S AR clang_x64/obj/buildtools/third_party/libc++abi/libc++abi.a
[225/1966] 1m31.61s F CXX clang_x64/obj/third_party/protobuf/protobuf_full_library/message.o
[226/1966] 1m32.77s F CXX clang_x64/obj/third_party/protobuf/protobuf_full_library/delimited_message_util.o
[227/1966] 1m32.95s F CXX clang_x64/obj/third_party/protobuf/protobuf_full_library/symbol.o
[228/1966] 1m33.59s F CXX clang_x64/obj/third_party/protobuf/protobuf_full_library/importer.o
[229/1966] 1m35.09s F CXX clang_x64/obj/third_party/protobuf/protobuf_full_library/field_comparator.o
[230/1966] 1m38.12s F CXX clang_x64/obj/third_party/protobuf/protobuf_full_library/wire_format.o
[231/1966] 1m38.90s F CXX clang_x64/obj/buildtools/third_party/libc++/libc++/charconv.o
[232/1966] 1m39.54s F CXX clang_x64/obj/third_party/protobuf/protoc_cpp/generator.o
[233/1966] 1m39.96s S AR clang_x64/obj/third_party/protobuf/libprotobuf_full_library.a
[233/1966] 1m39.96s F CXX clang_x64/obj/third_party/protobuf/protobuf_full_library/message_differencer.o
[234/1966] 1m39.96s F AR clang_x64/obj/buildtools/third_party/libc++abi/libc++abi.a
[235/1966] 1m40.30s F CXX clang_x64/obj/buildtools/third_party/libc++/libc++/error_category.o
[236/1966] 1m41.02s F CXX clang_x64/obj/buildtools/third_party/libc++/libc++/chrono.o
[237/1966] 1m41.28s F CXX clang_x64/obj/buildtools/third_party/libc++/libc++/call_once.o
[238/1966] 1m45.14s F CXX clang_x64/obj/third_party/protobuf/protoc_cpp/file.o
[239/1966] 1m46.02s F CXX clang_x64/obj/third_party/protobuf/protoc_java/file.o
[240/1966] 1m47.09s F CXX clang_x64/obj/third_party/protobuf/protoc_cpp/message_field.o
[241/1966] 1m47.10s F CXX clang_x64/obj/third_party/protobuf/protoc_cpp/helpers.o
[242/1966] 1m47.93s F CXX clang_x64/obj/buildtools/third_party/libc++/libc++/memory.o
[243/1966] 1m51.51s F CXX clang_x64/obj/third_party/protobuf/protoc_java_full/enum_field.o
[244/1966] 1m51.60s F CXX clang_x64/obj/third_party/protobuf/protoc_java/doc_comment.o
[245/1966] 1m53.14s F CXX clang_x64/obj/third_party/protobuf/protoc_java_lite/string_field.o
[246/1966] 1m56.46s F CXX clang_x64/obj/third_party/protobuf/protoc_java_lite/message_field.o
[247/1966] 1m56.84s F CXX clang_x64/obj/third_party/protobuf/protoc_java_lite/primitive_field.o
[248/1966] 1m57.18s F CXX clang_x64/obj/third_party/protobuf/protoc_java_lite/generator_factory.o
[249/1966] 1m57.70s F CXX clang_x64/obj/buildtools/third_party/libc++/libc++/path.o
[250/1966] 1m58.07s F CXX clang_x64/obj/buildtools/third_party/libc++/libc++/functional.o
[251/1966] 1m58.17s F CXX clang_x64/obj/third_party/protobuf/protoc_cpp/message.o
[252/1966] 2m00.89s F CXX clang_x64/obj/third_party/protobuf/protoc_java_lite/make_field_gens.o
[253/1966] 2m02.37s F CXX clang_x64/obj/third_party/protobuf/protoc_java/message_serialization.o
[254/1966] 2m02.67s F CXX clang_x64/obj/third_party/protobuf/protoc_java_lite/message.o
[255/1966] 2m02.98s F CXX clang_x64/obj/buildtools/third_party/libc++/libc++/mutex.o
[256/1966] 2m03.46s F CXX clang_x64/obj/third_party/protobuf/protoc_java_lite/map_field.o
[257/1966] 2m03.55s F CXX clang_x64/obj/buildtools/third_party/libc++/libc++/mutex_destructor.o
[258/1966] 2m03.77s F CXX clang_x64/obj/buildtools/third_party/libc++/libc++/new_handler.o
[259/1966] 2m04.13s F CXX clang_x64/obj/buildtools/third_party/libc++/libc++/iostream.o
[260/1966] 2m04.89s F CXX clang_x64/obj/buildtools/third_party/libc++/libc++/random.o
[261/1966] 2m05.51s F CXX clang_x64/obj/third_party/protobuf/protoc_java/name_resolver.o
[262/1966] 2m06.82s F CXX clang_x64/obj/third_party/protobuf/protoc_java_lite/extension.o
[263/1966] 2m06.85s F CXX clang_x64/obj/buildtools/third_party/libc++/libc++/new_helpers.o
[264/1966] 2m07.70s F CXX clang_x64/obj/buildtools/third_party/libc++/libc++/condition_variable.o
[265/1966] 2m08.56s F CXX clang_x64/obj/third_party/protobuf/protoc_cpp/service.o
[266/1966] 2m08.56s F CXX clang_x64/obj/buildtools/third_party/libc++/libc++/random_shuffle.o
[267/1966] 2m08.95s F CXX clang_x64/obj/buildtools/third_party/libc++/libc++/d2fixed.o
[268/1966] 2m09.21s F CXX clang_x64/obj/buildtools/third_party/libc++/libc++/f2s.o
[269/1966] 2m09.70s F CXX clang_x64/obj/buildtools/third_party/libc++/libc++/regex.o
[270/1966] 2m10.11s F CXX clang_x64/obj/buildtools/third_party/libc++/libc++/stdexcept.o
[271/1966] 2m10.22s F CXX clang_x64/obj/third_party/protobuf/protoc_java_lite/enum_field.o
[272/1966] 2m10.74s F CXX clang_x64/obj/third_party/protobuf/protoc_java_lite/message_builder.o
[273/1966] 2m11.33s F CXX clang_x64/obj/buildtools/third_party/libc++/libc++/string.o
[274/1966] 2m11.59s F CXX clang_x64/obj/buildtools/third_party/libc++/libc++/d2s.o
[275/1966] 2m11.78s F CXX clang_x64/obj/buildtools/third_party/libc++/libc++/strstream.o
[276/1966] 2m11.79s F CXX clang_x64/obj/buildtools/third_party/libc++/libc++/shared_mutex.o
[277/1966] 2m12.85s F CXX clang_x64/obj/buildtools/third_party/libc++/libc++/thread.o
[278/1966] 2m13.36s F CXX clang_x64/obj/third_party/protobuf/protoc_cpp/ifndef_guard.o
[279/1966] 2m14.49s F CXX clang_x64/obj/third_party/protobuf/protoc_java/field_common.o
[280/1966] 2m15.41s F CXX clang_x64/obj/third_party/protobuf/protoc_lib/code_generator_lite.o
[281/1966] 2m17.03s F CXX clang_x64/obj/third_party/protobuf/protoc_lib/code_generator.o
[282/1966] 2m18.32s F CXX clang_x64/obj/third_party/protobuf/protoc_lib/plugin.pb.o
[283/1966] 2m19.06s F CXX clang_x64/obj/third_party/protobuf/protoc_lib/plugin.o
[284/1966] 2m22.40s F CXX clang_x64/obj/third_party/protobuf/protoc_lib/command_line_interface.o
[285/1966] 2m22.96s F CXX clang_x64/obj/third_party/protobuf/protoc_cpp/extension.o
[286/1966] 2m23.08s F CXX clang_x64/obj/third_party/protobuf/protoc_cpp/tracker.o
[287/1966] 2m25.80s F CXX clang_x64/obj/third_party/protobuf/protoc_cpp/enum.o
[288/1966] 2m27.15s F CXX clang_x64/obj/third_party/protobuf/protoc_java/names.o
[289/1966] 2m28.23s F CXX clang_x64/obj/buildtools/third_party/libc++/libc++/algorithm.o
[290/1966] 2m28.26s F CXX clang_x64/obj/third_party/protobuf/protoc_cpp/cord_field.o
[291/1966] 2m28.60s F CXX clang_x64/obj/third_party/protobuf/protoc_cpp/parse_function_generator.o
[292/1966] 2m28.63s F CXX clang_x64/obj/buildtools/third_party/libc++/libc++/typeinfo.o
[293/1966] 2m28.66s F CXX clang_x64/obj/buildtools/third_party/libc++/libc++/system_error.o
[294/1966] 2m28.94s F CXX clang_x64/obj/buildtools/third_party/libc++/libc++/directory_entry.o
[295/1966] 2m31.47s F CXX clang_x64/obj/third_party/protobuf/protoc_lib/subprocess.o
[296/1966] 2m31.59s F CXX clang_x64/obj/buildtools/third_party/libc++/libc++/variant.o
[297/1966] 2m31.77s F CXX clang_x64/obj/third_party/protobuf/protoc_cpp/namespace_printer.o
[298/1966] 2m32.22s F CXX clang_x64/obj/buildtools/third_party/libc++/libc++/vector.o
[299/1966] 2m33.78s F CXX clang_x64/obj/third_party/protobuf/protoc_cpp/field.o
[300/1966] 2m34.00s F CXX clang_x64/obj/third_party/protobuf/protoc_java_full/enum.o
[301/1966] 2m34.04s F CXX clang_x64/obj/buildtools/third_party/libc++/libc++/verbose_abort.o
[302/1966] 2m35.71s F CXX clang_x64/obj/third_party/protobuf/protoc_java_full/generator_factory.o
[303/1966] 2m37.86s F CXX clang_x64/obj/third_party/protobuf/protoc_cpp/message_layout_helper.o
[304/1966] 2m37.88s F CXX clang_x64/obj/third_party/protobuf/protoc_java_full/make_field_gens.o
[305/1966] 2m37.96s F CXX clang_x64/obj/buildtools/third_party/libc++/libc++/condition_variable_destructor.o
[306/1966] 2m39.70s F CXX clang_x64/obj/third_party/protobuf/protoc_java_full/map_field.o
[307/1966] 2m41.80s F CXX clang_x64/obj/third_party/protobuf/protoc_java_full/message.o
[308/1966] 2m41.87s F CXX clang_x64/obj/buildtools/third_party/libc++/libc++/new.o
[309/1966] 2m43.16s F CXX clang_x64/obj/third_party/protobuf/protoc_cpp/string_view_field.o
[310/1966] 2m43.27s F CXX clang_x64/obj/third_party/protobuf/protoc_java_full/message_field.o
[311/1966] 2m44.25s F CXX clang_x64/obj/third_party/protobuf/protoc_java/context.o
[312/1966] 2m45.28s F CXX clang_x64/obj/buildtools/third_party/libc++/libc++/directory_iterator.o
[313/1966] 2m45.51s F CXX clang_x64/obj/third_party/protobuf/protoc_python/helpers.o
[314/1966] 2m47.11s F CXX clang_x64/obj/buildtools/third_party/libc++/libc++/filesystem_clock.o
[315/1966] 2m47.77s F CXX clang_x64/obj/third_party/protobuf/protoc_java/generator.o
[316/1966] 2m47.90s F CXX clang_x64/obj/buildtools/third_party/libc++/libc++/optional.o
[317/1966] 2m48.76s F CXX clang_x64/obj/third_party/protobuf/protoc_cpp/field_layout.o
[318/1966] 2m49.57s F CXX clang_x64/obj/buildtools/third_party/libc++/libc++/filesystem_error.o
[319/1966] 2m50.86s F CXX clang_x64/obj/third_party/protobuf/protoc_cpp/map_field.o
[320/1966] 2m53.40s F CXX clang_x64/obj/third_party/protobuf/protoc_java/helpers.o
[321/1966] 2m53.97s F CXX clang_x64/obj/buildtools/third_party/libc++/libc++/hash.o
[322/1966] 2m54.27s F CXX clang_x64/obj/buildtools/third_party/libc++/libc++/valarray.o
[323/1966] 2m54.31s F CXX clang_x64/obj/third_party/protobuf/protoc_python/generator.o
[324/1966] 2m54.36s F CXX clang_x64/obj/buildtools/third_party/libc++/libc++/exception.o
[325/1966] 2m54.78s F CXX clang_x64/obj/third_party/protobuf/protoc_python/pyi_generator.o
[326/1966] 2m56.03s F CXX clang_x64/obj/third_party/protobuf/protoc_java_full/extension.o
[327/1966] 2m57.04s F CXX clang_x64/obj/third_party/protobuf/protoc_lib/zip_writer.o
[328/1966] 2m58.88s F CXX clang_x64/obj/third_party/protobuf/protoc_lib/retention.o
[329/1966] 2m59.41s F CXX clang_x64/obj/buildtools/third_party/libc++/libc++/future.o
[330/1966] 2m59.77s F CXX clang_x64/obj/third_party/protobuf/protoc_lib/versions.o
[331/1966] 2m59.89s F CXX clang_x64/obj/third_party/protobuf/protoc_java_full/string_field.o
[332/1966] 3m02.71s F CXX clang_x64/obj/third_party/protobuf/protoc_java_full/message_builder.o
[333/1966] 3m04.18s F CXX clang_x64/obj/third_party/protobuf/protoc_cpp/field_chunk.o
[334/1966] 3m04.85s F CXX clang_x64/obj/third_party/protobuf/protoc_cpp/enum_field.o
[335/1966] 3m05.06s F CXX clang_x64/obj/third_party/protobuf/protoc_java_full/primitive_field.o
[336/1966] 3m05.86s F CXX clang_x64/obj/buildtools/third_party/libc++/libc++/ios.o
[337/1966] 3m08.20s F CXX clang_x64/obj/third_party/protobuf/protoc_java/internal_helpers.o
[338/1966] 3m08.76s F CXX clang_x64/obj/third_party/protobuf/protoc_java/shared_code_generator.o
[339/1966] 3m10.18s F CXX clang_x64/obj/third_party/protobuf/protoc_cpp/primitive_field.o
[340/1966] 3m10.23s F CXX clang_x64/obj/buildtools/third_party/libc++/libc++/ios.instantiations.o
[341/1966] 3m10.27s F CXX clang_x64/obj/buildtools/third_party/libc++/libc++/any.o
[342/1966] 3m11.17s F CXX clang_x64/obj/buildtools/third_party/libc++/libc++/operations.o
[343/1966] 3m11.20s F CXX clang_x64/obj/third_party/protobuf/protoc_cpp/string_field.o
[344/1966] 3m11.22s F CXX clang_x64/obj/buildtools/third_party/libc++/libc++/atomic.o
[345/1966] 3m11.55s F CXX clang_x64/obj/buildtools/third_party/libc++/libc++/bind.o
[346/1966] 3m11.97s F CXX clang_x64/obj/buildtools/third_party/libc++/libc++/barrier.o
[347/1963] 3m11.97s F AR clang_x64/obj/third_party/protobuf/libprotobuf_full_library.a
[348/1963] 3m13.64s F CXX clang_x64/obj/third_party/protobuf/protoc_java/java_features.pb.o
[349/1962] 3m15.10s F CXX clang_x64/obj/third_party/perfetto/src/base/base/file_utils.o
[350/1962] 3m16.39s F CXX clang_x64/obj/third_party/protobuf/protoc_java_lite/enum.o
[351/1961] 3m16.78s F CXX clang_x64/obj/third_party/protobuf/protoc_java_full/service.o
[351/1960] 3m16.78s S AR clang_x64/obj/third_party/protobuf/libprotoc_lib.a
[352/1960] 3m16.87s F CXX clang_x64/obj/buildtools/third_party/libc++/libc++/locale.o
[353/1960] 3m16.87s S AR clang_x64/obj/buildtools/third_party/libc++/libc++.a
[353/1960] 3m16.97s F CXX clang_x64/obj/third_party/perfetto/src/base/base/string_view.o
[354/1960] 3m17.77s F CXX clang_x64/obj/third_party/perfetto/src/base/base/status.o
[355/1960] 3m18.09s F CXX clang_x64/obj/third_party/perfetto/src/base/base/android_utils.o
[356/1960] 3m18.13s F CXX clang_x64/obj/third_party/perfetto/src/base/base/string_splitter.o
[357/1960] 3m18.44s F CXX clang_x64/obj/third_party/perfetto/src/base/base/waitable_event.o
[358/1960] 3m18.81s F CXX clang_x64/obj/third_party/protobuf/protoc/main.o
[359/1960] 3m18.94s F CXX clang_x64/obj/third_party/perfetto/src/base/base/intrusive_list.o
[360/1960] 3m19.14s F CXX clang_x64/obj/third_party/perfetto/src/base/base/scoped_sched_boost.o
[361/1960] 3m19.32s F CXX clang_x64/obj/third_party/perfetto/src/base/base/subprocess.o
[362/1960] 3m19.73s F CXX clang_x64/obj/third_party/perfetto/src/base/base/weak_runner.o
[363/1960] 3m20.02s F CXX clang_x64/obj/third_party/perfetto/src/base/base/cpu_info.o
[364/1960] 3m20.47s F CXX clang_x64/obj/third_party/perfetto/src/base/base/uuid.o
[365/1960] 3m20.54s F CXX clang_x64/obj/third_party/perfetto/src/base/base/watchdog_posix.o
[366/1960] 3m20.69s F CXX clang_x64/obj/third_party/perfetto/src/base/base/ctrl_c_handler.o
[367/1960] 3m20.84s F CXX clang_x64/obj/third_party/perfetto/src/base/base/pipe.o
[368/1960] 3m21.55s F CXX clang_x64/obj/third_party/perfetto/src/base/base/dynamic_string_writer.o
[369/1960] 3m21.58s F CXX clang_x64/obj/third_party/perfetto/src/base/base/thread_task_runner.o
[370/1960] 3m21.74s F CXX clang_x64/obj/third_party/perfetto/src/base/base/base64.o
[371/1960] 3m22.44s F CXX clang_x64/obj/third_party/perfetto/src/base/base/temp_file.o
[372/1960] 3m22.46s F CXX clang_x64/obj/third_party/perfetto/src/base/base/thread_utils.o
[373/1960] 3m22.58s F CXX clang_x64/obj/third_party/perfetto/src/base/base/utils.o
[374/1960] 3m22.74s F CXX clang_x64/obj/third_party/perfetto/src/protozero/protoc_plugin/cppgen_plugin/cppgen_plugin.o
[375/1960] 3m22.92s F CXX clang_x64/obj/third_party/perfetto/src/base/base/getopt_compat.o
[376/1960] 3m23.22s F CXX clang_x64/obj/third_party/perfetto/src/base/base/scoped_mmap.o
[377/1960] 3m23.48s F CXX clang_x64/obj/third_party/perfetto/src/base/base/subprocess_windows.o
[378/1960] 3m23.50s F CXX clang_x64/obj/third_party/perfetto/src/base/check_cpu_optimizations/check_cpu_optimizations.o
[379/1959] 3m23.65s F CXX clang_x64/obj/third_party/perfetto/src/base/base/metatrace.o
[380/1958] 3m23.67s F CXX clang_x64/obj/third_party/perfetto/src/base/perfetto_base_default_platform/default_platform.o
[381/1958] 3m23.92s F CXX clang_x64/obj/third_party/perfetto/src/base/base/intrusive_tree.o
[382/1958] 3m24.66s F CXX clang_x64/obj/third_party/perfetto/src/base/base/string_utils.o
[383/1958] 3m24.67s F AR clang_x64/obj/third_party/protobuf/libprotoc_lib.a
[384/1958] 3m24.68s F AR clang_x64/obj/buildtools/third_party/libc++/libc++.a
[385/1958] 3m24.70s F CXX clang_x64/obj/third_party/perfetto/src/base/base/unix_task_runner.o
[386/1958] 3m24.71s S LINK clang_x64/protoc
[386/1958] 3m24.86s F CXX clang_x64/obj/third_party/perfetto/src/base/base/subprocess_posix.o
[387/1958] 3m25.27s F LINK clang_x64/protoc
[388/1958] 3m25.58s F CXX clang_x64/obj/third_party/perfetto/src/base/base/string_view_splitter.o
[389/1958] 3m25.90s F CXX clang_x64/obj/third_party/perfetto/src/base/base/lock_free_task_runner.o
[390/1958] 3m25.97s F CXX clang_x64/obj/third_party/perfetto/src/base/base/periodic_task.o
[391/1958] 3m26.02s F CXX clang_x64/obj/third_party/perfetto/src/base/base/time.o
[392/1958] 3m26.19s F CXX clang_x64/obj/third_party/perfetto/src/base/base/thread_checker.o
[393/1958] 3m26.38s F CXX clang_x64/obj/third_party/perfetto/src/base/base/virtual_destructors.o
[394/1958] 3m26.79s F CXX clang_x64/obj/third_party/perfetto/src/base/base/paged_memory.o
[395/1958] 3m26.81s F CXX clang_x64/obj/third_party/perfetto/src/base/base/event_fd.o
[396/1958] 3m27.18s F CXX clang_x64/obj/third_party/perfetto/src/base/base/logging.o
[397/1958] 3m27.19s F CXX clang_x64/obj/third_party/perfetto/src/base/base/crash_keys.o
[398/1958] 3m27.37s F CXX obj/third_party/perfetto/src/protozero/protozero/field.o
[399/1958] 3m27.40s F CXX clang_x64/obj/third_party/perfetto/src/base/base/rt_mutex.o
[400/1957] 3m27.43s S LINK clang_x64/cppgen_plugin
[400/1957] 3m27.56s F CXX obj/third_party/perfetto/src/base/base/ctrl_c_handler.o
[401/1957] 3m28.01s S ACTION //third_party/perfetto/protos/perfetto/config/process_stats:cpp_gen(//build/toolchain/android:android_clang_arm)
[401/1957] 3m28.02s F LINK clang_x64/cppgen_plugin
[402/1957] 3m28.03s S ACTION //third_party/perfetto/protos/perfetto/config/track_event:cpp_gen(//build/toolchain/android:android_clang_arm)
[402/1957] 3m28.03s S ACTION //third_party/perfetto/protos/perfetto/protovm:cpp_gen(//build/toolchain/android:android_clang_arm)
[402/1957] 3m28.04s S ACTION //third_party/perfetto/protos/perfetto/config/statsd:cpp_gen(//build/toolchain/android:android_clang_arm)
[402/1957] 3m28.04s S ACTION //third_party/perfetto/protos/perfetto/config/protovm:cpp_gen(//build/toolchain/android:android_clang_arm)
[402/1957] 3m28.05s S ACTION //third_party/perfetto/protos/perfetto/config/system_info:cpp_gen(//build/toolchain/android:android_clang_arm)
[402/1957] 3m28.06s F CXX obj/third_party/perfetto/src/protozero/protozero/message_arena.o
[403/1957] 3m28.06s S ACTION //third_party/perfetto/protos/perfetto/common:semantic_type_cpp_gen(//build/toolchain/android:android_clang_arm)
[403/1957] 3m28.07s S ACTION //third_party/perfetto/protos/perfetto/config/gpu:cpp_gen(//build/toolchain/android:android_clang_arm)
[403/1957] 3m28.08s S ACTION //third_party/perfetto/protos/perfetto/config/linux:cpp_gen(//build/toolchain/android:android_clang_arm)
[403/1957] 3m28.08s S ACTION //third_party/perfetto/protos/perfetto/config/power:cpp_gen(//build/toolchain/android:android_clang_arm)
[403/1957] 3m28.10s S ACTION //third_party/perfetto/protos/perfetto/trace/track_event:cpp_gen(//build/toolchain/android:android_clang_arm)
[403/1957] 3m28.12s S ACTION //third_party/perfetto/protos/perfetto/config/inode_file:cpp_gen(//build/toolchain/android:android_clang_arm)
[403/1957] 3m28.17s S ACTION //third_party/perfetto/protos/perfetto/config/priority_boost:cpp_gen(//build/toolchain/android:android_clang_arm)
[403/1957] 3m28.19s S ACTION //third_party/perfetto/protos/perfetto/config/ftrace:cpp_gen(//build/toolchain/android:android_clang_arm)
[403/1957] 3m28.27s F CXX obj/third_party/perfetto/src/protozero/protozero/virtual_destructors.o
[404/1957] 3m28.44s F ACTION //third_party/perfetto/protos/perfetto/config/statsd:cpp_gen(//build/toolchain/android:android_clang_arm)
[405/1955] 3m28.44s S CXX obj/third_party/perfetto/protos/perfetto/config/statsd/cpp/statsd_tracing_config.gen.o
[405/1955] 3m28.45s S CXX obj/third_party/perfetto/protos/perfetto/config/statsd/cpp/atom_ids.gen.o
[405/1955] 3m28.55s F ACTION //third_party/perfetto/protos/perfetto/config/process_stats:cpp_gen(//build/toolchain/android:android_clang_arm)
[406/1953] 3m28.55s S CXX obj/third_party/perfetto/protos/perfetto/config/process_stats/cpp/process_stats_config.gen.o
[406/1953] 3m28.71s F ACTION //third_party/perfetto/protos/perfetto/config/track_event:cpp_gen(//build/toolchain/android:android_clang_arm)
[407/1951] 3m28.71s S CXX obj/third_party/perfetto/protos/perfetto/config/track_event/cpp/track_event_config.gen.o
[407/1951] 3m28.83s F ACTION //third_party/perfetto/protos/perfetto/config/ftrace:cpp_gen(//build/toolchain/android:android_clang_arm)
[407/1949] 3m28.83s S CXX obj/third_party/perfetto/protos/perfetto/config/ftrace/cpp/ftrace_config.gen.o
[407/1949] 3m28.83s S CXX obj/third_party/perfetto/protos/perfetto/config/ftrace/cpp/frozen_ftrace_config.gen.o
[408/1949] 3m28.89s F ACTION //third_party/perfetto/protos/perfetto/config/linux:cpp_gen(//build/toolchain/android:android_clang_arm)
[409/1947] 3m28.89s S CXX obj/third_party/perfetto/protos/perfetto/config/linux/cpp/journald_config.gen.o
[409/1947] 3m28.91s F ACTION //third_party/perfetto/protos/perfetto/protovm:cpp_gen(//build/toolchain/android:android_clang_arm)
[410/1945] 3m28.91s S CXX obj/third_party/perfetto/protos/perfetto/protovm/cpp/vm_program.gen.o
[410/1945] 3m29.29s F CXX obj/third_party/perfetto/src/protozero/protozero/gen_field_helpers.o
[411/1945] 3m29.31s F CXX obj/third_party/perfetto/src/protozero/protozero/message.o
[412/1945] 3m29.40s F ACTION //third_party/perfetto/protos/perfetto/config/protovm:cpp_gen(//build/toolchain/android:android_clang_arm)
[413/1945] 3m29.40s F ACTION //third_party/perfetto/protos/perfetto/config/inode_file:cpp_gen(//build/toolchain/android:android_clang_arm)
[414/1943] 3m29.40s S CXX obj/third_party/perfetto/protos/perfetto/config/inode_file/cpp/inode_file_config.gen.o
[414/1941] 3m29.40s S CXX obj/third_party/perfetto/protos/perfetto/config/protovm/cpp/protovm_config.gen.o
[414/1941] 3m29.49s F ACTION //third_party/perfetto/protos/perfetto/config/gpu:cpp_gen(//build/toolchain/android:android_clang_arm)
[415/1939] 3m29.49s S CXX obj/third_party/perfetto/protos/perfetto/config/gpu/cpp/gpu_renderstages_config.gen.o
[415/1939] 3m29.49s S CXX obj/third_party/perfetto/protos/perfetto/config/gpu/cpp/gpu_counter_config.gen.o
[415/1939] 3m29.49s S CXX obj/third_party/perfetto/protos/perfetto/config/gpu/cpp/vulkan_memory_config.gen.o
[415/1939] 3m29.49s F CXX obj/third_party/perfetto/src/base/base/scoped_mmap.o
[416/1939] 3m29.56s F ACTION //third_party/perfetto/protos/perfetto/config/power:cpp_gen(//build/toolchain/android:android_clang_arm)
[417/1937] 3m29.57s S CXX obj/third_party/perfetto/protos/perfetto/config/power/cpp/android_power_config.gen.o
[417/1937] 3m29.60s F CXX obj/third_party/perfetto/src/base/base/scoped_sched_boost.o
[418/1937] 3m29.87s F ACTION //third_party/perfetto/protos/perfetto/common:semantic_type_cpp_gen(//build/toolchain/android:android_clang_arm)
[419/1935] 3m29.87s S CXX obj/third_party/perfetto/protos/perfetto/common/semantic_type_cpp/semantic_type.gen.o
[419/1935] 3m29.99s F ACTION //third_party/perfetto/protos/perfetto/config/priority_boost:cpp_gen(//build/toolchain/android:android_clang_arm)
[420/1935] 3m29.99s F ACTION //third_party/perfetto/protos/perfetto/config/system_info:cpp_gen(//build/toolchain/android:android_clang_arm)
[421/1932] 3m29.99s S CXX obj/third_party/perfetto/protos/perfetto/config/priority_boost/cpp/priority_boost_config.gen.o
[421/1931] 3m30.00s S CXX obj/third_party/perfetto/protos/perfetto/config/system_info/cpp/system_info_config.gen.o
[421/1931] 3m30.02s F ACTION //third_party/perfetto/protos/perfetto/trace/track_event:cpp_gen(//build/toolchain/android:android_clang_arm)
[421/1929] 3m30.02s S CXX obj/third_party/perfetto/protos/perfetto/trace/track_event/cpp/chrome_window_handle_event_info.gen.o
[421/1929] 3m30.03s S CXX obj/third_party/perfetto/protos/perfetto/trace/track_event/cpp/chrome_legacy_ipc.gen.o
[421/1929] 3m30.03s S CXX obj/third_party/perfetto/protos/perfetto/trace/track_event/cpp/chrome_active_processes.gen.o
[421/1929] 3m30.03s S CXX obj/third_party/perfetto/protos/perfetto/trace/track_event/cpp/track_event.gen.o
[421/1929] 3m30.03s S CXX obj/third_party/perfetto/protos/perfetto/trace/track_event/cpp/chrome_application_state_info.gen.o
[421/1929] 3m30.03s S CXX obj/third_party/perfetto/protos/perfetto/trace/track_event/cpp/track_descriptor.gen.o
[421/1929] 3m30.03s S CXX obj/third_party/perfetto/protos/perfetto/trace/track_event/cpp/chrome_latency_info.gen.o
[421/1929] 3m30.03s S CXX obj/third_party/perfetto/protos/perfetto/trace/track_event/cpp/thread_descriptor.gen.o
[421/1929] 3m30.03s S CXX obj/third_party/perfetto/protos/perfetto/trace/track_event/cpp/chrome_keyed_service.gen.o
[421/1929] 3m30.03s S CXX obj/third_party/perfetto/protos/perfetto/trace/track_event/cpp/chrome_histogram_sample.gen.o
[422/1929] 3m30.03s S CXX obj/third_party/perfetto/protos/perfetto/trace/track_event/cpp/range_of_interest.gen.o
[422/1929] 3m30.03s S CXX obj/third_party/perfetto/protos/perfetto/trace/track_event/cpp/task_execution.gen.o
[422/1929] 3m30.03s S CXX obj/third_party/perfetto/protos/perfetto/trace/track_event/cpp/log_message.gen.o
[422/1929] 3m30.03s S CXX obj/third_party/perfetto/protos/perfetto/trace/track_event/cpp/process_descriptor.gen.o
[422/1929] 3m30.04s S CXX obj/third_party/perfetto/protos/perfetto/trace/track_event/cpp/debug_annotation.gen.o
[422/1929] 3m30.04s S CXX obj/third_party/perfetto/protos/perfetto/trace/track_event/cpp/state_descriptor.gen.o
[422/1929] 3m30.04s S CXX obj/third_party/perfetto/protos/perfetto/trace/track_event/cpp/counter_descriptor.gen.o
[422/1929] 3m30.04s S CXX obj/third_party/perfetto/protos/perfetto/trace/track_event/cpp/source_location.gen.o
[422/1929] 3m30.04s S CXX obj/third_party/perfetto/protos/perfetto/trace/track_event/cpp/chrome_frame_reporter.gen.o
[422/1929] 3m30.04s S CXX obj/third_party/perfetto/protos/perfetto/trace/track_event/cpp/chrome_content_settings_event_info.gen.o
[422/1929] 3m30.04s S CXX obj/third_party/perfetto/protos/perfetto/trace/track_event/cpp/chrome_compositor_scheduler_state.gen.o
[422/1929] 3m30.04s S CXX obj/third_party/perfetto/protos/perfetto/trace/track_event/cpp/screenshot.gen.o
[422/1929] 3m30.04s S CXX obj/third_party/perfetto/protos/perfetto/trace/track_event/cpp/chrome_renderer_scheduler_state.gen.o
[422/1929] 3m30.04s S CXX obj/third_party/perfetto/protos/perfetto/trace/track_event/cpp/chrome_user_event.gen.o
[422/1929] 3m30.04s S CXX obj/third_party/perfetto/protos/perfetto/trace/track_event/cpp/chrome_thread_descriptor.gen.o
[422/1929] 3m30.04s S CXX obj/third_party/perfetto/protos/perfetto/trace/track_event/cpp/chrome_mojo_event_info.gen.o
[422/1929] 3m30.04s S CXX obj/third_party/perfetto/protos/perfetto/trace/track_event/cpp/chrome_message_pump.gen.o
[422/1929] 3m30.04s S CXX obj/third_party/perfetto/protos/perfetto/trace/track_event/cpp/chrome_process_descriptor.gen.o
[422/1929] 3m30.15s F CXX obj/third_party/perfetto/src/protozero/protozero/scattered_stream_null_delegate.o
[423/1929] 3m30.35s F CXX obj/third_party/perfetto/src/base/base/rt_mutex.o
[424/1929] 3m30.37s F CXX obj/third_party/perfetto/src/base/perfetto_base_default_platform/default_platform.o
[425/1928] 3m30.63s F CXX obj/third_party/perfetto/src/base/base/dynamic_string_writer.o
[426/1928] 3m30.75s F CXX obj/third_party/perfetto/src/base/base/cpu_info.o
[427/1928] 3m30.75s F CXX obj/third_party/perfetto/src/base/base/string_view.o
[428/1928] 3m31.24s F CXX obj/third_party/perfetto/src/base/base/base64.o
[429/1928] 3m31.67s F CXX obj/third_party/perfetto/src/protozero/protozero/proto_decoder.o
[430/1928] 3m31.81s F CXX obj/third_party/perfetto/src/base/base/metatrace.o
[431/1928] 3m31.96s F CXX obj/third_party/perfetto/src/base/base/intrusive_list.o
[432/1928] 3m31.98s F CXX obj/third_party/perfetto/src/base/base/logging.o
[433/1928] 3m32.08s F CXX obj/third_party/perfetto/src/base/base/intrusive_tree.o
[434/1927] 3m32.11s F CXX obj/third_party/perfetto/src/base/check_cpu_optimizations/check_cpu_optimizations.o
[435/1927] 3m32.23s F CXX obj/third_party/perfetto/src/base/base/string_utils.o
[436/1927] 3m32.55s F CXX obj/third_party/perfetto/src/protozero/protozero/packed_repeated_fields.o
[437/1927] 3m32.69s F CXX obj/third_party/perfetto/src/base/base/getopt_compat.o
[438/1927] 3m32.69s F CXX obj/third_party/perfetto/src/base/base/subprocess_windows.o
[439/1927] 3m32.73s F CXX obj/third_party/perfetto/src/base/base/string_view_splitter.o
[440/1927] 3m33.16s F CXX obj/third_party/perfetto/src/base/base/thread_checker.o
[441/1927] 3m33.39s F CXX obj/third_party/perfetto/src/base/base/thread_utils.o
[442/1927] 3m33.62s F CXX obj/third_party/perfetto/src/protozero/protozero/scattered_stream_writer.o
[443/1927] 3m33.88s F CXX obj/third_party/perfetto/src/base/base/time.o
[444/1927] 3m34.20s F CXX obj/third_party/perfetto/src/base/base/waitable_event.o
[445/1927] 3m34.22s F CXX obj/third_party/perfetto/src/base/base/event_fd.o
[446/1927] 3m34.61s F CXX obj/third_party/perfetto/src/base/base/lock_free_task_runner.o
[447/1927] 3m34.95s F CXX obj/third_party/perfetto/src/base/base/thread_task_runner.o
[448/1927] 3m34.98s F CXX obj/third_party/perfetto/src/base/base/watchdog_posix.o
[449/1927] 3m35.49s F CXX obj/third_party/perfetto/src/base/base/subprocess.o
[450/1927] 3m36.02s F CXX obj/third_party/perfetto/src/base/base/unix_task_runner.o
[451/1927] 3m36.26s F CXX obj/third_party/perfetto/protos/perfetto/protovm/cpp/vm_program.gen.o
[452/1927] 3m36.26s F CXX obj/third_party/perfetto/src/base/base/uuid.o
[453/1927] 3m36.68s F CXX obj/third_party/perfetto/src/base/base/weak_runner.o
[454/1927] 3m36.93s F CXX obj/third_party/perfetto/src/base/base/file_utils.o
[455/1927] 3m37.14s F CXX obj/third_party/perfetto/src/base/base/temp_file.o
[456/1927] 3m37.49s F CXX obj/third_party/perfetto/src/base/base/virtual_destructors.o
[457/1927] 3m37.51s F CXX obj/third_party/perfetto/src/base/base/subprocess_posix.o
[458/1927] 3m37.58s F CXX obj/third_party/perfetto/src/protozero/protozero/static_buffer.o
[459/1927] 3m37.67s F CXX obj/third_party/perfetto/src/base/base/utils.o
[460/1927] 3m38.05s F CXX obj/third_party/perfetto/src/base/base/pipe.o
[461/1927] 3m38.28s F CXX obj/third_party/perfetto/src/base/base/paged_memory.o
[462/1927] 3m38.55s F CXX obj/third_party/perfetto/src/protozero/protozero/scattered_heap_buffer.o
[463/1927] 3m38.70s F CXX obj/third_party/perfetto/src/base/base/android_utils.o
[464/1927] 3m38.93s F CXX obj/third_party/perfetto/src/base/base/string_splitter.o
[465/1927] 3m39.09s F CXX obj/third_party/perfetto/src/base/base/crash_keys.o
[466/1927] 3m39.25s F CXX obj/third_party/perfetto/src/base/base/periodic_task.o
[467/1927] 3m39.50s F CXX obj/third_party/perfetto/src/base/base/status.o
[468/1925] 3m39.50s S AR obj/third_party/perfetto/protos/perfetto/protovm/libcpp.a
[468/1925] 3m40.00s F CXX obj/third_party/perfetto/protos/perfetto/config/system_info/cpp/system_info_config.gen.o
[469/1925] 3m40.01s S AR obj/third_party/perfetto/protos/perfetto/config/system_info/libcpp.a
[469/1925] 3m40.01s F CXX obj/third_party/perfetto/protos/perfetto/config/power/cpp/android_power_config.gen.o
[470/1925] 3m40.01s S AR obj/third_party/perfetto/protos/perfetto/config/power/libcpp.a
[470/1925] 3m40.01s F AR obj/third_party/perfetto/protos/perfetto/protovm/libcpp.a
[471/1924] 3m40.05s S ACTION //third_party/perfetto/protos/perfetto/common:cpp_gen(//build/toolchain/android:android_clang_arm)
[471/1924] 3m40.29s F CXX obj/third_party/perfetto/protos/perfetto/config/statsd/cpp/atom_ids.gen.o
[472/1924] 3m40.50s F ACTION //third_party/perfetto/protos/perfetto/common:cpp_gen(//build/toolchain/android:android_clang_arm)
[473/1922] 3m40.50s S CXX obj/third_party/perfetto/protos/perfetto/common/cpp/android_log_constants.gen.o
[473/1922] 3m40.50s S CXX obj/third_party/perfetto/protos/perfetto/common/cpp/perf_events.gen.o
[473/1922] 3m40.50s S CXX obj/third_party/perfetto/protos/perfetto/common/cpp/track_event_descriptor.gen.o
[473/1922] 3m40.50s S CXX obj/third_party/perfetto/protos/perfetto/common/cpp/tracing_service_state.gen.o
[473/1922] 3m40.50s S CXX obj/third_party/perfetto/protos/perfetto/common/cpp/trace_attributes.gen.o
[473/1922] 3m40.50s S CXX obj/third_party/perfetto/protos/perfetto/common/cpp/trace_stats.gen.o
[473/1922] 3m40.51s S CXX obj/third_party/perfetto/protos/perfetto/common/cpp/system_info.gen.o
[473/1922] 3m40.51s S CXX obj/third_party/perfetto/protos/perfetto/common/cpp/sys_stats_counters.gen.o
[473/1922] 3m40.51s S CXX obj/third_party/perfetto/protos/perfetto/common/cpp/ftrace_descriptor.gen.o
[473/1922] 3m40.51s S CXX obj/third_party/perfetto/protos/perfetto/common/cpp/observable_events.gen.o
[473/1922] 3m40.51s S CXX obj/third_party/perfetto/protos/perfetto/common/cpp/android_energy_consumer_descriptor.gen.o
[473/1922] 3m40.51s S CXX obj/third_party/perfetto/protos/perfetto/common/cpp/tracing_service_capabilities.gen.o
[473/1922] 3m40.51s S CXX obj/third_party/perfetto/protos/perfetto/common/cpp/interceptor_descriptor.gen.o
[473/1922] 3m40.51s S CXX obj/third_party/perfetto/protos/perfetto/common/cpp/descriptor.gen.o
[473/1922] 3m40.51s S CXX obj/third_party/perfetto/protos/perfetto/common/cpp/gpu_counter_descriptor.gen.o
[473/1922] 3m40.51s S CXX obj/third_party/perfetto/protos/perfetto/common/cpp/builtin_clock.gen.o
[473/1922] 3m40.52s S CXX obj/third_party/perfetto/protos/perfetto/common/cpp/data_source_descriptor.gen.o
[473/1922] 3m40.52s S CXX obj/third_party/perfetto/protos/perfetto/common/cpp/commit_data_request.gen.o
[473/1922] 3m40.95s F CXX obj/third_party/perfetto/protos/perfetto/config/process_stats/cpp/process_stats_config.gen.o
[473/1922] 3m40.95s S AR obj/third_party/perfetto/protos/perfetto/config/process_stats/libcpp.a
[474/1922] 3m41.15s F CXX obj/third_party/perfetto/protos/perfetto/config/track_event/cpp/track_event_config.gen.o
[475/1922] 3m41.15s S AR obj/third_party/perfetto/protos/perfetto/config/track_event/libcpp.a
[475/1922] 3m41.67s F CXX obj/third_party/perfetto/protos/perfetto/common/cpp/android_log_constants.gen.o
[476/1922] 3m42.10s F CXX obj/third_party/perfetto/protos/perfetto/config/ftrace/cpp/ftrace_config.gen.o
[477/1922] 3m42.23s F CXX obj/third_party/perfetto/protos/perfetto/common/cpp/perf_events.gen.o
[478/1922] 3m42.76s F CXX obj/third_party/perfetto/protos/perfetto/common/cpp/track_event_descriptor.gen.o
[479/1922] 3m43.18s F CXX obj/third_party/perfetto/protos/perfetto/common/cpp/trace_attributes.gen.o
[480/1922] 3m43.63s F CXX obj/third_party/perfetto/protos/perfetto/common/cpp/tracing_service_state.gen.o
[481/1922] 3m43.98s F CXX obj/third_party/perfetto/protos/perfetto/common/cpp/data_source_descriptor.gen.o
[482/1922] 3m44.19s F CXX obj/third_party/perfetto/protos/perfetto/common/cpp/trace_stats.gen.o
[483/1922] 3m44.45s F CXX obj/third_party/perfetto/protos/perfetto/common/cpp/system_info.gen.o
[484/1922] 3m44.67s F CXX obj/third_party/perfetto/protos/perfetto/common/cpp/sys_stats_counters.gen.o
[485/1922] 3m45.02s F CXX clang_x64/obj/third_party/perfetto/src/protozero/protoc_plugin/protozero_plugin/protozero_plugin.o
[486/1922] 3m45.06s S LINK clang_x64/protozero_plugin
[486/1922] 3m45.12s F CXX obj/third_party/perfetto/protos/perfetto/common/cpp/ftrace_descriptor.gen.o
[487/1922] 3m45.39s F CXX obj/third_party/perfetto/protos/perfetto/common/cpp/android_energy_consumer_descriptor.gen.o
[488/1922] 3m45.69s F LINK clang_x64/protozero_plugin
[489/1922] 3m45.80s F CXX obj/third_party/perfetto/protos/perfetto/common/cpp/observable_events.gen.o
[490/1922] 3m45.82s S ACTION //third_party/perfetto/protos/perfetto/trace/ftrace:zero_gen(//build/toolchain/android:android_clang_arm)
[490/1922] 3m45.83s S ACTION //third_party/perfetto/protos/perfetto/protovm:zero_gen(//build/toolchain/android:android_clang_arm)
[490/1922] 3m45.83s S ACTION //third_party/perfetto/protos/perfetto/trace/gpu:zero_gen(//build/toolchain/android:android_clang_arm)
[490/1922] 3m46.08s S ACTION //third_party/perfetto/protos/perfetto/config/qnx:zero_gen(//build/toolchain/android:android_clang_arm)
[490/1922] 3m46.09s S ACTION //third_party/perfetto/protos/perfetto/config/android:zero_gen(//build/toolchain/android:android_clang_arm)
[490/1922] 3m46.10s S ACTION //third_party/perfetto/protos/perfetto/trace:non_minimal_zero_gen(//build/toolchain/android:android_clang_arm)
[490/1922] 3m46.10s S ACTION //third_party/perfetto/protos/perfetto/trace/power:zero_gen(//build/toolchain/android:android_clang_arm)
[490/1922] 3m46.11s S ACTION //third_party/perfetto/protos/perfetto/trace/generic_kernel:zero_gen(//build/toolchain/android:android_clang_arm)
[490/1922] 3m46.11s S ACTION //third_party/perfetto/protos/perfetto/trace/chrome:zero_gen(//build/toolchain/android:android_clang_arm)
[490/1922] 3m46.12s S ACTION //third_party/perfetto/protos/perfetto/trace/perfetto:zero_gen(//build/toolchain/android:android_clang_arm)
[490/1922] 3m46.12s S ACTION //third_party/perfetto/protos/perfetto/trace/linux:zero_gen(//build/toolchain/android:android_clang_arm)
[490/1922] 3m46.14s S ACTION //third_party/perfetto/protos/perfetto/trace/translation:zero_gen(//build/toolchain/android:android_clang_arm)
[490/1922] 3m46.15s S ACTION //third_party/perfetto/protos/perfetto/config/system_info:zero_gen(//build/toolchain/android:android_clang_arm)
[490/1922] 3m46.17s S ACTION //third_party/perfetto/protos/perfetto/trace/system_info:zero_gen(//build/toolchain/android:android_clang_arm)
[490/1922] 3m46.18s S ACTION //third_party/perfetto/protos/perfetto/config/sys_stats:zero_gen(//build/toolchain/android:android_clang_arm)
[490/1922] 3m46.19s S ACTION //third_party/perfetto/protos/perfetto/common:semantic_type_zero_gen(//build/toolchain/android:android_clang_arm)
[490/1922] 3m46.20s S ACTION //third_party/perfetto/protos/perfetto/config/protovm:zero_gen(//build/toolchain/android:android_clang_arm)
[490/1922] 3m46.21s S ACTION //third_party/perfetto/protos/perfetto/trace:minimal_zero_gen(//build/toolchain/android:android_clang_arm)
[490/1922] 3m46.22s S ACTION //third_party/perfetto/protos/perfetto/trace/profiling:inline_callstack_zero_gen(//build/toolchain/android:android_clang_arm)
[490/1922] 3m46.22s S ACTION //third_party/perfetto/protos/perfetto/config/process_stats:zero_gen(//build/toolchain/android:android_clang_arm)
[490/1922] 3m46.24s S ACTION //third_party/perfetto/protos/perfetto/trace/statsd:zero_gen(//build/toolchain/android:android_clang_arm)
[490/1922] 3m46.27s S ACTION //third_party/perfetto/protos/perfetto/trace/etw:zero_gen(//build/toolchain/android:android_clang_arm)
[490/1922] 3m46.36s S ACTION //third_party/perfetto/protos/perfetto/config/track_event:zero_gen(//build/toolchain/android:android_clang_arm)
[490/1922] 3m46.36s S ACTION //third_party/perfetto/protos/perfetto/config/linux:zero_gen(//build/toolchain/android:android_clang_arm)
[490/1922] 3m46.27s F CXX obj/third_party/perfetto/protos/perfetto/common/cpp/interceptor_descriptor.gen.o
[490/1922] 3m46.31s S ACTION //third_party/perfetto/protos/perfetto/config/gpu:zero_gen(//build/toolchain/android:android_clang_arm)
[490/1922] 3m46.31s S ACTION //third_party/perfetto/protos/perfetto/trace/filesystem:zero_gen(//build/toolchain/android:android_clang_arm)
[490/1922] 3m46.30s S ACTION //third_party/perfetto/protos/perfetto/config/profiling:zero_gen(//build/toolchain/android:android_clang_arm)
[490/1922] 3m46.37s S ACTION //third_party/perfetto/protos/perfetto/config/power:zero_gen(//build/toolchain/android:android_clang_arm)
[490/1922] 3m46.35s S ACTION //third_party/perfetto/protos/perfetto/trace/profiling:zero_gen(//build/toolchain/android:android_clang_arm)
[490/1922] 3m46.32s S ACTION //third_party/perfetto/protos/perfetto/trace/sys_stats:zero_gen(//build/toolchain/android:android_clang_arm)
[490/1922] 3m46.35s S ACTION //third_party/perfetto/protos/perfetto/common:zero_gen(//build/toolchain/android:android_clang_arm)
[490/1922] 3m46.35s S ACTION //third_party/perfetto/protos/perfetto/trace/track_event:zero_gen(//build/toolchain/android:android_clang_arm)
[490/1922] 3m46.35s S ACTION //third_party/perfetto/protos/perfetto/config/statsd:zero_gen(//build/toolchain/android:android_clang_arm)
[490/1922] 3m46.35s S ACTION //third_party/perfetto/protos/perfetto/config/interceptors:zero_gen(//build/toolchain/android:android_clang_arm)
[490/1922] 3m46.35s S ACTION //third_party/perfetto/protos/perfetto/trace/interned_data:zero_gen(//build/toolchain/android:android_clang_arm)
[490/1922] 3m46.35s S ACTION //third_party/perfetto/protos/perfetto/trace/ps:zero_gen(//build/toolchain/android:android_clang_arm)
[490/1922] 3m46.35s S ACTION //third_party/perfetto/protos/perfetto/config:zero_gen(//build/toolchain/android:android_clang_arm)
[490/1922] 3m46.36s S ACTION //third_party/perfetto/protos/perfetto/config/priority_boost:zero_gen(//build/toolchain/android:android_clang_arm)
[490/1922] 3m46.35s S ACTION //third_party/perfetto/protos/perfetto/trace/android:zero_gen(//build/toolchain/android:android_clang_arm)
[490/1922] 3m46.35s S ACTION //third_party/perfetto/protos/perfetto/config/ftrace:zero_gen(//build/toolchain/android:android_clang_arm)
[490/1922] 3m46.38s F CXX obj/third_party/perfetto/protos/perfetto/common/cpp/builtin_clock.gen.o
[492/1922] 3m46.48s S ACTION //third_party/perfetto/protos/perfetto/config/inode_file:zero_gen(//build/toolchain/android:android_clang_arm)
[492/1922] 3m46.73s F ACTION //third_party/perfetto/protos/perfetto/protovm:zero_gen(//build/toolchain/android:android_clang_arm)
[493/1920] 3m46.74s S CXX obj/third_party/perfetto/src/protovm/protovm/error_handling.o
[493/1919] 3m46.74s S CXX obj/third_party/perfetto/protos/perfetto/protovm/zero/vm_program.pbzero.o
[493/1919] 3m46.75s S CXX obj/third_party/perfetto/src/protovm/protovm/allocator.o
[493/1919] 3m46.75s S CXX obj/third_party/perfetto/src/protovm/protovm/vm.o
[493/1919] 3m46.77s S CXX obj/third_party/perfetto/src/protovm/protovm/rw_proto_cursor.o
[493/1919] 3m46.77s S CXX obj/third_party/perfetto/src/protovm/protovm/rw_proto.o
[493/1919] 3m46.77s S CXX obj/third_party/perfetto/src/protovm/protovm/ro_cursor.o
[493/1919] 3m46.78s S CXX obj/third_party/perfetto/src/protovm/protovm/parser.o
[493/1919] 3m46.79s S CXX obj/third_party/perfetto/src/protovm/protovm/executor.o
[493/1919] 3m46.79s S CXX obj/third_party/perfetto/src/protovm/protovm/node.o
[493/1919] 3m47.12s F ACTION //third_party/perfetto/protos/perfetto/config/system_info:zero_gen(//build/toolchain/android:android_clang_arm)
[494/1917] 3m47.12s S CXX obj/third_party/perfetto/protos/perfetto/config/system_info/zero/system_info_config.pbzero.o
[494/1917] 3m47.13s F ACTION //third_party/perfetto/protos/perfetto/trace/ftrace:zero_gen(//build/toolchain/android:android_clang_arm)
[495/1915] 3m47.13s S CXX obj/third_party/perfetto/protos/perfetto/trace/ftrace/zero/ftrace_event_bundle.pbzero.o
[495/1915] 3m47.13s S CXX obj/third_party/perfetto/protos/perfetto/trace/ftrace/zero/kgsl.pbzero.o
[495/1915] 3m47.13s S CXX obj/third_party/perfetto/protos/perfetto/trace/ftrace/zero/dwc3.pbzero.o
[495/1915] 3m47.13s S CXX obj/third_party/perfetto/protos/perfetto/trace/ftrace/zero/scsi.pbzero.o
[495/1915] 3m47.13s S CXX obj/third_party/perfetto/protos/perfetto/trace/ftrace/zero/irq_vectors.pbzero.o
[495/1915] 3m47.13s S CXX obj/third_party/perfetto/protos/perfetto/trace/ftrace/zero/irq.pbzero.o
[495/1915] 3m47.14s S CXX obj/third_party/perfetto/protos/perfetto/trace/ftrace/zero/ftrace_event.pbzero.o
[495/1915] 3m47.14s S CXX obj/third_party/perfetto/protos/perfetto/trace/ftrace/zero/scm.pbzero.o
[495/1915] 3m47.14s S CXX obj/third_party/perfetto/protos/perfetto/trace/ftrace/zero/dpu.pbzero.o
[495/1915] 3m47.14s S CXX obj/third_party/perfetto/protos/perfetto/trace/ftrace/zero/sched.pbzero.o
[495/1915] 3m47.14s S CXX obj/third_party/perfetto/protos/perfetto/trace/ftrace/zero/dmabuf_heap.pbzero.o
[495/1915] 3m47.14s S CXX obj/third_party/perfetto/protos/perfetto/trace/ftrace/zero/dma_fence.pbzero.o
[495/1915] 3m47.14s S CXX obj/third_party/perfetto/protos/perfetto/trace/ftrace/zero/rpm.pbzero.o
[495/1915] 3m47.14s S CXX obj/third_party/perfetto/protos/perfetto/trace/ftrace/zero/samsung.pbzero.o
[495/1915] 3m47.14s S CXX obj/third_party/perfetto/protos/perfetto/trace/ftrace/zero/ipi.pbzero.o
[495/1915] 3m47.14s S CXX obj/third_party/perfetto/protos/perfetto/trace/ftrace/zero/drm.pbzero.o
[495/1915] 3m47.14s S CXX obj/third_party/perfetto/protos/perfetto/trace/ftrace/zero/workqueue.pbzero.o
[495/1915] 3m47.14s S CXX obj/third_party/perfetto/protos/perfetto/trace/ftrace/zero/devfreq.pbzero.o
[495/1915] 3m47.15s S CXX obj/third_party/perfetto/protos/perfetto/trace/ftrace/zero/dcvsh.pbzero.o
[495/1915] 3m47.15s S CXX obj/third_party/perfetto/protos/perfetto/trace/ftrace/zero/ion.pbzero.o
[495/1915] 3m47.15s S CXX obj/third_party/perfetto/protos/perfetto/trace/ftrace/zero/cros_ec.pbzero.o
[495/1915] 3m47.15s S CXX obj/third_party/perfetto/protos/perfetto/trace/ftrace/zero/i2c.pbzero.o
[495/1915] 3m47.15s S CXX obj/third_party/perfetto/protos/perfetto/trace/ftrace/zero/cpuhp.pbzero.o
[495/1915] 3m47.15s S CXX obj/third_party/perfetto/protos/perfetto/trace/ftrace/zero/regulator.pbzero.o
[495/1915] 3m47.15s S CXX obj/third_party/perfetto/protos/perfetto/trace/ftrace/zero/raw_syscalls.pbzero.o
[495/1915] 3m47.15s S CXX obj/third_party/perfetto/protos/perfetto/trace/ftrace/zero/printk.pbzero.o
[495/1915] 3m47.15s S CXX obj/third_party/perfetto/protos/perfetto/trace/ftrace/zero/power.pbzero.o
[495/1915] 3m47.15s S CXX obj/third_party/perfetto/protos/perfetto/trace/ftrace/zero/hypervisor.pbzero.o
[495/1915] 3m47.15s S CXX obj/third_party/perfetto/protos/perfetto/trace/ftrace/zero/hyp.pbzero.o
[495/1915] 3m47.15s S CXX obj/third_party/perfetto/protos/perfetto/trace/ftrace/zero/virtio_video.pbzero.o
[495/1915] 3m47.15s S CXX obj/third_party/perfetto/protos/perfetto/trace/ftrace/zero/perf_trace_counters.pbzero.o
[495/1915] 3m47.15s S CXX obj/third_party/perfetto/protos/perfetto/trace/ftrace/zero/panel.pbzero.o
[495/1915] 3m47.15s S CXX obj/third_party/perfetto/protos/perfetto/trace/ftrace/zero/net.pbzero.o
[495/1915] 3m47.16s S CXX obj/third_party/perfetto/protos/perfetto/trace/ftrace/zero/mm_event.pbzero.o
[495/1915] 3m47.16s S CXX obj/third_party/perfetto/protos/perfetto/trace/ftrace/zero/mdss.pbzero.o
[495/1915] 3m47.16s S CXX obj/third_party/perfetto/protos/perfetto/trace/ftrace/zero/tcp.pbzero.o
[495/1915] 3m47.16s S CXX obj/third_party/perfetto/protos/perfetto/trace/ftrace/zero/compaction.pbzero.o
[495/1915] 3m47.16s S CXX obj/third_party/perfetto/protos/perfetto/trace/ftrace/zero/mali.pbzero.o
[495/1915] 3m47.16s S CXX obj/third_party/perfetto/protos/perfetto/trace/ftrace/zero/cpm_trace.pbzero.o
[495/1915] 3m47.16s S CXX obj/third_party/perfetto/protos/perfetto/trace/ftrace/zero/cma.pbzero.o
[495/1915] 3m47.17s S CXX obj/third_party/perfetto/protos/perfetto/trace/ftrace/zero/lowmemorykiller.pbzero.o
[495/1915] 3m47.17s S CXX obj/third_party/perfetto/protos/perfetto/trace/ftrace/zero/clk.pbzero.o
[495/1915] 3m47.17s S CXX obj/third_party/perfetto/protos/perfetto/trace/ftrace/zero/lwis.pbzero.o
[495/1915] 3m47.17s S CXX obj/third_party/perfetto/protos/perfetto/trace/ftrace/zero/kvm.pbzero.o
[495/1915] 3m47.17s S CXX obj/third_party/perfetto/protos/perfetto/trace/ftrace/zero/block.pbzero.o
[495/1915] 3m47.17s S CXX obj/third_party/perfetto/protos/perfetto/trace/ftrace/zero/kmem.pbzero.o
[495/1915] 3m47.17s S CXX obj/third_party/perfetto/protos/perfetto/trace/ftrace/zero/binder.pbzero.o
[495/1915] 3m47.17s S CXX obj/third_party/perfetto/protos/perfetto/trace/ftrace/zero/cgroup.pbzero.o
[495/1915] 3m47.17s S CXX obj/third_party/perfetto/protos/perfetto/trace/ftrace/zero/timer.pbzero.o
[495/1915] 3m47.17s S CXX obj/third_party/perfetto/protos/perfetto/trace/ftrace/zero/android_fs.pbzero.o
[495/1915] 3m47.17s F ACTION //third_party/perfetto/protos/perfetto/config/android:zero_gen(//build/toolchain/android:android_clang_arm)
[495/1915] 3m47.17s S CXX obj/third_party/perfetto/protos/perfetto/trace/ftrace/zero/test_bundle_wrapper.pbzero.o
[495/1915] 3m47.17s S CXX obj/third_party/perfetto/protos/perfetto/trace/ftrace/zero/sock.pbzero.o
[496/1915] 3m47.17s S CXX obj/third_party/perfetto/protos/perfetto/trace/ftrace/zero/thermal_exynos.pbzero.o
[496/1915] 3m47.17s S CXX obj/third_party/perfetto/protos/perfetto/trace/ftrace/zero/ftrace_stats.pbzero.o
[496/1915] 3m47.17s S CXX obj/third_party/perfetto/protos/perfetto/trace/ftrace/zero/ftrace.pbzero.o
[496/1915] 3m47.17s S CXX obj/third_party/perfetto/protos/perfetto/trace/ftrace/zero/gpu_scheduler.pbzero.o
[496/1915] 3m47.17s S CXX obj/third_party/perfetto/protos/perfetto/trace/ftrace/zero/gpu_mem.pbzero.o
[496/1915] 3m47.17s S CXX obj/third_party/perfetto/protos/perfetto/trace/ftrace/zero/google_irm_trace.pbzero.o
[496/1915] 3m47.17s S CXX obj/third_party/perfetto/protos/perfetto/trace/ftrace/zero/google_icc_trace.pbzero.o
[496/1915] 3m47.17s S CXX obj/third_party/perfetto/protos/perfetto/trace/ftrace/zero/g2d.pbzero.o
[496/1915] 3m47.17s S CXX obj/third_party/perfetto/protos/perfetto/trace/ftrace/zero/fwtp_ftrace.pbzero.o
[496/1915] 3m47.17s S CXX obj/third_party/perfetto/protos/perfetto/trace/ftrace/zero/generic.pbzero.o
[496/1915] 3m47.18s S CXX obj/third_party/perfetto/protos/perfetto/trace/ftrace/zero/filemap.pbzero.o
[496/1915] 3m47.18s S CXX obj/third_party/perfetto/protos/perfetto/trace/ftrace/zero/thermal.pbzero.o
[496/1915] 3m47.18s S CXX obj/third_party/perfetto/protos/perfetto/trace/ftrace/zero/fastrpc.pbzero.o
[496/1915] 3m47.18s S CXX obj/third_party/perfetto/protos/perfetto/trace/ftrace/zero/vmscan.pbzero.o
[496/1915] 3m47.18s S CXX obj/third_party/perfetto/protos/perfetto/trace/ftrace/zero/ext4.pbzero.o
[496/1915] 3m47.18s S CXX obj/third_party/perfetto/protos/perfetto/trace/ftrace/zero/bcl_exynos.pbzero.o
[496/1915] 3m47.18s S CXX obj/third_party/perfetto/protos/perfetto/trace/ftrace/zero/fence.pbzero.o
[496/1915] 3m47.18s S CXX obj/third_party/perfetto/protos/perfetto/trace/ftrace/zero/task.pbzero.o
[496/1915] 3m47.18s S CXX obj/third_party/perfetto/protos/perfetto/trace/ftrace/zero/systrace.pbzero.o
[496/1915] 3m47.18s S CXX obj/third_party/perfetto/protos/perfetto/trace/ftrace/zero/synthetic.pbzero.o
[496/1915] 3m47.18s S CXX obj/third_party/perfetto/protos/perfetto/trace/ftrace/zero/sync.pbzero.o
[496/1915] 3m47.18s S CXX obj/third_party/perfetto/protos/perfetto/trace/ftrace/zero/skb.pbzero.o
[496/1915] 3m47.18s S CXX obj/third_party/perfetto/protos/perfetto/trace/ftrace/zero/oom.pbzero.o
[496/1915] 3m47.18s S CXX obj/third_party/perfetto/protos/perfetto/trace/ftrace/zero/signal.pbzero.o
[496/1915] 3m47.18s S CXX obj/third_party/perfetto/protos/perfetto/trace/ftrace/zero/fs.pbzero.o
[496/1915] 3m47.18s S CXX obj/third_party/perfetto/protos/perfetto/trace/ftrace/zero/sde.pbzero.o
[496/1915] 3m47.18s S CXX obj/third_party/perfetto/protos/perfetto/trace/ftrace/zero/f2fs.pbzero.o
[495/1915] 3m47.15s S CXX obj/third_party/perfetto/protos/perfetto/trace/ftrace/zero/pixel_mm.pbzero.o
[496/1915] 3m47.18s S CXX obj/third_party/perfetto/protos/perfetto/trace/ftrace/zero/virtio_gpu.pbzero.o
[496/1914] 3m47.18s S CXX obj/third_party/perfetto/protos/perfetto/trace/ftrace/zero/ufs.pbzero.o
[496/1914] 3m47.18s S CXX obj/third_party/perfetto/protos/perfetto/trace/ftrace/zero/trusty.pbzero.o
[496/1914] 3m47.19s S CXX obj/third_party/perfetto/protos/perfetto/trace/ftrace/zero/v4l2.pbzero.o
[496/1914] 3m47.44s F ACTION //third_party/perfetto/protos/perfetto/common:semantic_type_zero_gen(//build/toolchain/android:android_clang_arm)
[497/1912] 3m47.44s S CXX obj/third_party/perfetto/protos/perfetto/common/semantic_type_zero/semantic_type.pbzero.o
[497/1912] 3m47.58s F ACTION //third_party/perfetto/protos/perfetto/config/process_stats:zero_gen(//build/toolchain/android:android_clang_arm)
[498/1910] 3m47.58s S CXX obj/third_party/perfetto/protos/perfetto/config/process_stats/zero/process_stats_config.pbzero.o
[498/1910] 3m47.76s F ACTION //third_party/perfetto/protos/perfetto/trace/profiling:inline_callstack_zero_gen(//build/toolchain/android:android_clang_arm)
[499/1908] 3m47.76s S CXX obj/third_party/perfetto/protos/perfetto/trace/profiling/inline_callstack_zero/inline_callstack.pbzero.o
[499/1908] 3m47.83s F ACTION //third_party/perfetto/protos/perfetto/common:zero_gen(//build/toolchain/android:android_clang_arm)
[500/1907] 3m47.83s S CXX obj/third_party/perfetto/src/base/clock_snapshots/clock_snapshots.o
[500/1906] 3m47.83s S CXX obj/third_party/perfetto/protos/perfetto/common/zero/android_log_constants.pbzero.o
[500/1905] 3m47.83s S CXX obj/third_party/perfetto/protos/perfetto/config/android/zero/android_game_intervention_list_config.pbzero.o
[500/1905] 3m47.83s S CXX obj/third_party/perfetto/protos/perfetto/config/android/zero/android_aflags_config.pbzero.o
[500/1905] 3m47.83s S CXX obj/third_party/perfetto/protos/perfetto/common/zero/android_energy_consumer_descriptor.pbzero.o
[500/1905] 3m47.84s S CXX obj/third_party/perfetto/protos/perfetto/common/zero/track_event_descriptor.pbzero.o
[500/1905] 3m47.84s S CXX obj/third_party/perfetto/protos/perfetto/common/zero/tracing_service_state.pbzero.o
[500/1905] 3m47.84s S CXX obj/third_party/perfetto/protos/perfetto/common/zero/observable_events.pbzero.o
[500/1905] 3m47.84s S CXX obj/third_party/perfetto/protos/perfetto/common/zero/tracing_service_capabilities.pbzero.o
[500/1905] 3m47.84s S CXX obj/third_party/perfetto/protos/perfetto/common/zero/trace_stats.pbzero.o
[500/1905] 3m47.84s S CXX obj/third_party/perfetto/protos/perfetto/common/zero/trace_attributes.pbzero.o
[500/1905] 3m47.84s S CXX obj/third_party/perfetto/protos/perfetto/config/android/zero/windowmanager_config.pbzero.o
[500/1905] 3m47.84s S CXX obj/third_party/perfetto/protos/perfetto/config/android/zero/user_list_config.pbzero.o
[500/1905] 3m47.84s S CXX obj/third_party/perfetto/protos/perfetto/config/android/zero/surfaceflinger_transactions_config.pbzero.o
[500/1905] 3m47.84s S CXX obj/third_party/perfetto/protos/perfetto/config/android/zero/display_video_config.pbzero.o
[500/1905] 3m47.84s S CXX obj/third_party/perfetto/protos/perfetto/config/android/zero/surfaceflinger_layers_config.pbzero.o
[500/1905] 3m47.84s S CXX obj/third_party/perfetto/protos/perfetto/config/android/zero/protolog_config.pbzero.o
[500/1905] 3m47.85s S CXX obj/third_party/perfetto/protos/perfetto/common/zero/interceptor_descriptor.pbzero.o
[500/1905] 3m47.85s S CXX obj/third_party/perfetto/protos/perfetto/common/zero/gpu_counter_descriptor.pbzero.o
[500/1905] 3m47.85s S CXX obj/third_party/perfetto/protos/perfetto/common/zero/ftrace_descriptor.pbzero.o
[500/1905] 3m47.85s S CXX obj/third_party/perfetto/protos/perfetto/config/android/zero/cpu_per_uid_config.pbzero.o
[500/1905] 3m47.85s S CXX obj/third_party/perfetto/protos/perfetto/common/zero/system_info.pbzero.o
[500/1905] 3m47.85s S CXX obj/third_party/perfetto/protos/perfetto/common/zero/sys_stats_counters.pbzero.o
[500/1905] 3m47.85s S CXX obj/third_party/perfetto/protos/perfetto/config/android/zero/pixel_modem_config.pbzero.o
[500/1905] 3m47.85s S CXX obj/third_party/perfetto/protos/perfetto/config/android/zero/packages_list_config.pbzero.o
[500/1905] 3m47.85s S CXX obj/third_party/perfetto/protos/perfetto/common/zero/perf_events.pbzero.o
[500/1905] 3m47.85s S CXX obj/third_party/perfetto/protos/perfetto/config/android/zero/network_trace_config.pbzero.o
[500/1905] 3m47.85s S CXX obj/third_party/perfetto/protos/perfetto/config/android/zero/app_wakelock_config.pbzero.o
[500/1905] 3m47.85s S CXX obj/third_party/perfetto/protos/perfetto/config/android/zero/kernel_wakelocks_config.pbzero.o
[500/1905] 3m47.85s S CXX obj/third_party/perfetto/protos/perfetto/config/android/zero/inputmethod_config.pbzero.o
[500/1905] 3m47.85s S CXX obj/third_party/perfetto/protos/perfetto/common/zero/commit_data_request.pbzero.o
[500/1905] 3m47.85s S CXX obj/third_party/perfetto/protos/perfetto/common/zero/data_source_descriptor.pbzero.o
[500/1905] 3m47.85s S CXX obj/third_party/perfetto/protos/perfetto/common/zero/descriptor.pbzero.o
[500/1905] 3m47.85s S CXX obj/third_party/perfetto/protos/perfetto/common/zero/builtin_clock.pbzero.o
[500/1905] 3m47.85s S CXX obj/third_party/perfetto/protos/perfetto/config/android/zero/android_system_property_config.pbzero.o
[500/1905] 3m47.85s S CXX obj/third_party/perfetto/protos/perfetto/config/android/zero/android_log_config.pbzero.o
[500/1905] 3m47.85s S CXX obj/third_party/perfetto/protos/perfetto/config/android/zero/android_sdk_sysprop_guard_config.pbzero.o
[500/1905] 3m47.85s S CXX obj/third_party/perfetto/protos/perfetto/config/android/zero/android_polled_state_config.pbzero.o
[500/1905] 3m47.85s S CXX obj/third_party/perfetto/protos/perfetto/config/android/zero/android_input_event_config.pbzero.o
[500/1905] 3m48.04s F ACTION //third_party/perfetto/protos/perfetto/config/profiling:zero_gen(//build/toolchain/android:android_clang_arm)
[501/1903] 3m48.04s S CXX obj/third_party/perfetto/protos/perfetto/config/profiling/zero/java_hprof_config.pbzero.o
[501/1903] 3m48.04s S CXX obj/third_party/perfetto/protos/perfetto/config/profiling/zero/heapprofd_config.pbzero.o
[501/1903] 3m48.04s S CXX obj/third_party/perfetto/protos/perfetto/config/profiling/zero/smaps_config.pbzero.o
[501/1903] 3m48.04s S CXX obj/third_party/perfetto/protos/perfetto/config/profiling/zero/perf_event_config.pbzero.o
[501/1903] 3m48.14s F CXX obj/third_party/perfetto/protos/perfetto/common/cpp/gpu_counter_descriptor.gen.o
[502/1903] 3m48.18s S AR obj/third_party/perfetto/protos/perfetto/protovm/libzero.a
[502/1903] 3m48.18s F CXX obj/third_party/perfetto/protos/perfetto/protovm/zero/vm_program.pbzero.o
[503/1903] 3m48.20s F CXX obj/third_party/perfetto/protos/perfetto/common/cpp/tracing_service_capabilities.gen.o
[504/1903] 3m48.22s F CXX obj/third_party/perfetto/protos/perfetto/common/zero/android_log_constants.pbzero.o
[505/1903] 3m48.22s F ACTION //third_party/perfetto/protos/perfetto/config/statsd:zero_gen(//build/toolchain/android:android_clang_arm)
[506/1901] 3m48.22s S CXX obj/third_party/perfetto/protos/perfetto/config/statsd/zero/statsd_tracing_config.pbzero.o
[506/1901] 3m48.22s S CXX obj/third_party/perfetto/protos/perfetto/config/statsd/zero/atom_ids.pbzero.o
[506/1901] 3m48.23s F CXX obj/third_party/perfetto/protos/perfetto/common/zero/android_energy_consumer_descriptor.pbzero.o
[507/1901] 3m48.25s F CXX obj/third_party/perfetto/protos/perfetto/common/zero/track_event_descriptor.pbzero.o
[508/1901] 3m48.27s F CXX obj/third_party/perfetto/protos/perfetto/common/zero/observable_events.pbzero.o
[509/1901] 3m48.28s F CXX obj/third_party/perfetto/protos/perfetto/common/zero/tracing_service_capabilities.pbzero.o
[510/1901] 3m48.30s F CXX obj/third_party/perfetto/protos/perfetto/common/zero/tracing_service_state.pbzero.o
[511/1901] 3m48.31s F CXX obj/third_party/perfetto/protos/perfetto/common/zero/trace_stats.pbzero.o
[512/1901] 3m48.31s F CXX obj/third_party/perfetto/protos/perfetto/common/zero/interceptor_descriptor.pbzero.o
[513/1901] 3m48.33s F CXX obj/third_party/perfetto/protos/perfetto/common/zero/gpu_counter_descriptor.pbzero.o
[514/1901] 3m48.37s F CXX obj/third_party/perfetto/protos/perfetto/common/zero/trace_attributes.pbzero.o
[515/1901] 3m48.37s F CXX obj/third_party/perfetto/protos/perfetto/common/zero/ftrace_descriptor.pbzero.o
[516/1901] 3m48.40s F CXX obj/third_party/perfetto/protos/perfetto/common/zero/system_info.pbzero.o
[517/1901] 3m48.40s F CXX obj/third_party/perfetto/protos/perfetto/common/zero/sys_stats_counters.pbzero.o
[518/1901] 3m48.44s F CXX obj/third_party/perfetto/protos/perfetto/common/zero/perf_events.pbzero.o
[519/1901] 3m48.44s F ACTION //third_party/perfetto/protos/perfetto/config/gpu:zero_gen(//build/toolchain/android:android_clang_arm)
[520/1899] 3m48.44s S CXX obj/third_party/perfetto/protos/perfetto/config/gpu/zero/gpu_counter_config.pbzero.o
[520/1899] 3m48.44s S CXX obj/third_party/perfetto/protos/perfetto/config/gpu/zero/vulkan_memory_config.pbzero.o
[520/1899] 3m48.44s S CXX obj/third_party/perfetto/protos/perfetto/config/gpu/zero/gpu_renderstages_config.pbzero.o
[520/1899] 3m48.45s F CXX obj/third_party/perfetto/protos/perfetto/common/zero/commit_data_request.pbzero.o
[521/1899] 3m48.47s F CXX obj/third_party/perfetto/protos/perfetto/common/zero/data_source_descriptor.pbzero.o
[522/1899] 3m48.48s F ACTION //third_party/perfetto/protos/perfetto/config/interceptors:zero_gen(//build/toolchain/android:android_clang_arm)
[523/1897] 3m48.48s S CXX obj/third_party/perfetto/protos/perfetto/config/interceptors/zero/console_config.pbzero.o
[523/1897] 3m48.50s F CXX obj/third_party/perfetto/protos/perfetto/common/zero/descriptor.pbzero.o
[524/1897] 3m48.51s F AR obj/third_party/perfetto/protos/perfetto/protovm/libzero.a
[525/1897] 3m48.52s F CXX obj/third_party/perfetto/protos/perfetto/common/zero/builtin_clock.pbzero.o
[526/1897] 3m48.52s S AR obj/third_party/perfetto/protos/perfetto/common/libzero.a
[526/1897] 3m48.53s F ACTION //third_party/perfetto/protos/perfetto/config/priority_boost:zero_gen(//build/toolchain/android:android_clang_arm)
[527/1895] 3m48.53s S CXX obj/third_party/perfetto/protos/perfetto/config/priority_boost/zero/priority_boost_config.pbzero.o
[527/1895] 3m48.55s F CXX obj/third_party/perfetto/protos/perfetto/config/interceptors/zero/console_config.pbzero.o
[528/1895] 3m48.55s F CXX obj/third_party/perfetto/protos/perfetto/config/gpu/zero/gpu_counter_config.pbzero.o
[529/1895] 3m48.59s F CXX obj/third_party/perfetto/protos/perfetto/config/priority_boost/zero/priority_boost_config.pbzero.o
[530/1895] 3m48.59s S AR obj/third_party/perfetto/protos/perfetto/config/priority_boost/libzero.a
[530/1895] 3m48.92s F ACTION //third_party/perfetto/protos/perfetto/config/sys_stats:zero_gen(//build/toolchain/android:android_clang_arm)
[531/1893] 3m48.92s S CXX obj/third_party/perfetto/protos/perfetto/config/sys_stats/zero/sys_stats_config.pbzero.o
[531/1893] 3m48.93s F ACTION //third_party/perfetto/protos/perfetto/config/ftrace:zero_gen(//build/toolchain/android:android_clang_arm)
[531/1891] 3m48.93s S CXX obj/third_party/perfetto/protos/perfetto/config/ftrace/zero/frozen_ftrace_config.pbzero.o
[531/1891] 3m48.93s S CXX obj/third_party/perfetto/protos/perfetto/config/ftrace/zero/ftrace_config.pbzero.o
[532/1891] 3m48.98s F CXX obj/third_party/perfetto/protos/perfetto/common/cpp/commit_data_request.gen.o
[533/1891] 3m49.12s F ACTION //third_party/perfetto/protos/perfetto/config/protovm:zero_gen(//build/toolchain/android:android_clang_arm)
[534/1889] 3m49.12s S CXX obj/third_party/perfetto/protos/perfetto/config/protovm/zero/protovm_config.pbzero.o
[534/1889] 3m49.15s F ACTION //third_party/perfetto/protos/perfetto/config/linux:zero_gen(//build/toolchain/android:android_clang_arm)
[535/1887] 3m49.15s S CXX obj/third_party/perfetto/protos/perfetto/config/linux/zero/journald_config.pbzero.o
[535/1887] 3m49.45s F ACTION //third_party/perfetto/protos/perfetto/config/inode_file:zero_gen(//build/toolchain/android:android_clang_arm)
[535/1885] 3m49.45s S CXX obj/third_party/perfetto/protos/perfetto/config/inode_file/zero/inode_file_config.pbzero.o
[536/1885] 3m49.51s F ACTION //third_party/perfetto/protos/perfetto/config/qnx:zero_gen(//build/toolchain/android:android_clang_arm)
[537/1883] 3m49.51s S CXX obj/third_party/perfetto/protos/perfetto/config/qnx/zero/qnx_config.pbzero.o
[537/1883] 3m49.73s F ACTION //third_party/perfetto/protos/perfetto/config/power:zero_gen(//build/toolchain/android:android_clang_arm)
[538/1881] 3m49.74s S CXX obj/third_party/perfetto/protos/perfetto/config/power/zero/android_power_config.pbzero.o
[538/1881] 3m49.78s F ACTION //third_party/perfetto/protos/perfetto/config/track_event:zero_gen(//build/toolchain/android:android_clang_arm)
[539/1879] 3m49.79s S CXX obj/third_party/perfetto/protos/perfetto/config/track_event/zero/track_event_config.pbzero.o
[539/1879] 3m50.00s F ACTION //third_party/perfetto/protos/perfetto/trace/profiling:zero_gen(//build/toolchain/android:android_clang_arm)
[539/1877] 3m50.01s S CXX obj/third_party/perfetto/protos/perfetto/trace/profiling/zero/deobfuscation.pbzero.o
[539/1877] 3m50.01s S CXX obj/third_party/perfetto/protos/perfetto/trace/profiling/zero/art_process_metadata.pbzero.o
[539/1877] 3m50.01s S CXX obj/third_party/perfetto/protos/perfetto/trace/profiling/zero/stack_sample.pbzero.o
[539/1877] 3m50.01s S CXX obj/third_party/perfetto/protos/perfetto/trace/profiling/zero/smaps.pbzero.o
[539/1877] 3m50.01s S CXX obj/third_party/perfetto/protos/perfetto/trace/profiling/zero/profile_packet.pbzero.o
[539/1877] 3m50.01s S CXX obj/third_party/perfetto/protos/perfetto/trace/profiling/zero/profile_common.pbzero.o
[540/1877] 3m50.04s F CXX obj/third_party/perfetto/protos/perfetto/config/inode_file/cpp/inode_file_config.gen.o
[541/1877] 3m50.04s S AR obj/third_party/perfetto/protos/perfetto/config/inode_file/libcpp.a
[541/1877] 3m50.07s F CXX obj/third_party/perfetto/protos/perfetto/config/ftrace/zero/ftrace_config.pbzero.o
[542/1877] 3m50.17s F ACTION //third_party/perfetto/protos/perfetto/config:zero_gen(//build/toolchain/android:android_clang_arm)
[543/1875] 3m50.17s S CXX obj/third_party/perfetto/protos/perfetto/config/zero/interceptor_config.pbzero.o
[543/1875] 3m50.17s S CXX obj/third_party/perfetto/protos/perfetto/config/zero/etw_config.pbzero.o
[543/1875] 3m50.17s S CXX obj/third_party/perfetto/protos/perfetto/config/zero/data_source_config.pbzero.o
[543/1875] 3m50.17s S CXX obj/third_party/perfetto/protos/perfetto/config/zero/system_metrics.pbzero.o
[543/1875] 3m50.17s S CXX obj/third_party/perfetto/protos/perfetto/config/zero/scenario_config.pbzero.o
[543/1875] 3m50.17s S CXX obj/third_party/perfetto/protos/perfetto/config/zero/v8_config.pbzero.o
[543/1875] 3m50.17s S CXX obj/third_party/perfetto/protos/perfetto/config/zero/test_config.pbzero.o
[543/1875] 3m50.17s S CXX obj/third_party/perfetto/protos/perfetto/config/zero/stress_test_config.pbzero.o
[543/1875] 3m50.17s S CXX obj/third_party/perfetto/protos/perfetto/config/zero/chrome_config.pbzero.o
[543/1875] 3m50.17s S CXX obj/third_party/perfetto/protos/perfetto/config/zero/histogram_samples.pbzero.o
[543/1875] 3m50.18s S CXX obj/third_party/perfetto/protos/perfetto/config/zero/trace_config.pbzero.o
[543/1875] 3m50.35s F ACTION //third_party/perfetto/protos/perfetto/trace/chrome:zero_gen(//build/toolchain/android:android_clang_arm)
[543/1873] 3m50.35s S CXX obj/third_party/perfetto/protos/perfetto/trace/chrome/zero/chrome_metadata.pbzero.o
[543/1873] 3m50.35s S CXX obj/third_party/perfetto/protos/perfetto/trace/chrome/zero/v8.pbzero.o
[543/1873] 3m50.35s S CXX obj/third_party/perfetto/protos/perfetto/trace/chrome/zero/chrome_benchmark_metadata.pbzero.o
[543/1873] 3m50.35s S CXX obj/third_party/perfetto/protos/perfetto/trace/chrome/zero/chrome_trace_event.pbzero.o
[543/1873] 3m50.35s S CXX obj/third_party/perfetto/protos/perfetto/trace/chrome/zero/chrome_trigger.pbzero.o
[544/1873] 3m50.37s F ACTION //third_party/perfetto/protos/perfetto/trace/android:zero_gen(//build/toolchain/android:android_clang_arm)
[545/1871] 3m50.37s S CXX obj/third_party/perfetto/protos/perfetto/trace/android/zero/android_game_intervention_list.pbzero.o
[545/1871] 3m50.37s S CXX obj/third_party/perfetto/protos/perfetto/trace/android/zero/kernel_wakelock_data.pbzero.o
[545/1871] 3m50.37s S CXX obj/third_party/perfetto/protos/perfetto/trace/android/zero/initial_display_state.pbzero.o
[545/1871] 3m50.37s S CXX obj/third_party/perfetto/protos/perfetto/trace/android/zero/android_aflags.pbzero.o
[545/1871] 3m50.38s S CXX obj/third_party/perfetto/protos/perfetto/trace/android/zero/user_list.pbzero.o
[545/1871] 3m50.38s S CXX obj/third_party/perfetto/protos/perfetto/trace/android/zero/pixel_modem_events.pbzero.o
[545/1871] 3m50.38s S CXX obj/third_party/perfetto/protos/perfetto/trace/android/zero/packages_list.pbzero.o
[545/1871] 3m50.38s S CXX obj/third_party/perfetto/protos/perfetto/trace/android/zero/android_system_property.pbzero.o
[545/1871] 3m50.38s S CXX obj/third_party/perfetto/protos/perfetto/trace/android/zero/graphics_frame_event.pbzero.o
[545/1871] 3m50.38s S CXX obj/third_party/perfetto/protos/perfetto/trace/android/zero/cpu_per_uid_data.pbzero.o
[545/1871] 3m50.38s S CXX obj/third_party/perfetto/protos/perfetto/trace/android/zero/android_log.pbzero.o
[545/1871] 3m50.47s F CXX obj/third_party/perfetto/protos/perfetto/config/ftrace/cpp/frozen_ftrace_config.gen.o
[546/1871] 3m50.47s S AR obj/third_party/perfetto/protos/perfetto/config/ftrace/libcpp.a
[546/1871] 3m50.51s F ACTION //third_party/perfetto/protos/perfetto/trace/gpu:zero_gen(//build/toolchain/android:android_clang_arm)
[547/1869] 3m50.51s S CXX obj/third_party/perfetto/protos/perfetto/trace/gpu/zero/gpu_log.pbzero.o
[547/1869] 3m50.51s S CXX obj/third_party/perfetto/protos/perfetto/trace/gpu/zero/gpu_counter_event.pbzero.o
[547/1869] 3m50.51s S CXX obj/third_party/perfetto/protos/perfetto/trace/gpu/zero/vulkan_memory_event.pbzero.o
[547/1869] 3m50.52s S CXX obj/third_party/perfetto/protos/perfetto/trace/gpu/zero/vulkan_api_event.pbzero.o
[547/1869] 3m50.52s S CXX obj/third_party/perfetto/protos/perfetto/trace/gpu/zero/gpu_render_stage_event.pbzero.o
[547/1869] 3m50.52s S CXX obj/third_party/perfetto/protos/perfetto/trace/gpu/zero/gpu_mem_event.pbzero.o
[547/1869] 3m50.62s F ACTION //third_party/perfetto/protos/perfetto/trace/track_event:zero_gen(//build/toolchain/android:android_clang_arm)
[548/1867] 3m50.63s S CXX obj/third_party/perfetto/protos/perfetto/trace/track_event/zero/thread_descriptor.pbzero.o
[548/1867] 3m50.63s S CXX obj/third_party/perfetto/protos/perfetto/trace/track_event/zero/track_event.pbzero.o
[548/1867] 3m50.63s S CXX obj/third_party/perfetto/protos/perfetto/trace/track_event/zero/state_descriptor.pbzero.o
[548/1867] 3m50.63s S CXX obj/third_party/perfetto/protos/perfetto/trace/track_event/zero/chrome_application_state_info.pbzero.o
[548/1867] 3m50.63s S CXX obj/third_party/perfetto/protos/perfetto/trace/track_event/zero/source_location.pbzero.o
[548/1867] 3m50.63s S CXX obj/third_party/perfetto/protos/perfetto/trace/track_event/zero/task_execution.pbzero.o
[548/1867] 3m50.63s S CXX obj/third_party/perfetto/protos/perfetto/trace/track_event/zero/screenshot.pbzero.o
[548/1867] 3m50.63s S CXX obj/third_party/perfetto/protos/perfetto/trace/track_event/zero/chrome_process_descriptor.pbzero.o
[548/1867] 3m50.63s S CXX obj/third_party/perfetto/protos/perfetto/trace/track_event/zero/chrome_mojo_event_info.pbzero.o
[548/1867] 3m50.63s S CXX obj/third_party/perfetto/protos/perfetto/trace/track_event/zero/range_of_interest.pbzero.o
[548/1867] 3m50.63s S CXX obj/third_party/perfetto/protos/perfetto/trace/track_event/zero/chrome_active_processes.pbzero.o
[548/1867] 3m50.63s S CXX obj/third_party/perfetto/protos/perfetto/trace/track_event/zero/process_descriptor.pbzero.o
[548/1867] 3m50.63s S CXX obj/third_party/perfetto/protos/perfetto/trace/track_event/zero/track_descriptor.pbzero.o
[548/1867] 3m50.63s S CXX obj/third_party/perfetto/protos/perfetto/trace/track_event/zero/chrome_window_handle_event_info.pbzero.o
[548/1867] 3m50.63s S CXX obj/third_party/perfetto/protos/perfetto/trace/track_event/zero/log_message.pbzero.o
[548/1867] 3m50.64s S CXX obj/third_party/perfetto/protos/perfetto/trace/track_event/zero/chrome_thread_descriptor.pbzero.o
[548/1867] 3m50.64s S CXX obj/third_party/perfetto/protos/perfetto/trace/track_event/zero/chrome_user_event.pbzero.o
[548/1867] 3m50.64s S CXX obj/third_party/perfetto/protos/perfetto/trace/track_event/zero/debug_annotation.pbzero.o
[548/1867] 3m50.64s S CXX obj/third_party/perfetto/protos/perfetto/trace/track_event/zero/chrome_renderer_scheduler_state.pbzero.o
[548/1867] 3m50.64s S CXX obj/third_party/perfetto/protos/perfetto/trace/track_event/zero/counter_descriptor.pbzero.o
[548/1867] 3m50.64s S CXX obj/third_party/perfetto/protos/perfetto/trace/track_event/zero/chrome_latency_info.pbzero.o
[548/1867] 3m50.64s S CXX obj/third_party/perfetto/protos/perfetto/trace/track_event/zero/chrome_legacy_ipc.pbzero.o
[548/1867] 3m50.64s S CXX obj/third_party/perfetto/protos/perfetto/trace/track_event/zero/chrome_content_settings_event_info.pbzero.o
[548/1867] 3m50.65s S CXX obj/third_party/perfetto/protos/perfetto/trace/track_event/zero/chrome_frame_reporter.pbzero.o
[548/1867] 3m50.65s S CXX obj/third_party/perfetto/protos/perfetto/trace/track_event/zero/chrome_histogram_sample.pbzero.o
[548/1867] 3m50.65s S CXX obj/third_party/perfetto/protos/perfetto/trace/track_event/zero/chrome_compositor_scheduler_state.pbzero.o
[548/1867] 3m50.65s S CXX obj/third_party/perfetto/protos/perfetto/trace/track_event/zero/chrome_message_pump.pbzero.o
[548/1867] 3m50.65s S CXX obj/third_party/perfetto/protos/perfetto/trace/track_event/zero/chrome_keyed_service.pbzero.o
[548/1867] 3m50.92s F ACTION //third_party/perfetto/protos/perfetto/trace/generic_kernel:zero_gen(//build/toolchain/android:android_clang_arm)
[549/1865] 3m50.93s S CXX obj/third_party/perfetto/protos/perfetto/trace/generic_kernel/zero/generic_power.pbzero.o
[549/1865] 3m50.93s S CXX obj/third_party/perfetto/protos/perfetto/trace/generic_kernel/zero/generic_gpu_frequency.pbzero.o
[549/1865] 3m50.93s S CXX obj/third_party/perfetto/protos/perfetto/trace/generic_kernel/zero/generic_task.pbzero.o
[549/1865] 3m51.05s S AR obj/third_party/perfetto/protos/perfetto/config/linux/libcpp.a
[549/1865] 3m51.05s F ACTION //third_party/perfetto/protos/perfetto/trace/etw:zero_gen(//build/toolchain/android:android_clang_arm)
[550/1863] 3m51.05s S CXX obj/third_party/perfetto/protos/perfetto/trace/etw/zero/etw_event.pbzero.o
[550/1863] 3m51.05s F CXX obj/third_party/perfetto/protos/perfetto/config/linux/cpp/journald_config.gen.o
[551/1863] 3m51.05s S CXX obj/third_party/perfetto/protos/perfetto/trace/etw/zero/etw.pbzero.o
[551/1863] 3m51.05s S CXX obj/third_party/perfetto/protos/perfetto/trace/etw/zero/etw_event_bundle.pbzero.o
[551/1863] 3m51.17s F ACTION //third_party/perfetto/protos/perfetto/trace/statsd:zero_gen(//build/toolchain/android:android_clang_arm)
[552/1861] 3m51.17s S CXX obj/third_party/perfetto/protos/perfetto/trace/statsd/zero/statsd_atom.pbzero.o
[552/1861] 3m51.19s F ACTION //third_party/perfetto/protos/perfetto/trace/system_info:zero_gen(//build/toolchain/android:android_clang_arm)
[553/1859] 3m51.19s S CXX obj/third_party/perfetto/protos/perfetto/trace/system_info/zero/gpu_info.pbzero.o
[553/1859] 3m51.20s S CXX obj/third_party/perfetto/protos/perfetto/trace/system_info/zero/cpu_info.pbzero.o
[553/1859] 3m51.20s S CXX obj/third_party/perfetto/protos/perfetto/trace/system_info/zero/interrupt_info.pbzero.o
[553/1859] 3m51.47s F ACTION //third_party/perfetto/protos/perfetto/trace/linux:zero_gen(//build/toolchain/android:android_clang_arm)
[554/1857] 3m51.47s S CXX obj/third_party/perfetto/protos/perfetto/trace/linux/zero/journald_event.pbzero.o
[554/1857] 3m51.71s F ACTION //third_party/perfetto/protos/perfetto/trace/interned_data:zero_gen(//build/toolchain/android:android_clang_arm)
[555/1855] 3m51.71s S CXX obj/third_party/perfetto/protos/perfetto/trace/interned_data/zero/interned_data.pbzero.o
[555/1855] 3m51.81s F CXX obj/third_party/perfetto/protos/perfetto/config/statsd/cpp/statsd_tracing_config.gen.o
[556/1855] 3m51.81s S AR obj/third_party/perfetto/protos/perfetto/config/statsd/libcpp.a
[556/1855] 3m51.88s F ACTION //third_party/perfetto/protos/perfetto/trace/ps:zero_gen(//build/toolchain/android:android_clang_arm)
[557/1853] 3m51.88s S CXX obj/third_party/perfetto/protos/perfetto/trace/ps/zero/process_stats.pbzero.o
[557/1853] 3m51.88s S CXX obj/third_party/perfetto/protos/perfetto/trace/ps/zero/process_tree.pbzero.o
[557/1853] 3m51.89s F ACTION //third_party/perfetto/protos/perfetto/trace:minimal_zero_gen(//build/toolchain/android:android_clang_arm)
[557/1851] 3m51.89s S CXX obj/third_party/perfetto/protos/perfetto/trace/minimal_zero/trigger.pbzero.o
[557/1851] 3m51.89s S CXX obj/third_party/perfetto/protos/perfetto/trace/minimal_zero/trace_uuid.pbzero.o
[557/1851] 3m51.89s S CXX obj/third_party/perfetto/protos/perfetto/trace/minimal_zero/clock_snapshot.pbzero.o
[558/1851] 3m52.06s F ACTION //third_party/perfetto/protos/perfetto/trace/sys_stats:zero_gen(//build/toolchain/android:android_clang_arm)
[559/1849] 3m52.06s S CXX obj/third_party/perfetto/protos/perfetto/trace/sys_stats/zero/sys_stats.pbzero.o
[559/1849] 3m52.09s S AR obj/third_party/perfetto/protos/perfetto/common/libcpp.a
[559/1849] 3m52.09s F CXX obj/third_party/perfetto/protos/perfetto/common/cpp/descriptor.gen.o
[560/1849] 3m52.13s F CXX obj/third_party/perfetto/protos/perfetto/config/system_info/zero/system_info_config.pbzero.o
[561/1849] 3m52.13s S AR obj/third_party/perfetto/protos/perfetto/config/system_info/libzero.a
[561/1846] 3m52.15s F AR obj/third_party/perfetto/protos/perfetto/common/libcpp.a
[562/1844] 3m52.20s S ACTION //third_party/perfetto/protos/perfetto/config/interceptors:cpp_gen(//build/toolchain/android:android_clang_arm)
[562/1844] 3m52.21s S ACTION //third_party/perfetto/protos/perfetto/config/android:cpp_gen(//build/toolchain/android:android_clang_arm)
[562/1844] 3m52.22s F ACTION //third_party/perfetto/protos/perfetto/trace/power:zero_gen(//build/toolchain/android:android_clang_arm)
[563/1844] 3m52.22s F CXX obj/third_party/perfetto/protos/perfetto/config/gpu/zero/vulkan_memory_config.pbzero.o
[564/1844] 3m52.23s S ACTION //third_party/perfetto/protos/perfetto/config/qnx:cpp_gen(//build/toolchain/android:android_clang_arm)
[564/1842] 3m52.24s S CXX obj/third_party/perfetto/protos/perfetto/trace/power/zero/android_entity_state_residency.pbzero.o
[564/1842] 3m52.25s S CXX obj/third_party/perfetto/protos/perfetto/trace/power/zero/android_energy_estimation_breakdown.pbzero.o
[564/1842] 3m52.25s S ACTION //third_party/perfetto/protos/perfetto/config/profiling:cpp_gen(//build/toolchain/android:android_clang_arm)
[564/1842] 3m52.25s S CXX obj/third_party/perfetto/protos/perfetto/trace/power/zero/power_rails.pbzero.o
[564/1842] 3m52.26s S CXX obj/third_party/perfetto/protos/perfetto/trace/power/zero/battery_counters.pbzero.o
[564/1842] 3m52.26s S ACTION //third_party/perfetto/protos/perfetto/config/sys_stats:cpp_gen(//build/toolchain/android:android_clang_arm)
[564/1842] 3m52.30s F CXX obj/third_party/perfetto/protos/perfetto/config/statsd/zero/atom_ids.pbzero.o
[565/1842] 3m52.34s F CXX obj/third_party/perfetto/protos/perfetto/common/semantic_type_zero/semantic_type.pbzero.o
[566/1842] 3m52.34s S AR obj/third_party/perfetto/protos/perfetto/common/libsemantic_type_zero.a
[566/1842] 3m52.38s F CXX obj/third_party/perfetto/protos/perfetto/config/process_stats/zero/process_stats_config.pbzero.o
[567/1842] 3m52.38s S AR obj/third_party/perfetto/protos/perfetto/config/process_stats/libzero.a
[567/1842] 3m52.40s F ACTION //third_party/perfetto/protos/perfetto/trace/perfetto:zero_gen(//build/toolchain/android:android_clang_arm)
[568/1840] 3m52.40s S CXX obj/third_party/perfetto/protos/perfetto/trace/perfetto/zero/perfetto_metatrace.pbzero.o
[568/1840] 3m52.40s S CXX obj/third_party/perfetto/protos/perfetto/trace/perfetto/zero/tracing_service_event.pbzero.o
[568/1840] 3m52.40s S CXX obj/third_party/perfetto/protos/perfetto/trace/perfetto/zero/trace_provenance.pbzero.o
[568/1840] 3m52.40s S CXX obj/third_party/perfetto/protos/perfetto/trace/perfetto/zero/concurrent_session_event.pbzero.o
[568/1840] 3m52.43s F CXX obj/third_party/perfetto/protos/perfetto/config/profiling/zero/heapprofd_config.pbzero.o
[569/1840] 3m52.46s F ACTION //third_party/perfetto/protos/perfetto/trace/filesystem:zero_gen(//build/toolchain/android:android_clang_arm)
[570/1838] 3m52.46s S CXX obj/third_party/perfetto/protos/perfetto/trace/filesystem/zero/inode_file_map.pbzero.o
[570/1838] 3m52.48s F CXX obj/third_party/perfetto/protos/perfetto/config/android/zero/android_aflags_config.pbzero.o
[571/1838] 3m52.53s F CXX obj/third_party/perfetto/protos/perfetto/config/priority_boost/cpp/priority_boost_config.gen.o
[572/1838] 3m52.53s S AR obj/third_party/perfetto/protos/perfetto/config/priority_boost/libcpp.a
[572/1838] 3m52.57s F ACTION //third_party/perfetto/protos/perfetto/trace/translation:zero_gen(//build/toolchain/android:android_clang_arm)
[573/1836] 3m52.57s S CXX obj/third_party/perfetto/protos/perfetto/trace/translation/zero/translation_table.pbzero.o
[573/1836] 3m52.59s F CXX obj/third_party/perfetto/protos/perfetto/trace/profiling/inline_callstack_zero/inline_callstack.pbzero.o
[573/1836] 3m52.59s S AR obj/third_party/perfetto/protos/perfetto/trace/profiling/libinline_callstack_zero.a
[574/1836] 3m52.82s F ACTION //third_party/perfetto/protos/perfetto/config/interceptors:cpp_gen(//build/toolchain/android:android_clang_arm)
[575/1834] 3m52.82s S CXX obj/third_party/perfetto/protos/perfetto/config/interceptors/cpp/console_config.gen.o
[575/1834] 3m53.00s F ACTION //third_party/perfetto/protos/perfetto/config/sys_stats:cpp_gen(//build/toolchain/android:android_clang_arm)
[576/1832] 3m53.00s S CXX obj/third_party/perfetto/protos/perfetto/config/sys_stats/cpp/sys_stats_config.gen.o
[576/1832] 3m53.09s F ACTION //third_party/perfetto/protos/perfetto/config/profiling:cpp_gen(//build/toolchain/android:android_clang_arm)
[576/1830] 3m53.09s S CXX obj/third_party/perfetto/protos/perfetto/config/profiling/cpp/java_hprof_config.gen.o
[576/1830] 3m53.09s S CXX obj/third_party/perfetto/protos/perfetto/config/profiling/cpp/heapprofd_config.gen.o
[576/1830] 3m53.09s S CXX obj/third_party/perfetto/protos/perfetto/config/profiling/cpp/smaps_config.gen.o
[576/1830] 3m53.09s S CXX obj/third_party/perfetto/protos/perfetto/config/profiling/cpp/perf_event_config.gen.o
[577/1830] 3m53.21s F ACTION //third_party/perfetto/protos/perfetto/trace:non_minimal_zero_gen(//build/toolchain/android:android_clang_arm)
[577/1828] 3m53.22s S CXX obj/third_party/perfetto/protos/perfetto/trace/non_minimal_zero/trace_packet_defaults.pbzero.o
[577/1828] 3m53.22s S CXX obj/third_party/perfetto/protos/perfetto/trace/non_minimal_zero/remote_clock_sync.pbzero.o
[577/1828] 3m53.22s S CXX obj/third_party/perfetto/protos/perfetto/trace/non_minimal_zero/ui_state.pbzero.o
[577/1828] 3m53.22s S CXX obj/third_party/perfetto/protos/perfetto/trace/non_minimal_zero/memory_graph.pbzero.o
[577/1828] 3m53.22s S CXX obj/third_party/perfetto/protos/perfetto/trace/non_minimal_zero/extension_descriptor.pbzero.o
[577/1828] 3m53.22s S CXX obj/third_party/perfetto/protos/perfetto/trace/non_minimal_zero/trace.pbzero.o
[577/1828] 3m53.22s S CXX obj/third_party/perfetto/protos/perfetto/trace/non_minimal_zero/trace_packet.pbzero.o
[577/1828] 3m53.22s S CXX obj/third_party/perfetto/protos/perfetto/trace/non_minimal_zero/test_event.pbzero.o
[577/1828] 3m53.22s S CXX obj/third_party/perfetto/protos/perfetto/trace/non_minimal_zero/test_extensions.pbzero.o
[578/1828] 3m53.27s F ACTION //third_party/perfetto/protos/perfetto/config/android:cpp_gen(//build/toolchain/android:android_clang_arm)
[579/1826] 3m53.27s S CXX obj/third_party/perfetto/protos/perfetto/config/android/cpp/android_game_intervention_list_config.gen.o
[579/1826] 3m53.27s S CXX obj/third_party/perfetto/protos/perfetto/config/android/cpp/kernel_wakelocks_config.gen.o
[579/1826] 3m53.27s S CXX obj/third_party/perfetto/protos/perfetto/config/android/cpp/android_aflags_config.gen.o
[579/1826] 3m53.27s S CXX obj/third_party/perfetto/protos/perfetto/config/android/cpp/surfaceflinger_layers_config.gen.o
[579/1826] 3m53.27s S CXX obj/third_party/perfetto/protos/perfetto/config/android/cpp/windowmanager_config.gen.o
[579/1826] 3m53.27s S CXX obj/third_party/perfetto/protos/perfetto/config/android/cpp/user_list_config.gen.o
[579/1826] 3m53.27s S CXX obj/third_party/perfetto/protos/perfetto/config/android/cpp/surfaceflinger_transactions_config.gen.o
[579/1826] 3m53.27s S CXX obj/third_party/perfetto/protos/perfetto/config/android/cpp/protolog_config.gen.o
[579/1826] 3m53.27s S CXX obj/third_party/perfetto/protos/perfetto/config/android/cpp/packages_list_config.gen.o
[579/1826] 3m53.27s S CXX obj/third_party/perfetto/protos/perfetto/config/android/cpp/network_trace_config.gen.o
[579/1826] 3m53.27s S CXX obj/third_party/perfetto/protos/perfetto/config/android/cpp/pixel_modem_config.gen.o
[579/1826] 3m53.27s S CXX obj/third_party/perfetto/protos/perfetto/config/android/cpp/android_system_property_config.gen.o
[579/1826] 3m53.27s S CXX obj/third_party/perfetto/protos/perfetto/config/android/cpp/inputmethod_config.gen.o
[579/1826] 3m53.27s S CXX obj/third_party/perfetto/protos/perfetto/config/android/cpp/display_video_config.gen.o
[579/1826] 3m53.28s S CXX obj/third_party/perfetto/protos/perfetto/config/android/cpp/cpu_per_uid_config.gen.o
[579/1826] 3m53.28s S CXX obj/third_party/perfetto/protos/perfetto/config/android/cpp/app_wakelock_config.gen.o
[579/1826] 3m53.28s S CXX obj/third_party/perfetto/protos/perfetto/config/android/cpp/android_polled_state_config.gen.o
[579/1826] 3m53.28s S CXX obj/third_party/perfetto/protos/perfetto/config/android/cpp/android_sdk_sysprop_guard_config.gen.o
[579/1826] 3m53.28s S CXX obj/third_party/perfetto/protos/perfetto/config/android/cpp/android_log_config.gen.o
[579/1826] 3m53.28s S CXX obj/third_party/perfetto/protos/perfetto/config/android/cpp/android_input_event_config.gen.o
[579/1826] 3m53.39s F ACTION //third_party/perfetto/protos/perfetto/config/qnx:cpp_gen(//build/toolchain/android:android_clang_arm)
[579/1824] 3m53.39s S CXX obj/third_party/perfetto/protos/perfetto/config/qnx/cpp/qnx_config.gen.o
[580/1824] 3m53.45s F CXX obj/third_party/perfetto/protos/perfetto/config/gpu/cpp/vulkan_memory_config.gen.o
[581/1824] 3m53.52s F CXX obj/third_party/perfetto/protos/perfetto/config/gpu/cpp/gpu_counter_config.gen.o
[582/1824] 3m53.61s F CXX obj/third_party/perfetto/protos/perfetto/common/semantic_type_cpp/semantic_type.gen.o
[583/1824] 3m53.61s S AR obj/third_party/perfetto/protos/perfetto/common/libsemantic_type_cpp.a
[583/1824] 3m53.92s F CXX obj/third_party/perfetto/protos/perfetto/config/gpu/cpp/gpu_renderstages_config.gen.o
[584/1824] 3m53.92s S AR obj/third_party/perfetto/protos/perfetto/config/gpu/libcpp.a
[584/1824] 3m54.22s F CXX obj/third_party/perfetto/protos/perfetto/config/protovm/cpp/protovm_config.gen.o
[584/1824] 3m54.22s S AR obj/third_party/perfetto/protos/perfetto/config/protovm/libcpp.a
[585/1824] 3m54.30s F CXX obj/third_party/perfetto/protos/perfetto/config/interceptors/cpp/console_config.gen.o
[586/1824] 3m54.30s S AR obj/third_party/perfetto/protos/perfetto/config/interceptors/libcpp.a
[586/1824] 3m54.76s F CXX obj/third_party/perfetto/protos/perfetto/config/sys_stats/cpp/sys_stats_config.gen.o
[586/1824] 3m54.76s S AR obj/third_party/perfetto/protos/perfetto/config/sys_stats/libcpp.a
[587/1824] 3m55.01s F CXX obj/third_party/perfetto/protos/perfetto/config/android/cpp/android_input_event_config.gen.o
[588/1824] 3m55.36s F CXX obj/third_party/perfetto/protos/perfetto/config/profiling/cpp/java_hprof_config.gen.o
[589/1824] 3m55.43s F CXX obj/third_party/perfetto/protos/perfetto/config/profiling/cpp/heapprofd_config.gen.o
[590/1824] 3m55.84s F CXX obj/third_party/perfetto/protos/perfetto/config/profiling/cpp/smaps_config.gen.o
[591/1824] 3m56.20s F CXX obj/third_party/perfetto/protos/perfetto/config/android/cpp/android_aflags_config.gen.o
[592/1824] 3m56.26s F CXX obj/third_party/perfetto/protos/perfetto/config/android/cpp/android_game_intervention_list_config.gen.o
[593/1824] 3m56.49s F CXX obj/third_party/perfetto/protos/perfetto/config/profiling/cpp/perf_event_config.gen.o
[594/1824] 3m56.49s S AR obj/third_party/perfetto/protos/perfetto/config/profiling/libcpp.a
[594/1824] 3m56.61s F CXX obj/third_party/perfetto/protos/perfetto/config/android/cpp/kernel_wakelocks_config.gen.o
[595/1824] 3m57.03s F CXX obj/third_party/perfetto/protos/perfetto/config/android/cpp/android_polled_state_config.gen.o
[596/1824] 3m57.08s F CXX obj/third_party/perfetto/protos/perfetto/config/android/cpp/surfaceflinger_layers_config.gen.o
[597/1824] 3m57.26s F CXX obj/third_party/perfetto/protos/perfetto/config/android/cpp/windowmanager_config.gen.o
[598/1824] 3m57.52s F CXX obj/third_party/perfetto/protos/perfetto/config/android/cpp/user_list_config.gen.o
[599/1824] 3m57.97s F CXX obj/third_party/perfetto/protos/perfetto/config/android/cpp/protolog_config.gen.o
[600/1824] 3m57.98s F CXX obj/third_party/perfetto/protos/perfetto/config/android/cpp/packages_list_config.gen.o
[601/1824] 3m58.14s F CXX obj/third_party/perfetto/protos/perfetto/config/android/cpp/pixel_modem_config.gen.o
[602/1824] 3m58.41s F CXX obj/third_party/perfetto/protos/perfetto/config/android/cpp/android_system_property_config.gen.o
[603/1824] 3m58.72s F CXX obj/third_party/perfetto/protos/perfetto/config/android/cpp/inputmethod_config.gen.o
[604/1824] 3m58.74s F CXX obj/third_party/perfetto/protos/perfetto/config/android/cpp/display_video_config.gen.o
[605/1824] 3m58.91s F CXX obj/third_party/perfetto/protos/perfetto/config/android/cpp/cpu_per_uid_config.gen.o
[606/1824] 3m59.18s F CXX obj/third_party/perfetto/protos/perfetto/config/android/cpp/network_trace_config.gen.o
[607/1824] 3m59.48s F CXX obj/third_party/perfetto/protos/perfetto/config/android/cpp/surfaceflinger_transactions_config.gen.o
[608/1824] 3m59.66s F CXX obj/third_party/perfetto/protos/perfetto/config/android/cpp/android_sdk_sysprop_guard_config.gen.o
[609/1824] 3m59.68s F CXX obj/third_party/perfetto/protos/perfetto/config/profiling/zero/smaps_config.pbzero.o
[610/1824] 3m59.70s F CXX obj/third_party/perfetto/protos/perfetto/config/android/zero/android_game_intervention_list_config.pbzero.o
[611/1824] 3m59.72s F CXX obj/third_party/perfetto/protos/perfetto/config/android/zero/windowmanager_config.pbzero.o
[612/1824] 3m59.74s F CXX obj/third_party/perfetto/protos/perfetto/config/android/zero/user_list_config.pbzero.o
[613/1824] 3m59.76s F CXX obj/third_party/perfetto/protos/perfetto/config/android/zero/surfaceflinger_layers_config.pbzero.o
[614/1824] 3m59.77s F CXX obj/third_party/perfetto/protos/perfetto/config/android/zero/display_video_config.pbzero.o
[615/1824] 3m59.80s F CXX obj/third_party/perfetto/protos/perfetto/config/android/zero/protolog_config.pbzero.o
[616/1824] 3m59.82s F CXX obj/third_party/perfetto/protos/perfetto/config/android/zero/inputmethod_config.pbzero.o
[617/1824] 3m59.84s F CXX obj/third_party/perfetto/protos/perfetto/config/android/zero/surfaceflinger_transactions_config.pbzero.o
[618/1824] 3m59.85s F CXX obj/third_party/perfetto/protos/perfetto/config/android/zero/cpu_per_uid_config.pbzero.o
[619/1824] 3m59.88s F CXX obj/third_party/perfetto/protos/perfetto/config/android/zero/pixel_modem_config.pbzero.o
[620/1824] 3m59.90s F CXX obj/third_party/perfetto/protos/perfetto/config/android/zero/packages_list_config.pbzero.o
[621/1824] 3m59.92s F CXX obj/third_party/perfetto/protos/perfetto/config/android/zero/network_trace_config.pbzero.o
[622/1824] 3m59.92s F CXX obj/third_party/perfetto/protos/perfetto/config/android/cpp/android_log_config.gen.o
[623/1824] 3m59.93s F CXX obj/third_party/perfetto/protos/perfetto/config/android/zero/kernel_wakelocks_config.pbzero.o
[624/1824] 3m59.93s F AR obj/third_party/perfetto/protos/perfetto/common/libzero.a
[624/1824] 3m59.93s S AR obj/third_party/perfetto/protos/perfetto/config/interceptors/libzero.a
[625/1824] 3m59.95s F CXX obj/third_party/perfetto/protos/perfetto/config/sys_stats/zero/sys_stats_config.pbzero.o
[625/1824] 3m59.95s S AR obj/third_party/perfetto/protos/perfetto/config/sys_stats/libzero.a
[625/1824] 3m59.95s F CXX obj/third_party/perfetto/protos/perfetto/config/android/cpp/app_wakelock_config.gen.o
[626/1824] 3m59.96s S AR obj/third_party/perfetto/protos/perfetto/config/android/libcpp.a
[627/1824] 3m59.96s F CXX obj/third_party/perfetto/protos/perfetto/config/android/zero/app_wakelock_config.pbzero.o
[628/1824] 3m59.97s F CXX obj/third_party/perfetto/protos/perfetto/config/ftrace/zero/frozen_ftrace_config.pbzero.o
[629/1824] 3m59.97s S AR obj/third_party/perfetto/protos/perfetto/config/ftrace/libzero.a
[629/1824] 3m59.97s F CXX obj/third_party/perfetto/protos/perfetto/config/android/zero/android_log_config.pbzero.o
[630/1824] 3m59.98s F CXX obj/third_party/perfetto/protos/perfetto/config/protovm/zero/protovm_config.pbzero.o
[630/1824] 3m59.98s S AR obj/third_party/perfetto/protos/perfetto/config/protovm/libzero.a
[631/1824] 3m59.99s F CXX obj/third_party/perfetto/protos/perfetto/config/android/zero/android_sdk_sysprop_guard_config.pbzero.o
[632/1824] 3m59.99s F CXX obj/third_party/perfetto/protos/perfetto/config/linux/zero/journald_config.pbzero.o
[633/1824] 3m59.99s S AR obj/third_party/perfetto/protos/perfetto/config/linux/libzero.a
[633/1824] 3m59.99s F CXX obj/third_party/perfetto/protos/perfetto/config/gpu/zero/gpu_renderstages_config.pbzero.o
[634/1824] 3m59.99s S AR obj/third_party/perfetto/protos/perfetto/config/gpu/libzero.a
[634/1824] 4m00.01s F CXX obj/third_party/perfetto/protos/perfetto/config/inode_file/zero/inode_file_config.pbzero.o
[635/1824] 4m00.01s S AR obj/third_party/perfetto/protos/perfetto/config/inode_file/libzero.a
[635/1824] 4m00.01s F CXX obj/third_party/perfetto/protos/perfetto/config/qnx/zero/qnx_config.pbzero.o
[636/1824] 4m00.01s S AR obj/third_party/perfetto/protos/perfetto/config/qnx/libzero.a
[636/1824] 4m00.01s F CXX obj/third_party/perfetto/protos/perfetto/config/power/zero/android_power_config.pbzero.o
[637/1824] 4m00.01s S AR obj/third_party/perfetto/protos/perfetto/config/power/libzero.a
[637/1824] 4m00.03s F CXX obj/third_party/perfetto/protos/perfetto/config/android/zero/android_system_property_config.pbzero.o
[638/1824] 4m00.03s F CXX obj/third_party/perfetto/protos/perfetto/config/track_event/zero/track_event_config.pbzero.o
[639/1824] 4m00.03s F CXX obj/third_party/perfetto/protos/perfetto/config/android/zero/android_input_event_config.pbzero.o
[640/1824] 4m00.03s S AR obj/third_party/perfetto/protos/perfetto/config/track_event/libzero.a
[640/1824] 4m00.05s F CXX obj/third_party/perfetto/protos/perfetto/config/android/zero/android_polled_state_config.pbzero.o
[641/1824] 4m00.05s F CXX obj/third_party/perfetto/protos/perfetto/config/profiling/zero/java_hprof_config.pbzero.o
[642/1824] 4m00.05s S AR obj/third_party/perfetto/protos/perfetto/config/android/libzero.a
[642/1824] 4m00.05s F CXX obj/third_party/perfetto/protos/perfetto/config/statsd/zero/statsd_tracing_config.pbzero.o
[643/1824] 4m00.05s S AR obj/third_party/perfetto/protos/perfetto/config/statsd/libzero.a
[643/1824] 4m00.06s F AR obj/third_party/perfetto/protos/perfetto/config/sys_stats/libcpp.a
[644/1824] 4m00.06s F CXX obj/third_party/perfetto/protos/perfetto/config/profiling/zero/perf_event_config.pbzero.o
[645/1824] 4m00.06s S AR obj/third_party/perfetto/protos/perfetto/config/profiling/libzero.a
[645/1824] 4m00.07s F CXX obj/third_party/perfetto/protos/perfetto/trace/track_event/zero/range_of_interest.pbzero.o
[646/1824] 4m00.07s F AR obj/third_party/perfetto/protos/perfetto/config/statsd/libzero.a
[647/1824] 4m00.08s F CXX obj/third_party/perfetto/protos/perfetto/trace/track_event/zero/chrome_active_processes.pbzero.o
[648/1824] 4m00.08s F AR obj/third_party/perfetto/protos/perfetto/config/profiling/libzero.a
[649/1824] 4m00.09s F CXX obj/third_party/perfetto/protos/perfetto/trace/track_event/zero/track_descriptor.pbzero.o
[650/1824] 4m00.09s F CXX obj/third_party/perfetto/protos/perfetto/trace/track_event/zero/chrome_window_handle_event_info.pbzero.o
[651/1824] 4m00.09s F CXX obj/third_party/perfetto/protos/perfetto/trace/track_event/zero/log_message.pbzero.o
[652/1824] 4m00.11s F CXX obj/third_party/perfetto/protos/perfetto/trace/track_event/zero/chrome_thread_descriptor.pbzero.o
[653/1824] 4m00.11s F CXX obj/third_party/perfetto/protos/perfetto/trace/track_event/zero/process_descriptor.pbzero.o
[654/1824] 4m00.11s F CXX obj/third_party/perfetto/protos/perfetto/trace/track_event/zero/chrome_user_event.pbzero.o
[655/1824] 4m00.13s F CXX obj/third_party/perfetto/protos/perfetto/trace/track_event/zero/chrome_renderer_scheduler_state.pbzero.o
[655/1824] 4m00.13s F CXX obj/third_party/perfetto/protos/perfetto/trace/track_event/zero/debug_annotation.pbzero.o
[657/1824] 4m00.14s F CXX obj/third_party/perfetto/protos/perfetto/trace/track_event/zero/counter_descriptor.pbzero.o
[658/1824] 4m00.14s F CXX obj/third_party/perfetto/protos/perfetto/trace/track_event/zero/chrome_legacy_ipc.pbzero.o
[659/1824] 4m00.15s F CXX obj/third_party/perfetto/protos/perfetto/trace/track_event/zero/chrome_latency_info.pbzero.o
[660/1824] 4m00.15s F CXX obj/third_party/perfetto/protos/perfetto/trace/track_event/zero/chrome_content_settings_event_info.pbzero.o
[661/1824] 4m00.16s F CXX obj/third_party/perfetto/protos/perfetto/trace/track_event/zero/chrome_frame_reporter.pbzero.o
[662/1824] 4m00.16s F CXX obj/third_party/perfetto/protos/perfetto/trace/track_event/zero/chrome_histogram_sample.pbzero.o
[663/1824] 4m00.17s F CXX obj/third_party/perfetto/protos/perfetto/trace/track_event/zero/chrome_compositor_scheduler_state.pbzero.o
[664/1824] 4m00.17s F AR obj/third_party/perfetto/protos/perfetto/config/linux/libcpp.a
[665/1824] 4m00.18s F CXX obj/third_party/perfetto/protos/perfetto/trace/track_event/zero/chrome_keyed_service.pbzero.o
[665/1824] 4m00.18s F AR obj/third_party/perfetto/protos/perfetto/config/interceptors/libcpp.a
[667/1824] 4m00.18s F CXX obj/third_party/perfetto/protos/perfetto/trace/track_event/zero/chrome_message_pump.pbzero.o
[668/1824] 4m00.19s F AR obj/third_party/perfetto/protos/perfetto/config/qnx/libzero.a
[669/1824] 4m00.19s F AR obj/third_party/perfetto/protos/perfetto/config/gpu/libzero.a
[670/1824] 4m00.19s F AR obj/third_party/perfetto/protos/perfetto/config/android/libzero.a
[671/1824] 4m00.19s F AR obj/third_party/perfetto/protos/perfetto/config/track_event/libzero.a
[672/1824] 4m00.20s F AR obj/third_party/perfetto/protos/perfetto/common/libsemantic_type_zero.a
[673/1824] 4m00.20s F CXX obj/third_party/perfetto/protos/perfetto/trace/track_event/zero/chrome_mojo_event_info.pbzero.o
[674/1824] 4m00.20s F AR obj/third_party/perfetto/protos/perfetto/config/process_stats/libzero.a
[675/1824] 4m00.20s F AR obj/third_party/perfetto/protos/perfetto/config/interceptors/libzero.a
[676/1824] 4m00.21s F AR obj/third_party/perfetto/protos/perfetto/config/statsd/libcpp.a
[677/1824] 4m00.21s F CXX obj/third_party/perfetto/protos/perfetto/trace/track_event/zero/chrome_process_descriptor.pbzero.o
[678/1824] 4m00.21s F AR obj/third_party/perfetto/protos/perfetto/trace/profiling/libinline_callstack_zero.a
[679/1824] 4m00.21s F AR obj/third_party/perfetto/protos/perfetto/config/protovm/libcpp.a
[679/1824] 4m00.21s F AR obj/third_party/perfetto/protos/perfetto/config/system_info/libzero.a
[681/1824] 4m00.22s F AR obj/third_party/perfetto/protos/perfetto/config/gpu/libcpp.a
[682/1824] 4m00.23s F AR obj/third_party/perfetto/protos/perfetto/common/libsemantic_type_cpp.a
[683/1824] 4m00.23s F CXX obj/third_party/perfetto/protos/perfetto/trace/track_event/zero/task_execution.pbzero.o
[684/1824] 4m00.23s F CXX obj/third_party/perfetto/protos/perfetto/trace/track_event/zero/screenshot.pbzero.o
[684/1824] 4m00.23s F AR obj/third_party/perfetto/protos/perfetto/config/profiling/libcpp.a
[686/1824] 4m00.24s F AR obj/third_party/perfetto/protos/perfetto/config/system_info/libcpp.a
[687/1824] 4m00.24s F AR obj/third_party/perfetto/protos/perfetto/config/power/libcpp.a
[688/1824] 4m00.24s F CXX obj/third_party/perfetto/protos/perfetto/config/qnx/cpp/qnx_config.gen.o
[689/1824] 4m00.24s S AR obj/third_party/perfetto/protos/perfetto/config/qnx/libcpp.a
[689/1824] 4m00.24s F AR obj/third_party/perfetto/protos/perfetto/config/inode_file/libcpp.a
[690/1824] 4m00.25s F AR obj/third_party/perfetto/protos/perfetto/config/process_stats/libcpp.a
[691/1824] 4m00.25s F CXX obj/third_party/perfetto/protos/perfetto/trace/track_event/zero/source_location.pbzero.o
[692/1824] 4m00.25s F AR obj/third_party/perfetto/protos/perfetto/config/track_event/libcpp.a
[693/1824] 4m00.25s F AR obj/third_party/perfetto/protos/perfetto/config/power/libzero.a
[694/1824] 4m00.26s F AR obj/third_party/perfetto/protos/perfetto/config/priority_boost/libcpp.a
[695/1824] 4m00.26s F CXX obj/third_party/perfetto/protos/perfetto/trace/track_event/zero/thread_descriptor.pbzero.o
[696/1824] 4m00.26s F CXX obj/third_party/perfetto/protos/perfetto/trace/profiling/zero/profile_common.pbzero.o
[697/1824] 4m00.27s F AR obj/third_party/perfetto/protos/perfetto/config/priority_boost/libzero.a
[698/1824] 4m00.27s F CXX obj/third_party/perfetto/protos/perfetto/trace/gpu/zero/vulkan_memory_event.pbzero.o
[699/1824] 4m00.27s F AR obj/third_party/perfetto/protos/perfetto/config/protovm/libzero.a
[700/1824] 4m00.27s F AR obj/third_party/perfetto/protos/perfetto/config/ftrace/libzero.a
[701/1824] 4m00.28s F AR obj/third_party/perfetto/protos/perfetto/config/android/libcpp.a
[702/1824] 4m00.28s F CXX obj/third_party/perfetto/protos/perfetto/trace/gpu/zero/gpu_log.pbzero.o
[703/1824] 4m00.28s F AR obj/third_party/perfetto/protos/perfetto/config/sys_stats/libzero.a
[704/1824] 4m00.29s F CXX obj/third_party/perfetto/protos/perfetto/trace/android/zero/packages_list.pbzero.o
[705/1824] 4m00.29s F CXX obj/third_party/perfetto/protos/perfetto/trace/profiling/zero/deobfuscation.pbzero.o
[706/1824] 4m00.29s F AR obj/third_party/perfetto/protos/perfetto/config/inode_file/libzero.a
[707/1824] 4m00.30s F CXX obj/third_party/perfetto/protos/perfetto/trace/profiling/zero/art_process_metadata.pbzero.o
[708/1824] 4m00.30s F CXX obj/third_party/perfetto/protos/perfetto/trace/profiling/zero/stack_sample.pbzero.o
[709/1824] 4m00.30s F AR obj/third_party/perfetto/protos/perfetto/config/linux/libzero.a
[710/1824] 4m00.31s F CXX obj/third_party/perfetto/protos/perfetto/trace/android/zero/kernel_wakelock_data.pbzero.o
[711/1824] 4m00.31s F CXX obj/third_party/perfetto/protos/perfetto/trace/profiling/zero/smaps.pbzero.o
[712/1824] 4m00.32s F CXX obj/third_party/perfetto/protos/perfetto/trace/profiling/zero/profile_packet.pbzero.o
[713/1824] 4m00.32s S AR obj/third_party/perfetto/protos/perfetto/trace/profiling/libzero.a
[713/1824] 4m00.32s F CXX obj/third_party/perfetto/protos/perfetto/config/zero/interceptor_config.pbzero.o
[714/1824] 4m00.32s F CXX obj/third_party/perfetto/protos/perfetto/trace/chrome/zero/chrome_benchmark_metadata.pbzero.o
[715/1824] 4m00.33s F CXX obj/third_party/perfetto/protos/perfetto/config/zero/etw_config.pbzero.o
[716/1824] 4m00.34s F CXX obj/third_party/perfetto/protos/perfetto/config/zero/data_source_config.pbzero.o
[717/1824] 4m00.34s F CXX obj/third_party/perfetto/protos/perfetto/config/zero/system_metrics.pbzero.o
[717/1824] 4m00.34s F CXX obj/third_party/perfetto/protos/perfetto/config/zero/v8_config.pbzero.o
[719/1824] 4m00.35s F CXX obj/third_party/perfetto/protos/perfetto/config/zero/test_config.pbzero.o
[720/1824] 4m00.35s F CXX obj/third_party/perfetto/protos/perfetto/config/zero/histogram_samples.pbzero.o
[721/1824] 4m00.35s F CXX obj/third_party/perfetto/protos/perfetto/config/zero/trace_config.pbzero.o
[722/1824] 4m00.35s F CXX obj/third_party/perfetto/protos/perfetto/config/zero/stress_test_config.pbzero.o
[723/1824] 4m00.37s F CXX obj/third_party/perfetto/protos/perfetto/config/zero/scenario_config.pbzero.o
[724/1824] 4m00.37s F CXX obj/third_party/perfetto/protos/perfetto/trace/chrome/zero/chrome_metadata.pbzero.o
[725/1824] 4m00.37s F CXX obj/third_party/perfetto/protos/perfetto/config/zero/chrome_config.pbzero.o
[726/1824] 4m00.37s S AR obj/third_party/perfetto/protos/perfetto/config/libzero.a
[726/1824] 4m00.37s F CXX obj/third_party/perfetto/protos/perfetto/trace/chrome/zero/v8.pbzero.o
[727/1824] 4m00.38s F CXX obj/third_party/perfetto/protos/perfetto/trace/chrome/zero/chrome_trace_event.pbzero.o
[728/1824] 4m00.39s F CXX obj/third_party/perfetto/protos/perfetto/trace/android/zero/android_game_intervention_list.pbzero.o
[729/1824] 4m00.39s F CXX obj/third_party/perfetto/protos/perfetto/trace/chrome/zero/chrome_trigger.pbzero.o
[729/1824] 4m00.39s S AR obj/third_party/perfetto/protos/perfetto/trace/chrome/libzero.a
[729/1824] 4m00.39s F CXX obj/third_party/perfetto/protos/perfetto/trace/android/zero/initial_display_state.pbzero.o
[731/1824] 4m00.40s F CXX obj/third_party/perfetto/protos/perfetto/trace/android/zero/android_aflags.pbzero.o
[732/1824] 4m00.40s F CXX obj/third_party/perfetto/protos/perfetto/trace/android/zero/user_list.pbzero.o
[733/1824] 4m00.41s F CXX obj/third_party/perfetto/protos/perfetto/trace/android/zero/android_system_property.pbzero.o
[733/1824] 4m00.41s F CXX obj/third_party/perfetto/protos/perfetto/trace/android/zero/graphics_frame_event.pbzero.o
[735/1824] 4m00.41s F AR obj/third_party/perfetto/protos/perfetto/config/ftrace/libcpp.a
[736/1824] 4m00.42s F CXX obj/third_party/perfetto/protos/perfetto/trace/android/zero/cpu_per_uid_data.pbzero.o
[737/1824] 4m00.42s F CXX obj/third_party/perfetto/protos/perfetto/trace/android/zero/android_log.pbzero.o
[738/1824] 4m00.42s F CXX obj/third_party/perfetto/protos/perfetto/trace/android/zero/pixel_modem_events.pbzero.o
[739/1824] 4m00.42s S AR obj/third_party/perfetto/protos/perfetto/trace/android/libzero.a
[739/1824] 4m00.43s F CXX obj/third_party/perfetto/protos/perfetto/trace/gpu/zero/gpu_counter_event.pbzero.o
[740/1824] 4m00.43s F AR obj/third_party/perfetto/protos/perfetto/config/qnx/libcpp.a
[741/1823] 4m00.43s F CXX obj/third_party/perfetto/protos/perfetto/trace/gpu/zero/gpu_render_stage_event.pbzero.o
[742/1823] 4m00.45s F CXX obj/third_party/perfetto/protos/perfetto/trace/gpu/zero/gpu_mem_event.pbzero.o
[743/1823] 4m00.45s S ACTION //third_party/perfetto/protos/perfetto/config:cpp_gen(//build/toolchain/android:android_clang_arm)
[743/1823] 4m00.45s F CXX obj/third_party/perfetto/protos/perfetto/trace/track_event/zero/track_event.pbzero.o
[744/1823] 4m00.46s F CXX obj/third_party/perfetto/protos/perfetto/trace/track_event/zero/state_descriptor.pbzero.o
[745/1823] 4m00.46s F CXX obj/third_party/perfetto/protos/perfetto/trace/gpu/zero/vulkan_api_event.pbzero.o
[746/1823] 4m00.46s F CXX obj/third_party/perfetto/protos/perfetto/trace/track_event/zero/chrome_application_state_info.pbzero.o
[746/1823] 4m00.46s S AR obj/third_party/perfetto/protos/perfetto/trace/gpu/libzero.a
[747/1823] 4m00.46s S AR obj/third_party/perfetto/protos/perfetto/trace/track_event/libzero.a
[747/1823] 4m00.48s F CXX obj/third_party/perfetto/protos/perfetto/trace/linux/zero/journald_event.pbzero.o
[748/1823] 4m00.48s S AR obj/third_party/perfetto/protos/perfetto/trace/linux/libzero.a
[748/1823] 4m00.48s F CXX obj/third_party/perfetto/protos/perfetto/trace/etw/zero/etw_event_bundle.pbzero.o
[749/1823] 4m00.48s F CXX obj/third_party/perfetto/protos/perfetto/trace/system_info/zero/cpu_info.pbzero.o
[750/1823] 4m00.49s F CXX obj/third_party/perfetto/protos/perfetto/trace/minimal_zero/trigger.pbzero.o
[751/1823] 4m00.50s F CXX obj/third_party/perfetto/protos/perfetto/trace/generic_kernel/zero/generic_power.pbzero.o
[752/1823] 4m00.50s F CXX obj/third_party/perfetto/protos/perfetto/trace/generic_kernel/zero/generic_gpu_frequency.pbzero.o
[753/1823] 4m00.50s F CXX obj/third_party/perfetto/protos/perfetto/trace/etw/zero/etw.pbzero.o
[754/1823] 4m00.51s F CXX obj/third_party/perfetto/protos/perfetto/trace/generic_kernel/zero/generic_task.pbzero.o
[755/1823] 4m00.51s S AR obj/third_party/perfetto/protos/perfetto/trace/generic_kernel/libzero.a
[755/1823] 4m00.52s F CXX obj/third_party/perfetto/protos/perfetto/trace/statsd/zero/statsd_atom.pbzero.o
[756/1823] 4m00.52s S AR obj/third_party/perfetto/protos/perfetto/trace/statsd/libzero.a
[756/1823] 4m00.53s F CXX obj/third_party/perfetto/protos/perfetto/trace/interned_data/zero/interned_data.pbzero.o
[757/1823] 4m00.53s F CXX obj/third_party/perfetto/protos/perfetto/trace/etw/zero/etw_event.pbzero.o
[758/1823] 4m00.53s S AR obj/third_party/perfetto/protos/perfetto/trace/etw/libzero.a
[758/1823] 4m00.53s F CXX obj/third_party/perfetto/protos/perfetto/trace/system_info/zero/gpu_info.pbzero.o
[759/1823] 4m00.54s F CXX obj/third_party/perfetto/protos/perfetto/trace/ps/zero/process_tree.pbzero.o
[760/1823] 4m00.55s F CXX obj/third_party/perfetto/protos/perfetto/trace/ftrace/zero/ftrace_event_bundle.pbzero.o
[761/1823] 4m00.55s F CXX obj/third_party/perfetto/protos/perfetto/trace/ftrace/zero/dwc3.pbzero.o
[762/1823] 4m00.56s F CXX obj/third_party/perfetto/protos/perfetto/trace/ftrace/zero/kgsl.pbzero.o
[763/1823] 4m00.57s F CXX obj/third_party/perfetto/protos/perfetto/trace/ftrace/zero/irq_vectors.pbzero.o
[764/1823] 4m00.57s F CXX obj/third_party/perfetto/protos/perfetto/trace/ftrace/zero/scsi.pbzero.o
[764/1823] 4m00.58s F CXX obj/third_party/perfetto/protos/perfetto/trace/ftrace/zero/ftrace_event.pbzero.o
[766/1823] 4m00.58s F CXX obj/third_party/perfetto/protos/perfetto/trace/ftrace/zero/scm.pbzero.o
[767/1823] 4m00.59s F CXX obj/third_party/perfetto/protos/perfetto/trace/ftrace/zero/dpu.pbzero.o
[768/1823] 4m00.59s F CXX obj/third_party/perfetto/protos/perfetto/trace/ftrace/zero/sched.pbzero.o
[769/1823] 4m00.60s F CXX obj/third_party/perfetto/protos/perfetto/trace/ftrace/zero/dmabuf_heap.pbzero.o
[770/1823] 4m00.61s F CXX obj/third_party/perfetto/protos/perfetto/trace/ftrace/zero/dma_fence.pbzero.o
[771/1823] 4m00.61s F CXX obj/third_party/perfetto/protos/perfetto/trace/ftrace/zero/rpm.pbzero.o
[772/1823] 4m00.62s F CXX obj/third_party/perfetto/protos/perfetto/trace/ftrace/zero/irq.pbzero.o
[773/1823] 4m00.63s F CXX obj/third_party/perfetto/protos/perfetto/trace/ftrace/zero/samsung.pbzero.o
[774/1823] 4m00.63s F CXX obj/third_party/perfetto/protos/perfetto/trace/ftrace/zero/workqueue.pbzero.o
[775/1823] 4m00.63s F CXX obj/third_party/perfetto/protos/perfetto/trace/ftrace/zero/drm.pbzero.o
[776/1823] 4m00.64s F CXX obj/third_party/perfetto/protos/perfetto/trace/ftrace/zero/ipi.pbzero.o
[777/1823] 4m00.65s F CXX obj/third_party/perfetto/protos/perfetto/trace/ftrace/zero/devfreq.pbzero.o
[778/1823] 4m00.65s F CXX obj/third_party/perfetto/protos/perfetto/trace/ftrace/zero/dcvsh.pbzero.o
[779/1823] 4m00.66s F CXX obj/third_party/perfetto/protos/perfetto/trace/ftrace/zero/oom.pbzero.o
[780/1823] 4m00.66s F CXX obj/third_party/perfetto/protos/perfetto/trace/ftrace/zero/ion.pbzero.o
[781/1823] 4m00.68s F CXX obj/third_party/perfetto/protos/perfetto/trace/ftrace/zero/regulator.pbzero.o
[782/1823] 4m00.68s F CXX obj/third_party/perfetto/protos/perfetto/trace/ftrace/zero/raw_syscalls.pbzero.o
[783/1823] 4m00.68s F CXX obj/third_party/perfetto/protos/perfetto/trace/ftrace/zero/cros_ec.pbzero.o
[784/1823] 4m00.69s F CXX obj/third_party/perfetto/protos/perfetto/trace/ftrace/zero/printk.pbzero.o
[785/1823] 4m00.69s F CXX obj/third_party/perfetto/protos/perfetto/trace/ftrace/zero/i2c.pbzero.o
[786/1823] 4m00.70s F CXX obj/third_party/perfetto/protos/perfetto/trace/ftrace/zero/pixel_mm.pbzero.o
[787/1823] 4m00.70s F CXX obj/third_party/perfetto/protos/perfetto/trace/ftrace/zero/hypervisor.pbzero.o
[788/1823] 4m00.71s F CXX obj/third_party/perfetto/protos/perfetto/trace/ftrace/zero/power.pbzero.o
[789/1823] 4m00.72s F CXX obj/third_party/perfetto/protos/perfetto/trace/ftrace/zero/cpuhp.pbzero.o
[790/1823] 4m00.72s F CXX obj/third_party/perfetto/protos/perfetto/trace/ftrace/zero/virtio_video.pbzero.o
[791/1823] 4m00.72s F CXX obj/third_party/perfetto/protos/perfetto/trace/ftrace/zero/hyp.pbzero.o
[792/1823] 4m00.73s F CXX obj/third_party/perfetto/protos/perfetto/trace/ftrace/zero/panel.pbzero.o
[793/1823] 4m00.74s F CXX obj/third_party/perfetto/protos/perfetto/trace/ftrace/zero/net.pbzero.o
[794/1823] 4m00.74s F CXX obj/third_party/perfetto/protos/perfetto/trace/ftrace/zero/mm_event.pbzero.o
[795/1823] 4m00.74s F CXX obj/third_party/perfetto/protos/perfetto/trace/ftrace/zero/sync.pbzero.o
[796/1823] 4m00.76s F CXX obj/third_party/perfetto/protos/perfetto/trace/ftrace/zero/tcp.pbzero.o
[797/1823] 4m00.76s F CXX obj/third_party/perfetto/protos/perfetto/trace/ftrace/zero/perf_trace_counters.pbzero.o
[798/1823] 4m00.76s F CXX obj/third_party/perfetto/protos/perfetto/trace/ftrace/zero/fence.pbzero.o
[799/1823] 4m00.77s F CXX obj/third_party/perfetto/protos/perfetto/trace/ftrace/zero/compaction.pbzero.o
[800/1823] 4m00.78s F CXX obj/third_party/perfetto/protos/perfetto/trace/ftrace/zero/mali.pbzero.o
[801/1823] 4m00.78s F CXX obj/third_party/perfetto/protos/perfetto/trace/ftrace/zero/cpm_trace.pbzero.o
[802/1823] 4m00.79s F CXX obj/third_party/perfetto/protos/perfetto/trace/ftrace/zero/cma.pbzero.o
[803/1823] 4m00.80s F CXX obj/third_party/perfetto/protos/perfetto/trace/ftrace/zero/lowmemorykiller.pbzero.o
[804/1823] 4m00.80s F CXX obj/third_party/perfetto/protos/perfetto/trace/ftrace/zero/vmscan.pbzero.o
[805/1823] 4m00.81s F CXX obj/third_party/perfetto/protos/perfetto/trace/ftrace/zero/lwis.pbzero.o
[806/1823] 4m00.81s F CXX obj/third_party/perfetto/protos/perfetto/trace/ftrace/zero/block.pbzero.o
[807/1823] 4m00.82s F CXX obj/third_party/perfetto/protos/perfetto/trace/ftrace/zero/kvm.pbzero.o
[808/1823] 4m00.82s F ACTION //third_party/perfetto/protos/perfetto/config:cpp_gen(//build/toolchain/android:android_clang_arm)
[809/1820] 4m00.82s S CXX obj/libEGL/libEGL_autogen.o
[809/1820] 4m00.82s S CXX obj/src/common/spirv/angle_spirv_builder/spirv_instruction_builder_autogen.o
[809/1818] 4m00.82s S CXX obj/src/common/spirv/angle_spirv_parser/spirv_instruction_parser_autogen.o
[809/1818] 4m00.82s S CXX obj/angle_gpu_info_util/SystemInfo_vulkan.o
[809/1816] 4m00.82s S CXX obj/src/common/vulkan/angle_libvulkan_loader/libvulkan_loader.o
[809/1816] 4m00.82s S CXX obj/src/common/vulkan/angle_vulkan_icd/vulkan_icd.o
[809/1815] 4m00.82s S CXX obj/angle_image_util/imageformats.o
[809/1815] 4m00.82s S CXX obj/src/common/spirv/angle_spirv_base/angle_spirv_utils.o
[809/1813] 4m00.83s S CXX obj/src/common/linux/angle_dma_buf/dma_buf_utils.o
[809/1813] 4m00.83s S CXX obj/src/libANGLE/renderer/vulkan/angle_vulkan_backend/BufferVk.o
[809/1812] 4m00.83s S CXX obj/src/libANGLE/renderer/vulkan/angle_vulkan_backend/AllocatorHelperPool.o
[809/1812] 4m00.83s S CXX obj/angle_gpu_info_util/SystemInfo.o
[809/1812] 4m00.83s S CXX obj/angle_gpu_info_util/SystemInfo_android.o
[809/1812] 4m00.83s S CXX obj/src/libANGLE/renderer/vulkan/angle_vulkan_backend/WindowSurfaceVkAndroid.o
[809/1812] 4m00.83s S CXX obj/angle_image_util/copyimage.o
[809/1812] 4m00.83s S CXX obj/src/libANGLE/renderer/vulkan/angle_vulkan_backend/HardwareBufferImageSiblingVkAndroid.o
[809/1812] 4m00.83s S CXX obj/angle_image_util/AstcDecompressorNoOp.o
[809/1812] 4m00.83s S CXX obj/angle_frame_capture_mock/serialize_mock.o
[809/1812] 4m00.83s S CXX obj/angle_image_util/loadimage_paletted.o
[809/1812] 4m00.83s S CXX obj/src/libANGLE/renderer/vulkan/angle_vulkan_backend/DisplayVkAndroid.o
[809/1811] 4m00.83s S CXX obj/src/libANGLE/renderer/gl/angle_gl_backend/BufferGL.o
[809/1811] 4m00.83s S CXX obj/angle_image_util/storeimage_paletted.o
[809/1811] 4m00.83s S CXX obj/angle_image_util/loadimage_etc.o
[809/1811] 4m00.84s S CXX obj/src/libANGLE/renderer/vulkan/angle_vulkan_backend/AHBFunctions.o
[809/1811] 4m00.84s S CXX obj/angle_image_util/loadimage_astc.o
[809/1811] 4m00.84s S CXX obj/angle_image_util/loadimage.o
[809/1811] 4m00.84s S CXX obj/src/libANGLE/renderer/vulkan/angle_vulkan_backend/vk_utils.o
[809/1810] 4m00.84s S CXX obj/src/libANGLE/renderer/vulkan/angle_vulkan_backend/vk_resource.o
[809/1810] 4m00.84s S CXX obj/src/libANGLE/renderer/null/angle_null_backend/CompilerNULL.o
[809/1810] 4m00.84s S CXX obj/src/libANGLE/renderer/vulkan/angle_vulkan_backend/vk_renderer.o
[809/1809] 4m00.84s S CXX obj/libGLESv2/egl_stubs.o
[809/1808] 4m00.84s S CXX obj/third_party/perfetto/src/tracing/client_api_without_backends/data_source.o
[809/1808] 4m00.84s S CXX obj/src/libANGLE/renderer/vulkan/angle_vulkan_backend/vk_ref_counted_event.o
[809/1808] 4m00.84s F CXX obj/third_party/perfetto/protos/perfetto/trace/ftrace/zero/clk.pbzero.o
[810/1808] 4m00.84s S CXX obj/src/libANGLE/renderer/vulkan/angle_vulkan_backend/vk_mandatory_format_support_table_autogen.o
[810/1807] 4m00.84s S CXX obj/third_party/perfetto/protos/perfetto/config/cpp/histogram_samples.gen.o
[810/1807] 4m00.84s S CXX obj/src/libANGLE/renderer/vulkan/angle_vulkan_backend/vk_internal_shaders_autogen.o
[810/1806] 4m00.84s S CXX obj/libANGLE_no_vulkan/BlobCache.o
[810/1806] 4m00.84s S CXX obj/src/libANGLE/renderer/vulkan/angle_vulkan_backend/vk_helpers.o
[810/1806] 4m00.84s F CXX obj/third_party/perfetto/protos/perfetto/trace/ftrace/zero/kmem.pbzero.o
[811/1806] 4m00.85s S CXX obj/angle_frame_capture_mock/FrameCapture_mock.o
[811/1806] 4m00.85s S CXX obj/src/libANGLE/renderer/vulkan/angle_vulkan_backend/vk_format_utils.o
[811/1806] 4m00.85s S CXX obj/src/libANGLE/renderer/gl/angle_gl_backend/BlitGL.o
[811/1806] 4m00.85s S CXX obj/src/libANGLE/renderer/vulkan/angle_vulkan_backend/vk_format_table_autogen.o
[811/1806] 4m00.85s S CXX obj/src/libANGLE/renderer/vulkan/angle_vulkan_backend/vk_caps_utils.o
[811/1806] 4m00.85s S CXX obj/third_party/perfetto/protos/perfetto/config/cpp/chrome_config.gen.o
[811/1806] 4m00.85s S CXX obj/src/libANGLE/renderer/vulkan/angle_vulkan_backend/vk_cache_utils.o
[811/1806] 4m00.85s S CXX obj/src/libANGLE/renderer/gl/angle_gl_backend/NativeBufferImageSiblingAndroid.o
[811/1806] 4m00.85s S CXX obj/src/libANGLE/renderer/vulkan/angle_vulkan_backend/vk_barrier_data.o
[811/1806] 4m00.85s S CXX obj/src/libANGLE/renderer/gl/angle_gl_backend/DisplayAndroid.o
[811/1806] 4m00.85s S CXX obj/src/libANGLE/renderer/vulkan/angle_vulkan_backend/spv_utils.o
[811/1806] 4m00.85s S CXX obj/third_party/perfetto/protos/perfetto/config/cpp/trace_config.gen.o
[811/1806] 4m00.85s S CXX obj/src/libANGLE/renderer/vulkan/angle_vulkan_backend/vk_android_utils.o
[811/1806] 4m00.85s S CXX obj/third_party/perfetto/protos/perfetto/config/cpp/test_config.gen.o
[811/1806] 4m00.85s S CXX obj/src/libANGLE/renderer/vulkan/angle_vulkan_backend/VulkanSecondaryCommandBuffer.o
[811/1806] 4m00.85s S CXX obj/src/libANGLE/renderer/gl/angle_gl_backend/egl_utils.o
[811/1806] 4m00.85s S CXX obj/src/libANGLE/renderer/vulkan/angle_vulkan_backend/VkImageImageSiblingVk.o
[811/1806] 4m00.85s S CXX obj/src/libANGLE/renderer/gl/angle_gl_backend/WindowSurfaceEGL.o
[811/1806] 4m00.86s S CXX obj/src/libANGLE/renderer/vulkan/angle_vulkan_backend/VertexArrayVk.o
[811/1806] 4m00.86s S CXX obj/src/libANGLE/renderer/vulkan/angle_vulkan_backend/TransformFeedbackVk.o
[811/1806] 4m00.86s S CXX obj/src/libANGLE/renderer/gl/angle_gl_backend/SyncEGL.o
[811/1806] 4m00.86s S CXX obj/third_party/perfetto/protos/perfetto/config/cpp/stress_test_config.gen.o
[811/1806] 4m00.86s S CXX obj/src/libANGLE/renderer/vulkan/angle_vulkan_backend/UtilsVk.o
[811/1806] 4m00.86s S CXX obj/third_party/perfetto/protos/perfetto/config/cpp/interceptor_config.gen.o
[811/1806] 4m00.86s S CXX obj/src/libANGLE/renderer/gl/angle_gl_backend/SurfaceEGL.o
[811/1806] 4m00.86s S CXX obj/third_party/perfetto/protos/perfetto/config/cpp/etw_config.gen.o
[811/1806] 4m00.86s S CXX obj/src/libANGLE/renderer/gl/angle_gl_backend/RendererEGL.o
[811/1806] 4m00.86s S CXX obj/third_party/perfetto/protos/perfetto/config/cpp/data_source_config.gen.o
[811/1806] 4m00.86s S CXX obj/src/libANGLE/renderer/vulkan/angle_vulkan_backend/TextureVk.o
[811/1806] 4m00.86s S CXX obj/src/libANGLE/renderer/gl/angle_gl_backend/PbufferSurfaceEGL.o
[811/1806] 4m00.86s S CXX obj/src/libANGLE/renderer/vulkan/angle_vulkan_backend/SyncVk.o
[811/1806] 4m00.86s S CXX obj/third_party/perfetto/protos/perfetto/config/cpp/v8_config.gen.o
[811/1806] 4m00.86s S CXX obj/src/libANGLE/renderer/vulkan/angle_vulkan_backend/SurfaceVk.o
[811/1806] 4m00.86s S CXX obj/src/libANGLE/renderer/gl/angle_gl_backend/ImageEGL.o
[811/1806] 4m00.86s S CXX obj/src/libANGLE/renderer/vulkan/angle_vulkan_backend/Suballocation.o
[811/1806] 4m00.86s S CXX obj/third_party/perfetto/protos/perfetto/config/cpp/system_metrics.gen.o
[811/1806] 4m00.86s S CXX obj/src/libANGLE/renderer/gl/angle_gl_backend/FunctionsEGLDL.o
[811/1806] 4m00.87s S CXX obj/src/libANGLE/renderer/vulkan/angle_vulkan_backend/ShareGroupVk.o
[811/1806] 4m00.87s S CXX obj/src/libANGLE/renderer/vulkan/angle_vulkan_backend/ShaderVk.o
[811/1806] 4m00.87s S CXX obj/third_party/perfetto/protos/perfetto/config/cpp/scenario_config.gen.o
[811/1806] 4m00.87s S CXX obj/src/libANGLE/renderer/vulkan/angle_vulkan_backend/ShaderInterfaceVariableInfoMap.o
[811/1805] 4m00.87s S CXX obj/src/libANGLE/renderer/vulkan/angle_vulkan_backend/SemaphoreVk.o
[811/1804] 4m00.87s S CXX obj/third_party/perfetto/src/tracing/service/service/metatrace_writer.o
[811/1805] 4m00.87s S CXX obj/third_party/perfetto/src/tracing/core/core/in_process_shared_memory.o
[811/1803] 4m00.87s S CXX obj/third_party/perfetto/src/protozero/filtering/message_filter_config/message_filter_config.o
[811/1803] 4m00.87s S CXX obj/src/libANGLE/renderer/gl/angle_gl_backend/FunctionsEGL.o
[811/1802] 4m00.87s S CXX obj/src/libANGLE/renderer/gl/angle_gl_backend/DisplayEGL.o
[811/1802] 4m00.87s S CXX obj/angle_common/MemoryBuffer.o
[811/1802] 4m00.87s S CXX obj/src/libANGLE/renderer/gl/angle_gl_backend/DeviceEGL.o
[811/1802] 4m00.87s S CXX obj/src/libANGLE/renderer/gl/angle_gl_backend/DmaBufImageSiblingEGL.o
[811/1802] 4m00.87s S CXX obj/src/libANGLE/renderer/vulkan/angle_vulkan_backend/SecondaryCommandPool.o
[811/1802] 4m00.87s S CXX obj/third_party/perfetto/src/tracing/common/trace_writer_base.o
[811/1802] 4m00.87s S CXX obj/src/libANGLE/renderer/vulkan/angle_vulkan_backend/SecondaryCommandBuffer.o
[811/1802] 4m00.87s S CXX obj/third_party/perfetto/src/tracing/in_process_backend/in_process_tracing_backend.o
[811/1802] 4m00.88s S CXX obj/src/libANGLE/renderer/vulkan/angle_vulkan_backend/SamplerVk.o
[811/1802] 4m00.88s S CXX obj/angle_common/Float16ToFloat32.o
[811/1802] 4m00.88s S CXX obj/src/libANGLE/renderer/vulkan/angle_vulkan_backend/RenderbufferVk.o
[811/1802] 4m00.88s S CXX obj/angle_common/system_utils_linux.o
[811/1802] 4m00.88s S CXX obj/src/libANGLE/renderer/gl/angle_gl_backend/ContextEGL.o
[811/1802] 4m00.88s S CXX obj/angle_common/backtrace_utils_noop.o
[811/1802] 4m00.88s S CXX obj/angle_common/system_utils_posix.o
[811/1802] 4m00.88s S CXX obj/angle_common/utilities.o
[811/1802] 4m00.88s S CXX obj/src/libANGLE/renderer/gl/angle_gl_backend/renderergl_utils.o
[811/1802] 4m00.88s S CXX obj/angle_common/tls.o
[811/1802] 4m00.88s S CXX obj/src/libANGLE/renderer/vulkan/angle_vulkan_backend/RenderTargetVk.o
[811/1802] 4m00.88s S CXX obj/angle_common/system_utils.o
[811/1802] 4m00.88s S CXX obj/src/libANGLE/renderer/vulkan/angle_vulkan_backend/QueryVk.o
[811/1802] 4m00.88s S CXX obj/angle_common/string_utils.o
[811/1802] 4m00.88s S CXX obj/angle_common/uniform_type_info_autogen.o
[811/1802] 4m00.88s S CXX obj/angle_common/platform_helpers.o
[811/1802] 4m00.88s S CXX obj/src/libANGLE/renderer/gl/angle_gl_backend/formatutilsgl.o
[811/1802] 4m00.88s S CXX obj/angle_common/matrix_utils.o
[811/1802] 4m00.88s S CXX obj/src/libANGLE/renderer/gl/angle_gl_backend/VertexArrayGL.o
[811/1802] 4m00.88s S CXX obj/angle_common/mathutil.o
[811/1802] 4m00.88s S CXX obj/src/libANGLE/renderer/gl/angle_gl_backend/TransformFeedbackGL.o
[811/1802] 4m00.88s S CXX obj/angle_common/event_tracer.o
[811/1802] 4m00.89s S CXX obj/angle_common/entry_points_enum_autogen.o
[811/1802] 4m00.89s S CXX obj/src/libANGLE/renderer/vulkan/angle_vulkan_backend/ProgramVk.o
[811/1802] 4m00.89s S CXX obj/angle_common/debug.o
[811/1802] 4m00.89s S CXX obj/src/libANGLE/renderer/vulkan/angle_vulkan_backend/ProgramPipelineVk.o
[811/1802] 4m00.89s S CXX obj/src/libANGLE/renderer/vulkan/angle_vulkan_backend/ProgramExecutableVk.o
[811/1802] 4m00.89s S CXX obj/angle_common/sha1.o
[811/1802] 4m00.89s S CXX obj/src/libANGLE/renderer/gl/angle_gl_backend/TextureGL.o
[811/1801] 4m00.89s S CXX obj/angle_common_shader_state/CompiledShaderState.o
[811/1801] 4m00.89s S CXX obj/src/libANGLE/renderer/gl/angle_gl_backend/SyncGL.o
[811/1801] 4m00.89s S CXX obj/angle_common/angleutils.o
[811/1801] 4m00.89s S CXX obj/angle_common/trace_categories.o
[811/1801] 4m00.89s S CXX obj/src/libANGLE/renderer/gl/angle_gl_backend/SurfaceGL.o
[811/1801] 4m00.89s S CXX obj/angle_common/android_util.o
[811/1801] 4m00.89s S CXX obj/src/libANGLE/renderer/vulkan/angle_vulkan_backend/PersistentCommandPool.o
[811/1801] 4m00.89s S CXX obj/src/libANGLE/renderer/gl/angle_gl_backend/StateManagerGL.o
[811/1801] 4m00.89s S CXX obj/angle_common/aligned_memory.o
[811/1801] 4m00.89s S CXX obj/src/libANGLE/renderer/vulkan/angle_vulkan_backend/MemoryTracking.o
[811/1801] 4m00.89s S CXX obj/src/libANGLE/renderer/gl/angle_gl_backend/ShaderGL.o
[811/1801] 4m00.89s S CXX obj/angle_common/WorkerThread.o
[811/1801] 4m00.89s S CXX obj/src/libANGLE/renderer/vulkan/angle_vulkan_backend/MemoryObjectVk.o
[811/1801] 4m00.89s S CXX obj/src/libANGLE/renderer/gl/angle_gl_backend/SemaphoreGL.o
[811/1801] 4m00.89s S CXX obj/angle_common/SimpleMutex.o
[811/1801] 4m00.89s S CXX obj/src/libANGLE/renderer/vulkan/angle_vulkan_backend/ImageVk.o
[811/1801] 4m00.89s S CXX obj/src/libANGLE/renderer/gl/angle_gl_backend/SamplerGL.o
[811/1801] 4m00.89s S CXX obj/angle_common/PoolAlloc.o
[811/1801] 4m00.89s S CXX obj/src/libANGLE/renderer/vulkan/angle_vulkan_backend/FramebufferVk.o
[811/1801] 4m00.89s S CXX obj/src/libANGLE/renderer/gl/angle_gl_backend/RendererGL.o
[811/1801] 4m00.89s S CXX obj/angle_common/PackedGLEnums_autogen.o
[811/1801] 4m00.89s S CXX obj/src/libANGLE/renderer/vulkan/angle_vulkan_backend/FenceNVVk.o
[811/1801] 4m00.89s S CXX obj/src/libANGLE/renderer/gl/angle_gl_backend/RenderbufferGL.o
[811/1801] 4m00.89s S CXX obj/angle_common/PackedEnums.o
[811/1801] 4m00.90s S CXX obj/src/libANGLE/renderer/vulkan/angle_vulkan_backend/DisplayVk.o
[811/1801] 4m00.90s S CXX obj/src/libANGLE/renderer/gl/angle_gl_backend/QueryGL.o
[811/1801] 4m00.90s S CXX obj/angle_common/PackedEGLEnums_autogen.o
[811/1800] 4m00.90s S CXX obj/src/libANGLE/renderer/vulkan/angle_vulkan_backend/DeviceVk.o
[811/1800] 4m00.90s S CXX obj/src/libANGLE/renderer/gl/angle_gl_backend/ProgramPipelineGL.o
[811/1800] 4m00.90s S CXX obj/preprocessor/DirectiveHandlerBase.o
[811/1800] 4m00.90s S CXX obj/src/libANGLE/renderer/gl/angle_gl_backend/ProgramGL.o
[811/1799] 4m00.90s S CXX obj/src/libANGLE/renderer/vulkan/angle_vulkan_backend/DebugAnnotatorVk.o
[811/1799] 4m00.90s S CXX obj/translator/BuiltInFunctionEmulator.o
[811/1799] 4m00.90s S CXX obj/src/libANGLE/renderer/gl/angle_gl_backend/ProgramExecutableGL.o
[811/1799] 4m00.90s S CXX obj/src/libANGLE/renderer/vulkan/angle_vulkan_backend/ContextVk.o
[811/1799] 4m00.90s S CXX obj/src/libANGLE/renderer/gl/angle_gl_backend/MemoryObjectGL.o
[811/1799] 4m00.90s S CXX obj/src/libANGLE/renderer/vulkan/angle_vulkan_backend/CompilerVk.o
[811/1799] 4m00.90s F CXX obj/third_party/perfetto/protos/perfetto/trace/ftrace/zero/android_fs.pbzero.o
[812/1799] 4m00.90s S CXX obj/src/libANGLE/renderer/gl/angle_gl_backend/ImageGL.o
[812/1799] 4m00.90s S CXX obj/src/libANGLE/renderer/vulkan/angle_vulkan_backend/CommandQueue.o
[812/1799] 4m00.90s S CXX obj/src/libANGLE/renderer/gl/angle_gl_backend/FunctionsGL.o
[812/1799] 4m00.90s S CXX obj/third_party/perfetto/src/tracing/client_api_without_backends/virtual_destructors.o
[812/1799] 4m00.90s S CXX obj/third_party/perfetto/src/tracing/system_backend_fake/system_tracing_backend_fake.o
[812/1799] 4m00.90s S CXX obj/third_party/perfetto/src/tracing/client_api_without_backends/console_interceptor.o
[812/1799] 4m00.90s S CXX obj/src/libANGLE/renderer/gl/angle_gl_backend/FramebufferGL.o
[812/1799] 4m00.90s S CXX obj/third_party/perfetto/src/tracing/client_api_without_backends/track_event_state_tracker.o
[812/1799] 4m00.90s S CXX obj/src/libANGLE/renderer/gl/angle_gl_backend/FenceNVGL.o
[812/1799] 4m00.90s S CXX obj/third_party/perfetto/src/tracing/client_api_without_backends/track_event_legacy.o
[812/1799] 4m00.90s S CXX obj/preprocessor/DiagnosticsBase.o
[812/1799] 4m00.90s S CXX obj/third_party/perfetto/src/tracing/client_api_without_backends/track_event_category_registry.o
[812/1799] 4m00.90s S CXX obj/preprocessor/preprocessor_tab_autogen.o
[812/1799] 4m00.91s S CXX obj/src/libANGLE/renderer/gl/angle_gl_backend/DisplayGL.o
[812/1799] 4m00.91s S CXX obj/preprocessor/preprocessor_lex_autogen.o
[812/1799] 4m00.91s S CXX obj/src/libANGLE/renderer/gl/angle_gl_backend/DispatchTableGL_autogen.o
[812/1799] 4m00.91s S CXX obj/preprocessor/Token.o
[812/1799] 4m00.91s S CXX obj/src/libANGLE/renderer/gl/angle_gl_backend/ContextGL.o
[812/1799] 4m00.91s S CXX obj/preprocessor/Preprocessor.o
[812/1799] 4m00.91s S CXX obj/src/libANGLE/renderer/gl/angle_gl_backend/CompilerGL.o
[812/1799] 4m00.91s S CXX obj/preprocessor/MacroExpander.o
[812/1799] 4m00.91s S CXX obj/third_party/perfetto/src/tracing/client_api_without_backends/track.o
[812/1799] 4m00.91s S CXX obj/preprocessor/Macro.o
[812/1799] 4m00.91s S CXX obj/third_party/perfetto/src/tracing/client_api_without_backends/tracing_policy.o
[812/1799] 4m00.91s S CXX obj/src/libANGLE/renderer/gl/angle_gl_backend/ClearMultiviewGL.o
[812/1799] 4m00.91s S CXX obj/third_party/perfetto/src/tracing/client_api_without_backends/tracing.o
[812/1799] 4m00.91s S CXX obj/src/libANGLE/renderer/null/angle_null_backend/BufferNULL.o
[812/1799] 4m00.91s S CXX obj/third_party/perfetto/src/tracing/client_api_without_backends/traced_value.o
[812/1799] 4m00.91s S CXX obj/preprocessor/Lexer.o
[812/1799] 4m00.91s S CXX obj/third_party/perfetto/src/tracing/client_api_without_backends/platform_windows.o
[812/1799] 4m00.91s S CXX obj/src/libANGLE/renderer/null/angle_null_backend/VertexArrayNULL.o
[812/1799] 4m00.91s S CXX obj/preprocessor/Input.o
[812/1799] 4m00.91s S CXX obj/third_party/perfetto/src/tracing/client_api_without_backends/platform_posix.o
[812/1799] 4m00.91s S CXX obj/preprocessor/DirectiveParser.o
[812/1799] 4m00.92s S CXX obj/third_party/perfetto/src/tracing/client_api_without_backends/platform.o
[812/1799] 4m00.92s S CXX obj/translator/BaseTypes.o
[812/1799] 4m00.92s S CXX obj/src/libANGLE/renderer/null/angle_null_backend/TransformFeedbackNULL.o
[812/1799] 4m00.92s S CXX obj/translator/OutputGLSL.o
[812/1799] 4m00.92s S CXX obj/third_party/perfetto/src/tracing/client_api_without_backends/track_event_interned_fields.o
[812/1799] 4m00.92s S CXX obj/translator/OutputGLSLBase.o
[812/1799] 4m00.92s S CXX obj/third_party/perfetto/src/tracing/core/core/id_allocator.o
[812/1799] 4m00.92s S CXX obj/src/libANGLE/renderer/null/angle_null_backend/TextureNULL.o
[812/1799] 4m00.92s S CXX obj/third_party/perfetto/src/tracing/client_api_without_backends/track_event_internal.o
[812/1799] 4m00.92s S CXX obj/translator/RewriteSamplerExternalTexelFetch.o
[812/1799] 4m00.92s S CXX obj/third_party/perfetto/src/tracing/client_api_without_backends/tracing_muxer_impl.o
[812/1799] 4m00.92s S CXX obj/translator/RewriteR32fImages.o
[812/1799] 4m00.92s S CXX obj/third_party/perfetto/src/tracing/client_api_without_backends/tracing_muxer_fake.o
[812/1799] 4m00.92s S CXX obj/src/libANGLE/renderer/null/angle_null_backend/SyncNULL.o
[812/1799] 4m00.92s S CXX obj/third_party/perfetto/src/tracing/client_api_without_backends/tracing_backend_fake.o
[812/1799] 4m00.92s S CXX obj/src/libANGLE/renderer/null/angle_null_backend/SurfaceNULL.o
[812/1799] 4m00.92s S CXX obj/third_party/perfetto/src/tracing/client_api_without_backends/interceptor_trace_writer.o
[812/1799] 4m00.92s S CXX obj/translator/RewriteInterpolateAtOffset.o
[812/1799] 4m00.92s S CXX obj/third_party/perfetto/src/tracing/client_api_without_backends/checked_scope.o
[812/1799] 4m00.93s S CXX obj/third_party/perfetto/src/tracing/core/core/virtual_destructors.o
[812/1799] 4m00.93s S CXX obj/third_party/perfetto/src/tracing/client_api_without_backends/interceptor.o
[812/1799] 4m00.93s S CXX obj/third_party/perfetto/src/tracing/core/core/trace_writer_impl.o
[812/1799] 4m00.93s S CXX obj/translator/ReswizzleYUVOps.o
[812/1799] 4m00.93s S CXX obj/third_party/perfetto/src/tracing/core/core/trace_packet.o
[812/1799] 4m00.93s S CXX obj/third_party/perfetto/src/tracing/client_api_without_backends/event_context.o
[812/1799] 4m00.93s S CXX obj/translator/FlagSamplersWithTexelFetch.o
[812/1799] 4m00.93s S CXX obj/third_party/perfetto/src/tracing/core/core/shared_memory_arbiter_impl.o
[812/1799] 4m00.93s S CXX obj/third_party/perfetto/src/tracing/core/core/shared_memory_abi.o
[812/1799] 4m00.93s S CXX obj/src/libANGLE/renderer/null/angle_null_backend/ShaderNULL.o
[812/1799] 4m00.93s S CXX obj/third_party/perfetto/src/tracing/service/service/tracing_service_impl.o
[812/1799] 4m00.93s S CXX obj/src/libANGLE/renderer/null/angle_null_backend/SamplerNULL.o
[812/1799] 4m00.93s S CXX obj/third_party/perfetto/src/tracing/service/service/tracing_service_session.o
[812/1799] 4m00.93s S CXX obj/third_party/perfetto/src/tracing/core/core/null_trace_writer.o
[812/1799] 4m00.93s S CXX obj/third_party/perfetto/src/tracing/service/service/clock.o
[812/1799] 4m00.93s S CXX obj/third_party/perfetto/src/tracing/service/service/trace_buffer_v1.o
[812/1799] 4m00.93s S CXX obj/third_party/perfetto/src/tracing/service/service/random.o
[812/1799] 4m00.93s S CXX obj/translator/EmulateFramebufferFetch.o
[812/1799] 4m00.93s S CXX obj/translator/EmulateYUVBuiltIns.o
[812/1799] 4m00.93s S CXX obj/src/libANGLE/renderer/null/angle_null_backend/ProgramNULL.o
[812/1799] 4m00.93s S CXX obj/src/libANGLE/renderer/null/angle_null_backend/ProgramPipelineNULL.o
[812/1799] 4m00.93s S CXX obj/src/libANGLE/renderer/null/angle_null_backend/QueryNULL.o
[812/1799] 4m00.93s S CXX obj/third_party/perfetto/src/tracing/service/service/trace_buffer_v2.o
[812/1799] 4m00.93s S CXX obj/third_party/perfetto/src/tracing/service/service/tracing_service_endpoints_impl.o
[812/1799] 4m00.93s S CXX obj/third_party/perfetto/src/tracing/client_api_without_backends/debug_annotation.o
[812/1799] 4m00.93s S CXX obj/third_party/perfetto/src/tracing/service/service/packet_stream_validator.o
[812/1799] 4m00.93s S CXX obj/translator/EmulateAdvancedBlendEquations.o
[812/1799] 4m00.93s S CXX obj/src/libANGLE/renderer/null/angle_null_backend/ProgramExecutableNULL.o
[812/1799] 4m00.93s S CXX obj/translator/ClampGLLayer.o
[812/1799] 4m00.93s S CXX obj/src/libANGLE/renderer/null/angle_null_backend/ImageNULL.o
[812/1799] 4m00.94s S CXX obj/translator/TranslatorSPIRV.o
[812/1799] 4m00.94s S CXX obj/src/libANGLE/renderer/null/angle_null_backend/RenderbufferNULL.o
[812/1799] 4m00.94s S CXX obj/translator/OutputSPIRV.o
[812/1799] 4m00.94s S CXX obj/translator/EmulateFragColorData.o
[812/1799] 4m00.94s S CXX obj/src/libANGLE/renderer/null/angle_null_backend/FramebufferNULL.o
[812/1799] 4m00.94s S CXX obj/translator/BuiltinsWorkaround.o
[812/1799] 4m00.94s S CXX obj/src/libANGLE/renderer/null/angle_null_backend/FenceNVNULL.o
[812/1799] 4m00.94s S CXX obj/translator/BuildSPIRV.o
[812/1799] 4m00.94s S CXX obj/libANGLE_no_vulkan/angletypes.o
[812/1799] 4m00.94s S CXX obj/translator/WrapStructConstructors.o
[812/1799] 4m00.94s S CXX obj/src/libANGLE/renderer/null/angle_null_backend/DisplayNULL.o
[812/1799] 4m00.94s S CXX obj/src/libANGLE/renderer/null/angle_null_backend/DeviceNULL.o
[812/1799] 4m00.94s S CXX obj/translator/UseInterfaceBlockFields.o
[812/1799] 4m00.94s S CXX obj/src/libANGLE/renderer/null/angle_null_backend/ContextNULL.o
[812/1799] 4m00.94s S CXX obj/libANGLE_no_vulkan/VertexAttribute.o
[812/1799] 4m00.94s S CXX obj/libGLESv2/egl_ext_stubs.o
[812/1799] 4m00.94s S CXX obj/libANGLE_no_vulkan/VertexArray.o
[812/1799] 4m00.94s S CXX obj/libGLESv2/libGLESv2_autogen.o
[812/1799] 4m00.94s S CXX obj/libANGLE_no_vulkan/VaryingPacking.o
[812/1799] 4m00.94s S CXX obj/libGLESv2/global_state.o
[812/1799] 4m00.94s S CXX obj/libGLESv2/entry_points_gles_3_2_autogen.o
[812/1799] 4m00.94s S CXX obj/libANGLE_no_vulkan/TransformFeedback.o
[812/1799] 4m00.94s S CXX obj/libANGLE_no_vulkan/Uniform.o
[812/1799] 4m00.94s S CXX obj/libGLESv2/entry_points_gles_ext_autogen.o
[812/1799] 4m00.94s S CXX obj/libANGLE_no_vulkan/Texture.o
[812/1799] 4m00.94s S CXX obj/libANGLE_no_vulkan/Surface.o
[812/1799] 4m00.94s S CXX obj/translator/RewriteRepeatedAssignToSwizzled.o
[812/1799] 4m00.94s S CXX obj/libANGLE_no_vulkan/Stream.o
[812/1799] 4m00.94s S CXX obj/translator/ExpandFragmentOutputsToVec4.o
[812/1799] 4m00.94s S CXX obj/libANGLE_no_vulkan/State.o
[812/1799] 4m00.95s S CXX obj/libANGLE_no_vulkan/Image.o
[812/1799] 4m00.95s S CXX obj/libGLESv2/entry_points_gles_3_1_autogen.o
[812/1799] 4m00.95s S CXX obj/libANGLE_no_vulkan/HandleAllocator.o
[812/1799] 4m00.95s S CXX obj/libANGLE_no_vulkan/GlobalMutex.o
[812/1799] 4m00.95s S CXX obj/libGLESv2/entry_points_gles_3_0_autogen.o
[812/1799] 4m00.95s S CXX obj/libANGLE_no_vulkan/Shader.o
[812/1799] 4m00.95s S CXX obj/libANGLE_no_vulkan/ShareGroup.o
[812/1799] 4m00.95s S CXX obj/libGLESv2/entry_points_gles_2_0_autogen.o
[812/1799] 4m00.95s S CXX obj/libANGLE_no_vulkan/Semaphore.o
[812/1799] 4m00.95s S CXX obj/libANGLE_no_vulkan/GLES1State.o
[812/1799] 4m00.95s S CXX obj/libGLESv2/entry_points_gles_1_0_autogen.o
[812/1799] 4m00.95s S CXX obj/libANGLE_no_vulkan/GLES1Renderer.o
[812/1799] 4m00.95s S CXX obj/libANGLE_no_vulkan/Sampler.o
[812/1799] 4m00.95s S CXX obj/libGLESv2/entry_points_egl_ext_autogen.o
[812/1799] 4m00.95s S CXX obj/libANGLE_no_vulkan/Framebuffer.o
[812/1799] 4m00.95s S CXX obj/libANGLE_no_vulkan/ResourceManager.o
[812/1799] 4m00.95s S CXX obj/libANGLE_no_vulkan/FramebufferAttachment.o
[812/1799] 4m00.95s S CXX obj/libANGLE_no_vulkan/Fence.o
[812/1799] 4m00.95s S CXX obj/libANGLE_no_vulkan/Renderbuffer.o
[812/1799] 4m00.95s S CXX obj/libANGLE_no_vulkan/Error.o
[812/1799] 4m00.95s S CXX obj/libANGLE_no_vulkan/Query.o
[812/1799] 4m00.95s S CXX obj/libANGLE_no_vulkan/ProgramLinkedResources.o
[812/1799] 4m00.95s S CXX obj/libANGLE_no_vulkan/ProgramPipeline.o
[812/1799] 4m00.95s S CXX obj/libANGLE_no_vulkan/ProgramExecutable.o
[812/1799] 4m00.95s S CXX obj/libANGLE_no_vulkan/EGLSync.o
[812/1799] 4m00.95s S CXX obj/libANGLE_no_vulkan/Program.o
[812/1799] 4m00.95s S CXX obj/libANGLE_no_vulkan/Display.o
[812/1799] 4m00.95s S CXX obj/translator/VersionGLSL.o
[812/1799] 4m00.95s S CXX obj/libANGLE_no_vulkan/Platform.o
[812/1799] 4m00.95s S CXX obj/libANGLE_no_vulkan/Device.o
[812/1799] 4m00.95s S CXX obj/libANGLE_no_vulkan/PixelLocalStorage.o
[812/1799] 4m00.95s S CXX obj/libANGLE_no_vulkan/Debug.o
[812/1799] 4m00.95s S CXX obj/translator/TranslatorGLSL.o
[812/1799] 4m00.95s S CXX obj/libANGLE_no_vulkan/Observer.o
[812/1799] 4m00.95s S CXX obj/libANGLE_no_vulkan/Context_gles_1_0.o
[812/1799] 4m00.95s S CXX obj/libANGLE_no_vulkan/MemoryShaderCache.o
[812/1799] 4m00.95s S CXX obj/translator/ExtensionGLSL.o
[812/1799] 4m00.95s S CXX obj/libANGLE_no_vulkan/ContextMutex.o
[812/1799] 4m00.95s S CXX obj/libANGLE_no_vulkan/MemoryProgramCache.o
[812/1799] 4m00.95s S CXX obj/libANGLE_no_vulkan/Context.o
[812/1799] 4m00.95s S CXX obj/translator/BuiltInFunctionEmulatorGLSL.o
[812/1799] 4m00.95s S CXX obj/libANGLE_no_vulkan/MemoryObject.o
[812/1799] 4m00.95s S CXX obj/libANGLE_no_vulkan/LoggingAnnotator.o
[812/1799] 4m00.95s S CXX obj/libANGLE_no_vulkan/Config.o
[812/1799] 4m00.95s S CXX obj/translator/TranslatorESSL.o
[812/1799] 4m00.95s S CXX obj/libGLESv2/entry_points_egl_autogen.o
[812/1799] 4m00.95s S CXX obj/libANGLE_no_vulkan/ImageIndex.o
[812/1799] 4m00.95s S CXX obj/libANGLE_no_vulkan/Compiler.o
[812/1799] 4m00.96s S CXX obj/translator/OutputESSL.o
[812/1799] 4m00.96s S CXX obj/libANGLE_no_vulkan/IndexRangeCache.o
[812/1799] 4m00.96s S CXX obj/libANGLE_no_vulkan/ProgramImpl.o
[812/1799] 4m00.96s S CXX obj/libANGLE_no_vulkan/Caps.o
[812/1799] 4m00.96s S CXX obj/translator/SymbolTable_autogen.o
[812/1799] 4m00.96s S CXX obj/libANGLE_no_vulkan/ImageImpl.o
[812/1799] 4m00.96s S CXX obj/libGLESv2/egl_stubs_getprocaddress_autogen.o
[812/1799] 4m00.96s S CXX obj/libANGLE_no_vulkan/Buffer.o
[811/1806] 4m00.85s S CXX obj/src/libANGLE/renderer/vulkan/angle_vulkan_backend/vk_api_perf_counters.o
[812/1799] 4m00.96s S CXX obj/translator/ImmutableString_autogen.o
[812/1799] 4m00.96s S CXX obj/libANGLE_no_vulkan/FramebufferImpl.o
[812/1799] 4m00.96s S CXX obj/libANGLE_no_vulkan/AttributeMap.o
[812/1799] 4m00.96s S CXX obj/libANGLE_no_vulkan/load_functions_table_autogen.o
[812/1799] 4m00.96s S CXX obj/libANGLE_no_vulkan/driver_utils.o
[812/1799] 4m00.96s S CXX obj/translator/util.o
[812/1799] 4m00.96s S CXX obj/libANGLE_no_vulkan/Format_table_autogen.o
[812/1799] 4m00.96s S CXX obj/libANGLE_no_vulkan/validationESEXT.o
[812/1799] 4m00.96s S CXX obj/libANGLE_no_vulkan/VertexArrayImpl.o
[812/1799] 4m00.96s S CXX obj/translator/RunAtTheEndOfShader.o
[812/1799] 4m00.96s S CXX obj/libANGLE_no_vulkan/EGLSyncImpl.o
[812/1799] 4m00.96s S CXX obj/libANGLE_no_vulkan/validationES32.o
[812/1799] 4m00.96s S CXX obj/libANGLE_no_vulkan/TransformFeedbackImpl.o
[812/1799] 4m00.96s S CXX obj/translator/RunAtTheBeginningOfShader.o
[812/1799] 4m00.96s S CXX obj/libANGLE_no_vulkan/EGLReusableSync.o
[812/1799] 4m00.96s S CXX obj/libANGLE_no_vulkan/validationES31.o
[812/1799] 4m00.96s S CXX obj/libANGLE_no_vulkan/TextureImpl.o
[812/1799] 4m00.96s S CXX obj/translator/RewriteSampleMaskVariable.o
[812/1799] 4m00.96s S CXX obj/libANGLE_no_vulkan/DisplayImpl.o
[812/1799] 4m00.96s S CXX obj/libANGLE_no_vulkan/validationES3.o
[812/1799] 4m00.96s S CXX obj/libANGLE_no_vulkan/SurfaceImpl.o
[812/1799] 4m00.96s S CXX obj/translator/ReplaceVariable.o
[812/1799] 4m00.96s S CXX obj/libANGLE_no_vulkan/DeviceImpl.o
[812/1799] 4m00.96s S CXX obj/libANGLE_no_vulkan/validationES2.o
[812/1799] 4m00.96s S CXX obj/libANGLE_no_vulkan/ShaderImpl.o
[812/1799] 4m00.96s S CXX obj/translator/ReplaceShadowingVariables.o
[812/1799] 4m00.96s S CXX obj/libANGLE_no_vulkan/ContextImpl.o
[812/1799] 4m00.96s S CXX obj/libANGLE_no_vulkan/validationES.o
[812/1799] 4m00.96s S CXX obj/translator/ReplaceClipCullDistanceVariable.o
[812/1799] 4m00.96s S CXX obj/libANGLE_no_vulkan/ProgramPipelineImpl.o
[812/1799] 4m00.96s S CXX obj/libANGLE_no_vulkan/RenderbufferImpl.o
[812/1799] 4m00.96s S CXX obj/libANGLE_no_vulkan/validationES1.o
[812/1799] 4m00.96s S CXX obj/libANGLE_no_vulkan/QueryImpl.o
[812/1799] 4m00.96s S CXX obj/libANGLE_no_vulkan/validationEGL.o
[812/1799] 4m00.96s S CXX obj/libANGLE_no_vulkan/BufferImpl.o
[812/1799] 4m00.96s S CXX obj/libANGLE_no_vulkan/renderer_utils.o
[812/1799] 4m00.96s S CXX obj/translator/ReplaceArrayOfMatrixVarying.o
[812/1799] 4m00.96s S CXX obj/translator/glslang_lex_autogen.o
[812/1799] 4m00.96s S CXX obj/libANGLE_no_vulkan/queryutils.o
[812/1799] 4m00.96s S CXX obj/translator/RemoveInactiveInterfaceVariables.o
[812/1799] 4m00.96s S CXX obj/translator/blocklayout.o
[812/1799] 4m00.96s S CXX obj/translator/RemoveDynamicIndexing.o
[812/1799] 4m00.96s S CXX obj/libANGLE_no_vulkan/queryconversions.o
[812/1799] 4m00.96s S CXX obj/translator/IntermNode_util.o
[812/1799] 4m00.96s S CXX obj/translator/VariablePacker.o
[812/1799] 4m00.96s S CXX obj/translator/RemoveAtomicCounterBuiltins.o
[812/1799] 4m00.96s S CXX obj/translator/IntermTraverse.o
[812/1799] 4m00.96s S CXX obj/translator/IntermNodePatternMatcher.o
[812/1799] 4m00.96s S CXX obj/translator/ValidateVaryingLocations.o
[812/1799] 4m00.96s S CXX obj/translator/RemoveArrayLengthMethod.o
[812/1799] 4m00.96s S CXX obj/libANGLE_no_vulkan/gles_extensions_autogen.o
[812/1799] 4m00.96s S CXX obj/translator/FindSymbolNode.o
[812/1799] 4m00.96s S CXX obj/translator/ReduceInterfaceBlocks.o
[812/1799] 4m00.96s S CXX obj/translator/ValidateGlobalInitializer.o
[812/1799] 4m00.96s S CXX obj/translator/FindPreciseNodes.o
[812/1799] 4m00.97s S CXX obj/libANGLE_no_vulkan/formatutils.o
[812/1799] 4m00.97s S CXX obj/translator/RecordConstantPrecision.o
[812/1799] 4m00.97s S CXX obj/translator/ValidateAST.o
[812/1799] 4m00.97s S CXX obj/translator/FindMain.o
[812/1799] 4m00.97s S CXX obj/libANGLE_no_vulkan/format_map_autogen.o
[812/1799] 4m00.97s S CXX obj/translator/PruneNoOps.o
[812/1799] 4m00.97s S CXX obj/translator/Types.o
[812/1799] 4m00.97s S CXX obj/translator/FindFunction.o
[812/1799] 4m00.97s S CXX obj/libANGLE_no_vulkan/es3_copy_conversion_table_autogen.o
[812/1799] 4m00.97s S CXX obj/translator/SymbolUniqueId.o
[812/1799] 4m00.97s S CXX obj/translator/PreTransformTextureCubeGradDerivatives.o
[812/1799] 4m00.97s S CXX obj/translator/DriverUniform.o
[812/1799] 4m00.97s S CXX obj/translator/PruneEmptyCases.o
[812/1799] 4m00.97s S CXX obj/translator/SymbolTable.o
[812/1799] 4m00.97s S CXX obj/translator/MonomorphizeUnsupportedFunctions.o
[812/1799] 4m00.97s S CXX obj/libANGLE_no_vulkan/Thread.o
[812/1799] 4m00.97s S CXX obj/translator/UseGeneratedNamesForAnonymousStructs.o
[812/1799] 4m00.97s S CXX obj/translator/InitializeVariables.o
[812/1799] 4m00.97s S CXX obj/translator/Symbol.o
[812/1799] 4m00.97s S CXX obj/translator/SplitSequenceOperator.o
[812/1799] 4m00.97s S CXX obj/translator/SizeClipCullDistance.o
[812/1799] 4m00.97s S CXX obj/translator/FoldExpressions.o
[812/1799] 4m00.97s S CXX obj/translator/SeparateDeclarations.o
[812/1799] 4m00.97s S CXX obj/translator/SimplifyLoopConditions.o
[812/1799] 4m00.97s S CXX obj/translator/GatherDefaultUniforms.o
[812/1799] 4m00.97s S CXX obj/translator/EmulateMultiDrawShaderBuiltins.o
[812/1799] 4m00.97s S CXX obj/translator/RewriteTexelFetchOffset.o
[812/1799] 4m00.97s S CXX obj/translator/ShaderVars.o
[812/1799] 4m00.97s S CXX obj/translator/EmulateGLFragColorBroadcast.o
[812/1799] 4m00.97s S CXX obj/translator/DirectiveHandler.o
[812/1799] 4m00.97s S CXX obj/translator/RewriteStructSamplers.o
[812/1799] 4m00.97s S CXX obj/translator/Declarator.o
[812/1799] 4m00.97s S CXX obj/translator/DeferGlobalInitializers.o
[812/1799] 4m00.97s S CXX obj/translator/ShaderLang.o
[812/1799] 4m00.97s S CXX obj/translator/Diagnostics.o
[812/1799] 4m00.97s S CXX obj/translator/ConstantUnion.o
[812/1799] 4m00.97s S CXX obj/translator/DeclarePerVertexBlocks.o
[812/1799] 4m00.97s S CXX obj/translator/Compiler.o
[812/1799] 4m00.97s S CXX obj/translator/QualifierTypes.o
[812/1799] 4m00.97s S CXX obj/translator/RewriteDfdy.o
[812/1799] 4m00.97s S CXX obj/translator/DeclareAndInitBuiltinsForInstancedMultiview.o
[812/1799] 4m00.97s S CXX obj/translator/RewritePixelLocalStorage.o
[812/1799] 4m00.97s S CXX obj/translator/PoolAlloc.o
[812/1799] 4m00.97s S CXX obj/translator/RewriteAtomicCounters.o
[812/1799] 4m00.97s S CXX obj/translator/ClampPointSize.o
[812/1799] 4m00.97s S CXX obj/translator/CollectVariables.o
[812/1799] 4m00.97s S CXX obj/translator/RewriteArrayOfArrayOfOpaqueUniforms.o
[812/1799] 4m00.97s S CXX obj/translator/ParseContext.o
[812/1799] 4m00.97s S CXX obj/translator/ClampIndirectIndices.o
[812/1799] 4m00.97s S CXX obj/translator/CodeGen.o
[812/1799] 4m00.97s S CXX obj/translator/RemoveUnusedFramebufferFetch.o
[812/1799] 4m00.97s S CXX obj/translator/OutputTree.o
[812/1799] 4m00.97s S CXX obj/translator/AddDefaultReturnStatements.o
[812/1799] 4m00.97s S CXX obj/translator/CallDAG.o
[812/1799] 4m00.97s S CXX obj/translator/RemoveUnreferencedVariables.o
[812/1799] 4m00.97s S CXX obj/translator/ClampFragDepth.o
[812/1799] 4m00.97s S CXX obj/translator/glslang_tab_autogen.o
[812/1799] 4m00.97s S CXX obj/translator/ScalarizeVecAndMatConstructorArgs.o
[812/1799] 4m00.97s S CXX obj/translator/Name.o
[812/1799] 4m00.97s S CXX obj/translator/InfoSink.o
[812/1799] 4m00.98s S CXX obj/translator/ImmutableStringBuilder.o
[812/1799] 4m00.98s F CXX obj/third_party/perfetto/protos/perfetto/trace/ftrace/zero/gpu_scheduler.pbzero.o
[813/1799] 4m00.98s S CXX obj/translator/IsASTDepthBelowLimit.o
[813/1799] 4m00.98s S CXX obj/translator/HashNames.o
[813/1799] 4m00.98s S CXX obj/translator/IntermRebuild.o
[813/1799] 4m00.98s S CXX obj/translator/FunctionLookup.o
[813/1799] 4m00.98s S CXX obj/translator/RemoveInvariantDeclaration.o
[813/1799] 4m00.98s S CXX obj/translator/IntermNode.o
[813/1799] 4m00.98s S CXX obj/translator/FlagStd140Structs.o
[813/1799] 4m00.98s S CXX obj/translator/ExtensionBehavior.o
[813/1799] 4m00.98s S CXX obj/translator/Operator.o
[813/1799] 4m00.98s S CXX obj/translator/Initialize.o
[813/1799] 4m00.98s F CXX obj/third_party/perfetto/protos/perfetto/trace/ftrace/zero/cgroup.pbzero.o
[814/1799] 4m00.98s F CXX obj/third_party/perfetto/protos/perfetto/trace/ftrace/zero/binder.pbzero.o
[815/1799] 4m00.99s F CXX obj/third_party/perfetto/protos/perfetto/trace/ftrace/zero/thermal_exynos.pbzero.o
[816/1799] 4m01.00s F CXX obj/third_party/perfetto/protos/perfetto/trace/ftrace/zero/ftrace_stats.pbzero.o
[817/1799] 4m01.00s F CXX obj/third_party/perfetto/protos/perfetto/trace/ftrace/zero/test_bundle_wrapper.pbzero.o
[818/1799] 4m01.00s F CXX obj/third_party/perfetto/protos/perfetto/trace/ftrace/zero/sock.pbzero.o
[819/1799] 4m01.01s F CXX obj/third_party/perfetto/protos/perfetto/trace/ftrace/zero/gpu_mem.pbzero.o
[819/1799] 4m01.01s F CXX obj/third_party/perfetto/protos/perfetto/trace/ftrace/zero/google_irm_trace.pbzero.o
[819/1799] 4m01.01s F CXX obj/third_party/perfetto/protos/perfetto/trace/ftrace/zero/ftrace.pbzero.o
[822/1799] 4m01.02s F CXX obj/third_party/perfetto/protos/perfetto/trace/ftrace/zero/timer.pbzero.o
[823/1799] 4m01.03s F CXX obj/third_party/perfetto/protos/perfetto/trace/ftrace/zero/fwtp_ftrace.pbzero.o
[823/1799] 4m01.03s F CXX obj/third_party/perfetto/protos/perfetto/trace/ftrace/zero/generic.pbzero.o
[825/1799] 4m01.03s F CXX obj/third_party/perfetto/protos/perfetto/trace/ftrace/zero/thermal.pbzero.o
[825/1799] 4m01.03s F CXX obj/third_party/perfetto/protos/perfetto/trace/ftrace/zero/filemap.pbzero.o
[827/1799] 4m01.05s F CXX obj/third_party/perfetto/protos/perfetto/trace/ftrace/zero/bcl_exynos.pbzero.o
[827/1799] 4m01.05s F CXX obj/third_party/perfetto/protos/perfetto/trace/ftrace/zero/google_icc_trace.pbzero.o
[829/1799] 4m01.05s F CXX obj/third_party/perfetto/protos/perfetto/trace/ftrace/zero/task.pbzero.o
[830/1799] 4m01.05s F CXX obj/third_party/perfetto/protos/perfetto/trace/ftrace/zero/ext4.pbzero.o
[831/1799] 4m01.06s F CXX obj/third_party/perfetto/protos/perfetto/trace/ftrace/zero/g2d.pbzero.o
[832/1799] 4m01.06s F CXX obj/third_party/perfetto/protos/perfetto/trace/ftrace/zero/systrace.pbzero.o
[833/1799] 4m01.06s F CXX obj/third_party/perfetto/protos/perfetto/trace/ftrace/zero/synthetic.pbzero.o
[833/1799] 4m01.06s F CXX obj/third_party/perfetto/protos/perfetto/trace/ftrace/zero/signal.pbzero.o
[835/1799] 4m01.08s F CXX obj/third_party/perfetto/protos/perfetto/trace/ftrace/zero/sde.pbzero.o
[836/1799] 4m01.08s F CXX obj/third_party/perfetto/protos/perfetto/trace/ftrace/zero/fastrpc.pbzero.o
[837/1799] 4m01.08s F CXX obj/third_party/perfetto/protos/perfetto/trace/ftrace/zero/f2fs.pbzero.o
[838/1799] 4m01.09s F CXX obj/third_party/perfetto/protos/perfetto/trace/ftrace/zero/fs.pbzero.o
[839/1799] 4m01.10s F CXX obj/third_party/perfetto/protos/perfetto/trace/ftrace/zero/ufs.pbzero.o
[839/1799] 4m01.10s F CXX obj/third_party/perfetto/protos/perfetto/trace/ftrace/zero/trusty.pbzero.o
[840/1799] 4m01.10s F CXX obj/third_party/perfetto/protos/perfetto/trace/ftrace/zero/virtio_gpu.pbzero.o
[842/1799] 4m01.10s F CXX obj/third_party/perfetto/protos/perfetto/trace/ftrace/zero/skb.pbzero.o
[843/1799] 4m01.11s F CXX obj/third_party/perfetto/protos/perfetto/trace/ftrace/zero/v4l2.pbzero.o
[843/1799] 4m01.11s F CXX obj/third_party/perfetto/protos/perfetto/trace/ftrace/zero/mdss.pbzero.o
[844/1799] 4m01.11s S AR obj/third_party/perfetto/protos/perfetto/trace/sys_stats/libzero.a
[843/1799] 4m01.11s F CXX obj/third_party/perfetto/protos/perfetto/trace/sys_stats/zero/sys_stats.pbzero.o
[845/1799] 4m01.11s S AR obj/third_party/perfetto/protos/perfetto/trace/ftrace/libzero.a
[846/1799] 4m01.12s F CXX obj/third_party/perfetto/protos/perfetto/trace/power/zero/power_rails.pbzero.o
[847/1799] 4m01.13s F CXX obj/third_party/perfetto/protos/perfetto/trace/translation/zero/translation_table.pbzero.o
[847/1799] 4m01.13s F CXX obj/third_party/perfetto/protos/perfetto/trace/filesystem/zero/inode_file_map.pbzero.o
[847/1799] 4m01.13s F CXX obj/third_party/perfetto/protos/perfetto/trace/minimal_zero/trace_uuid.pbzero.o
[850/1799] 4m01.13s S AR obj/third_party/perfetto/protos/perfetto/trace/filesystem/libzero.a
[850/1799] 4m01.13s S AR obj/third_party/perfetto/protos/perfetto/trace/translation/libzero.a
[850/1799] 4m01.14s F CXX obj/third_party/perfetto/protos/perfetto/trace/ps/zero/process_stats.pbzero.o
[851/1799] 4m01.14s S AR obj/third_party/perfetto/protos/perfetto/trace/ps/libzero.a
[851/1799] 4m01.14s F AR obj/third_party/perfetto/protos/perfetto/trace/android/libzero.a
[852/1799] 4m01.14s F AR obj/third_party/perfetto/protos/perfetto/trace/track_event/libzero.a
[853/1799] 4m01.14s F AR obj/third_party/perfetto/protos/perfetto/trace/gpu/libzero.a
[854/1799] 4m01.15s F CXX obj/third_party/perfetto/protos/perfetto/trace/perfetto/zero/trace_provenance.pbzero.o
[855/1799] 4m01.16s F CXX obj/third_party/perfetto/protos/perfetto/trace/system_info/zero/interrupt_info.pbzero.o
[855/1799] 4m01.16s S AR obj/third_party/perfetto/protos/perfetto/trace/system_info/libzero.a
[855/1799] 4m01.16s F CXX obj/third_party/perfetto/protos/perfetto/trace/perfetto/zero/tracing_service_event.pbzero.o
[857/1799] 4m01.17s F CXX obj/third_party/perfetto/protos/perfetto/trace/perfetto/zero/concurrent_session_event.pbzero.o
[858/1799] 4m01.17s S AR obj/third_party/perfetto/protos/perfetto/trace/perfetto/libzero.a
[858/1799] 4m01.17s F CXX obj/third_party/perfetto/protos/perfetto/trace/perfetto/zero/perfetto_metatrace.pbzero.o
[859/1799] 4m01.17s F AR obj/third_party/perfetto/protos/perfetto/trace/profiling/libzero.a
[860/1799] 4m01.18s F CXX obj/third_party/perfetto/protos/perfetto/trace/minimal_zero/clock_snapshot.pbzero.o
[861/1799] 4m01.18s F CXX obj/third_party/perfetto/protos/perfetto/trace/power/zero/android_energy_estimation_breakdown.pbzero.o
[862/1799] 4m01.18s F AR obj/third_party/perfetto/protos/perfetto/config/libzero.a
[862/1799] 4m01.18s S AR obj/third_party/perfetto/protos/perfetto/trace/libminimal_zero.a
[863/1799] 4m01.18s S AR obj/third_party/perfetto/protos/perfetto/trace/interned_data/libzero.a
[863/1799] 4m01.19s F CXX obj/third_party/perfetto/protos/perfetto/trace/power/zero/android_entity_state_residency.pbzero.o
[864/1799] 4m01.19s F AR obj/third_party/perfetto/protos/perfetto/trace/chrome/libzero.a
[865/1799] 4m01.19s F CXX obj/third_party/perfetto/protos/perfetto/trace/power/zero/battery_counters.pbzero.o
[866/1799] 4m01.20s S AR obj/third_party/perfetto/protos/perfetto/trace/power/libzero.a
[866/1799] 4m01.20s F CXX obj/third_party/perfetto/protos/perfetto/trace/non_minimal_zero/remote_clock_sync.pbzero.o
[867/1799] 4m01.21s F CXX obj/third_party/perfetto/protos/perfetto/trace/non_minimal_zero/ui_state.pbzero.o
[868/1799] 4m01.21s F CXX obj/third_party/perfetto/protos/perfetto/trace/non_minimal_zero/memory_graph.pbzero.o
[869/1799] 4m01.22s F CXX obj/third_party/perfetto/protos/perfetto/trace/non_minimal_zero/trace_packet_defaults.pbzero.o
[870/1799] 4m01.23s F CXX obj/third_party/perfetto/protos/perfetto/trace/non_minimal_zero/test_event.pbzero.o
[871/1799] 4m01.23s F CXX obj/third_party/perfetto/protos/perfetto/trace/non_minimal_zero/trace_packet.pbzero.o
[872/1799] 4m01.24s F CXX obj/third_party/perfetto/protos/perfetto/trace/non_minimal_zero/trace.pbzero.o
[873/1799] 4m01.96s F CXX obj/third_party/perfetto/protos/perfetto/trace/track_event/cpp/chrome_keyed_service.gen.o
[874/1799] 4m02.00s F CXX obj/third_party/perfetto/protos/perfetto/trace/track_event/cpp/chrome_mojo_event_info.gen.o
[875/1799] 4m02.01s F CXX obj/third_party/perfetto/protos/perfetto/trace/track_event/cpp/chrome_process_descriptor.gen.o
[876/1799] 4m02.16s F CXX obj/third_party/perfetto/protos/perfetto/trace/track_event/cpp/counter_descriptor.gen.o
[877/1799] 4m02.16s F AR obj/third_party/perfetto/protos/perfetto/trace/etw/libzero.a
[878/1799] 4m02.17s F AR obj/third_party/perfetto/protos/perfetto/trace/statsd/libzero.a
[879/1799] 4m02.18s F AR obj/third_party/perfetto/protos/perfetto/trace/generic_kernel/libzero.a
[880/1799] 4m02.76s F CXX obj/third_party/perfetto/protos/perfetto/trace/track_event/cpp/source_location.gen.o
[881/1799] 4m02.79s F CXX obj/third_party/perfetto/protos/perfetto/trace/track_event/cpp/chrome_histogram_sample.gen.o
[882/1799] 4m02.80s F CXX obj/third_party/perfetto/protos/perfetto/trace/track_event/cpp/log_message.gen.o
[883/1799] 4m03.07s F CXX obj/third_party/perfetto/protos/perfetto/trace/track_event/cpp/chrome_active_processes.gen.o
[884/1799] 4m03.56s F CXX obj/third_party/perfetto/protos/perfetto/trace/track_event/cpp/chrome_window_handle_event_info.gen.o
[885/1799] 4m03.56s F CXX obj/third_party/perfetto/protos/perfetto/trace/track_event/cpp/chrome_legacy_ipc.gen.o
[886/1799] 4m03.99s F CXX obj/third_party/perfetto/protos/perfetto/trace/track_event/cpp/track_descriptor.gen.o
[887/1799] 4m04.30s F CXX obj/third_party/perfetto/protos/perfetto/trace/track_event/cpp/chrome_application_state_info.gen.o
[888/1799] 4m04.48s F CXX obj/third_party/perfetto/protos/perfetto/trace/track_event/cpp/chrome_latency_info.gen.o
[889/1799] 4m04.70s F CXX obj/third_party/perfetto/protos/perfetto/trace/track_event/cpp/range_of_interest.gen.o
[890/1799] 4m04.95s F CXX obj/third_party/perfetto/protos/perfetto/trace/track_event/cpp/track_event.gen.o
[891/1799] 4m05.10s F CXX obj/third_party/perfetto/protos/perfetto/trace/track_event/cpp/thread_descriptor.gen.o
[892/1799] 4m05.23s F CXX obj/third_party/perfetto/protos/perfetto/trace/track_event/cpp/task_execution.gen.o
[893/1799] 4m05.85s F CXX obj/third_party/perfetto/protos/perfetto/trace/track_event/cpp/state_descriptor.gen.o
[894/1799] 4m05.85s F CXX obj/third_party/perfetto/protos/perfetto/trace/track_event/cpp/process_descriptor.gen.o
[895/1799] 4m05.99s F CXX obj/third_party/perfetto/protos/perfetto/trace/track_event/cpp/chrome_content_settings_event_info.gen.o
[896/1799] 4m06.03s F CXX obj/third_party/perfetto/protos/perfetto/trace/track_event/cpp/debug_annotation.gen.o
[897/1799] 4m06.75s F CXX obj/third_party/perfetto/protos/perfetto/trace/track_event/cpp/chrome_user_event.gen.o
[898/1799] 4m06.77s F CXX obj/third_party/perfetto/protos/perfetto/trace/track_event/cpp/chrome_frame_reporter.gen.o
[899/1799] 4m06.79s F CXX obj/third_party/perfetto/protos/perfetto/trace/track_event/cpp/chrome_renderer_scheduler_state.gen.o
[900/1799] 4m07.13s F CXX obj/third_party/perfetto/protos/perfetto/trace/track_event/cpp/chrome_compositor_scheduler_state.gen.o
[901/1799] 4m07.15s F CXX obj/third_party/perfetto/protos/perfetto/trace/non_minimal_zero/extension_descriptor.pbzero.o
[902/1799] 4m07.16s F AR obj/third_party/perfetto/protos/perfetto/trace/sys_stats/libzero.a
[903/1799] 4m07.17s F AR obj/third_party/perfetto/protos/perfetto/trace/ftrace/libzero.a
[904/1799] 4m07.18s F AR obj/third_party/perfetto/protos/perfetto/trace/translation/libzero.a
[905/1799] 4m07.19s F AR obj/third_party/perfetto/protos/perfetto/trace/perfetto/libzero.a
[906/1799] 4m07.20s F AR obj/third_party/perfetto/protos/perfetto/trace/libminimal_zero.a
[907/1799] 4m07.20s F AR obj/third_party/perfetto/protos/perfetto/trace/interned_data/libzero.a
[908/1799] 4m07.21s F AR obj/third_party/perfetto/protos/perfetto/trace/power/libzero.a
[909/1799] 4m07.22s F AR obj/third_party/perfetto/protos/perfetto/trace/filesystem/libzero.a
[910/1799] 4m07.22s F AR obj/third_party/perfetto/protos/perfetto/trace/system_info/libzero.a
[911/1799] 4m07.23s F AR obj/third_party/perfetto/protos/perfetto/trace/ps/libzero.a
[912/1799] 4m07.50s F CXX obj/third_party/perfetto/protos/perfetto/trace/track_event/cpp/chrome_thread_descriptor.gen.o
[913/1799] 4m07.55s F CXX obj/third_party/perfetto/protos/perfetto/trace/track_event/cpp/chrome_message_pump.gen.o
[914/1799] 4m07.56s S AR obj/third_party/perfetto/protos/perfetto/trace/track_event/libcpp.a
[914/1799] 4m07.57s F CXX obj/third_party/perfetto/protos/perfetto/trace/track_event/cpp/screenshot.gen.o
[915/1799] 4m07.58s F CXX obj/third_party/perfetto/protos/perfetto/trace/non_minimal_zero/test_extensions.pbzero.o
[916/1799] 4m08.16s F CXX obj/third_party/perfetto/protos/perfetto/config/cpp/histogram_samples.gen.o
[917/1799] 4m08.17s F AR obj/third_party/perfetto/protos/perfetto/trace/linux/libzero.a
[918/1799] 4m08.17s S AR obj/third_party/perfetto/protos/perfetto/trace/libnon_minimal_zero.a
[918/1799] 4m08.27s F CXX obj/third_party/perfetto/protos/perfetto/config/cpp/chrome_config.gen.o
[919/1799] 4m08.45s F CXX obj/third_party/perfetto/protos/perfetto/config/cpp/test_config.gen.o
[920/1799] 4m09.08s F CXX obj/third_party/perfetto/protos/perfetto/config/cpp/interceptor_config.gen.o
[921/1799] 4m09.52s F CXX obj/third_party/perfetto/protos/perfetto/config/cpp/stress_test_config.gen.o
[922/1799] 4m09.56s F CXX obj/third_party/perfetto/protos/perfetto/config/cpp/etw_config.gen.o
[923/1799] 4m10.10s F CXX obj/third_party/perfetto/protos/perfetto/config/cpp/data_source_config.gen.o
[924/1799] 4m10.29s F CXX obj/third_party/perfetto/protos/perfetto/config/cpp/system_metrics.gen.o
[925/1799] 4m10.29s F CXX obj/third_party/perfetto/protos/perfetto/config/cpp/v8_config.gen.o
[926/1799] 4m10.68s F CXX obj/third_party/perfetto/protos/perfetto/config/cpp/trace_config.gen.o
[927/1799] 4m10.96s F CXX obj/third_party/abseil-cpp/absl/debugging/decode_rust_punycode/decode_rust_punycode.o
[928/1799] 4m11.22s F CXX obj/third_party/spirv-tools/src/spvtools/assembly_grammar.o
[929/1799] 4m11.63s F CXX obj/third_party/abseil-cpp/absl/base/base/sysinfo.o
[930/1799] 4m11.86s F CXX obj/angle_common/angleutils.o
[931/1799] 4m12.05s S AR obj/third_party/perfetto/protos/perfetto/config/libcpp.a
[931/1799] 4m12.05s F CXX obj/third_party/perfetto/protos/perfetto/config/cpp/scenario_config.gen.o
[932/1799] 4m12.49s F CXX obj/angle_common/android_util.o
[933/1799] 4m12.55s F CXX obj/angle_common/trace_categories.o
[934/1799] 4m12.75s F CXX obj/third_party/spirv-tools/src/spvtools/opcode.o
[935/1799] 4m13.05s F CXX obj/third_party/abseil-cpp/absl/strings/internal/ostringstream.o
[936/1799] 4m13.23s F CXX obj/third_party/abseil-cpp/absl/time/internal/cctz/time_zone/zone_info_source.o
[937/1799] 4m13.26s F CXX obj/angle_common/aligned_memory.o
[938/1799] 4m13.44s F CXX obj/third_party/abseil-cpp/absl/strings/cordz_handle/cordz_handle.o
[939/1799] 4m13.85s F CXX obj/third_party/perfetto/src/android_stats/android_stats/statsd_logging_helper.o
[940/1798] 4m14.14s F CXX obj/third_party/abseil-cpp/absl/strings/strings/match.o
[941/1797] 4m14.17s F CXX obj/third_party/abseil-cpp/absl/base/cpu_detect/cpu_detect.o
[942/1797] 4m14.34s F CXX obj/angle_common/WorkerThread.o
[943/1797] 4m14.88s F CXX obj/angle_common/SimpleMutex.o
[944/1797] 4m14.94s F CXX obj/third_party/abseil-cpp/absl/time/time/duration.o
[945/1797] 4m15.24s F CXX obj/third_party/abseil-cpp/absl/time/internal/cctz/time_zone/time_zone_lookup.o
[946/1797] 4m15.28s F CXX obj/angle_common/PoolAlloc.o
[947/1797] 4m15.87s F CXX obj/third_party/abseil-cpp/absl/base/malloc_internal/low_level_alloc.o
[948/1797] 4m15.91s F CXX obj/third_party/spirv-tools/src/spvtools/extensions.o
[949/1797] 4m16.36s F CXX obj/angle_common/PackedGLEnums_autogen.o
[950/1797] 4m16.71s F CXX obj/third_party/abseil-cpp/absl/strings/str_format_internal/arg.o
[951/1797] 4m17.02s F CXX obj/angle_common/PackedEnums.o
[952/1797] 4m17.16s F CXX obj/angle_common/PackedEGLEnums_autogen.o
[953/1797] 4m17.18s F CXX obj/third_party/abseil-cpp/absl/strings/str_format_internal/parser.o
[954/1797] 4m17.59s F CXX obj/third_party/abseil-cpp/absl/debugging/debugging_internal/vdso_support.o
[955/1797] 4m17.75s F CXX obj/third_party/perfetto/src/tracing/system_backend_fake/system_tracing_backend_fake.o
[956/1797] 4m17.85s F CXX obj/third_party/abseil-cpp/absl/crc/crc32c/crc_memcpy_x86_arm_combined.o
[957/1797] 4m18.23s F CXX obj/third_party/abseil-cpp/absl/debugging/demangle_internal/demangle.o
[958/1797] 4m18.47s F CXX obj/third_party/perfetto/src/tracing/client_api_without_backends/virtual_destructors.o
[959/1797] 4m19.47s F CXX obj/third_party/perfetto/src/tracing/client_api_without_backends/console_interceptor.o
[960/1797] 4m19.58s F CXX obj/third_party/perfetto/src/tracing/client_api_without_backends/track_event_state_tracker.o
[961/1797] 4m19.61s F CXX obj/third_party/abseil-cpp/absl/synchronization/synchronization/per_thread_sem.o
[962/1797] 4m19.65s F CXX obj/third_party/perfetto/src/tracing/client_api_without_backends/track_event_legacy.o
[963/1797] 4m19.96s F CXX obj/third_party/perfetto/src/tracing/client_api_without_backends/tracing_policy.o
[964/1797] 4m20.44s F CXX obj/third_party/perfetto/src/tracing/client_api_without_backends/track_event_category_registry.o
[965/1797] 4m20.57s F CXX obj/third_party/abseil-cpp/absl/base/raw_logging_internal/raw_logging.o
[966/1797] 4m20.97s F CXX obj/third_party/spirv-tools/src/spvtools/spirv_target_env.o
[967/1797] 4m20.99s F CXX obj/third_party/perfetto/src/tracing/client_api_without_backends/platform_windows.o
[968/1797] 4m21.34s F CXX obj/third_party/perfetto/src/tracing/client_api_without_backends/track.o
[969/1797] 4m21.83s F CXX obj/third_party/perfetto/src/tracing/client_api_without_backends/tracing.o
[970/1797] 4m22.01s F CXX obj/third_party/perfetto/src/tracing/client_api_without_backends/traced_value.o
[971/1797] 4m22.22s F CXX obj/third_party/perfetto/src/tracing/client_api_without_backends/platform.o
[972/1797] 4m22.40s F CXX obj/third_party/perfetto/src/tracing/core/core/id_allocator.o
[973/1797] 4m22.41s F CXX obj/third_party/perfetto/src/tracing/client_api_without_backends/platform_posix.o
[974/1797] 4m22.53s F CXX obj/third_party/spirv-tools/src/spvtools/spirv_reducer_options.o
[975/1797] 4m23.16s F CXX obj/third_party/perfetto/src/tracing/client_api_without_backends/track_event_interned_fields.o
[976/1797] 4m23.41s F CXX obj/third_party/perfetto/src/tracing/client_api_without_backends/tracing_muxer_fake.o
[977/1797] 4m24.12s F CXX obj/third_party/perfetto/src/tracing/client_api_without_backends/tracing_backend_fake.o
[978/1797] 4m24.82s F CXX obj/third_party/spirv-tools/src/spvtools/table2.o
[979/1797] 4m24.98s F CXX obj/third_party/perfetto/src/tracing/client_api_without_backends/checked_scope.o
[980/1797] 4m25.11s F CXX obj/third_party/perfetto/src/tracing/client_api_without_backends/interceptor_trace_writer.o
[981/1797] 4m25.25s F CXX obj/third_party/perfetto/src/tracing/client_api_without_backends/track_event_internal.o
[982/1797] 4m25.82s F CXX obj/third_party/perfetto/src/tracing/core/core/virtual_destructors.o
[983/1797] 4m25.98s F CXX obj/third_party/perfetto/src/tracing/client_api_without_backends/interceptor.o
[984/1797] 4m26.41s F CXX obj/third_party/perfetto/src/tracing/core/core/trace_writer_impl.o
[985/1797] 4m26.47s F CXX obj/third_party/perfetto/src/tracing/core/core/trace_packet.o
[986/1797] 4m27.00s F CXX obj/third_party/perfetto/src/tracing/client_api_without_backends/tracing_muxer_impl.o
[987/1797] 4m27.69s F CXX obj/third_party/spirv-tools/src/spvtools/parse_number.o
[988/1797] 4m27.92s F CXX obj/third_party/perfetto/src/tracing/client_api_without_backends/event_context.o
[989/1797] 4m28.12s F CXX obj/third_party/perfetto/src/tracing/core/core/shared_memory_abi.o
[990/1797] 4m28.70s F CXX obj/third_party/spirv-tools/src/spvtools/string_utils.o
[991/1797] 4m28.72s F CXX obj/third_party/abseil-cpp/absl/synchronization/synchronization/sem_waiter.o
[992/1797] 4m28.73s F CXX obj/third_party/perfetto/src/tracing/core/core/shared_memory_arbiter_impl.o
[993/1797] 4m28.74s F CXX obj/third_party/abseil-cpp/absl/debugging/utf8_for_code_point/utf8_for_code_point.o
[994/1796] 4m29.26s F CXX obj/third_party/perfetto/src/tracing/service/service/random.o
[995/1796] 4m29.98s F CXX obj/third_party/abseil-cpp/absl/strings/strings/substitute.o
[996/1796] 4m30.13s F CC obj/xxhash/xxhash.o
[997/1795] 4m30.49s F CXX obj/third_party/perfetto/src/tracing/service/service/tracing_service_session.o
[998/1795] 4m31.66s F CXX obj/third_party/abseil-cpp/absl/strings/strings/charconv.o
[999/1795] 4m32.31s F CXX obj/third_party/perfetto/src/tracing/service/service/trace_buffer_v2.o
[1000/1795] 4m32.36s F CXX obj/third_party/spirv-tools/src/spvtools/table.o
[1001/1795] 4m32.91s F CXX obj/third_party/perfetto/src/tracing/service/service/tracing_service_endpoints_impl.o
[1002/1795] 4m32.99s F CXX obj/third_party/perfetto/src/tracing/client_api_without_backends/debug_annotation.o
[1003/1795] 4m33.24s F CXX obj/third_party/perfetto/src/tracing/service/service/packet_stream_validator.o
[1004/1795] 4m33.65s F CXX obj/third_party/abseil-cpp/absl/base/throw_delegate/throw_delegate.o
[1005/1795] 4m34.17s F CXX obj/third_party/perfetto/src/tracing/core/core/null_trace_writer.o
[1006/1795] 4m34.40s F CXX obj/third_party/perfetto/src/tracing/service/service/trace_buffer_v1.o
[1007/1795] 4m34.50s F CXX obj/third_party/perfetto/src/tracing/service/service/clock.o
[1008/1795] 4m35.27s F CXX obj/third_party/abseil-cpp/absl/synchronization/kernel_timeout_internal/kernel_timeout.o
[1009/1795] 4m35.33s F CXX obj/third_party/spirv-tools/src/spvtools/parsed_operand.o
[1010/1795] 4m35.38s F CXX obj/third_party/abseil-cpp/absl/strings/internal/utf8.o
[1011/1795] 4m35.70s F CXX obj/third_party/abseil-cpp/absl/hash/hash/hash.o
[1012/1795] 4m35.77s F CXX obj/third_party/perfetto/src/tracing/service/service/tracing_service_impl.o
[1013/1795] 4m36.17s F CXX obj/third_party/spirv-tools/src/spvtools/print.o
[1014/1795] 4m36.34s F CXX obj/third_party/abseil-cpp/absl/numeric/int128/int128.o
[1015/1795] 4m36.83s F CXX obj/third_party/abseil-cpp/absl/crc/crc_cord_state/crc_cord_state.o
[1016/1795] 4m36.91s F CXX obj/third_party/perfetto/src/protovm/protovm/error_handling.o
[1017/1795] 4m36.93s F CXX obj/third_party/abseil-cpp/absl/time/time/format.o
[1018/1795] 4m37.15s F CXX obj/third_party/spirv-tools/src/spvtools/spirv_fuzzer_options.o
[1019/1795] 4m37.99s F CXX obj/third_party/spirv-tools/src/spvtools/binary.o
[1020/1795] 4m37.99s F CXX obj/third_party/perfetto/src/protovm/protovm/allocator.o
[1021/1795] 4m38.13s F CXX obj/third_party/abseil-cpp/absl/container/hashtablez_sampler/hashtablez_sampler_force_weak_definition.o
[1022/1795] 4m38.20s F CXX obj/third_party/perfetto/src/protovm/protovm/vm.o
[1023/1795] 4m38.92s F CXX obj/third_party/perfetto/src/protovm/protovm/ro_cursor.o
[1024/1795] 4m38.95s F CXX obj/third_party/perfetto/src/protovm/protovm/rw_proto.o
[1025/1795] 4m39.06s F CXX obj/third_party/abseil-cpp/absl/hash/city/city.o
[1026/1795] 4m39.36s F CXX obj/third_party/perfetto/src/protovm/protovm/node.o
[1026/1795] 4m39.36s F CXX obj/third_party/perfetto/src/protovm/protovm/rw_proto_cursor.o
[1028/1795] 4m39.91s F CXX obj/third_party/perfetto/src/protovm/protovm/executor.o
[1029/1795] 4m40.40s F CXX obj/third_party/abseil-cpp/absl/container/hashtablez_sampler/hashtablez_sampler.o
[1030/1795] 4m40.47s F CXX obj/third_party/perfetto/src/protovm/protovm/parser.o
[1031/1794] 4m41.06s F CXX obj/third_party/abseil-cpp/absl/crc/crc32c/crc32c.o
[1032/1793] 4m41.06s F CXX obj/third_party/abseil-cpp/absl/time/internal/cctz/civil_time/civil_time_detail.o
[1033/1793] 4m41.07s F CXX obj/third_party/abseil-cpp/absl/debugging/debugging_internal/elf_mem_image.o
[1034/1793] 4m41.08s F CXX obj/third_party/abseil-cpp/absl/synchronization/synchronization/win32_waiter.o
[1035/1793] 4m41.10s F CXX obj/third_party/spirv-tools/src/spvtools/spirv_optimizer_options.o
[1036/1793] 4m41.66s F CXX obj/third_party/spirv-tools/src/spvtools/disassemble.o
[1037/1793] 4m41.74s F CXX obj/third_party/abseil-cpp/absl/debugging/symbolize/symbolize.o
[1038/1793] 4m42.19s F CXX obj/third_party/abseil-cpp/absl/synchronization/synchronization/create_thread_identity.o
[1039/1793] 4m42.50s F CXX obj/third_party/abseil-cpp/absl/crc/crc_internal/crc.o
[1040/1793] 4m42.66s F CXX obj/third_party/perfetto/src/protozero/filtering/bytecode_parser/filter_bytecode_parser.o
[1041/1792] 4m42.84s F CXX obj/third_party/spirv-tools/src/spvtools/text.o
[1042/1792] 4m43.35s F CXX obj/third_party/perfetto/src/base/clock_snapshots/clock_snapshots.o
[1043/1791] 4m43.60s F CXX obj/third_party/abseil-cpp/absl/synchronization/synchronization/waiter_base.o
[1044/1791] 4m44.03s F CXX obj/third_party/abseil-cpp/absl/strings/cord_internal/cord_rep_btree_reader.o
[1045/1791] 4m44.04s F AR obj/third_party/perfetto/protos/perfetto/config/libcpp.a
[1046/1789] 4m44.57s F CXX obj/third_party/abseil-cpp/absl/synchronization/synchronization/mutex.o
[1047/1789] 4m44.70s F CXX obj/third_party/abseil-cpp/absl/strings/strings/memutil.o
[1048/1789] 4m44.76s F CXX obj/third_party/spirv-tools/src/spvtools/spirv_validator_options.o
[1049/1789] 4m44.78s F CXX obj/third_party/abseil-cpp/absl/strings/strings/str_cat.o
[1050/1789] 4m45.86s F CXX obj/third_party/abseil-cpp/absl/synchronization/synchronization/blocking_counter.o
[1051/1789] 4m45.99s F CXX obj/third_party/abseil-cpp/absl/synchronization/synchronization/barrier.o
[1052/1789] 4m46.00s F AR obj/third_party/perfetto/protos/perfetto/trace/track_event/libcpp.a
[1053/1787] 4m46.01s F AR obj/third_party/perfetto/protos/perfetto/trace/libnon_minimal_zero.a
[1054/1787] 4m46.29s F CXX obj/third_party/abseil-cpp/absl/strings/cord/cord.o
[1055/1787] 4m46.36s F CXX obj/third_party/abseil-cpp/absl/profiling/exponential_biased/exponential_biased.o
[1056/1786] 4m46.72s F CXX obj/third_party/abseil-cpp/absl/strings/cord_internal/cord_rep_btree.o
[1057/1786] 4m47.11s F CXX obj/third_party/abseil-cpp/absl/crc/crc_internal/crc_x86_arm_combined.o
[1058/1786] 4m47.27s F CXX obj/third_party/abseil-cpp/absl/synchronization/synchronization/notification.o
[1059/1786] 4m47.61s F CXX obj/third_party/abseil-cpp/absl/base/base/thread_identity.o
[1060/1786] 4m47.66s F CXX obj/third_party/spirv-tools/src/spvtools/spirv_endian.o
[1061/1786] 4m47.93s F CXX obj/third_party/abseil-cpp/absl/strings/str_format_internal/extension.o
[1062/1786] 4m47.96s F CXX obj/third_party/abseil-cpp/absl/debugging/debugging_internal/address_is_readable.o
[1063/1786] 4m48.20s F CXX obj/third_party/abseil-cpp/absl/synchronization/synchronization/pthread_waiter.o
[1064/1786] 4m48.86s F CXX obj/third_party/perfetto/src/base/regex/regex/regex.o
[1065/1785] 4m48.95s F CXX obj/third_party/abseil-cpp/absl/strings/strings/str_replace.o
[1066/1785] 4m49.34s F CXX obj/third_party/abseil-cpp/absl/strings/cord/cord_analysis.o
[1067/1785] 4m49.51s F CXX obj/third_party/abseil-cpp/absl/strings/strings/damerau_levenshtein_distance.o
[1068/1785] 4m49.53s F CXX obj/third_party/spirv-tools/src/spvtools/timer.o
[1069/1785] 4m49.59s F CXX obj/third_party/abseil-cpp/absl/strings/cord_internal/cord_rep_btree_navigator.o
[1070/1785] 4m49.70s F CXX obj/third_party/abseil-cpp/absl/base/spinlock_wait/spinlock_wait.o
[1071/1784] 4m50.28s F CXX obj/third_party/perfetto/src/protozero/filtering/message_filter/message_filter.o
[1072/1784] 4m50.58s F CXX obj/third_party/abseil-cpp/absl/strings/strings/stringify_sink.o
[1073/1784] 4m50.79s F CXX obj/third_party/abseil-cpp/absl/strings/str_format_internal/float_conversion.o
[1074/1784] 4m51.24s F CXX obj/third_party/perfetto/src/tracing/client_api_without_backends/data_source.o
[1075/1784] 4m51.29s F CXX obj/third_party/abseil-cpp/absl/strings/strings/ascii.o
[1076/1784] 4m51.79s F CXX obj/third_party/abseil-cpp/absl/time/internal/cctz/time_zone/time_zone_info.o
[1077/1784] 4m51.82s F CXX obj/third_party/abseil-cpp/absl/base/base/unscaledcycleclock.o
[1078/1784] 4m52.16s F CXX obj/third_party/abseil-cpp/absl/base/base/spinlock.o
[1079/1784] 4m52.22s F CXX obj/third_party/abseil-cpp/absl/strings/strings/numbers.o
[1080/1784] 4m52.58s F CXX obj/third_party/abseil-cpp/absl/time/internal/cctz/time_zone/time_zone_impl.o
[1081/1784] 4m52.69s F CXX obj/third_party/abseil-cpp/absl/debugging/stacktrace/stacktrace.o
[1082/1784] 4m53.40s F CXX obj/third_party/abseil-cpp/absl/strings/strings/escaping.o
[1083/1784] 4m53.65s F CXX obj/third_party/abseil-cpp/absl/time/internal/cctz/time_zone/time_zone_if.o
[1084/1784] 4m53.72s F CXX obj/third_party/abseil-cpp/absl/strings/cord_internal/cord_internal.o
[1085/1782] 4m54.48s F CXX obj/third_party/perfetto/src/protozero/filtering/string_filter/string_filter.o
[1086/1782] 4m54.54s F CXX obj/third_party/abseil-cpp/absl/synchronization/synchronization/stdcpp_waiter.o
[1087/1782] 4m54.59s F CXX obj/third_party/abseil-cpp/absl/strings/cordz_info/cordz_info.o
[1088/1782] 4m54.81s F CXX obj/third_party/spirv-tools/src/spvtools/to_string.o
[1089/1782] 4m55.12s F CXX obj/third_party/abseil-cpp/absl/strings/str_format_internal/bind.o
[1090/1782] 4m55.59s F CXX obj/third_party/abseil-cpp/absl/time/internal/cctz/time_zone/time_zone_libc.o
[1091/1782] 4m55.83s F CXX obj/third_party/spirv-tools/src/spvtools/bit_vector.o
[1092/1782] 4m55.90s F CXX obj/third_party/abseil-cpp/absl/synchronization/synchronization/futex_waiter.o
[1093/1782] 4m56.09s F CXX obj/third_party/abseil-cpp/absl/strings/cord_internal/cord_rep_crc.o
[1094/1782] 4m56.62s F CXX obj/third_party/abseil-cpp/absl/strings/internal/escaping.o
[1095/1782] 4m57.06s F CXX obj/third_party/abseil-cpp/absl/crc/crc32c/crc_non_temporal_memcpy.o
[1096/1782] 4m57.37s F CXX obj/third_party/abseil-cpp/absl/time/time/time.o
[1097/1782] 4m57.59s F CXX obj/third_party/abseil-cpp/absl/debugging/demangle_rust/demangle_rust.o
[1098/1782] 4m57.89s F CXX obj/third_party/abseil-cpp/absl/time/internal/cctz/time_zone/time_zone_format.o
[1099/1782] 4m57.93s F CXX obj/third_party/abseil-cpp/absl/time/internal/cctz/time_zone/time_zone_posix.o
[1100/1781] 4m57.94s F CXX obj/third_party/abseil-cpp/absl/types/source_location/source_location.o
[1101/1781] 4m58.17s F CXX obj/third_party/abseil-cpp/absl/container/raw_hash_set/raw_hash_set.o
[1102/1781] 4m58.21s F CXX obj/third_party/abseil-cpp/absl/crc/crc32c/crc_memcpy_fallback.o
[1103/1781] 4m58.44s F CXX obj/third_party/perfetto/src/tracing/core/core/in_process_shared_memory.o
[1104/1781] 4m58.72s F CXX obj/third_party/abseil-cpp/absl/base/base/casts.o
[1105/1781] 4m59.26s F CXX obj/third_party/spirv-tools/src/spvtools/name_mapper.o
[1106/1781] 4m59.45s F CXX obj/third_party/spirv-tools/src/spvtools/diagnostic.o
[1107/1781] 4m59.55s F CXX obj/third_party/perfetto/src/tracing/service/service/metatrace_writer.o
[1108/1781] 4m59.74s F CXX obj/third_party/abseil-cpp/absl/time/internal/cctz/time_zone/time_zone_fixed.o
[1109/1780] 5m00.07s F CXX obj/third_party/perfetto/src/protozero/filtering/message_filter_config/message_filter_config.o
[1110/1779] 5m00.26s F CXX obj/third_party/abseil-cpp/absl/base/log_severity/log_severity.o
[1111/1769] 5m00.52s F CXX obj/third_party/spirv-tools/src/spvtools/operand.o
[1112/1769] 5m00.59s F CXX obj/angle_common/MemoryBuffer.o
[1113/1769] 5m01.34s F CXX obj/third_party/abseil-cpp/absl/synchronization/graphcycles_internal/graphcycles.o
[1114/1769] 5m01.59s F CXX obj/third_party/abseil-cpp/absl/strings/strings/str_split.o
[1115/1769] 5m01.60s F CXX obj/third_party/abseil-cpp/absl/strings/cord_internal/cord_rep_consume.o
[1116/1769] 5m01.62s F CXX obj/third_party/abseil-cpp/absl/base/tracing_internal/tracing.o
[1117/1768] 5m01.98s F CXX obj/third_party/perfetto/src/tracing/common/trace_writer_base.o
[1118/1765] 5m02.23s F CXX obj/third_party/abseil-cpp/absl/time/time/civil_time.o
[1119/1765] 5m02.29s F CXX obj/third_party/perfetto/src/tracing/in_process_backend/in_process_tracing_backend.o
[1120/1765] 5m02.32s F CXX obj/third_party/perfetto/src/base/version/version.o
[1121/1761] 5m02.56s F CXX obj/angle_common/Float16ToFloat32.o
[1122/1761] 5m02.84s F CXX obj/angle_common/system_utils_linux.o
[1123/1761] 5m03.38s F CXX obj/angle_common/backtrace_utils_noop.o
[1124/1761] 5m03.43s F CXX obj/third_party/abseil-cpp/absl/base/base/cycleclock.o
[1125/1743] 5m04.13s F CXX obj/angle_common/utilities.o
[1126/1743] 5m04.14s F CXX obj/third_party/spirv-tools/src/spvtools/text_handler.o
[1127/1743] 5m04.19s F CXX obj/angle_common/tls.o
[1128/1743] 5m04.50s F CXX obj/third_party/abseil-cpp/absl/time/time/clock.o
[1129/1743] 5m04.91s F CXX obj/third_party/abseil-cpp/absl/strings/cordz_functions/cordz_functions.o
[1130/1742] 5m05.14s F CXX obj/angle_common/system_utils.o
[1131/1742] 5m05.21s F CXX obj/angle_common/system_utils_posix.o
[1132/1742] 5m05.65s F CXX obj/third_party/spirv-tools/src/spvtools/ext_inst.o
[1133/1742] 5m05.96s F CXX obj/angle_common/string_utils.o
[1134/1742] 5m05.98s F CXX obj/angle_common/platform_helpers.o
[1135/1742] 5m06.20s F CXX obj/angle_common/uniform_type_info_autogen.o
[1136/1742] 5m06.37s F CXX obj/third_party/abseil-cpp/absl/strings/strings/charconv_parse.o
[1137/1742] 5m06.93s F CXX obj/third_party/spirv-tools/src/spvtools/libspirv.o
[1138/1742] 5m06.93s S AR obj/third_party/spirv-tools/src/libspvtools.a
[1138/1742] 5m07.15s F CXX obj/angle_common/matrix_utils.o
[1139/1742] 5m07.22s F CXX obj/angle_common/mathutil.o
[1140/1742] 5m07.38s F CXX obj/third_party/abseil-cpp/absl/strings/strings/charconv_bigint.o
[1141/1734] 5m07.67s F CXX obj/angle_common/event_tracer.o
[1142/1734] 5m07.77s F CXX obj/third_party/abseil-cpp/absl/strings/str_format_internal/output.o
[1143/1720] 5m07.86s F CXX obj/buildtools/third_party/libc++abi/libc++abi/cxa_vector.o
[1144/1720] 5m07.90s F CC obj/third_party/zlib/zlib/uncompr.o
[1145/1720] 5m08.01s F CXX obj/angle_common/entry_points_enum_autogen.o
[1146/1720] 5m08.06s F CXX obj/angle_common/sha1.o
[1147/1720] 5m08.09s F CC obj/third_party/cpu_features/cpuinfo/hwcaps.o
[1148/1720] 5m08.40s F CXX obj/angle_common/debug.o
[1149/1720] 5m08.40s S AR obj/libangle_common.a
[1149/1720] 5m08.64s F CC obj/third_party/zlib/zlib/trees.o
[1150/1720] 5m09.91s F CXX obj/angle_common_shader_state/CompiledShaderState.o
[1151/1720] 5m09.92s S AR obj/libangle_common_shader_state.a
[1151/1720] 5m09.94s F CXX obj/third_party/spirv-tools/src/spvtools_val/validate_conversion.o
[1152/1720] 5m09.95s F CXX obj/buildtools/third_party/libc++abi/libc++abi/cxa_demangle_stub.o
[1153/1720] 5m09.95s F AR obj/third_party/spirv-tools/src/libspvtools.a
[1154/1720] 5m10.51s F CXX obj/third_party/spirv-tools/src/spvtools_val/validate_image.o
[1155/1719] 5m10.51s F AR obj/libangle_common.a
[1156/1717] 5m10.58s F CC obj/third_party/zlib/zlib/adler32.o
[1157/1717] 5m10.61s F CC obj/buildtools/third_party/libunwind/libunwind/Unwind-sjlj.o
[1158/1717] 5m11.26s F CXX obj/third_party/spirv-tools/src/spvtools_val/function.o
[1159/1717] 5m11.39s F CC obj/third_party/zlib/zlib/inffast.o
[1160/1717] 5m11.44s F CC obj/third_party/zlib/zlib/gzclose.o
[1161/1717] 5m11.55s F CXX obj/third_party/spirv-tools/src/spvtools_val/validate_debug.o
[1162/1717] 5m11.61s F CXX obj/third_party/spirv-tools/src/spvtools_val/instruction.o
[1163/1717] 5m11.70s F CC obj/third_party/zlib/zlib/crc32.o
[1164/1717] 5m11.87s F CXX obj/third_party/spirv-tools/src/spvtools_val/validate_function.o
[1165/1717] 5m12.29s F CXX obj/preprocessor/DiagnosticsBase.o
[1166/1717] 5m12.83s F CXX obj/preprocessor/preprocessor_tab_autogen.o
[1167/1717] 5m13.04s F CXX obj/third_party/spirv-tools/src/spvtools_val/validate_group.o
[1168/1717] 5m13.05s F CXX obj/buildtools/third_party/libc++abi/libc++abi/cxa_handlers.o
[1169/1717] 5m13.28s F CXX obj/buildtools/third_party/libc++abi/libc++abi/stdlib_stdexcept.o
[1170/1717] 5m13.33s F CC obj/third_party/cpu_features/cpuinfo/stack_line_reader.o
[1171/1717] 5m13.34s F CXX obj/preprocessor/preprocessor_lex_autogen.o
[1172/1717] 5m14.03s F CXX obj/preprocessor/Preprocessor.o
[1173/1717] 5m14.33s F CXX obj/preprocessor/Macro.o
[1174/1717] 5m14.38s F CXX obj/buildtools/third_party/libc++abi/libc++abi/stdlib_exception.o
[1175/1717] 5m14.68s F CXX obj/preprocessor/Lexer.o
[1176/1717] 5m14.83s F CXX obj/buildtools/third_party/libunwind/libunwind/libunwind.o
[1177/1717] 5m15.30s F CXX obj/preprocessor/Input.o
[1178/1717] 5m15.39s F CC obj/third_party/zlib/zlib/gzwrite.o
[1179/1716] 5m15.55s F CC obj/third_party/zlib/zlib_adler32_simd/adler32_simd.o
[1180/1716] 5m15.67s F CXX obj/third_party/spirv-tools/src/spvtools_val/validate_instruction.o
[1181/1716] 5m15.71s F CC obj/third_party/zlib/zlib/compress.o
[1182/1716] 5m16.49s F CXX obj/third_party/spirv-tools/src/spvtools_val/construct.o
[1183/1716] 5m16.63s F CXX obj/buildtools/third_party/libc++abi/libc++abi/private_typeinfo.o
[1184/1716] 5m16.96s F CXX obj/third_party/spirv-tools/src/spvtools_val/validate_builtins.o
[1185/1716] 5m17.25s F CXX obj/third_party/spirv-tools/src/spvtools_val/validate_scopes.o
[1186/1716] 5m17.30s F CXX obj/third_party/spirv-tools/src/spvtools_val/validate_memory_semantics.o
[1187/1716] 5m17.34s F CC obj/buildtools/third_party/libunwind/libunwind/UnwindLevel1.o
[1188/1716] 5m17.42s F CC obj/third_party/zlib/zlib/infback.o
[1189/1716] 5m17.50s F CC obj/third_party/zlib/zlib/gzlib.o
[1190/1716] 5m18.28s F CXX obj/third_party/spirv-tools/src/spvtools_val/validate_ray_tracing.o
[1191/1716] 5m18.89s F CXX obj/third_party/spirv-tools/src/spvtools_val/validate_literals.o
[1192/1716] 5m19.03s F CXX obj/buildtools/third_party/libc++abi/libc++abi/fallback_malloc.o
[1193/1716] 5m19.07s F CXX obj/buildtools/third_party/libc++abi/libc++abi/stdlib_typeinfo.o
[1194/1716] 5m19.08s F CXX obj/third_party/spirv-tools/src/spvtools_val/validate_tensor.o
[1195/1716] 5m19.09s F CXX obj/third_party/spirv-tools/src/spvtools_val/validate_logical_pointers.o
[1196/1716] 5m19.12s F ASM obj/buildtools/third_party/libunwind/libunwind/UnwindRegistersSave.o
[1197/1716] 5m19.43s F CXX obj/buildtools/third_party/libc++abi/libc++abi/cxa_guard.o
[1198/1716] 5m19.63s F CC obj/third_party/zlib/zlib_data_chunk_simd/inffast_chunk.o
[1199/1716] 5m19.68s F CC obj/third_party/cpu_features/cpuinfo/hwcaps_linux_or_android.o
[1200/1716] 5m19.84s F CXX obj/third_party/spirv-tools/src/spvtools_val/validate_small_type_uses.o
[1201/1716] 5m19.91s F CXX obj/third_party/spirv-tools/src/spvtools_val/basic_block.o
[1202/1716] 5m19.93s F CC obj/third_party/cpu_features/cpuinfo/hwcaps_freebsd_or_openbsd.o
[1203/1716] 5m20.67s F CXX obj/third_party/spirv-tools/src/spvtools_val/validate_invalid_type.o
[1204/1716] 5m20.71s F ASM obj/buildtools/third_party/libunwind/libunwind/UnwindRegistersRestore.o
[1205/1716] 5m20.75s F CC obj/third_party/zlib/zlib/cpu_features.o
[1206/1716] 5m20.79s F CXX obj/buildtools/third_party/libc++abi/libc++abi/cxa_virtual.o
[1207/1716] 5m21.34s F CC obj/third_party/zlib/zlib_data_chunk_simd/inflate.o
[1208/1715] 5m21.45s F CXX obj/third_party/spirv-tools/src/spvtools_val/validate_bitwise.o
[1209/1715] 5m21.50s F CXX obj/third_party/spirv-tools/src/spvtools_val/validate_id.o
[1210/1715] 5m21.58s F CXX obj/third_party/spirv-tools/src/spvtools_val/validate_atomics.o
[1211/1715] 5m21.60s F CXX obj/buildtools/third_party/libc++abi/libc++abi/cxa_exception.o
[1212/1715] 5m22.01s F CC obj/third_party/zlib/zlib/deflate.o
[1213/1715] 5m23.07s F CXX obj/third_party/spirv-tools/src/spvtools_val/validate_dot_product.o
[1214/1715] 5m23.30s F CXX obj/third_party/spirv-tools/src/spvtools_val/validate_capability.o
[1215/1715] 5m23.33s F CXX obj/third_party/spirv-tools/src/spvtools_val/validate_derivatives.o
[1216/1715] 5m23.44s F CXX obj/buildtools/third_party/libc++abi/libc++abi/cxa_thread_atexit.o
[1217/1715] 5m23.68s F CXX obj/third_party/spirv-tools/src/spvtools_val/validate_pipe.o
[1218/1715] 5m24.69s F CXX obj/third_party/spirv-tools/src/spvtools_val/validate_execution_limitations.o
[1219/1715] 5m24.89s F CXX obj/third_party/spirv-tools/src/spvtools_val/validate_adjacency.o
[1220/1715] 5m25.00s F CXX obj/buildtools/third_party/libc++abi/libc++abi/cxa_exception_storage.o
[1221/1715] 5m25.39s F CXX obj/third_party/spirv-tools/src/spvtools_val/validate_graph.o
[1222/1715] 5m26.36s F CXX obj/third_party/spirv-tools/src/spvtools_val/validate_non_uniform.o
[1223/1715] 5m26.38s F CXX obj/third_party/spirv-tools/src/spvtools_val/validate_explicit_layout.o
[1224/1715] 5m27.48s F CXX obj/third_party/spirv-tools/src/spvtools_val/validate_mode_setting.o
[1225/1715] 5m28.27s F CXX obj/third_party/spirv-tools/src/spvtools_val/validate_memory.o
[1226/1715] 5m29.07s F CXX obj/third_party/spirv-tools/src/spvtools_val/validate_decorations.o
[1227/1715] 5m29.27s F CXX obj/third_party/spirv-tools/src/spvtools_val/validate_composites.o
[1228/1715] 5m29.46s F CXX obj/third_party/spirv-tools/src/spvtools_val/validate_extensions.o
[1229/1715] 5m29.88s F CXX obj/third_party/spirv-tools/src/spvtools_val/validate_logicals.o
[1230/1715] 5m30.92s F CXX obj/third_party/spirv-tools/src/spvtools_val/validate_ray_query.o
[1231/1715] 5m30.96s F CXX obj/buildtools/third_party/libc++abi/libc++abi/abort_message.o
[1232/1715] 5m31.11s F CXX obj/buildtools/third_party/libunwind/libunwind/Unwind-EHABI.o
[1233/1715] 5m31.19s F CC obj/third_party/cpu_features/cpuinfo/string_view.o
[1234/1715] 5m31.31s F CC obj/third_party/zlib/zlib/gzread.o
[1235/1715] 5m31.35s F CXX obj/third_party/spirv-tools/src/spvtools_val/validate_type.o
[1236/1715] 5m31.50s F CXX obj/third_party/spirv-tools/src/spvtools_val/validate_layout.o
[1237/1715] 5m31.56s F CC obj/third_party/cpu_features/cpuinfo/filesystem.o
[1238/1715] 5m31.61s F CC obj/buildtools/third_party/libunwind/libunwind/UnwindLevel1-gcc-ext.o
[1239/1714] 5m31.85s F CXX obj/buildtools/third_party/libc++abi/libc++abi/cxa_default_handlers.o
[1240/1714] 5m32.01s F CXX obj/third_party/spirv-tools/src/spvtools_val/validate_interfaces.o
[1241/1714] 5m32.07s F CC obj/third_party/cpu_features/ndk_compat/cpu-features.o
[1242/1714] 5m32.12s F CC obj/third_party/zlib/zlib/zutil.o
[1243/1714] 5m33.10s F CXX obj/third_party/spirv-tools/src/spvtools_val/validate_mesh_shading.o
[1244/1714] 5m33.20s F CC obj/third_party/cpu_features/cpuinfo/impl_arm_linux_or_android.o
[1245/1712] 5m33.54s F CXX obj/third_party/spirv-tools/src/spvtools_val/validate_misc.o
[1246/1712] 5m33.67s F CXX obj/buildtools/third_party/libc++abi/libc++abi/cxa_personality.o
[1247/1712] 5m34.00s F CXX obj/third_party/spirv-tools/src/spvtools_val/validate_constants.o
[1248/1712] 5m35.35s F CXX obj/preprocessor/DirectiveParser.o
[1249/1712] 5m35.79s F CXX obj/third_party/spirv-tools/src/spvtools_val/validate_annotation.o
[1250/1712] 5m35.84s F CC obj/third_party/zlib/zlib_arm_crc32/crc32_simd.o
[1251/1711] 5m35.92s F CC obj/third_party/zlib/zlib/inftrees.o
[1252/1711] 5m35.93s S AR obj/third_party/zlib/libchrome_zlib.a
[1252/1711] 5m36.14s F CXX obj/third_party/spirv-tools/src/spvtools_val/validation_state.o
[1253/1711] 5m36.70s F CXX obj/third_party/spirv-tools/src/spvtools_val/validate_cfg.o
[1254/1711] 5m37.19s F CXX obj/third_party/spirv-tools/src/spvtools_val/validate_arithmetics.o
[1255/1711] 5m37.24s F CXX obj/buildtools/third_party/libc++abi/libc++abi/cxa_aux_runtime.o
[1256/1711] 5m37.24s S AR obj/buildtools/third_party/libc++abi/libc++abi.a
[1256/1711] 5m37.43s F CXX obj/preprocessor/MacroExpander.o
[1257/1711] 5m37.49s F CXX obj/preprocessor/Token.o
[1258/1711] 5m38.10s F CXX obj/third_party/spirv-tools/src/spvtools_val/validate_ray_tracing_reorder.o
[1259/1711] 5m38.74s F CXX obj/preprocessor/DirectiveHandlerBase.o
[1259/1711] 5m38.74s S AR obj/libpreprocessor.a
[1260/1711] 5m38.84s F CXX obj/third_party/spirv-tools/src/spvtools_val/validate_tensor_layout.o
[1261/1711] 5m38.99s F CXX obj/third_party/spirv-tools/src/spvtools_val/validate_primitives.o
[1262/1711] 5m39.00s F AR obj/libpreprocessor.a
[1263/1711] 5m39.11s F CXX obj/third_party/spirv-tools/src/spvtools_val/validate_barriers.o
[1264/1711] 5m40.31s F CXX obj/translator/FlagStd140Structs.o
[1265/1711] 5m40.37s F CXX obj/translator/Diagnostics.o
[1266/1711] 5m41.27s F CXX obj/angle_image_util/loadimage_paletted.o
[1267/1711] 5m41.32s F CXX obj/buildtools/third_party/libc++/libc++/algorithm.o
[1268/1711] 5m41.49s F CXX obj/translator/ImmutableStringBuilder.o
[1269/1711] 5m41.51s F CXX obj/third_party/spirv-tools/src/spvtools_val/validate.o
[1269/1711] 5m41.51s S AR obj/third_party/spirv-tools/src/libspvtools_val.a
[1270/1711] 5m42.28s F CXX obj/angle_image_util/copyimage.o
[1271/1711] 5m42.80s F CXX obj/translator/AddDefaultReturnStatements.o
[1272/1711] 5m42.81s F AR obj/third_party/spirv-tools/src/libspvtools_val.a
[1273/1711] 5m43.02s F CXX obj/translator/CallDAG.o
[1274/1711] 5m43.99s F CXX obj/translator/CodeGen.o
[1275/1711] 5m44.13s F CXX obj/translator/CollectVariables.o
[1276/1711] 5m44.34s F CXX obj/translator/SimplifyLoopConditions.o
[1277/1711] 5m45.79s F CXX obj/translator/RemoveUnreferencedVariables.o
[1278/1711] 5m45.85s F CXX obj/translator/ShaderLang.o
[1279/1711] 5m46.59s F CXX obj/translator/ReplaceShadowingVariables.o
[1280/1711] 5m46.60s F AR obj/libangle_common_shader_state.a
[1281/1711] 5m47.00s F CXX obj/translator/Declarator.o
[1282/1711] 5m47.47s F CXX obj/translator/ScalarizeVecAndMatConstructorArgs.o
[1283/1711] 5m47.54s F CXX obj/buildtools/third_party/libc++/libc++/new.o
[1284/1711] 5m47.97s F CXX obj/translator/Compiler.o
[1285/1711] 5m48.03s F CXX obj/translator/RunAtTheBeginningOfShader.o
[1286/1711] 5m48.75s F CXX obj/buildtools/third_party/libc++/libc++/condition_variable.o
[1287/1711] 5m49.04s F CXX obj/translator/RewriteSampleMaskVariable.o
[1288/1711] 5m49.64s F CXX obj/translator/util.o
[1289/1711] 5m50.10s F CXX obj/translator/ShaderVars.o
[1290/1711] 5m50.45s F CXX obj/translator/UseGeneratedNamesForAnonymousStructs.o
[1291/1711] 5m50.53s F CXX obj/buildtools/third_party/libc++/libc++/atomic.o
[1292/1711] 5m50.64s F CXX obj/buildtools/third_party/libc++/libc++/shared_mutex.o
[1293/1711] 5m50.65s F CXX obj/buildtools/third_party/libc++/libc++/optional.o
[1294/1711] 5m50.87s F CXX obj/src/common/spirv/angle_spirv_builder/spirv_instruction_builder_autogen.o
[1295/1711] 5m51.01s F CXX obj/buildtools/third_party/libc++/libc++/functional.o
[1296/1711] 5m51.61s F CXX obj/buildtools/third_party/libc++/libc++/ios.o
[1297/1711] 5m51.64s F CXX obj/buildtools/third_party/libc++/libc++/barrier.o
[1298/1711] 5m51.98s F CXX obj/buildtools/third_party/libc++/libc++/strstream.o
[1299/1711] 5m52.14s F CXX obj/buildtools/third_party/libc++/libc++/directory_iterator.o
[1300/1711] 5m52.18s F CXX obj/buildtools/third_party/libc++/libc++/any.o
[1301/1711] 5m52.39s F CXX obj/buildtools/third_party/libc++/libc++/charconv.o
[1302/1711] 5m53.52s F CXX obj/buildtools/third_party/libc++/libc++/iostream.o
[1303/1709] 5m54.10s F CC obj/src/third_party/volk/volk/volk.o
[1304/1709] 5m54.21s F CXX obj/buildtools/third_party/libc++/libc++/variant.o
[1305/1709] 5m54.23s F CXX obj/translator/DirectiveHandler.o
[1306/1709] 5m54.53s F CXX obj/buildtools/third_party/libc++/libc++/error_category.o
[1307/1709] 5m54.82s F CXX obj/translator/DeferGlobalInitializers.o
[1308/1709] 5m55.13s F CXX obj/buildtools/third_party/libc++/libc++/d2fixed.o
[1309/1709] 5m55.43s F CXX obj/translator/RewriteStructSamplers.o
[1310/1709] 5m55.98s F CXX obj/translator/OutputESSL.o
[1311/1709] 5m56.82s F CXX obj/translator/SymbolTable_autogen.o
[1312/1709] 5m56.99s F CXX obj/buildtools/third_party/libc++/libc++/thread.o
[1313/1709] 5m57.54s F CXX obj/buildtools/third_party/libc++/libc++/operations.o
[1314/1709] 5m57.95s F CXX obj/translator/ReplaceClipCullDistanceVariable.o
[1315/1709] 5m58.49s F CXX obj/translator/ReswizzleYUVOps.o
[1316/1709] 5m59.31s F CXX obj/translator/TranslatorGLSL.o
[1317/1709] 5m59.34s F CXX obj/translator/RewriteInterpolateAtOffset.o
[1318/1709] 5m59.83s F CXX obj/translator/VersionGLSL.o
[1319/1709] 6m00.42s F CXX obj/translator/SizeClipCullDistance.o
[1320/1707] 6m00.56s F CXX obj/src/common/vulkan/angle_vulkan_icd/vulkan_icd.o
[1321/1707] 6m01.88s F CXX obj/translator/RewriteTexelFetchOffset.o
[1322/1707] 6m02.17s F CXX obj/translator/ClampGLLayer.o
[1323/1707] 6m02.71s F CXX obj/buildtools/third_party/libc++/libc++/hash.o
[1324/1707] 6m03.19s F CXX obj/translator/SplitSequenceOperator.o
[1325/1707] 6m03.19s F CXX obj/translator/EmulateFramebufferFetch.o
[1326/1707] 6m03.86s F CXX obj/translator/ImmutableString_autogen.o
[1327/1707] 6m04.15s F CXX obj/buildtools/third_party/libc++/libc++/locale.o
[1328/1707] 6m05.55s F CXX obj/translator/FlagSamplersWithTexelFetch.o
[1329/1707] 6m05.99s F CXX obj/buildtools/third_party/libc++/libc++/system_error.o
[1330/1707] 6m06.20s F CXX obj/translator/RewritePixelLocalStorage.o
[1331/1707] 6m06.28s F CXX obj/buildtools/third_party/libc++/libc++/d2s.o
[1332/1707] 6m06.44s F CXX obj/translator/TranslatorSPIRV.o
[1333/1707] 6m07.81s F CXX obj/translator/UseInterfaceBlockFields.o
[1334/1707] 6m08.04s F CXX obj/translator/EmulateYUVBuiltIns.o
[1335/1707] 6m08.58s F CXX obj/buildtools/third_party/libc++/libc++/memory.o
[1336/1707] 6m09.03s F CXX obj/translator/OutputSPIRV.o
[1337/1707] 6m09.53s F CXX obj/buildtools/third_party/libc++/libc++/filesystem_clock.o
[1338/1707] 6m09.84s F CXX obj/buildtools/third_party/libc++/libc++/mutex.o
[1339/1707] 6m10.60s F CXX obj/translator/BuildSPIRV.o
[1340/1707] 6m11.19s F CXX obj/translator/EmulateMultiDrawShaderBuiltins.o
[1341/1707] 6m11.31s F CXX obj/translator/RewriteRepeatedAssignToSwizzled.o
[1342/1707] 6m11.42s F CXX obj/buildtools/third_party/libc++/libc++/mutex_destructor.o
[1343/1707] 6m11.68s F CXX obj/translator/ExpandFragmentOutputsToVec4.o
[1344/1707] 6m11.80s F CXX obj/angle_version_info/angle_version_info.o
[1345/1706] 6m11.85s F CXX obj/buildtools/third_party/libc++/libc++/vector.o
[1346/1706] 6m11.88s F CXX obj/third_party/zlib/google/compression_utils_portable/compression_utils_portable.o
[1347/1706] 6m11.92s F CXX obj/buildtools/third_party/libc++/libc++/valarray.o
[1348/1706] 6m13.23s F CXX obj/translator/FindMain.o
[1349/1706] 6m13.38s F CXX obj/translator/RewriteArrayOfArrayOfOpaqueUniforms.o
[1350/1706] 6m14.58s F CXX obj/translator/SeparateDeclarations.o
[1351/1706] 6m14.68s F CXX obj/translator/PruneEmptyCases.o
[1352/1706] 6m14.80s F CXX obj/translator/ExtensionGLSL.o
[1353/1706] 6m14.94s F CXX obj/translator/EmulateAdvancedBlendEquations.o
[1354/1706] 6m15.91s F CXX obj/translator/FoldExpressions.o
[1355/1706] 6m16.26s F CXX obj/translator/BuiltinsWorkaround.o
[1356/1706] 6m16.30s F CXX obj/buildtools/third_party/libc++/libc++/stdexcept.o
[1357/1706] 6m16.56s F CXX obj/translator/WrapStructConstructors.o
[1358/1706] 6m17.77s F CXX obj/translator/RunAtTheEndOfShader.o
[1359/1706] 6m17.80s F CXX obj/buildtools/third_party/libc++/libc++/new_helpers.o
[1360/1706] 6m18.22s F CXX obj/translator/MonomorphizeUnsupportedFunctions.o
[1361/1706] 6m18.26s F CXX obj/buildtools/third_party/libc++/libc++/verbose_abort.o
[1362/1706] 6m18.39s F CXX obj/translator/SymbolTable.o
[1363/1706] 6m19.10s F CXX obj/translator/FindFunction.o
[1364/1706] 6m19.91s F CXX obj/translator/DriverUniform.o
[1365/1706] 6m20.66s F CXX obj/translator/PreTransformTextureCubeGradDerivatives.o
[1366/1706] 6m20.71s F CXX obj/buildtools/third_party/libc++/libc++/exception.o
[1367/1706] 6m21.13s F CXX obj/translator/EmulateFragColorData.o
[1368/1706] 6m21.20s F CXX obj/translator/SymbolUniqueId.o
[1369/1706] 6m21.73s F CXX obj/angle_image_util/loadimage_astc.o
[1370/1706] 6m22.03s F CXX obj/buildtools/third_party/libc++/libc++/random_shuffle.o
[1371/1706] 6m22.55s F CXX obj/translator/IntermNodePatternMatcher.o
[1372/1706] 6m22.86s F CXX obj/buildtools/third_party/libc++/libc++/filesystem_error.o
[1373/1706] 6m23.07s F CXX obj/translator/RecordConstantPrecision.o
[1374/1706] 6m23.44s F CXX obj/translator/ParseContext.o
[1375/1706] 6m23.71s F CXX obj/buildtools/third_party/libc++/libc++/call_once.o
[1376/1706] 6m24.27s F CXX obj/translator/FunctionLookup.o
[1377/1706] 6m24.76s F CXX obj/translator/ValidateAST.o
[1378/1706] 6m24.87s F CXX obj/translator/BaseTypes.o
[1379/1706] 6m24.90s F CXX obj/translator/RemoveDynamicIndexing.o
[1380/1706] 6m24.90s F CXX obj/buildtools/third_party/libc++/libc++/typeinfo.o
[1381/1706] 6m24.98s F CXX obj/buildtools/third_party/libc++/libc++/new_handler.o
[1382/1706] 6m26.04s F CXX obj/translator/TranslatorESSL.o
[1383/1706] 6m26.31s F CXX obj/translator/BuiltInFunctionEmulatorGLSL.o
[1384/1706] 6m26.63s F CXX obj/angle_gpu_info_util/SystemInfo_vulkan.o
[1385/1706] 6m27.40s F CXX obj/translator/RemoveArrayLengthMethod.o
[1386/1706] 6m27.66s F CXX obj/translator/ValidateGlobalInitializer.o
[1387/1706] 6m27.86s F CXX obj/translator/GatherDefaultUniforms.o
[1388/1705] 6m28.46s F CXX obj/src/common/vulkan/angle_libvulkan_loader/libvulkan_loader.o
[1389/1705] 6m28.89s F CXX obj/translator/EmulateGLFragColorBroadcast.o
[1390/1705] 6m29.40s F CXX obj/translator/ValidateVaryingLocations.o
[1391/1705] 6m30.06s F CXX obj/translator/FindPreciseNodes.o
[1392/1705] 6m30.17s F CXX obj/translator/ReduceInterfaceBlocks.o
[1393/1705] 6m30.22s F CXX obj/translator/ExtensionBehavior.o
[1394/1705] 6m30.22s F CXX obj/translator/FindSymbolNode.o
[1395/1705] 6m30.91s F CXX obj/angle_gpu_info_util/SystemInfo_android.o
[1396/1705] 6m30.91s F CXX obj/translator/PoolAlloc.o
[1397/1705] 6m31.27s F CXX obj/angle_image_util/AstcDecompressorNoOp.o
[1398/1705] 6m32.32s F CXX obj/translator/RemoveInvariantDeclaration.o
[1399/1705] 6m32.96s F CXX obj/translator/IntermNode_util.o
[1400/1705] 6m33.14s F CXX obj/translator/InitializeVariables.o
[1401/1705] 6m33.17s F CXX obj/translator/IntermNode.o
[1402/1705] 6m33.67s F CXX obj/translator/IsASTDepthBelowLimit.o
[1403/1705] 6m34.04s F CXX obj/angle_image_util/storeimage_paletted.o
[1404/1705] 6m34.60s F CXX obj/translator/ClampPointSize.o
[1405/1705] 6m34.66s F CXX obj/angle_image_util/loadimage_etc.o
[1406/1705] 6m35.11s F CXX obj/translator/ClampFragDepth.o
[1407/1705] 6m35.12s F AR obj/third_party/zlib/libchrome_zlib.a
[1407/1705] 6m35.12s S AR obj/third_party/zlib/google/libcompression_utils_portable.a
[1408/1705] 6m35.81s F CXX obj/translator/IntermRebuild.o
[1409/1705] 6m36.54s F CXX obj/translator/Name.o
[1410/1705] 6m37.53s F CXX obj/translator/RemoveUnusedFramebufferFetch.o
[1411/1705] 6m37.62s F CXX obj/translator/OutputTree.o
[1412/1705] 6m37.71s F CXX obj/translator/glslang_tab_autogen.o
[1413/1705] 6m38.01s F CXX obj/translator/OutputGLSL.o
[1414/1705] 6m38.11s F CXX obj/buildtools/third_party/libc++/libc++/condition_variable_destructor.o
[1415/1705] 6m39.08s F CXX obj/translator/RewriteSamplerExternalTexelFetch.o
[1416/1705] 6m39.30s F CXX obj/translator/ClampIndirectIndices.o
[1417/1705] 6m39.50s F CXX obj/translator/VariablePacker.o
[1418/1705] 6m40.32s F CXX obj/translator/RewriteR32fImages.o
[1419/1705] 6m40.80s F CXX obj/translator/RemoveAtomicCounterBuiltins.o
[1420/1705] 6m41.26s F CXX obj/translator/OutputGLSLBase.o
[1421/1705] 6m41.71s F CXX obj/translator/IntermTraverse.o
[1422/1705] 6m42.01s F CXX obj/angle_image_util/loadimage.o
[1423/1705] 6m42.82s F CXX obj/translator/RemoveInactiveInterfaceVariables.o
[1424/1705] 6m43.14s S AR obj/libangle_gpu_info_util.a
[1424/1705] 6m43.14s F CXX obj/angle_gpu_info_util/SystemInfo.o
[1425/1705] 6m43.43s F CXX obj/translator/ReplaceArrayOfMatrixVarying.o
[1426/1705] 6m43.96s F CXX obj/src/common/spirv/angle_spirv_base/angle_spirv_utils.o
[1427/1703] 6m44.35s F CXX obj/translator/RewriteAtomicCounters.o
[1428/1703] 6m44.52s F CXX obj/buildtools/third_party/libc++/libc++/string.o
[1429/1703] 6m44.81s F CXX obj/translator/PruneNoOps.o
[1430/1703] 6m45.05s F CXX obj/buildtools/third_party/libc++/libc++/random.o
[1431/1703] 6m45.61s F CXX obj/translator/blocklayout.o
[1432/1703] 6m46.14s F CXX obj/buildtools/third_party/libc++/libc++/future.o
[1433/1703] 6m46.44s S AR obj/libangle_image_util.a
[1433/1703] 6m46.44s F CXX obj/angle_image_util/imageformats.o
[1434/1703] 6m47.50s F CXX obj/translator/DeclareAndInitBuiltinsForInstancedMultiview.o
[1435/1703] 6m47.65s F CXX obj/translator/glslang_lex_autogen.o
[1436/1703] 6m47.84s F CXX obj/translator/QualifierTypes.o
[1437/1703] 6m47.99s F CXX obj/translator/HashNames.o
[1438/1703] 6m48.00s F AR obj/buildtools/third_party/libc++abi/libc++abi.a
[1439/1703] 6m49.14s F CXX obj/translator/RewriteDfdy.o
[1440/1703] 6m49.24s F CXX obj/translator/Types.o
[1441/1703] 6m49.30s F CXX obj/translator/Symbol.o
[1442/1703] 6m49.40s F CXX obj/translator/ConstantUnion.o
[1443/1703] 6m49.49s F CXX obj/buildtools/third_party/libc++/libc++/bind.o
[1444/1703] 6m50.40s F CXX obj/buildtools/third_party/libc++/libc++/regex.o
[1445/1703] 6m50.84s F CXX obj/buildtools/third_party/libc++/libc++/chrono.o
[1446/1703] 6m51.56s F CXX obj/buildtools/third_party/libc++/libc++/ios.instantiations.o
[1447/1703] 6m51.59s F CXX obj/translator/Operator.o
[1448/1703] 6m51.80s F CXX obj/translator/ReplaceVariable.o
[1449/1703] 6m51.87s F CXX obj/translator/InfoSink.o
[1450/1703] 6m52.11s F CXX obj/buildtools/third_party/libc++/libc++/f2s.o
[1451/1703] 6m53.24s F CXX obj/translator/BuiltInFunctionEmulator.o
[1452/1703] 6m53.38s F CXX obj/buildtools/third_party/libc++/libc++/path.o
[1453/1703] 6m53.38s S AR obj/buildtools/third_party/libc++/libc++.a
[1453/1703] 6m53.46s F CXX obj/translator/Initialize.o
[1454/1703] 6m54.45s F CXX obj/translator/DeclarePerVertexBlocks.o
[1454/1703] 6m54.45s S AR obj/libtranslator.a
[1455/1703] 6m54.46s F AR obj/buildtools/third_party/libc++/libc++.a
[1456/1703] 6m55.27s F CXX obj/angle_frame_capture_mock/serialize_mock.o
[1457/1703] 6m55.67s F CXX obj/src/libANGLE/renderer/null/angle_null_backend/VertexArrayNULL.o
[1458/1703] 6m55.69s F AR obj/libtranslator.a
[1459/1703] 6m57.01s F CXX obj/libANGLE_no_vulkan/ContextImpl.o
[1460/1703] 6m57.44s F CXX obj/libANGLE_no_vulkan/BlobCache.o
[1461/1703] 6m58.30s F CXX obj/libANGLE_no_vulkan/FramebufferImpl.o
[1462/1703] 7m00.90s F CXX obj/src/libANGLE/renderer/vulkan/angle_vulkan_backend/vk_ref_counted_event.o
[1463/1703] 7m01.50s F CXX obj/libANGLE_no_vulkan/GLES1State.o
[1464/1703] 7m03.01s F CXX obj/libANGLE_no_vulkan/renderer_utils.o
[1465/1703] 7m04.66s F CXX obj/src/libANGLE/renderer/vulkan/angle_vulkan_backend/BufferVk.o
[1466/1703] 7m04.87s F CXX obj/libANGLE_no_vulkan/validationES31.o
[1467/1703] 7m05.51s F CXX obj/src/libANGLE/renderer/null/angle_null_backend/TextureNULL.o
[1468/1703] 7m07.23s F CXX obj/src/libANGLE/renderer/vulkan/angle_vulkan_backend/MemoryObjectVk.o
[1469/1703] 7m07.35s F CXX obj/libANGLE_no_vulkan/LoggingAnnotator.o
[1470/1703] 7m07.83s F CXX obj/libANGLE_no_vulkan/Caps.o
[1471/1703] 7m08.94s F CXX obj/src/libANGLE/renderer/vulkan/angle_vulkan_backend/vk_api_perf_counters.o
[1472/1703] 7m09.45s F CXX obj/libGLESv2/entry_points_egl_autogen.o
[1473/1703] 7m10.42s F CXX obj/src/libANGLE/renderer/vulkan/angle_vulkan_backend/CompilerVk.o
[1474/1703] 7m11.21s F CXX obj/libANGLE_no_vulkan/queryconversions.o
[1475/1703] 7m11.23s F CXX obj/src/libANGLE/renderer/null/angle_null_backend/SyncNULL.o
[1476/1703] 7m11.46s F CXX obj/libANGLE_no_vulkan/VertexAttribute.o
[1477/1703] 7m12.12s F CXX obj/src/libANGLE/renderer/vulkan/angle_vulkan_backend/WindowSurfaceVkAndroid.o
[1478/1703] 7m13.37s F CXX obj/src/libANGLE/renderer/null/angle_null_backend/TransformFeedbackNULL.o
[1479/1703] 7m14.82s F CXX obj/src/libANGLE/renderer/gl/angle_gl_backend/SurfaceGL.o
[1480/1703] 7m17.12s F CXX obj/libANGLE_no_vulkan/Context_gles_1_0.o
[1481/1703] 7m17.53s F CXX obj/src/libANGLE/renderer/gl/angle_gl_backend/ProgramPipelineGL.o
[1482/1703] 7m19.26s F CXX obj/src/libANGLE/renderer/vulkan/angle_vulkan_backend/ProgramExecutableVk.o
[1483/1703] 7m20.77s F CXX obj/src/libANGLE/renderer/gl/angle_gl_backend/TransformFeedbackGL.o
[1484/1703] 7m21.61s F CXX obj/src/libANGLE/renderer/vulkan/angle_vulkan_backend/ContextVk.o
[1485/1703] 7m21.62s F CXX obj/libANGLE_no_vulkan/VertexArrayImpl.o
[1486/1703] 7m21.72s F CXX obj/src/libANGLE/renderer/gl/angle_gl_backend/VertexArrayGL.o
[1487/1703] 7m24.51s F CXX obj/src/libANGLE/renderer/gl/angle_gl_backend/MemoryObjectGL.o
[1488/1703] 7m25.47s F CXX obj/src/libANGLE/renderer/vulkan/angle_vulkan_backend/SecondaryCommandBuffer.o
[1489/1703] 7m25.77s F CXX obj/libANGLE_no_vulkan/Device.o
[1490/1703] 7m26.27s F CXX obj/libANGLE_no_vulkan/Debug.o
[1491/1703] 7m27.62s F CXX obj/src/libANGLE/renderer/null/angle_null_backend/SamplerNULL.o
[1492/1703] 7m27.70s F CXX obj/src/libANGLE/renderer/vulkan/angle_vulkan_backend/RenderTargetVk.o
[1493/1703] 7m27.71s F CXX obj/src/libANGLE/renderer/gl/angle_gl_backend/DispatchTableGL_autogen.o
[1494/1703] 7m29.32s F CXX obj/src/libANGLE/renderer/gl/angle_gl_backend/DisplayGL.o
[1495/1703] 7m31.79s F CXX obj/src/libANGLE/renderer/gl/angle_gl_backend/NativeBufferImageSiblingAndroid.o
[1496/1703] 7m32.05s F CXX obj/src/libANGLE/renderer/gl/angle_gl_backend/RendererGL.o
[1497/1703] 7m32.41s F CXX obj/libGLESv2/entry_points_gles_1_0_autogen.o
[1498/1703] 7m32.53s F CXX obj/src/libANGLE/renderer/vulkan/angle_vulkan_backend/SecondaryCommandPool.o
[1499/1703] 7m33.13s F CXX obj/src/libANGLE/renderer/null/angle_null_backend/QueryNULL.o
[1500/1703] 7m35.57s F CXX obj/src/libANGLE/renderer/null/angle_null_backend/ImageNULL.o
[1501/1703] 7m36.35s F CXX obj/src/libANGLE/renderer/vulkan/angle_vulkan_backend/AHBFunctions.o
[1502/1703] 7m36.63s F CXX obj/src/libANGLE/renderer/gl/angle_gl_backend/ContextGL.o
[1503/1703] 7m38.45s F CXX obj/src/libANGLE/renderer/vulkan/angle_vulkan_backend/ShaderVk.o
[1504/1703] 7m39.90s F CXX obj/libANGLE_no_vulkan/HandleAllocator.o
[1505/1703] 7m41.23s F CXX obj/src/libANGLE/renderer/vulkan/angle_vulkan_backend/vk_caps_utils.o
[1506/1703] 7m42.41s F CXX obj/libANGLE_no_vulkan/SurfaceImpl.o
[1507/1703] 7m43.27s F CXX obj/src/libANGLE/renderer/vulkan/angle_vulkan_backend/vk_cache_utils.o
[1508/1703] 7m44.92s F CXX obj/src/libANGLE/renderer/vulkan/angle_vulkan_backend/SurfaceVk.o
[1509/1703] 7m45.02s F CXX obj/src/libANGLE/renderer/gl/angle_gl_backend/DisplayAndroid.o
[1510/1703] 7m46.17s F CXX obj/libANGLE_no_vulkan/Error.o
[1511/1703] 7m47.41s F CXX obj/libGLESv2/entry_points_gles_3_0_autogen.o
[1512/1703] 7m47.69s F CXX obj/libANGLE_no_vulkan/Uniform.o
[1513/1703] 7m47.96s F CXX obj/libGLESv2/entry_points_gles_3_2_autogen.o
[1514/1703] 7m48.61s F CXX obj/src/libANGLE/renderer/gl/angle_gl_backend/egl_utils.o
[1515/1703] 7m48.68s F CXX obj/src/libANGLE/renderer/vulkan/angle_vulkan_backend/vk_format_table_autogen.o
[1516/1703] 7m49.25s F CXX obj/libGLESv2/libGLESv2_autogen.o
[1517/1703] 7m50.44s F CXX obj/src/libANGLE/renderer/gl/angle_gl_backend/WindowSurfaceEGL.o
[1518/1703] 7m51.52s F CXX obj/libANGLE_no_vulkan/VaryingPacking.o
[1519/1703] 7m54.30s F CXX obj/src/libANGLE/renderer/gl/angle_gl_backend/SyncEGL.o
[1520/1703] 7m54.64s F CXX obj/src/libANGLE/renderer/vulkan/angle_vulkan_backend/TransformFeedbackVk.o
[1521/1703] 7m55.42s F CXX obj/src/libANGLE/renderer/gl/angle_gl_backend/SurfaceEGL.o
[1522/1703] 7m55.94s F CXX obj/src/libANGLE/renderer/vulkan/angle_vulkan_backend/VertexArrayVk.o
[1523/1703] 7m57.05s F CXX obj/src/libANGLE/renderer/gl/angle_gl_backend/PbufferSurfaceEGL.o
[1524/1703] 7m57.93s F CXX obj/src/libANGLE/renderer/gl/angle_gl_backend/FunctionsEGLDL.o
[1525/1703] 7m59.03s F CXX obj/libGLESv2/entry_points_gles_3_1_autogen.o
[1526/1703] 7m59.91s F CXX obj/src/libANGLE/renderer/gl/angle_gl_backend/ImageEGL.o
[1527/1703] 8m02.12s F CXX obj/src/libANGLE/renderer/gl/angle_gl_backend/BlitGL.o
[1528/1703] 8m02.81s F CXX obj/src/libANGLE/renderer/vulkan/angle_vulkan_backend/TextureVk.o
[1529/1703] 8m02.92s F CXX obj/src/libANGLE/renderer/null/angle_null_backend/FenceNVNULL.o
[1530/1703] 8m03.53s F CXX obj/libANGLE_no_vulkan/queryutils.o
[1531/1703] 8m04.65s F CXX obj/src/libANGLE/renderer/gl/angle_gl_backend/DisplayEGL.o
[1532/1703] 8m05.23s F CXX obj/libANGLE_no_vulkan/ImageImpl.o
[1533/1703] 8m05.54s F CXX obj/src/libANGLE/renderer/gl/angle_gl_backend/DmaBufImageSiblingEGL.o
[1534/1703] 8m08.09s F CXX obj/libANGLE_no_vulkan/IndexRangeCache.o
[1535/1703] 8m09.18s F CXX obj/src/libANGLE/renderer/vulkan/angle_vulkan_backend/SamplerVk.o
[1536/1703] 8m09.91s F CXX obj/libANGLE_no_vulkan/GLES1Renderer.o
[1537/1703] 8m10.06s F CXX obj/libANGLE_no_vulkan/ResourceManager.o
[1538/1703] 8m11.74s F CXX obj/src/libANGLE/renderer/gl/angle_gl_backend/FenceNVGL.o
[1539/1703] 8m12.89s F CXX obj/src/libANGLE/renderer/gl/angle_gl_backend/ContextEGL.o
[1540/1703] 8m13.59s F CXX obj/libANGLE_no_vulkan/Renderbuffer.o
[1541/1703] 8m13.67s F CXX obj/libANGLE_no_vulkan/FramebufferAttachment.o
[1542/1703] 8m14.43s F CXX obj/src/libANGLE/renderer/null/angle_null_backend/ProgramPipelineNULL.o
[1543/1702] 8m19.16s F CXX obj/angle_frame_capture_mock/FrameCapture_mock.o
[1544/1702] 8m19.32s F CXX obj/src/libANGLE/renderer/vulkan/angle_vulkan_backend/QueryVk.o
[1545/1702] 8m19.41s F CXX obj/src/libANGLE/renderer/vulkan/angle_vulkan_backend/RenderbufferVk.o
[1546/1702] 8m20.84s F CXX obj/src/libANGLE/renderer/gl/angle_gl_backend/formatutilsgl.o
[1547/1702] 8m22.12s F CXX obj/libANGLE_no_vulkan/BufferImpl.o
[1548/1702] 8m23.07s F CXX obj/src/libANGLE/renderer/gl/angle_gl_backend/SyncGL.o
[1549/1702] 8m23.16s F CXX obj/libANGLE_no_vulkan/Buffer.o
[1550/1702] 8m25.54s F CXX obj/src/libANGLE/renderer/vulkan/angle_vulkan_backend/DisplayVk.o
[1551/1702] 8m25.94s F CXX obj/libANGLE_no_vulkan/PixelLocalStorage.o
[1552/1702] 8m26.17s F CXX obj/libANGLE_no_vulkan/MemoryObject.o
[1553/1702] 8m26.85s F CXX obj/libANGLE_no_vulkan/RenderbufferImpl.o
[1554/1702] 8m29.45s F CXX obj/libANGLE_no_vulkan/ProgramLinkedResources.o
[1555/1702] 8m30.37s F CXX obj/libANGLE_no_vulkan/MemoryProgramCache.o
[1556/1702] 8m30.49s F CXX obj/src/libANGLE/renderer/gl/angle_gl_backend/SemaphoreGL.o
[1557/1702] 8m31.25s F CXX obj/libANGLE_no_vulkan/validationES.o
[1558/1702] 8m32.72s F CXX obj/libANGLE_no_vulkan/Config.o
[1559/1702] 8m33.00s F CXX obj/src/libANGLE/renderer/null/angle_null_backend/BufferNULL.o
[1560/1702] 8m34.22s F CXX obj/libANGLE_no_vulkan/EGLSync.o
[1561/1702] 8m34.30s F CXX obj/libANGLE_no_vulkan/AttributeMap.o
[1562/1702] 8m34.66s F CXX obj/libANGLE_no_vulkan/ShaderImpl.o
[1563/1702] 8m35.75s F CXX obj/libANGLE_no_vulkan/driver_utils.o
[1564/1702] 8m35.83s F CXX obj/src/libANGLE/renderer/gl/angle_gl_backend/ClearMultiviewGL.o
[1565/1702] 8m36.71s F CXX obj/src/libANGLE/renderer/null/angle_null_backend/CompilerNULL.o
[1566/1702] 8m39.01s F CXX obj/libANGLE_no_vulkan/validationESEXT.o
[1567/1702] 8m41.50s F CXX obj/src/libANGLE/renderer/vulkan/angle_vulkan_backend/CommandQueue.o
[1568/1702] 8m41.58s F CXX obj/src/libANGLE/renderer/vulkan/angle_vulkan_backend/DisplayVkAndroid.o
[1569/1702] 8m41.59s F AR obj/libangle_gpu_info_util.a
[1570/1702] 8m42.09s F CXX obj/src/libANGLE/renderer/gl/angle_gl_backend/CompilerGL.o
[1571/1702] 8m44.77s F CXX obj/src/libANGLE/renderer/vulkan/angle_vulkan_backend/vk_renderer.o
[1572/1702] 8m45.29s F CXX obj/src/libANGLE/renderer/gl/angle_gl_backend/QueryGL.o
[1573/1702] 8m45.65s F CXX obj/libANGLE_no_vulkan/validationES1.o
[1574/1702] 8m48.40s F CXX obj/src/libANGLE/renderer/gl/angle_gl_backend/SamplerGL.o
[1575/1702] 8m48.49s F CXX obj/src/libANGLE/renderer/vulkan/angle_vulkan_backend/FramebufferVk.o
[1576/1702] 8m48.49s F AR obj/third_party/zlib/google/libcompression_utils_portable.a
[1577/1702] 8m49.05s F CXX obj/libANGLE_no_vulkan/DisplayImpl.o
[1578/1702] 8m49.55s F CXX obj/libGLESv2/egl_stubs.o
[1579/1701] 8m50.61s F CXX obj/third_party/vulkan_memory_allocator/vulkan_memory_allocator/vma.o
[1580/1701] 8m52.67s F CXX obj/libANGLE_no_vulkan/MemoryShaderCache.o
[1581/1701] 8m54.22s F CXX obj/src/libANGLE/renderer/vulkan/angle_vulkan_backend/ProgramPipelineVk.o
[1582/1701] 8m55.53s F CXX obj/libANGLE_no_vulkan/Format_table_autogen.o
[1583/1701] 8m56.01s F CXX obj/src/libANGLE/renderer/vulkan/angle_vulkan_backend/PersistentCommandPool.o
[1584/1701] 8m57.15s F CXX obj/libANGLE_no_vulkan/Display.o
[1585/1701] 8m58.59s F CXX obj/src/libANGLE/renderer/vulkan/angle_vulkan_backend/ShaderInterfaceVariableInfoMap.o
[1586/1701] 8m58.87s F CXX obj/libANGLE_no_vulkan/validationEGL.o
[1587/1701] 9m01.29s F CXX obj/src/libANGLE/renderer/gl/angle_gl_backend/ProgramGL.o
[1588/1701] 9m02.07s F CXX obj/libANGLE_no_vulkan/Platform.o
[1589/1701] 9m03.43s F CXX obj/src/libANGLE/renderer/vulkan/angle_vulkan_backend/vk_utils.o
[1590/1701] 9m03.44s F CXX obj/src/libANGLE/renderer/gl/angle_gl_backend/renderergl_utils.o
[1591/1701] 9m04.21s F CXX obj/libGLESv2/entry_points_gles_2_0_autogen.o
[1592/1701] 9m04.48s F CXX obj/src/libANGLE/renderer/gl/angle_gl_backend/ImageGL.o
[1593/1701] 9m07.20s F CXX obj/libANGLE_no_vulkan/Query.o
[1594/1701] 9m08.08s F CXX obj/libGLESv2/entry_points_egl_ext_autogen.o
[1595/1701] 9m09.14s F CXX obj/src/libANGLE/renderer/vulkan/angle_vulkan_backend/HardwareBufferImageSiblingVkAndroid.o
[1596/1701] 9m09.51s F CXX obj/libANGLE_no_vulkan/Shader.o
[1597/1701] 9m09.76s F CXX obj/src/common/spirv/angle_spirv_parser/spirv_instruction_parser_autogen.o
[1598/1700] 9m10.36s F CXX obj/libANGLE_no_vulkan/GlobalMutex.o
[1599/1700] 9m12.87s F CXX obj/src/libANGLE/renderer/vulkan/angle_vulkan_backend/vk_android_utils.o
[1600/1700] 9m14.21s F CXX obj/libANGLE_no_vulkan/TransformFeedback.o
[1601/1700] 9m14.48s F CXX obj/libANGLE_no_vulkan/Surface.o
[1602/1700] 9m15.40s F CXX obj/src/libANGLE/renderer/vulkan/angle_vulkan_backend/SyncVk.o
[1603/1700] 9m18.01s F CXX obj/libGLESv2/global_state.o
[1604/1700] 9m18.06s F CXX obj/libANGLE_no_vulkan/ProgramImpl.o
[1605/1700] 9m19.19s F CXX obj/libGLESv2/entry_points_gles_ext_autogen.o
[1606/1700] 9m20.02s F CXX obj/src/libANGLE/renderer/vulkan/angle_vulkan_backend/VulkanSecondaryCommandBuffer.o
[1607/1700] 9m20.41s F CXX obj/src/libANGLE/renderer/null/angle_null_backend/DeviceNULL.o
[1608/1700] 9m22.74s F CXX obj/src/libANGLE/renderer/null/angle_null_backend/FramebufferNULL.o
[1609/1700] 9m23.38s F CXX obj/libANGLE_no_vulkan/angletypes.o
[1610/1700] 9m24.04s F CXX obj/src/libANGLE/renderer/null/angle_null_backend/RenderbufferNULL.o
[1611/1700] 9m24.17s F CXX obj/libANGLE_no_vulkan/Image.o
[1612/1700] 9m25.86s F CXX obj/src/libANGLE/renderer/vulkan/angle_vulkan_backend/UtilsVk.o
[1613/1700] 9m27.59s F CXX obj/libANGLE_no_vulkan/Sampler.o
[1614/1700] 9m27.79s F CXX obj/libANGLE_no_vulkan/Fence.o
[1615/1700] 9m29.28s F CXX obj/src/libANGLE/renderer/vulkan/angle_vulkan_backend/vk_resource.o
[1616/1700] 9m30.31s F CXX obj/libANGLE_no_vulkan/ProgramPipeline.o
[1617/1700] 9m30.78s F CXX obj/src/libANGLE/renderer/null/angle_null_backend/SurfaceNULL.o
[1618/1700] 9m31.91s F CXX obj/src/libANGLE/renderer/gl/angle_gl_backend/FunctionsEGL.o
[1619/1700] 9m32.84s F CXX obj/libANGLE_no_vulkan/EGLReusableSync.o
[1620/1700] 9m33.39s F CXX obj/src/libANGLE/renderer/vulkan/angle_vulkan_backend/SemaphoreVk.o
[1621/1700] 9m34.77s F CXX obj/libANGLE_no_vulkan/ImageIndex.o
[1622/1700] 9m34.84s F CXX obj/libANGLE_no_vulkan/gles_extensions_autogen.o
[1623/1700] 9m35.18s F CXX obj/libANGLE_no_vulkan/ShareGroup.o
[1624/1700] 9m35.33s F CXX obj/src/libANGLE/renderer/vulkan/angle_vk_mem_alloc_wrapper/vk_mem_alloc_wrapper.o
[1625/1699] 9m36.52s F CXX obj/libANGLE_no_vulkan/Compiler.o
[1626/1699] 9m37.27s F CXX obj/libANGLE_no_vulkan/TextureImpl.o
[1627/1699] 9m39.17s F CXX obj/src/libANGLE/renderer/gl/angle_gl_backend/FunctionsGL.o
[1628/1699] 9m39.36s F CXX obj/src/libANGLE/renderer/gl/angle_gl_backend/FramebufferGL.o
[1629/1699] 9m40.95s F CXX obj/src/libANGLE/renderer/vulkan/angle_vulkan_backend/ProgramVk.o
[1630/1699] 9m41.75s F CXX obj/libANGLE_no_vulkan/format_map_autogen.o
[1631/1699] 9m42.01s F CXX obj/libANGLE_no_vulkan/ProgramPipelineImpl.o
[1632/1699] 9m42.81s F CXX obj/src/libANGLE/renderer/gl/angle_gl_backend/RenderbufferGL.o
[1633/1699] 9m42.86s F CXX obj/src/libANGLE/renderer/vulkan/angle_vulkan_backend/FenceNVVk.o
[1634/1699] 9m43.87s F CXX obj/libANGLE_no_vulkan/QueryImpl.o
[1635/1699] 9m44.86s F CXX obj/src/common/linux/angle_dma_buf/dma_buf_utils.o
[1636/1698] 9m45.87s F CXX obj/libANGLE_no_vulkan/Semaphore.o
[1637/1698] 9m45.95s F CXX obj/src/libANGLE/renderer/gl/angle_gl_backend/ShaderGL.o
[1638/1698] 9m47.08s F CXX obj/libANGLE_no_vulkan/EGLSyncImpl.o
[1639/1698] 9m47.92s F CXX obj/src/libANGLE/renderer/gl/angle_gl_backend/StateManagerGL.o
[1640/1698] 9m49.20s F CXX obj/libGLESv2/egl_stubs_getprocaddress_autogen.o
[1641/1698] 9m49.77s F CXX obj/src/libANGLE/renderer/null/angle_null_backend/ProgramNULL.o
[1642/1698] 9m50.50s F CXX obj/src/libANGLE/renderer/vulkan/angle_vulkan_backend/DebugAnnotatorVk.o
[1643/1698] 9m52.52s F CXX obj/libANGLE_no_vulkan/ProgramExecutable.o
[1644/1698] 9m53.41s F CXX obj/src/libANGLE/renderer/gl/angle_gl_backend/RendererEGL.o
[1645/1698] 9m54.28s F CXX obj/libANGLE_no_vulkan/Stream.o
[1646/1698] 9m54.68s F CXX obj/src/libANGLE/renderer/vulkan/angle_vulkan_backend/Suballocation.o
[1647/1698] 9m56.48s F CXX obj/libGLESv2/egl_ext_stubs.o
[1648/1698] 9m58.02s F CXX obj/libANGLE_no_vulkan/ContextMutex.o
[1649/1698] 9m58.93s F CXX obj/libANGLE_no_vulkan/Texture.o
[1650/1698] 9m59.07s F CXX obj/src/libANGLE/renderer/vulkan/angle_vulkan_backend/VkImageImageSiblingVk.o
[1651/1698] 10m00.23s F CXX obj/libANGLE_no_vulkan/Thread.o
[1652/1698] 10m01.29s F CXX obj/libANGLE_no_vulkan/Observer.o
[1653/1698] 10m01.55s F CXX obj/src/libANGLE/renderer/null/angle_null_backend/ProgramExecutableNULL.o
[1654/1698] 10m02.52s F CXX obj/libANGLE_no_vulkan/Framebuffer.o
[1655/1698] 10m02.62s F CXX obj/src/libANGLE/renderer/null/angle_null_backend/ShaderNULL.o
[1655/1698] 10m02.62s F AR obj/libangle_image_util.a
[1657/1698] 10m05.12s F CXX obj/src/libANGLE/renderer/vulkan/angle_vulkan_backend/vk_mandatory_format_support_table_autogen.o
[1658/1698] 10m06.89s F CXX obj/src/libANGLE/renderer/vulkan/angle_vulkan_backend/MemoryTracking.o
[1659/1698] 10m07.19s F CXX obj/src/libANGLE/renderer/vulkan/angle_vulkan_backend/ImageVk.o
[1660/1698] 10m08.31s F CXX obj/src/libANGLE/renderer/vulkan/angle_vulkan_backend/DeviceVk.o
[1661/1698] 10m09.25s F CXX obj/libANGLE_no_vulkan/DeviceImpl.o
[1662/1698] 10m12.23s F CXX obj/libANGLE_no_vulkan/Program.o
[1663/1698] 10m12.85s F CXX obj/libANGLE_no_vulkan/validationES32.o
[1664/1698] 10m16.01s F CXX obj/src/libANGLE/renderer/gl/angle_gl_backend/DeviceEGL.o
[1665/1698] 10m17.09s F CXX obj/libANGLE_no_vulkan/Context.o
[1666/1698] 10m18.94s F CXX obj/src/libANGLE/renderer/vulkan/angle_vulkan_backend/ShareGroupVk.o
[1667/1698] 10m21.00s F CXX obj/libANGLE_no_vulkan/VertexArray.o
[1668/1698] 10m21.06s F CXX obj/libANGLE_no_vulkan/State.o
[1669/1698] 10m21.60s F CXX obj/src/libANGLE/renderer/vulkan/angle_vulkan_backend/vk_helpers.o
[1670/1698] 10m21.78s F CXX obj/libANGLE_no_vulkan/es3_copy_conversion_table_autogen.o
[1671/1698] 10m23.03s F CXX obj/libANGLE_no_vulkan/TransformFeedbackImpl.o
[1672/1698] 10m24.46s F CXX obj/src/libANGLE/renderer/vulkan/angle_vulkan_backend/spv_utils.o
[1673/1698] 10m26.76s F CXX obj/src/libANGLE/renderer/vulkan/angle_vulkan_backend/vk_format_utils.o
[1674/1698] 10m26.82s F CXX obj/src/libANGLE/renderer/gl/angle_gl_backend/ProgramExecutableGL.o
[1675/1698] 10m28.62s F CXX obj/libANGLE_no_vulkan/validationES3.o
[1676/1698] 10m29.07s F CXX obj/libANGLE_no_vulkan/formatutils.o
[1677/1698] 10m30.48s F CXX obj/src/libANGLE/renderer/vulkan/angle_vulkan_backend/vk_internal_shaders_autogen.o
[1678/1698] 10m30.96s F CXX obj/src/libANGLE/renderer/gl/angle_gl_backend/TextureGL.o
[1679/1698] 10m32.40s F CXX obj/src/libANGLE/renderer/null/angle_null_backend/ContextNULL.o
[1680/1698] 10m33.72s F CXX obj/src/libANGLE/renderer/vulkan/angle_vulkan_backend/vk_barrier_data.o
[1681/1697] 10m34.31s F CXX obj/src/libANGLE/renderer/null/angle_null_backend/DisplayNULL.o
[1682/1696] 10m34.66s F CXX obj/src/libANGLE/renderer/gl/angle_gl_backend/BufferGL.o
[1683/1696] 10m34.70s F CXX obj/libEGL_egl_loader/egl_loader_autogen.o
[1684/1695] 10m35.73s F CXX obj/libEGL/libEGL_autogen.o
[1685/1695] 10m36.51s F CXX obj/libANGLE_no_vulkan/load_functions_table_autogen.o
[1686/1695] 10m36.71s F CXX obj/libANGLE_no_vulkan/validationES2.o
[1687/1694] 10m37.09s F CXX obj/src/libANGLE/renderer/vulkan/angle_vulkan_backend/AllocatorHelperPool.o
[1688/1692] 10m37.10s S SOLINK ./libGLESv2_angle.so
[1688/1691] 10m37.42s F SOLINK ./libGLESv2_angle.so
[1689/1691] 10m37.43s S SOLINK ./libEGL_angle.so
[1689/1691] 10m37.64s F SOLINK ./libEGL_angle.so
build finished

	
noexec:0 local:1690 remote:0 cache:0 skip:563
  cache-write:0(err:0) fallback:0 retry:0
fs: ops: 35128(err:3960) / r:11146(err:0) 338.86MiB / w:87(err:0) 209.97KiB


 resource/capa used(err)  wait-avg |   s m |  serv-avg |   s m |
   localexec/4   1611(0)  2m21.19s |▂▂▂▃▅█▂|     1.58s |▂▄▅█▂  |
shutdown cloud logging/monitoring done 8.015µs

10m37.66s Build Succeeded: 1690 steps - 2.65/s
